source,product_id,trade_id,price,quantity,trade_time,side,collected_at,raw_type,trade_value,price_zscore,trade_value_zscore,is_anomaly
coinbase,BTC-USD,185822414,96913.2,0.079554,2026-05-08 22:14:51.155000+00:00,buy,2026-05-08T23:14:50.673369+00:00,match,7709.8327128,0.0,0.0,False
coinbase,BTC-USD,185822440,97037.74,2.151963,2026-05-08 22:14:52.717000+00:00,buy,2026-05-08T23:14:50.673444+00:00,match,208821.62608362,0.0,0.0,False
coinbase,BTC-USD,185822418,97033.65,0.850692,2026-05-08 22:14:52.881000+00:00,buy,2026-05-08T23:14:50.673382+00:00,match,82545.7497858,0.0,0.0,False
coinbase,BTC-USD,185822430,97134.23,2.107146,2026-05-08 22:14:53.625000+00:00,buy,2026-05-08T23:14:50.673417+00:00,match,204676.00420758,0.0,0.0,False
coinbase,BTC-USD,185822468,96620.48,1.351516,2026-05-08 22:14:55.153000+00:00,buy,2026-05-08T23:14:50.673523+00:00,match,130584.12464768,0.0,0.0,False
coinbase,BTC-USD,185822424,97113.37,0.114656,2026-05-08 22:14:56.865000+00:00,sell,2026-05-08T23:14:50.673399+00:00,match,11134.63055072,0.0,0.0,False
coinbase,BTC-USD,185822436,96863.76,2.493315,2026-05-08 22:14:58.665000+00:00,sell,2026-05-08T23:14:50.673433+00:00,match,241511.8657644,0.0,0.0,False
coinbase,BTC-USD,185822428,97080.46,0.42793,2026-05-08 22:14:59.489000+00:00,buy,2026-05-08T23:14:50.673411+00:00,match,41543.6412478,0.0,0.0,False
coinbase,BTC-USD,185822420,96916.25,2.118751,2026-05-08 22:15:00.961000+00:00,sell,2026-05-08T23:14:50.673388+00:00,match,205341.40160375,0.0,0.0,False
coinbase,BTC-USD,185822474,96639.76,0.74184,2026-05-08 22:15:01.151000+00:00,buy,2026-05-08T23:14:50.673541+00:00,match,71691.2395584,0.0,0.0,False
coinbase,BTC-USD,185822466,96576.4,1.156624,2026-05-08 22:15:01.689000+00:00,sell,2026-05-08T23:14:50.673514+00:00,match,111702.5820736,0.0,0.0,False
coinbase,BTC-USD,185822426,97048.69,1.589248,2026-05-08 22:15:01.831000+00:00,buy,2026-05-08T23:14:50.673405+00:00,match,154234.43648512,0.0,0.0,False
coinbase,BTC-USD,185822494,96995.21,2.073387,2026-05-08 22:15:02.153000+00:00,buy,2026-05-08T23:14:50.673596+00:00,match,201108.60747627,0.0,0.0,False
coinbase,BTC-USD,185822422,97053.81,0.946398,2026-05-08 22:15:02.473000+00:00,sell,2026-05-08T23:14:50.673394+00:00,match,91851.53167638,0.0,0.0,False
coinbase,BTC-USD,185822512,97437.58,2.458878,2026-05-08 22:15:03.473000+00:00,buy,2026-05-08T23:14:50.673646+00:00,match,239587.12183524,0.0,0.0,False
coinbase,BTC-USD,185822464,96668.19,1.820561,2026-05-08 22:15:04.869000+00:00,buy,2026-05-08T23:14:50.673509+00:00,match,175990.33665459,0.0,0.0,False
coinbase,BTC-USD,185822580,97207.49,1.227104,2026-05-08 22:15:04.953000+00:00,buy,2026-05-08T23:14:50.673830+00:00,match,119283.69980896,0.0,0.0,False
coinbase,BTC-USD,185822626,97885.31,0.776944,2026-05-08 22:15:07.365000+00:00,sell,2026-05-08T23:14:50.673955+00:00,match,76051.40429264,0.0,0.0,False
coinbase,BTC-USD,185822484,96622.67,2.496136,2026-05-08 22:15:08.961000+00:00,buy,2026-05-08T23:14:50.673568+00:00,match,241183.32500312,0.0,0.0,False
coinbase,BTC-USD,185822566,97232.34,1.414875,2026-05-08 22:15:11.309000+00:00,sell,2026-05-08T23:14:50.673792+00:00,match,137571.60705750002,0.730492957895361,-0.0017834332955346133,False
coinbase,BTC-USD,185822602,97457.42,1.174834,2026-05-08 22:15:12.713000+00:00,buy,2026-05-08T23:14:50.673889+00:00,match,114496.29056828,1.348141383057866,-0.29971410619241046,False
coinbase,BTC-USD,185822490,96892.9,0.335814,2026-05-08 22:15:12.981000+00:00,buy,2026-05-08T23:14:50.673585+00:00,match,32537.9923206,-0.40365112255790087,-1.3188621926452477,False
coinbase,BTC-USD,185822556,97002.6,1.872586,2026-05-08 22:15:13.137000+00:00,sell,2026-05-08T23:14:50.673765+00:00,match,181645.71072360003,-0.05298517100925023,0.6406716226559585,False
coinbase,BTC-USD,185822528,97286.84,1.187893,2026-05-08 22:15:13.757000+00:00,sell,2026-05-08T23:14:50.673689+00:00,match,115566.35622812,0.8424254269336494,-0.24319308574538134,False
coinbase,BTC-USD,185822438,96900.8,1.980219,2026-05-08 22:15:14.437000+00:00,buy,2026-05-08T23:14:50.673439+00:00,match,191884.8052752,-0.4140910145420587,0.7793847759544107,False
coinbase,BTC-USD,185822432,97007.82,2.282849,2026-05-08 22:15:14.893000+00:00,sell,2026-05-08T23:14:50.673422+00:00,match,221454.20487918003,-0.05577359179020752,1.1350601931631321,False
coinbase,BTC-USD,185822448,97000.31,2.079181,2026-05-08 22:15:15.117000+00:00,buy,2026-05-08T23:14:50.673466+00:00,match,201681.20154611,-0.07988689216963588,0.8357413647774339,False
coinbase,BTC-USD,185822434,96903.88,0.349162,2026-05-08 22:15:17.051000+00:00,sell,2026-05-08T23:14:50.673428+00:00,match,33835.15254856,-0.40637889211887535,-1.4029942361748455,False
coinbase,BTC-USD,185822592,97224.05,0.460991,2026-05-08 22:15:18.573000+00:00,sell,2026-05-08T23:14:50.673863+00:00,match,44819.41203355,0.7047367940525547,-1.1998796452063962,False
coinbase,BTC-USD,185822696,99357.87,0.274905,2026-05-08 22:15:19.641000+00:00,buy,2026-05-08T23:14:50.674144+00:00,match,27313.97525235,4.442756941339061,-1.3639385573735985,True
coinbase,BTC-USD,185822442,96924.66,1.08697,2026-05-08 22:15:20.043000+00:00,buy,2026-05-08T23:14:50.673449+00:00,match,105354.1976802,-0.34688955199631305,-0.32797902147800084,False
coinbase,BTC-USD,185822564,97146.01,1.787565,2026-05-08 22:15:21.833000+00:00,buy,2026-05-08T23:14:50.673787+00:00,match,173654.80736565,0.09445890386361645,0.5751355883190757,False
coinbase,BTC-USD,185822458,96902.32,2.263559,2026-05-08 22:15:24.069000+00:00,buy,2026-05-08T23:14:50.673492+00:00,match,219344.11855688,-0.3941225279209888,1.1510300545708292,False
coinbase,BTC-USD,185822502,97319.01,0.59192,2026-05-08 22:15:25.053000+00:00,buy,2026-05-08T23:14:50.673618+00:00,match,57605.0683992,0.4563814963292249,-0.9964528238554142,False
coinbase,BTC-USD,185822724,99565.9,1.852449,2026-05-08 22:15:25.617000+00:00,buy,2026-05-08T23:14:50.674219+00:00,match,184440.7518891,3.8024808170670505,0.6958721886530871,True
coinbase,BTC-USD,185822478,96668.14,1.688064,2026-05-08 22:15:25.719000+00:00,sell,2026-05-08T23:14:50.673552+00:00,match,163182.00708096,-0.7798512333844559,0.40104228595585023,False
coinbase,BTC-USD,185822452,96999.38,2.181095,2026-05-08 22:15:27.313000+00:00,buy,2026-05-08T23:14:50.673476+00:00,match,211564.8627211,-0.24757758116737985,1.0350002616645995,False
coinbase,BTC-USD,185823096,99170.98,0.81829,2026-05-08 22:15:28.293000+00:00,buy,2026-05-08T23:14:50.675432+00:00,match,81150.62122419999,2.8394033340645293,-0.7375332616020678,False
coinbase,BTC-USD,185822606,97631.68,2.066595,2026-05-08 22:15:28.697000+00:00,buy,2026-05-08T23:14:50.673900+00:00,match,201765.14172959997,0.6048574639054767,0.9043035773003939,False
coinbase,BTC-USD,185822472,96739.95,1.962845,2026-05-08 22:15:28.713000+00:00,sell,2026-05-08T23:14:50.673535+00:00,match,189885.52715775,-0.6815289786476116,0.7259409519606378,False
coinbase,BTC-USD,185822446,96890.23,0.403956,2026-05-08 22:15:29.297000+00:00,buy,2026-05-08T23:14:50.673460+00:00,match,39139.38974988,-0.45437196155589865,-1.3232426008215898,False
coinbase,BTC-USD,185822462,96795.78,1.647491,2026-05-08 22:15:29.423000+00:00,sell,2026-05-08T23:14:50.673503+00:00,match,159470.17638798,-0.5848489656681749,0.32862444102342847,False
coinbase,BTC-USD,185823224,97700.95,1.967571,2026-05-08 22:15:32.897000+00:00,buy,2026-05-08T23:14:50.675854+00:00,match,192233.55589245,0.7530617140518757,0.7699752293566119,False
coinbase,BTC-USD,185822444,96926.89,0.266116,2026-05-08 22:15:33.233000+00:00,sell,2026-05-08T23:14:50.673455+00:00,match,25793.79625924,-0.4035938559679248,-1.4981891638055431,False
coinbase,BTC-USD,185822450,97067.8,2.040077,2026-05-08 22:15:33.993000+00:00,buy,2026-05-08T23:14:50.673471+00:00,match,198025.7862206,-0.18782298708083767,0.85566447492591,False
coinbase,BTC-USD,185822520,97479.21,0.947925,2026-05-08 22:15:34.521000+00:00,sell,2026-05-08T23:14:50.673668+00:00,match,92402.98013925,0.4371432871461723,-0.5936352939032066,False
coinbase,BTC-USD,185822950,99195.88,1.04816,2026-05-08 22:15:34.789000+00:00,buy,2026-05-08T23:14:50.674889+00:00,match,103973.1535808,2.7843095821998527,-0.42735476632515557,False
coinbase,BTC-USD,185822524,97480.28,2.399584,2026-05-08 22:15:35.137000+00:00,buy,2026-05-08T23:14:50.673679+00:00,match,233912.12020352,0.3391780344292325,1.3536269523350912,False
coinbase,BTC-USD,185823110,98969.44,1.112723,2026-05-08 22:15:36.741000+00:00,sell,2026-05-08T23:14:50.675477+00:00,match,110125.57218512,2.310081977250367,-0.36240230266497925,False
coinbase,BTC-USD,185822756,99366.92,1.385835,2026-05-08 22:15:36.769000+00:00,sell,2026-05-08T23:14:50.674305+00:00,match,137706.15557819998,2.616204806340993,0.024149658462015552,False
coinbase,BTC-USD,185822536,97192.51,1.369725,2026-05-08 22:15:37.173000+00:00,sell,2026-05-08T23:14:50.673711+00:00,match,133127.01075975,-0.1628499970080709,-0.04033978863164032,False
coinbase,BTC-USD,185822644,98499.36,2.424895,2026-05-08 22:15:37.769000+00:00,sell,2026-05-08T23:14:50.674005+00:00,match,238850.6055672,1.4771363431888818,1.428841051534253,False
coinbase,BTC-USD,185822852,99411.04,1.409089,2026-05-08 22:15:38.193000+00:00,buy,2026-05-08T23:14:50.674573+00:00,match,140079.00294256,2.456006004045477,0.030219910469825275,False
coinbase,BTC-USD,185822680,99275.43,0.553496,2026-05-08 22:15:38.645000+00:00,sell,2026-05-08T23:14:50.674102+00:00,match,54948.55340327999,2.16621937204074,-1.1605885975895776,False
coinbase,BTC-USD,185822500,97194.87,0.52527,2026-05-08 22:15:40.041000+00:00,buy,2026-05-08T23:14:50.673613+00:00,match,51053.5493649,-0.2544524172870069,-1.1889935948377592,False
coinbase,BTC-USD,185822702,99283.79,2.410069,2026-05-08 22:15:41.133000+00:00,sell,2026-05-08T23:14:50.674160+00:00,match,239280.78448151,2.090343756203692,1.4394952284478768,False
coinbase,BTC-USD,185822470,96616.32,0.534447,2026-05-08 22:15:41.191000+00:00,buy,2026-05-08T23:14:50.673530+00:00,match,51636.30237504,-0.9263944882403701,-1.1695507886965775,False
coinbase,BTC-USD,185822504,97407.25,2.160174,2026-05-08 22:15:42.009000+00:00,sell,2026-05-08T23:14:50.673624+00:00,match,210416.6088615,-0.026062153970647844,1.0325700210300266,False
coinbase,BTC-USD,185823158,97988.4,1.733683,2026-05-08 22:15:42.147000+00:00,sell,2026-05-08T23:14:50.675635+00:00,match,169880.8232772,0.6335790588323704,0.4612217540741994,False
coinbase,BTC-USD,185823374,97045.46,1.64731,2026-05-08 22:15:42.621000+00:00,sell,2026-05-08T23:14:50.676345+00:00,match,159863.95671260002,-0.450131313274392,0.31734191785088595,False
coinbase,BTC-USD,185822886,99060.6,1.701849,2026-05-08 22:15:44.709000+00:00,buy,2026-05-08T23:14:50.674688+00:00,match,168586.18304940002,1.8225206076660023,0.4367611792688005,False
coinbase,BTC-USD,185822456,96981.19,0.84528,2026-05-08 22:15:45.849000+00:00,buy,2026-05-08T23:14:50.673487+00:00,match,81976.26028320001,-0.5388610359530668,-0.7893774029000227,False
coinbase,BTC-USD,185822820,99226.9,0.878932,2026-05-08 22:15:46.161000+00:00,sell,2026-05-08T23:14:50.674478+00:00,match,87213.6976708,1.9524953932394113,-0.7058679061056707,False
coinbase,BTC-USD,185822460,96913.73,1.808409,2026-05-08 22:15:49.185000+00:00,sell,2026-05-08T23:14:50.673498+00:00,match,175259.66155557,-0.6260335285446542,0.5544997160239121,False
coinbase,BTC-USD,185822486,96733.07,2.198188,2026-05-08 22:15:50.317000+00:00,sell,2026-05-08T23:14:50.673573+00:00,match,212637.47367716,-0.818250109913857,1.0765900913363116,False
coinbase,BTC-USD,185822454,97061.35,0.997541,2026-05-08 22:15:50.523000+00:00,sell,2026-05-08T23:14:50.673482+00:00,match,96822.67614035,-0.44457698105139615,-0.5895743990064012,False
coinbase,BTC-USD,185822526,97361.37,2.380004,2026-05-08 22:15:51.207000+00:00,sell,2026-05-08T23:14:50.673684+00:00,match,231720.45004548,-0.10388634436214239,1.3390663683049684,False
coinbase,BTC-USD,185822650,98655.36,1.759757,2026-05-08 22:15:51.363000+00:00,sell,2026-05-08T23:14:50.674021+00:00,match,173609.46034752,1.3444833968647232,0.49654521239937505,False
coinbase,BTC-USD,185822758,99398.22,1.253468,2026-05-08 22:15:51.569000+00:00,sell,2026-05-08T23:14:50.674310+00:00,match,124592.48802696,2.098857611107587,-0.21266553316743234,False
coinbase,BTC-USD,185822876,99263.44,1.003528,2026-05-08 22:15:51.921000+00:00,buy,2026-05-08T23:14:50.674654+00:00,match,99613.64141632,1.8849601508227374,-0.5720052371763845,False
coinbase,BTC-USD,185822910,99521.76,1.807822,2026-05-08 22:15:53.421000+00:00,buy,2026-05-08T23:14:50.674768+00:00,match,179917.62720672,2.081140406412723,0.6007277148213169,False
coinbase,BTC-USD,185822704,99347.05,1.108961,2026-05-08 22:15:53.453000+00:00,sell,2026-05-08T23:14:50.674166+00:00,match,110172.00391505,1.8375957974484234,-0.42406197159854486,False
coinbase,BTC-USD,185823330,96818.32,1.714381,2026-05-08 22:15:54.015000+00:00,sell,2026-05-08T23:14:50.676205+00:00,match,165983.48825992,-0.7779543008263956,0.4003810368063833,False
coinbase,BTC-USD,185823258,97472.58,2.292913,2026-05-08 22:15:54.123000+00:00,sell,2026-05-08T23:14:50.675970+00:00,match,223496.14582554,-0.09648800006653704,1.2365012833634303,False
coinbase,BTC-USD,185823518,97974.02,2.411429,2026-05-08 22:15:57.033000+00:00,buy,2026-05-08T23:14:50.676795+00:00,match,236257.39307458,0.42551951164626095,1.397633169492605,False
coinbase,BTC-USD,185822558,97076.59,2.374034,2026-05-08 22:15:57.541000+00:00,buy,2026-05-08T23:14:50.673771+00:00,match,230463.12526406,-0.5156595014598593,1.288858134444374,False
coinbase,BTC-USD,185823004,99444.35,1.408818,2026-05-08 22:15:59.937000+00:00,buy,2026-05-08T23:14:50.675088+00:00,match,140098.9902783,1.928715628457421,-0.038416008734788905,False
coinbase,BTC-USD,185822508,97372.69,0.482905,2026-05-08 22:15:59.985000+00:00,sell,2026-05-08T23:14:50.673635+00:00,match,47021.75886445,-0.22228334356453722,-1.3879590936579234,False
coinbase,BTC-USD,185823058,99235.56,1.080393,2026-05-08 22:16:01.087000+00:00,buy,2026-05-08T23:14:50.675326+00:00,match,107213.40437508,1.6827034280672475,-0.49945102988084195,False
coinbase,BTC-USD,185822712,99570.09,1.185722,2026-05-08 22:16:01.473000+00:00,buy,2026-05-08T23:14:50.674187+00:00,match,118062.44625498,1.965108704977092,-0.3369025672033848,False
coinbase,BTC-USD,185822808,99122.58,2.028763,2026-05-08 22:16:01.557000+00:00,sell,2026-05-08T23:14:50.674445+00:00,match,201096.22276854,1.4814006498060597,0.886240991195782,False
coinbase,BTC-USD,185823772,99333.17,2.448146,2026-05-08 22:16:02.753000+00:00,buy,2026-05-08T23:14:50.677581+00:00,match,243182.10280282,1.6538870220808206,1.4821228721587991,False
coinbase,BTC-USD,185823836,98994.7,2.419752,2026-05-08 22:16:03.297000+00:00,sell,2026-05-08T23:14:50.677784+00:00,match,239542.62331439997,1.2958623582824067,1.4025512429672264,False
coinbase,BTC-USD,185822710,99514.32,0.996886,2026-05-08 22:16:03.385000+00:00,sell,2026-05-08T23:14:50.674182+00:00,match,99204.43240752,1.7650620101375678,-0.6499093069200426,False
coinbase,BTC-USD,185822518,97431.0,1.667266,2026-05-08 22:16:06.781000+00:00,sell,2026-05-08T23:14:50.673662+00:00,match,162443.39364599998,-0.2683377967840722,0.27893095163225384,False
coinbase,BTC-USD,185822496,97065.41,1.379246,2026-05-08 22:16:08.373000+00:00,buy,2026-05-08T23:14:50.673602+00:00,match,133877.07848086,-0.6223979157564126,-0.14292393031218942,False
coinbase,BTC-USD,185822700,99296.28,1.283144,2026-05-08 22:16:09.297000+00:00,sell,2026-05-08T23:14:50.674155+00:00,match,127411.42590432,1.5457089365518224,-0.23771201901491515,False
coinbase,BTC-USD,185822628,98016.59,1.619309,2026-05-08 22:16:09.513000+00:00,sell,2026-05-08T23:14:50.673961+00:00,match,158719.14633631002,0.29289400202128274,0.22945320901387373,False
coinbase,BTC-USD,185822768,99069.59,1.772114,2026-05-08 22:16:10.061000+00:00,sell,2026-05-08T23:14:50.674337+00:00,match,175562.60741326,1.3073181571350925,0.4795829152926194,False
coinbase,BTC-USD,185822952,99224.98,1.758245,2026-05-08 22:16:11.133000+00:00,buy,2026-05-08T23:14:50.674895+00:00,match,174461.8249601,1.4342881103643876,0.4598423910373415,False
coinbase,BTC-USD,185823598,98801.89,1.19272,2026-05-08 22:16:11.321000+00:00,sell,2026-05-08T23:14:50.677060+00:00,match,117842.9902408,1.0113505146037423,-0.3971708350879823,False
coinbase,BTC-USD,185823754,99177.11,1.246656,2026-05-08 22:16:12.535000+00:00,sell,2026-05-08T23:14:50.677526+00:00,match,123639.73924416,1.354780201253129,-0.30692971917347533,False
coinbase,BTC-USD,185822670,98842.16,0.439183,2026-05-08 22:16:13.233000+00:00,sell,2026-05-08T23:14:50.674075+00:00,match,43409.79635528,1.0192541802229202,-1.5093449126569871,False
coinbase,BTC-USD,185822718,99743.78,0.56069,2026-05-08 22:16:13.599000+00:00,sell,2026-05-08T23:14:50.674203+00:00,match,55925.3400082,1.8464282597876533,-1.2998110877670455,False
coinbase,BTC-USD,185822690,99309.72,0.474602,2026-05-08 22:16:14.073000+00:00,sell,2026-05-08T23:14:50.674128+00:00,match,47132.59173144,1.409313819338971,-1.4103056090205424,False
coinbase,BTC-USD,185822832,99018.63,0.339407,2026-05-08 22:16:15.093000+00:00,sell,2026-05-08T23:14:50.674509+00:00,match,33607.61615241,1.1195612876608927,-1.5843097018263144,False
coinbase,BTC-USD,185822480,96702.76,1.04812,2026-05-08 22:16:15.333000+00:00,sell,2026-05-08T23:14:50.673557+00:00,match,101356.09681119998,-1.0640967476392265,-0.5673046646061587,False
coinbase,BTC-USD,185822936,99304.1,1.275987,2026-05-08 22:16:16.085000+00:00,sell,2026-05-08T23:14:50.674847+00:00,match,126710.7406467,1.3792709642547423,-0.18582429346955712,False
coinbase,BTC-USD,185822514,97468.62,1.278607,2026-05-08 22:16:16.149000+00:00,buy,2026-05-08T23:14:50.673651+00:00,match,124624.05981234,-0.3491846299825845,-0.21615541284964657,False
coinbase,BTC-USD,185822692,99175.83,0.83384,2026-05-08 22:16:16.633000+00:00,buy,2026-05-08T23:14:50.674134+00:00,match,82696.7740872,1.2511766899205927,-0.8443053012703754,False
coinbase,BTC-USD,185822816,99223.66,1.298238,2026-05-08 22:16:19.149000+00:00,sell,2026-05-08T23:14:50.674467+00:00,match,128815.92591108,1.269090685763443,-0.16603318962851463,False
coinbase,BTC-USD,185823148,97999.18,2.400859,2026-05-08 22:16:20.465000+00:00,sell,2026-05-08T23:14:50.675603+00:00,match,235282.21329562,0.10915232916652053,1.471229635498696,False
coinbase,BTC-USD,185823294,97190.07,1.701921,2026-05-08 22:16:20.637000+00:00,sell,2026-05-08T23:14:50.676090+00:00,match,165409.82112447,-0.6561110884148386,0.3830814577923738,False
coinbase,BTC-USD,185822578,97164.96,0.477722,2026-05-08 22:16:20.977000+00:00,sell,2026-05-08T23:14:50.673825+00:00,match,46417.83902112,-0.68024679156165,-1.424116178384635,False
coinbase,BTC-USD,185823676,99760.93,2.12371,2026-05-08 22:16:22.945000+00:00,sell,2026-05-08T23:14:50.677297+00:00,match,211863.2846503,1.7274320656632782,1.1002829331331467,False
coinbase,BTC-USD,185822774,98976.73,0.739551,2026-05-08 22:16:23.707000+00:00,buy,2026-05-08T23:14:50.674354+00:00,match,73198.33964822999,0.9735240446896292,-1.0431692218952164,False
coinbase,BTC-USD,185822506,97512.04,0.556162,2026-05-08 22:16:23.921000+00:00,sell,2026-05-08T23:14:50.673630+00:00,match,54232.49119048,-0.4035281297736161,-1.3131759983568483,False
coinbase,BTC-USD,185822576,97160.11,0.887127,2026-05-08 22:16:25.629000+00:00,sell,2026-05-08T23:14:50.673820+00:00,match,86193.35690397,-0.7351262930074749,-0.8295141881495147,False
coinbase,BTC-USD,185822734,99589.43,0.723689,2026-05-08 22:16:25.663000+00:00,buy,2026-05-08T23:14:50.674246+00:00,match,72071.77500727,1.5112901210088578,-1.0303174304979403,False
coinbase,BTC-USD,185822940,99186.13,0.861388,2026-05-08 22:16:25.713000+00:00,buy,2026-05-08T23:14:50.674859+00:00,match,85437.74214844001,1.113039050035898,-0.8243742238034275,False
coinbase,BTC-USD,185822572,97052.63,1.827592,2026-05-08 22:16:26.513000+00:00,sell,2026-05-08T23:14:50.673809+00:00,match,177372.61016696002,-0.889175013119332,0.6104659765793605,False
coinbase,BTC-USD,185822482,96634.76,0.327283,2026-05-08 22:16:26.643000+00:00,sell,2026-05-08T23:14:50.673562+00:00,match,31626.91415708,-1.272250203770225,-1.6375842573128883,False
coinbase,BTC-USD,185823228,97600.04,0.184366,2026-05-08 22:16:26.961000+00:00,sell,2026-05-08T23:14:50.675870+00:00,match,17994.12897464,-0.3767781595408606,-1.7991779019080116,False
coinbase,BTC-USD,185822584,97314.49,0.677364,2026-05-08 22:16:27.681000+00:00,buy,2026-05-08T23:14:50.673841+00:00,match,65917.33220436,-0.6484524363020459,-1.05750432821621,False
coinbase,BTC-USD,185822694,99268.97,0.582573,2026-05-08 22:16:29.937000+00:00,buy,2026-05-08T23:14:50.674139+00:00,match,57831.42165981,1.1656798047833283,-1.1603651170394516,False
coinbase,BTC-USD,185823694,99869.65,2.050353,2026-05-08 22:16:30.669000+00:00,sell,2026-05-08T23:14:50.677355+00:00,match,204768.03648644997,1.6864956953044674,1.0878059111436125,False
coinbase,BTC-USD,185822600,97402.09,0.203061,2026-05-08 22:16:32.381000+00:00,buy,2026-05-08T23:14:50.673884+00:00,match,19778.56579749,-0.6086685464660202,-1.7019464933027029,False
coinbase,BTC-USD,185823146,98093.66,1.272111,2026-05-08 22:16:33.433000+00:00,buy,2026-05-08T23:14:50.675596+00:00,match,124786.02391626,0.03274661389298123,-0.1267070353288377,False
coinbase,BTC-USD,185822562,97176.13,0.409498,2026-05-08 22:16:33.723000+00:00,buy,2026-05-08T23:14:50.673782+00:00,match,39793.43088274,-0.8307463140624035,-1.3876289138882345,False
coinbase,BTC-USD,185823072,99118.56,1.127557,2026-05-08 22:16:35.613000+00:00,sell,2026-05-08T23:14:50.675364+00:00,match,111761.82615792,0.967422562421716,-0.29041429474518754,False
coinbase,BTC-USD,185822488,96765.48,2.468084,2026-05-08 22:16:36.237000+00:00,buy,2026-05-08T23:14:50.673579+00:00,match,238825.33294032,-1.2169080981765594,1.5992637387564426,False
coinbase,BTC-USD,185822498,97078.68,2.086504,2026-05-08 22:16:37.485000+00:00,buy,2026-05-08T23:14:50.673607+00:00,match,202555.05413472,-0.9294347797258621,1.0363044065284983,False
coinbase,BTC-USD,185822586,97224.44,1.846538,2026-05-08 22:16:37.857000+00:00,sell,2026-05-08T23:14:50.673847+00:00,match,179528.62298872002,-0.7973986627475975,0.6895567508395125,False
coinbase,BTC-USD,185822492,96956.15,0.509073,2026-05-08 22:16:38.513000+00:00,sell,2026-05-08T23:14:50.673591+00:00,match,49357.75814894999,-1.0414757420838239,-1.2540997879628752,False
coinbase,BTC-USD,185823876,99018.92,2.175707,2026-05-08 22:16:39.009000+00:00,sell,2026-05-08T23:14:50.677905+00:00,match,215436.15737644,0.8580499617045269,1.223499670280398,False
coinbase,BTC-USD,185823884,99228.08,2.079241,2026-05-08 22:16:39.601000+00:00,sell,2026-05-08T23:14:50.677925+00:00,match,206319.09228728,1.0320435140490327,1.092807197606909,False
coinbase,BTC-USD,185824660,95575.48,2.363077,2026-05-08 22:16:43.073000+00:00,buy,2026-05-08T23:14:50.680300+00:00,match,225852.21855196,-2.3049869302339614,1.3752338767676775,False
coinbase,BTC-USD,185822510,97414.02,0.999256,2026-05-08 22:16:43.177000+00:00,sell,2026-05-08T23:14:50.673640+00:00,match,97341.54396912,-0.6374450360172962,-0.5527494497045917,False
coinbase,BTC-USD,185823708,99483.65,1.861002,2026-05-08 22:16:43.425000+00:00,sell,2026-05-08T23:14:50.677400+00:00,match,185139.2716173,1.229451972177942,0.7508497024259192,False
coinbase,BTC-USD,185823608,98524.66,2.424294,2026-05-08 22:16:44.293000+00:00,buy,2026-05-08T23:14:50.677091+00:00,match,238852.74209004003,0.3658304155820111,1.5341446552882794,False
coinbase,BTC-USD,185822546,97087.22,0.879462,2026-05-08 22:16:44.305000+00:00,sell,2026-05-08T23:14:50.673738+00:00,match,85384.52067564,-0.9535915051496882,-0.7872286686476195,False
coinbase,BTC-USD,185822542,97263.6,0.160666,2026-05-08 22:16:45.593000+00:00,sell,2026-05-08T23:14:50.673727+00:00,match,15626.953557600002,-0.7936170393350405,-1.7912312936593566,False
coinbase,BTC-USD,185823060,99147.97,1.880839,2026-05-08 22:16:46.017000+00:00,buy,2026-05-08T23:14:50.675332+00:00,match,186481.36874683,0.9178103689578107,0.7630982413047949,False
coinbase,BTC-USD,185822554,97011.24,1.903098,2026-05-08 22:16:47.965000+00:00,sell,2026-05-08T23:14:50.673760+00:00,match,184621.89682152,-1.042687140899413,0.7193547376842734,False
coinbase,BTC-USD,185824278,98036.28,1.923071,2026-05-08 22:16:48.231000+00:00,buy,2026-05-08T23:14:50.679135+00:00,match,188530.72701588,-0.08869949755377202,0.7771641562939033,False
coinbase,BTC-USD,185823336,96995.89,0.738448,2026-05-08 22:16:50.793000+00:00,sell,2026-05-08T23:14:50.676227+00:00,match,71626.42097872,-1.0587797164255897,-0.9625813676910341,False
coinbase,BTC-USD,185822612,97637.11,1.680737,2026-05-08 22:16:50.873000+00:00,buy,2026-05-08T23:14:50.673916+00:00,match,164102.30335007,-0.47105309139099,0.4315795619923232,False
coinbase,BTC-USD,185823010,99439.15,1.092777,2026-05-08 22:16:53.263000+00:00,sell,2026-05-08T23:14:50.675109+00:00,match,108664.81601955,1.205246916145296,-0.40836145821973163,False
coinbase,BTC-USD,185822598,97470.91,2.475079,2026-05-08 22:16:56.223000+00:00,buy,2026-05-08T23:14:50.673879+00:00,match,241248.20245189,-0.6249602985514887,1.5749834994835632,False
coinbase,BTC-USD,185823198,97356.96,2.040731,2026-05-08 22:16:59.577000+00:00,buy,2026-05-08T23:14:50.675770+00:00,match,198679.36633776003,-0.7410846396249856,0.9348959103540261,False
coinbase,BTC-USD,185822744,99290.97,0.554008,2026-05-08 22:17:01.481000+00:00,buy,2026-05-08T23:14:50.674273+00:00,match,55007.99170776,1.047620128188135,-1.2211234694639341,False
coinbase,BTC-USD,185824284,98129.11,1.106502,2026-05-08 22:17:01.713000+00:00,buy,2026-05-08T23:14:50.679151+00:00,match,108580.05647322,-0.05408433609525692,-0.40921805445761,False
coinbase,BTC-USD,185822608,97613.86,1.171798,2026-05-08 22:17:02.385000+00:00,sell,2026-05-08T23:14:50.673906+00:00,match,114383.72592028,-0.5400129416381292,-0.311423260847531,False
coinbase,BTC-USD,185824812,94568.23,0.588059,2026-05-08 22:17:02.673000+00:00,buy,2026-05-08T23:14:50.680765+00:00,match,55611.69876557,-3.2323749861872875,-1.208549182031266,True
coinbase,BTC-USD,185823410,97399.07,0.298473,2026-05-08 22:17:03.407000+00:00,sell,2026-05-08T23:14:50.676466+00:00,match,29070.99262011,-0.6908428235837134,-1.5722513885150484,False
coinbase,BTC-USD,185822798,99258.95,1.437661,2026-05-08 22:17:03.457000+00:00,sell,2026-05-08T23:14:50.674418+00:00,match,142700.72131595,0.9674878705474169,0.12829312512478572,False
coinbase,BTC-USD,185823344,96967.98,0.289841,2026-05-08 22:17:03.949000+00:00,buy,2026-05-08T23:14:50.676254+00:00,match,28105.29629118,-1.0707308292984636,-1.5675555751827428,False
coinbase,BTC-USD,185823920,99334.3,1.222288,2026-05-08 22:17:04.885000+00:00,sell,2026-05-08T23:14:50.678036+00:00,match,121415.1228784,1.0332141810602247,-0.16383147388158667,False
coinbase,BTC-USD,185823742,99148.76,0.80872,2026-05-08 22:17:05.003000+00:00,buy,2026-05-08T23:14:50.677494+00:00,match,80183.58518719999,0.8645406745783686,-0.7780910586714089,False
coinbase,BTC-USD,185823612,98739.08,1.159265,2026-05-08 22:17:07.473000+00:00,sell,2026-05-08T23:14:50.677106+00:00,match,114464.7595762,0.5063976374877613,-0.25972431563246784,False
coinbase,BTC-USD,185822534,97096.22,1.161662,2026-05-08 22:17:09.387000+00:00,sell,2026-05-08T23:14:50.673706+00:00,match,112792.98911764,-0.9662025417881982,-0.28165536487460663,False
coinbase,BTC-USD,185824584,95665.28,1.305884,2026-05-08 22:17:09.681000+00:00,sell,2026-05-08T23:14:50.680062+00:00,match,124927.75850752,-2.1706612318389378,-0.08357205180484117,False
coinbase,BTC-USD,185822552,97061.66,1.071589,2026-05-08 22:17:09.973000+00:00,buy,2026-05-08T23:14:50.673755+00:00,match,104010.20717774,-0.9297191748024292,-0.39593085218361634,False
coinbase,BTC-USD,185823476,98047.32,2.203892,2026-05-08 22:17:10.057000+00:00,sell,2026-05-08T23:14:50.676675+00:00,match,216085.70416944,-0.05497051153983183,1.2806304064243814,False
coinbase,BTC-USD,185823644,99334.73,0.324523,2026-05-08 22:17:11.121000+00:00,buy,2026-05-08T23:14:50.677194+00:00,match,32236.40458379,1.0583778023733046,-1.4998360484800553,False
coinbase,BTC-USD,185824716,95336.6,1.867753,2026-05-08 22:17:11.217000+00:00,sell,2026-05-08T23:14:50.680468+00:00,match,178065.22065980002,-2.3648061137344594,0.7210907371935663,False
coinbase,BTC-USD,185823304,97124.24,0.294542,2026-05-08 22:17:12.501000+00:00,buy,2026-05-08T23:14:50.676117+00:00,match,28607.16789808,-0.8386064310299101,-1.551486304544422,False
coinbase,BTC-USD,185822548,97083.79,0.682411,2026-05-08 22:17:12.657000+00:00,buy,2026-05-08T23:14:50.673744+00:00,match,66251.04621768999,-0.8689078850568637,-0.9599012106729382,False
coinbase,BTC-USD,185822522,97394.46,1.964418,2026-05-08 22:17:12.793000+00:00,sell,2026-05-08T23:14:50.673673+00:00,match,191323.43032428,-0.5953823897839763,0.9415723487430109,False
coinbase,BTC-USD,185823720,99362.15,2.199107,2026-05-08 22:17:14.553000+00:00,sell,2026-05-08T23:14:50.677433+00:00,match,218507.99960005,1.0731558898637255,1.3352730964170005,False
coinbase,BTC-USD,185823382,97053.4,0.010944,2026-05-08 22:17:15.203000+00:00,sell,2026-05-08T23:14:50.676371+00:00,match,1062.1524096,-0.8888497015478852,-1.888052153571952,False
coinbase,BTC-USD,185823474,97924.55,0.923651,2026-05-08 22:17:16.167000+00:00,buy,2026-05-08T23:14:50.676669+00:00,match,90448.10853205,-0.15107302797203606,-0.5636612217434676,False
coinbase,BTC-USD,185822540,97203.4,0.799342,2026-05-08 22:17:18.641000+00:00,buy,2026-05-08T23:14:50.673722+00:00,match,77698.7601628,-0.7558837264171482,-0.7508133398453056,False
coinbase,BTC-USD,185824582,95781.12,1.901358,2026-05-08 22:17:20.403000+00:00,buy,2026-05-08T23:14:50.680057+00:00,match,182114.19876096,-1.944433458821248,0.7963523587407192,False
coinbase,BTC-USD,185823502,98095.3,0.926007,2026-05-08 22:17:21.093000+00:00,sell,2026-05-08T23:14:50.676745+00:00,match,90836.9344671,0.011290283577403276,-0.5419937417446661,False
coinbase,BTC-USD,185824122,97804.57,1.368951,2026-05-08 22:17:21.153000+00:00,buy,2026-05-08T23:14:50.678640+00:00,match,133889.66390607005,-0.24473297772411742,0.09485577318143187,False
coinbase,BTC-USD,185824936,94341.68,1.500022,2026-05-08 22:17:22.113000+00:00,buy,2026-05-08T23:14:50.681135+00:00,match,141514.59551696,-3.0441508185434993,0.22493106354068765,True
coinbase,BTC-USD,185822776,99005.6,0.385716,2026-05-08 22:17:23.553000+00:00,buy,2026-05-08T23:14:50.674359+00:00,match,38188.0440096,0.7705566553946832,-1.308453977760378,False
coinbase,BTC-USD,185823970,98753.58,1.868242,2026-05-08 22:17:24.915000+00:00,sell,2026-05-08T23:14:50.678184+00:00,match,184495.58580636,0.5723744063819989,0.8771439862162352,False
coinbase,BTC-USD,185823786,99418.69,0.701222,2026-05-08 22:17:25.935000+00:00,sell,2026-05-08T23:14:50.677620+00:00,match,69714.57263918,1.1156302820636783,-0.8337082121849493,False
coinbase,BTC-USD,185822992,98892.35,2.274442,2026-05-08 22:17:26.693000+00:00,buy,2026-05-08T23:14:50.675051+00:00,match,224924.91431870003,0.692679472642443,1.46447820163933,False
coinbase,BTC-USD,185822878,99158.9,2.23284,2026-05-08 22:17:27.249000+00:00,sell,2026-05-08T23:14:50.674662+00:00,match,221405.958276,0.9152710827222452,1.3826041342546909,False
coinbase,BTC-USD,185825384,91515.82,1.25369,2026-05-08 22:17:28.189000+00:00,sell,2026-05-08T23:14:50.682502+00:00,match,114732.4683758,-4.724769096086996,-0.17479282436705637,True
coinbase,BTC-USD,185823256,97466.82,1.817785,2026-05-08 22:17:28.501000+00:00,buy,2026-05-08T23:14:50.675964+00:00,match,177173.7233937,-0.38628420691881654,0.7549135370330305,False
coinbase,BTC-USD,185823210,97898.79,2.151688,2026-05-08 22:17:28.677000+00:00,sell,2026-05-08T23:14:50.675810+00:00,match,210647.65165752,-0.07082161772279226,1.2611199970369211,False
coinbase,BTC-USD,185823020,99339.32,1.281151,2026-05-08 22:17:29.361000+00:00,buy,2026-05-08T23:14:50.675181+00:00,match,127268.66915732,0.9604865064585156,0.03599499551498819,False
coinbase,BTC-USD,185822664,98789.65,1.862956,2026-05-08 22:17:30.945000+00:00,buy,2026-05-08T23:14:50.674059+00:00,match,184040.7712054,0.5677048529901564,0.8816617400756267,False
coinbase,BTC-USD,185824264,97426.48,1.392121,2026-05-08 22:17:31.797000+00:00,sell,2026-05-08T23:14:50.679089+00:00,match,135629.44876407998,-0.4279387599329366,0.14248550524200532,False
coinbase,BTC-USD,185825098,92803.44,2.025041,2026-05-08 22:17:31.833000+00:00,sell,2026-05-08T23:14:50.681635+00:00,match,187930.77094104,-3.524799166141365,0.917488866851358,True
coinbase,BTC-USD,185824148,98135.56,2.053431,2026-05-08 22:17:32.121000+00:00,buy,2026-05-08T23:14:50.678723+00:00,match,201514.60110635997,0.13903213039118664,1.1027052766537637,False
coinbase,BTC-USD,185822574,97163.74,0.609734,2026-05-08 22:17:32.835000+00:00,sell,2026-05-08T23:14:50.673815+00:00,match,59244.03584516,-0.5185131302357346,-1.006652193704735,False
coinbase,BTC-USD,185823112,98962.82,0.572444,2026-05-08 22:17:33.073000+00:00,buy,2026-05-08T23:14:50.675484+00:00,match,56650.67253208,0.7285171534882492,-1.028237478991711,False
coinbase,BTC-USD,185824842,94524.19,2.358779,2026-05-08 22:17:33.483000+00:00,sell,2026-05-08T23:14:50.680854+00:00,match,222961.67436401,-2.259124798724593,1.498466701961222,False
coinbase,BTC-USD,185823094,99037.2,0.188883,2026-05-08 22:17:34.353000+00:00,sell,2026-05-08T23:14:50.675427+00:00,match,18706.4434476,0.7975596536402363,-1.5754447058038452,False
coinbase,BTC-USD,185825336,92102.72,1.867096,2026-05-08 22:17:34.417000+00:00,sell,2026-05-08T23:14:50.682371+00:00,match,171964.62010112,-3.6048953024965695,0.7244550430946252,True
coinbase,BTC-USD,185824786,94907.37,1.499133,2026-05-08 22:17:34.479000+00:00,buy,2026-05-08T23:14:50.680681+00:00,match,142278.77031021,-1.7910786812476263,0.277642738684334,False
coinbase,BTC-USD,185822568,97090.18,1.050205,2026-05-08 22:17:34.941000+00:00,buy,2026-05-08T23:14:50.673798+00:00,match,101964.5924869,-0.4208555287168898,-0.32317395423286666,False
coinbase,BTC-USD,185822530,97285.2,0.610037,2026-05-08 22:17:35.047000+00:00,buy,2026-05-08T23:14:50.673695+00:00,match,59347.5715524,-0.2944257969643274,-0.9443159909448314,False
coinbase,BTC-USD,185822596,97365.7,0.296217,2026-05-08 22:17:36.641000+00:00,buy,2026-05-08T23:14:50.673873+00:00,match,28841.3755569,-0.23428041163997657,-1.3695172029563492,False
coinbase,BTC-USD,185822928,99421.93,0.5479,2026-05-08 22:17:37.341000+00:00,sell,2026-05-08T23:14:50.674826+00:00,match,54473.275447,1.050747634733387,-0.9694789625947794,False
coinbase,BTC-USD,185822538,97270.02,1.303297,2026-05-08 22:17:38.631000+00:00,buy,2026-05-08T23:14:50.673716+00:00,match,126771.72525594,-0.286004474835016,0.10120450089011644,False
coinbase,BTC-USD,185822898,99268.73,2.386527,2026-05-08 22:17:40.287000+00:00,sell,2026-05-08T23:14:50.674726+00:00,match,236907.50440071,0.9651844295091307,1.6921350122787768,False
coinbase,BTC-USD,185823108,98963.67,0.228089,2026-05-08 22:17:40.497000+00:00,buy,2026-05-08T23:14:50.675471+00:00,match,22572.524526629997,0.7729556821105298,-1.4303827133447522,False
coinbase,BTC-USD,185822672,98964.94,2.360475,2026-05-08 22:17:40.713000+00:00,sell,2026-05-08T23:14:50.674081+00:00,match,233604.2667465,0.7825646013251831,1.6006627006284513,False
coinbase,BTC-USD,185822686,99234.26,1.539169,2026-05-08 22:17:41.101000+00:00,buy,2026-05-08T23:14:50.674118+00:00,match,152738.29672994,0.9528930305778267,0.42103753513543907,False
coinbase,BTC-USD,185823736,99186.23,0.989088,2026-05-08 22:17:42.793000+00:00,sell,2026-05-08T23:14:50.677477+00:00,match,98103.90985824,0.9207598406120387,-0.3836351463390472,False
coinbase,BTC-USD,185822942,99122.78,0.450035,2026-05-08 22:17:43.983000+00:00,sell,2026-05-08T23:14:50.674864+00:00,match,44608.7202973,0.8641585965742815,-1.150153800395799,False
coinbase,BTC-USD,185823398,97054.04,0.366156,2026-05-08 22:17:45.195000+00:00,sell,2026-05-08T23:14:50.676427+00:00,match,35536.919070239994,-0.4218426817368741,-1.2584177440214845,False
coinbase,BTC-USD,185822772,99079.29,0.450739,2026-05-08 22:17:46.353000+00:00,sell,2026-05-08T23:14:50.674347+00:00,match,44658.90009531,0.841297665725133,-1.1084410837644179,False
coinbase,BTC-USD,185825944,92631.81,0.268243,2026-05-08 22:17:47.273000+00:00,buy,2026-05-08T23:14:50.684220+00:00,match,24847.83460983,-3.027310553678891,-1.3726935932412907,True
coinbase,BTC-USD,185822532,97203.14,2.010294,2026-05-08 22:17:47.673000+00:00,sell,2026-05-08T23:14:50.673700+00:00,match,195406.88912316,-0.2717413056426528,1.034787467342702,False
coinbase,BTC-USD,185825014,93739.94,1.900676,2026-05-08 22:17:50.211000+00:00,sell,2026-05-08T23:14:50.681370+00:00,match,178169.25419944,-2.271974440640462,0.807269260067797,False
coinbase,BTC-USD,185822742,99217.8,2.111226,2026-05-08 22:17:51.513000+00:00,sell,2026-05-08T23:14:50.674268+00:00,match,209471.1990228,0.9270763505910866,1.2402097416298135,False
coinbase,BTC-USD,185822682,99168.15,2.365659,2026-05-08 22:17:52.383000+00:00,sell,2026-05-08T23:14:50.674107+00:00,match,234598.02656085,0.8831510457808226,1.5594636380108557,False
coinbase,BTC-USD,185822954,99300.7,1.940181,2026-05-08 22:17:52.785000+00:00,sell,2026-05-08T23:14:50.674901+00:00,match,192661.3314267,0.9658920577229787,0.9742883935817053,False
coinbase,BTC-USD,185824784,94782.65,0.051888,2026-05-08 22:17:53.317000+00:00,buy,2026-05-08T23:14:50.680675+00:00,match,4918.082143199999,-1.6310672474276806,-1.6500673687733973,False
coinbase,BTC-USD,185822550,97182.96,2.298862,2026-05-08 22:17:53.385000+00:00,buy,2026-05-08T23:14:50.673750+00:00,match,223410.21379152004,-0.24197809571766596,1.3718148788099025,False
coinbase,BTC-USD,185823050,99119.63,2.404323,2026-05-08 22:17:53.779000+00:00,buy,2026-05-08T23:14:50.675304+00:00,match,238315.60616049005,0.8625634103939258,1.5411323808501576,False
coinbase,BTC-USD,185822636,98115.94,1.907205,2026-05-08 22:17:54.801000+00:00,sell,2026-05-08T23:14:50.673982+00:00,match,187127.2113477,0.29500880676794655,0.8208881551080985,False
coinbase,BTC-USD,185822906,99466.35,2.444779,2026-05-08 22:17:54.935000+00:00,sell,2026-05-08T23:14:50.674753+00:00,match,243173.24368665,1.0738895172240015,1.5526751346430385,False
coinbase,BTC-USD,185822610,97491.0,0.099748,2026-05-08 22:17:55.605000+00:00,sell,2026-05-08T23:14:50.673911+00:00,match,9724.532268,-0.07108410895167626,-1.5815144056568589,False
coinbase,BTC-USD,185823222,97744.79,2.213312,2026-05-08 22:17:57.783000+00:00,sell,2026-05-08T23:14:50.675848+00:00,match,216339.71664448,0.06945323434400236,1.1745716017765635,False
coinbase,BTC-USD,185823584,98835.88,1.183017,2026-05-08 22:17:58.193000+00:00,buy,2026-05-08T23:14:50.677014+00:00,match,116924.52624996,0.6929356751755282,-0.1799804454855901,False
coinbase,BTC-USD,185822590,97241.42,0.315786,2026-05-08 22:17:58.463000+00:00,buy,2026-05-08T23:14:50.673858+00:00,match,30707.47905612,-0.22843509624380265,-1.3426825198834718,False
coinbase,BTC-USD,185823238,97397.48,0.009639,2026-05-08 22:17:59.827000+00:00,sell,2026-05-08T23:14:50.675903+00:00,match,938.81430972,-0.12797256686795935,-1.7203223300917996,False
coinbase,BTC-USD,185825074,93169.54,1.410566,2026-05-08 22:18:02.337000+00:00,sell,2026-05-08T23:14:50.681560+00:00,match,131421.78535964,-2.4844924856763604,0.03966797198718434,False
coinbase,BTC-USD,185822706,99311.55,1.49352,2026-05-08 22:18:02.655000+00:00,sell,2026-05-08T23:14:50.674172+00:00,match,148323.786156,0.9827528158809773,0.2529149248887819,False
coinbase,BTC-USD,185823362,97095.15,2.173552,2026-05-08 22:18:03.523000+00:00,sell,2026-05-08T23:14:50.676306+00:00,match,211041.3574728,-0.26231672617256147,1.089231177945934,False
coinbase,BTC-USD,185822760,99399.57,0.43148,2026-05-08 22:18:04.509000+00:00,sell,2026-05-08T23:14:50.674315+00:00,match,42888.9264636,1.0203880569694552,-1.1894755496843228,False
coinbase,BTC-USD,185822716,99696.9,1.80268,2026-05-08 22:18:04.929000+00:00,sell,2026-05-08T23:14:50.674198+00:00,match,179721.607692,1.1801270953707672,0.6544911447277982,False
coinbase,BTC-USD,185825358,91612.93,1.573717,2026-05-08 22:18:05.109000+00:00,buy,2026-05-08T23:14:50.682429+00:00,match,144172.82536081,-3.146305536931921,0.1884311342871777,True
coinbase,BTC-USD,185822544,97231.35,1.924512,2026-05-08 22:18:05.241000+00:00,buy,2026-05-08T23:14:50.673732+00:00,match,187122.89985120005,-0.16290076039203438,0.7792624108483118,False
coinbase,BTC-USD,185824390,97174.85,1.079929,2026-05-08 22:18:06.495000+00:00,sell,2026-05-08T23:14:50.679474+00:00,match,104941.93858565,-0.19264326800899806,-0.33688558473122643,False
coinbase,BTC-USD,185823878,99156.09,1.707222,2026-05-08 22:18:07.117000+00:00,buy,2026-05-08T23:14:50.677910+00:00,match,169281.45828197998,0.8454503995601899,0.5321007919521995,False
coinbase,BTC-USD,185822978,99145.72,0.553263,2026-05-08 22:18:07.641000+00:00,buy,2026-05-08T23:14:50.675005+00:00,match,54853.65848435999,0.8388292366749173,-1.0251802861348045,False
coinbase,BTC-USD,185825012,93832.63,1.138095,2026-05-08 22:18:08.273000+00:00,sell,2026-05-08T23:14:50.681363+00:00,match,106790.44703985,-1.9154191329297048,-0.29574375784465406,False
coinbase,BTC-USD,185822632,98098.76,0.690691,2026-05-08 22:18:08.453000+00:00,sell,2026-05-08T23:14:50.673972+00:00,match,67755.93064316,0.2968475412243371,-0.8207423544503143,False
coinbase,BTC-USD,185822864,99628.98,1.802849,2026-05-08 22:18:08.649000+00:00,buy,2026-05-08T23:14:50.674613+00:00,match,179616.00696402,1.0803068243977723,0.7290251656041367,False
coinbase,BTC-USD,185826272,92669.87,1.513179,2026-05-08 22:18:11.393000+00:00,buy,2026-05-08T23:14:50.685238+00:00,match,140226.10121673,-2.4427764019261367,0.18664659742341524,False
coinbase,BTC-USD,185822582,97255.3,0.922614,2026-05-08 22:18:11.783000+00:00,sell,2026-05-08T23:14:50.673836+00:00,match,89729.1013542,-0.11075013219573894,-0.5045176644656761,False
coinbase,BTC-USD,185822638,98137.07,0.583983,2026-05-08 22:18:12.039000+00:00,buy,2026-05-08T23:14:50.673987+00:00,match,57310.380549810005,0.3316384015535281,-0.9562620569369973,False
coinbase,BTC-USD,185822654,98505.76,0.197513,2026-05-08 22:18:12.259000+00:00,buy,2026-05-08T23:14:50.674032+00:00,match,19456.16817488,0.511864477345571,-1.4919415117560242,False
coinbase,BTC-USD,185824296,98217.21,0.400152,2026-05-08 22:18:12.261000+00:00,sell,2026-05-08T23:14:50.679188+00:00,match,39301.81301592,0.371343135744185,-1.1869825180802949,False
coinbase,BTC-USD,185824340,98140.68,0.813294,2026-05-08 22:18:13.113000+00:00,buy,2026-05-08T23:14:50.679318+00:00,match,79817.22619991998,0.3266020780655005,-0.6034163215953763,False
coinbase,BTC-USD,185823236,97527.83,0.743572,2026-05-08 22:18:13.377000+00:00,buy,2026-05-08T23:14:50.675897+00:00,match,72518.96360876001,0.01762173948163051,-0.6912975496561857,False
coinbase,BTC-USD,185824402,97198.64,2.343968,2026-05-08 22:18:15.643000+00:00,sell,2026-05-08T23:14:50.679511+00:00,match,227830.50180352,-0.15086449015940773,1.4674202986348803,False
coinbase,BTC-USD,185826078,92510.35,0.698749,2026-05-08 22:18:15.969000+00:00,buy,2026-05-08T23:14:50.684616+00:00,match,64641.51455215,-2.4328188621511164,-0.8023533126129253,False
coinbase,BTC-USD,185823916,99133.3,0.140231,2026-05-08 22:18:16.721000+00:00,sell,2026-05-08T23:14:50.678025+00:00,match,13901.5617923,0.8357112368658868,-1.4818163390380188,False
coinbase,BTC-USD,185825318,92280.32,0.447596,2026-05-08 22:18:16.999000+00:00,buy,2026-05-08T23:14:50.682322+00:00,match,41304.30211072,-2.4445322864279815,-1.0842460099096098,False
coinbase,BTC-USD,185823750,99140.21,0.447249,2026-05-08 22:18:18.063000+00:00,sell,2026-05-08T23:14:50.677516+00:00,match,44340.359782290005,0.826550505226366,-1.0214009226912049,False
coinbase,BTC-USD,185822660,98522.48,0.498123,2026-05-08 22:18:18.249000+00:00,sell,2026-05-08T23:14:50.674048+00:00,match,49076.31330504,0.5370853975530375,-0.9537663443190009,False
coinbase,BTC-USD,185823136,98271.17,2.311577,2026-05-08 22:18:18.461000+00:00,sell,2026-05-08T23:14:50.675563+00:00,match,227161.37633509003,0.4161435619798835,1.495319229106488,False
coinbase,BTC-USD,185824534,95778.24,0.721209,2026-05-08 22:18:18.629000+00:00,buy,2026-05-08T23:14:50.679917+00:00,match,69076.12869216,-0.7644121096770257,-0.6757706573267669,False
coinbase,BTC-USD,185822858,99433.01,1.210679,2026-05-08 22:18:18.955000+00:00,sell,2026-05-08T23:14:50.674592+00:00,match,120381.45711379,0.9585501581959184,0.020910845346636595,False
coinbase,BTC-USD,185826200,93478.92,0.932622,2026-05-08 22:18:19.013000+00:00,buy,2026-05-08T23:14:50.685014+00:00,match,87180.49732823999,-1.8405753715708535,-0.44846945320115655,False
coinbase,BTC-USD,185823650,99606.19,1.985645,2026-05-08 22:18:19.895000+00:00,sell,2026-05-08T23:14:50.677210+00:00,match,197782.53314255,1.0384697760878299,1.0752699053034591,False
coinbase,BTC-USD,185824010,98545.63,1.829128,2026-05-08 22:18:21.609000+00:00,buy,2026-05-08T23:14:50.678310+00:00,match,180252.57111064,0.5322896153180706,0.8158896348169661,False
coinbase,BTC-USD,185822722,99694.63,0.683249,2026-05-08 22:18:22.093000+00:00,sell,2026-05-08T23:14:50.674214+00:00,match,68116.25625287001,1.0677797315320434,-0.7324452409722236,False
coinbase,BTC-USD,185824266,97522.33,2.236154,2026-05-08 22:18:23.883000+00:00,buy,2026-05-08T23:14:50.679095+00:00,match,218074.94831882,0.0583139829147063,1.3162832099620427,False
coinbase,BTC-USD,185823118,98787.58,0.251253,2026-05-08 22:18:23.885000+00:00,sell,2026-05-08T23:14:50.675504+00:00,match,24820.67583774,0.6524939059400899,-1.3174634371368368,False
coinbase,BTC-USD,185824474,96775.94,1.508449,2026-05-08 22:18:25.121000+00:00,buy,2026-05-08T23:14:50.679727+00:00,match,145981.56991706,-0.29097718778040726,0.3294531263892364,False
coinbase,BTC-USD,185823338,96918.63,0.031972,2026-05-08 22:18:25.505000+00:00,buy,2026-05-08T23:14:50.676235+00:00,match,3098.68243836,-0.23056523371934295,-1.5802022295680493,False
coinbase,BTC-USD,185822678,99151.91,2.056061,2026-05-08 22:18:26.133000+00:00,buy,2026-05-08T23:14:50.674097+00:00,match,203862.37522651,0.8091007451991007,1.1001282901800067,False
coinbase,BTC-USD,185823150,98095.03,1.428883,2026-05-08 22:18:27.645000+00:00,buy,2026-05-08T23:14:50.675609+00:00,match,140166.32075148998,0.3125476705676118,0.26067905851881235,False
coinbase,BTC-USD,185823260,97596.84,1.406753,2026-05-08 22:18:27.761000+00:00,sell,2026-05-08T23:14:50.675978+00:00,match,137294.64746051998,0.08712876146298816,0.20930361488934732,False
coinbase,BTC-USD,185822570,97071.39,1.834515,2026-05-08 22:18:29.029000+00:00,sell,2026-05-08T23:14:50.673804+00:00,match,178078.92102585,-0.16959309055724953,0.7628250660703245,False
coinbase,BTC-USD,185822642,98389.87,2.185489,2026-05-08 22:18:29.403000+00:00,buy,2026-05-08T23:14:50.674000+00:00,match,215029.97859643,0.44859681745424035,1.2394472692122196,False
coinbase,BTC-USD,185822560,97095.22,0.54499,2026-05-08 22:18:30.009000+00:00,sell,2026-05-08T23:14:50.673776+00:00,match,52915.9239478,-0.16420414616483295,-0.9581819381642741,False
coinbase,BTC-USD,185823640,99201.3,0.597043,2026-05-08 22:18:30.485000+00:00,sell,2026-05-08T23:14:50.677183+00:00,match,59227.4417559,0.821202901761173,-0.8552121564669127,False
coinbase,BTC-USD,185825016,93732.23,0.113037,2026-05-08 22:18:32.013000+00:00,sell,2026-05-08T23:14:50.681376+00:00,match,10595.21008251,-1.7127426574795812,-1.4827760753574484,False
coinbase,BTC-USD,185822630,97991.74,1.206301,2026-05-08 22:18:32.379000+00:00,buy,2026-05-08T23:14:50.673966+00:00,match,118207.53395374,0.2697572586010109,-0.04343244800224615,False
coinbase,BTC-USD,185822846,99382.58,2.336851,2026-05-08 22:18:32.447000+00:00,sell,2026-05-08T23:14:50.674554+00:00,match,232242.28145557997,0.9080134565973736,1.4850072046495686,False
coinbase,BTC-USD,185822726,99518.37,0.925196,2026-05-08 22:18:34.869000+00:00,buy,2026-05-08T23:14:50.674224+00:00,match,92073.99785052,0.9559042738282568,-0.419175847736358,False
coinbase,BTC-USD,185823172,97485.33,0.662593,2026-05-08 22:18:34.873000+00:00,buy,2026-05-08T23:14:50.675685+00:00,match,64593.09726069,0.007999046000614102,-0.7766258150827883,False
coinbase,BTC-USD,185822622,97698.4,0.904512,2026-05-08 22:18:35.373000+00:00,sell,2026-05-08T23:14:50.673943+00:00,match,88369.3751808,0.10870187227518162,-0.45322740516949717,False
coinbase,BTC-USD,185825928,92622.85,1.45689,2026-05-08 22:18:35.697000+00:00,sell,2026-05-08T23:14:50.684174+00:00,match,134941.3039365,-2.1684792038247203,0.17920250929173548,False
coinbase,BTC-USD,185824056,97878.85,1.893359,2026-05-08 22:18:35.901000+00:00,buy,2026-05-08T23:14:50.678440+00:00,match,185319.80155715,0.1971372773417033,0.8546299191668633,False
coinbase,BTC-USD,185822738,99455.37,2.302914,2026-05-08 22:18:35.939000+00:00,sell,2026-05-08T23:14:50.674257+00:00,match,229037.16394818,0.9143254246192907,1.4153591896791495,False
coinbase,BTC-USD,185823114,98928.0,2.033438,2026-05-08 22:18:36.717000+00:00,buy,2026-05-08T23:14:50.675491+00:00,match,201163.954464,0.6724785376641607,1.0350131320827618,False
coinbase,BTC-USD,185824058,97869.77,2.271332,2026-05-08 22:18:37.821000+00:00,buy,2026-05-08T23:14:50.678445+00:00,match,222294.74043364,0.1975531013587936,1.2913285308556706,False
coinbase,BTC-USD,185822752,99389.44,1.105576,2026-05-08 22:18:38.473000+00:00,sell,2026-05-08T23:14:50.674294+00:00,match,109882.57951744,0.8896778056903032,-0.19916776846103845,False
coinbase,BTC-USD,185825930,92594.28,0.380724,2026-05-08 22:18:39.343000+00:00,sell,2026-05-08T23:14:50.684180+00:00,match,35252.86465872,-2.141805351501656,-1.1833819200855213,False
coinbase,BTC-USD,185822620,97790.05,1.010497,2026-05-08 22:18:40.097000+00:00,buy,2026-05-08T23:14:50.673938+00:00,match,98816.55215485,0.16230375502586766,-0.3216355384491072,False
coinbase,BTC-USD,185822828,98984.97,1.623937,2026-05-08 22:18:44.049000+00:00,buy,2026-05-08T23:14:50.674499+00:00,match,160745.35522689,0.708245285743784,0.5182616113809995,False
coinbase,BTC-USD,185822740,99340.55,0.052239,2026-05-08 22:18:45.193000+00:00,buy,2026-05-08T23:14:50.674262+00:00,match,5189.45099145,0.8631304161849725,-1.5512396186038462,False
coinbase,BTC-USD,185826946,95720.82,1.435945,2026-05-08 22:18:46.441000+00:00,buy,2026-05-08T23:14:50.687359+00:00,match,137449.83287490002,-0.790987750041385,0.22819526972000212,False
coinbase,BTC-USD,185824468,96522.05,1.418987,2026-05-08 22:18:47.113000+00:00,buy,2026-05-08T23:14:50.679708+00:00,match,136963.53416335,-0.41103118237361136,0.22878095819929267,False
coinbase,BTC-USD,185823546,97848.01,0.266813,2026-05-08 22:18:48.813000+00:00,sell,2026-05-08T23:14:50.676887+00:00,match,26107.12109213,0.19991847271671528,-1.244289518317901,False
coinbase,BTC-USD,185823340,96999.91,0.187713,2026-05-08 22:18:49.169000+00:00,sell,2026-05-08T23:14:50.676241+00:00,match,18208.14410583,-0.2164657115594905,-1.3213244542182923,False
coinbase,BTC-USD,185824846,94472.2,1.937673,2026-05-08 22:18:49.205000+00:00,sell,2026-05-08T23:14:50.680864+00:00,match,183056.2311906,-1.3821874216505767,0.8829205990817413,False
coinbase,BTC-USD,185826794,95131.95,2.39107,2026-05-08 22:18:51.683000+00:00,sell,2026-05-08T23:14:50.686879+00:00,match,227467.1516865,-1.0573909047888888,1.4433477439477342,False
coinbase,BTC-USD,185826886,95366.61,0.439405,2026-05-08 22:18:52.269000+00:00,buy,2026-05-08T23:14:50.687164+00:00,match,41904.56526705,-0.9296527451307582,-1.016020542426516,False
coinbase,BTC-USD,185822618,97652.31,2.362989,2026-05-08 22:18:52.929000+00:00,buy,2026-05-08T23:14:50.673932+00:00,match,230751.33435459,0.12044025587157024,1.4829482425924962,False
coinbase,BTC-USD,185825832,92109.33,2.31637,2026-05-08 22:18:53.493000+00:00,buy,2026-05-08T23:14:50.683797+00:00,match,213359.2887321,-2.3845157166385,1.2286194737939822,False
coinbase,BTC-USD,185822984,98905.72,1.366411,2026-05-08 22:18:54.345000+00:00,buy,2026-05-08T23:14:50.675026+00:00,match,135145.86377092,0.709869054679579,0.1978585919899886,False
coinbase,BTC-USD,185822830,99107.77,0.294491,2026-05-08 22:18:54.367000+00:00,sell,2026-05-08T23:14:50.674504+00:00,match,29186.34629507,0.7880647568825556,-1.1857066073738474,False
coinbase,BTC-USD,185823574,98624.12,1.117381,2026-05-08 22:18:54.693000+00:00,sell,2026-05-08T23:14:50.676980+00:00,match,110200.71782972,0.5519841597862535,-0.11859275377790583,False
coinbase,BTC-USD,185826318,92554.61,1.739703,2026-05-08 22:18:56.751000+00:00,sell,2026-05-08T23:14:50.685382+00:00,match,161017.53268083,-2.2253500339931938,0.539092656262956,False
coinbase,BTC-USD,185823828,98721.26,1.612508,2026-05-08 22:18:58.473000+00:00,buy,2026-05-08T23:14:50.677759+00:00,match,159188.82152008,0.5968461743739691,0.5008137038443423,False
coinbase,BTC-USD,185823952,99000.7,1.462772,2026-05-08 22:18:58.613000+00:00,sell,2026-05-08T23:14:50.678127+00:00,match,144815.4519404,0.727927878953861,0.2988195328997299,False
coinbase,BTC-USD,185823216,97698.5,1.721277,2026-05-08 22:18:59.913000+00:00,buy,2026-05-08T23:14:50.675831+00:00,match,168166.18098449998,0.12858133179758297,0.6037021609600448,False
coinbase,BTC-USD,185824506,96168.12,0.444933,2026-05-08 22:19:01.953000+00:00,buy,2026-05-08T23:14:50.679822+00:00,match,42788.37013596,-0.5603678971043732,-1.0465858582865326,False
coinbase,BTC-USD,185822614,97758.98,0.453805,2026-05-08 22:19:02.769000+00:00,sell,2026-05-08T23:14:50.673922+00:00,match,44363.5139189,0.17688710790971648,-1.031974888043206,False
coinbase,BTC-USD,185823602,98806.84,0.551559,2026-05-08 22:19:02.953000+00:00,sell,2026-05-08T23:14:50.677071+00:00,match,54497.80186356,0.6608431373966238,-0.8784926422665753,False
coinbase,BTC-USD,185823526,97870.91,2.439117,2026-05-08 22:19:03.551000+00:00,sell,2026-05-08T23:14:50.676821+00:00,match,238718.60038647,0.2364225119880908,1.5874916657796196,False
coinbase,BTC-USD,185823860,99103.88,1.409309,2026-05-08 22:19:04.073000+00:00,sell,2026-05-08T23:14:50.677858+00:00,match,139667.99001892,0.8075291396660462,0.2554928281697224,False
coinbase,BTC-USD,185826000,93044.76,1.026577,2026-05-08 22:19:05.421000+00:00,buy,2026-05-08T23:14:50.684383+00:00,match,95517.61058652,-1.9371961358111334,-0.34425972762294876,False
coinbase,BTC-USD,185826660,94831.38,2.058141,2026-05-08 22:19:05.553000+00:00,sell,2026-05-08T23:14:50.686462+00:00,match,195176.35126458,-1.1064881311856762,0.9771797324671956,False
coinbase,BTC-USD,185822604,97512.21,2.309785,2026-05-08 22:19:06.033000+00:00,buy,2026-05-08T23:14:50.673895+00:00,match,225232.23997485003,0.11434178899591377,1.3529750839148151,False
coinbase,BTC-USD,185826602,94638.74,0.1732,2026-05-08 22:19:06.263000+00:00,sell,2026-05-08T23:14:50.686292+00:00,match,16391.429768,-1.2183304447885135,-1.4486805635217426,False
coinbase,BTC-USD,185823894,99487.54,0.831704,2026-05-08 22:19:07.059000+00:00,sell,2026-05-08T23:14:50.677955+00:00,match,82744.18496816,1.002149702633548,-0.5454597151346957,False
coinbase,BTC-USD,185823178,97335.27,0.254858,2026-05-08 22:19:08.049000+00:00,buy,2026-05-08T23:14:50.675708+00:00,match,24806.67224166,-0.0018696568549538362,-1.2965989755011316,False
coinbase,BTC-USD,185823014,99594.88,0.93863,2026-05-08 22:19:09.533000+00:00,sell,2026-05-08T23:14:50.675123+00:00,match,93482.7422144,1.045778137661363,-0.36495935628103304,False
coinbase,BTC-USD,185824836,94614.78,2.116539,2026-05-08 22:19:10.041000+00:00,buy,2026-05-08T23:14:50.680838+00:00,match,200255.87184642,-1.2406399652457125,1.0833907825422984,False
coinbase,BTC-USD,185826598,94509.76,2.331443,2026-05-08 22:19:10.205000+00:00,buy,2026-05-08T23:14:50.686279+00:00,match,220344.11838368,-1.2622481226257365,1.345751824066046,False
coinbase,BTC-USD,185823350,96857.47,1.992294,2026-05-08 22:19:14.251000+00:00,buy,2026-05-08T23:14:50.676270+00:00,match,192968.55633618,-0.19145029462145888,0.9587856876392296,False
coinbase,BTC-USD,185822588,97183.86,0.755739,2026-05-08 22:19:14.673000+00:00,buy,2026-05-08T23:14:50.673852+00:00,match,73445.63317254001,-0.04011460170369159,-0.64990901161501,False
coinbase,BTC-USD,185825842,92435.49,0.024212,2026-05-08 22:19:14.783000+00:00,sell,2026-05-08T23:14:50.683826+00:00,match,2238.0480838800004,-2.1654393114806227,-1.5929357169461926,False
coinbase,BTC-USD,185822594,97221.64,1.442595,2026-05-08 22:19:15.483000+00:00,buy,2026-05-08T23:14:50.673868+00:00,match,140251.4517558,0.012295936831041621,0.30483106624371886,False
coinbase,BTC-USD,185825064,93242.11,0.259107,2026-05-08 22:19:15.873000+00:00,sell,2026-05-08T23:14:50.681527+00:00,match,24159.683395769996,-1.7500250661397223,-1.2702875808937542,False
coinbase,BTC-USD,185826024,92413.03,0.150079,2026-05-08 22:19:17.961000+00:00,buy,2026-05-08T23:14:50.684446+00:00,match,13869.255129369998,-2.054687430967651,-1.4145424346194104,False
coinbase,BTC-USD,185823174,97401.99,2.141448,2026-05-08 22:19:19.659000+00:00,buy,2026-05-08T23:14:50.675694+00:00,match,208581.29668152,0.14257830121714202,1.2869620209260904,False
coinbase,BTC-USD,185824320,98352.79,0.871687,2026-05-08 22:19:19.701000+00:00,sell,2026-05-08T23:14:50.679260+00:00,match,85732.84845672999,0.564114720050743,-0.41341227872198394,False
coinbase,BTC-USD,185822946,99094.37,1.819673,2026-05-08 22:19:20.877000+00:00,buy,2026-05-08T23:14:50.674876+00:00,match,180319.34954101,0.8794369828169502,0.8802636347249616,False
coinbase,BTC-USD,185823144,98173.65,0.417287,2026-05-08 22:19:22.977000+00:00,sell,2026-05-08T23:14:50.675590+00:00,match,40966.58788755,0.4711913854676458,-1.0719425608759927,False
coinbase,BTC-USD,185824160,98113.3,0.068474,2026-05-08 22:19:23.361000+00:00,buy,2026-05-08T23:14:50.678758+00:00,match,6718.2101041999995,0.42918805643103586,-1.516703201657552,False
coinbase,BTC-USD,185822924,99332.31,0.898944,2026-05-08 22:19:23.569000+00:00,buy,2026-05-08T23:14:50.674816+00:00,match,89294.18408064,0.9715826469343731,-0.36462171939937416,False
coinbase,BTC-USD,185825958,92984.14,1.031119,2026-05-08 22:19:23.715000+00:00,buy,2026-05-08T23:14:50.684263+00:00,match,95877.71345265998,-1.8046552477145226,-0.25966065537642774,False
coinbase,BTC-USD,185822634,98165.28,2.093706,2026-05-08 22:19:25.287000+00:00,sell,2026-05-08T23:14:50.673977+00:00,match,205529.23572768,0.4698957552429749,1.246888495903523,False
coinbase,BTC-USD,185822754,99378.03,0.094114,2026-05-08 22:19:25.983000+00:00,sell,2026-05-08T23:14:50.674299+00:00,match,9352.86391542,1.0056657133659204,-1.453922590301988,False
coinbase,BTC-USD,185823594,98814.68,0.567898,2026-05-08 22:19:26.079000+00:00,sell,2026-05-08T23:14:50.677046+00:00,match,56116.65914264,0.7464953335464338,-0.79247497850325,False
coinbase,BTC-USD,185823726,99123.87,0.065309,2026-05-08 22:19:29.241000+00:00,sell,2026-05-08T23:14:50.677448+00:00,match,6473.680825830001,0.8743861904064593,-1.4452471914861722,False
coinbase,BTC-USD,185823516,98073.84,2.373118,2026-05-08 22:19:32.193000+00:00,buy,2026-05-08T23:14:50.676788+00:00,match,232740.79503311997,0.39683110821568424,1.6230652339094074,False
coinbase,BTC-USD,185823626,98912.13,0.387564,2026-05-08 22:19:33.535000+00:00,buy,2026-05-08T23:14:50.677146+00:00,match,38334.78075132,0.7761072970353143,-0.9915336018156012,False
coinbase,BTC-USD,185823312,97151.17,1.949403,2026-05-08 22:19:34.173000+00:00,sell,2026-05-08T23:14:50.676143+00:00,match,189386.78225151,-0.008588555930720582,1.0304551551735939,False
coinbase,BTC-USD,185824144,98058.65,2.157264,2026-05-08 22:19:34.721000+00:00,sell,2026-05-08T23:14:50.678711+00:00,match,211538.3955336,0.387151881872357,1.3037484652628037,False
coinbase,BTC-USD,185826810,94918.4,0.947519,2026-05-08 22:19:36.543000+00:00,buy,2026-05-08T23:14:50.686928+00:00,match,89936.9874496,-1.0301988955644703,-0.3258876208936177,False
coinbase,BTC-USD,185823378,97032.71,0.489884,2026-05-08 22:19:37.575000+00:00,sell,2026-05-08T23:14:50.676358+00:00,match,47534.77210564,-0.05588312306467485,-0.8760519229900701,False
coinbase,BTC-USD,185823904,99394.92,2.110138,2026-05-08 22:19:38.629000+00:00,buy,2026-05-08T23:14:50.677988+00:00,match,209736.99769896,1.0127486504372127,1.276989738237569,False
coinbase,BTC-USD,185823692,99759.29,0.390062,2026-05-08 22:19:38.673000+00:00,buy,2026-05-08T23:14:50.677349+00:00,match,38912.30817598,1.1627919851587376,-0.9820373691070275,False
coinbase,BTC-USD,185822862,99499.51,0.242119,2026-05-08 22:19:40.473000+00:00,sell,2026-05-08T23:14:50.674607+00:00,match,24090.72186169,1.031505737399648,-1.1687891900754805,False
coinbase,BTC-USD,185825148,93012.73,1.477437,2026-05-08 22:19:40.689000+00:00,sell,2026-05-08T23:14:50.681785+00:00,match,137420.44877301,-1.8990273816064978,0.3110179307773152,False
coinbase,BTC-USD,185822616,97714.39,0.833338,2026-05-08 22:19:40.761000+00:00,buy,2026-05-08T23:14:50.673927+00:00,match,81429.11433382,0.23288797936641972,-0.43941322906737923,False
coinbase,BTC-USD,185825908,92704.87,0.321426,2026-05-08 22:19:44.337000+00:00,buy,2026-05-08T23:14:50.684035+00:00,match,29797.75554462,-1.9745469059285472,-1.114812347435035,False
coinbase,BTC-USD,185823496,98112.56,0.963716,2026-05-08 22:19:45.521000+00:00,buy,2026-05-08T23:14:50.676729+00:00,match,94552.64387296,0.4266719009068853,-0.2597463047282145,False
coinbase,BTC-USD,185822762,99358.99,2.29485,2026-05-08 22:19:45.723000+00:00,sell,2026-05-08T23:14:50.674320+00:00,match,228013.9782015,0.9661478067216528,1.5112538070187607,False
coinbase,BTC-USD,185822896,99174.0,1.401263,2026-05-08 22:19:45.913000+00:00,sell,2026-05-08T23:14:50.674720+00:00,match,138968.85676199998,0.870677841065673,0.3203113222575697,False
coinbase,BTC-USD,185822730,99646.47,0.284632,2026-05-08 22:19:46.413000+00:00,buy,2026-05-08T23:14:50.674236+00:00,match,28362.57404904,1.0786761656494097,-1.1546103287245177,False
coinbase,BTC-USD,185822980,99084.8,0.49056,2026-05-08 22:19:46.601000+00:00,sell,2026-05-08T23:14:50.675012+00:00,match,48607.039488,0.8140079792058521,-0.8866503857626863,False
coinbase,BTC-USD,185825986,93309.97,0.477597,2026-05-08 22:19:47.315000+00:00,buy,2026-05-08T23:14:50.684345+00:00,match,44564.56174209,-1.7896307701107783,-0.9406205518693412,False
coinbase,BTC-USD,185824732,95147.58,0.330826,2026-05-08 22:19:47.633000+00:00,sell,2026-05-08T23:14:50.680517+00:00,match,31477.29330108,-0.9380977737047387,-1.1101996620576087,False
coinbase,BTC-USD,185823212,97850.79,0.806576,2026-05-08 22:19:48.273000+00:00,sell,2026-05-08T23:14:50.675816+00:00,match,78924.09879503999,0.28678495999380543,-0.46396715022709784,False
coinbase,BTC-USD,185822948,99103.87,2.058419,2026-05-08 22:19:48.689000+00:00,sell,2026-05-08T23:14:50.674882+00:00,match,203997.28898153,0.8377706838548362,1.1929255841611375,False
coinbase,BTC-USD,185823354,96938.4,2.199888,2026-05-08 22:19:49.287000+00:00,sell,2026-05-08T23:14:50.676281+00:00,match,213253.6228992,-0.13044295961161753,1.293139144458059,False
coinbase,BTC-USD,185826288,92773.06,0.442732,2026-05-08 22:19:53.001000+00:00,sell,2026-05-08T23:14:50.685282+00:00,match,41073.60239992,-2.007279589719327,-0.9792516569867764,False
coinbase,BTC-USD,185822676,99126.76,0.034895,2026-05-08 22:19:53.745000+00:00,buy,2026-05-08T23:14:50.674092+00:00,match,3459.0282902,0.8656523082338439,-1.4434472226185007,False
coinbase,BTC-USD,185823384,97109.25,0.434208,2026-05-08 22:19:53.937000+00:00,buy,2026-05-08T23:14:50.676378+00:00,match,42165.613224,-0.040843190261911036,-0.9163679502039572,False
coinbase,BTC-USD,185823184,97258.56,1.152541,2026-05-08 22:19:54.841000+00:00,sell,2026-05-08T23:14:50.675727+00:00,match,112094.47800096,0.038137349410225264,-0.0035625229855259263,False
coinbase,BTC-USD,185822972,99282.18,1.885851,2026-05-08 22:19:56.433000+00:00,buy,2026-05-08T23:14:50.674984+00:00,match,187231.39843518,0.9492543337346896,0.9940307677617786,False
coinbase,BTC-USD,185825820,91814.31,0.454666,2026-05-08 22:19:57.393000+00:00,sell,2026-05-08T23:14:50.683764+00:00,match,41744.84507046,-2.3489781715360136,-0.9341742910106587,False
coinbase,BTC-USD,185827210,95662.73,0.710303,2026-05-08 22:19:57.745000+00:00,buy,2026-05-08T23:14:50.688190+00:00,match,67949.52410719,-0.6398994679139992,-0.5761203224961472,False
coinbase,BTC-USD,185824382,97111.37,2.357691,2026-05-08 22:19:57.993000+00:00,sell,2026-05-08T23:14:50.679448+00:00,match,228958.60304666997,-0.0010048512222585026,1.5244727634170654,False
coinbase,BTC-USD,185823652,99739.04,2.401471,2026-05-08 22:19:58.193000+00:00,buy,2026-05-08T23:14:50.677216+00:00,match,239520.41212784,1.1537682734432133,1.6482975606514474,False
coinbase,BTC-USD,185822658,98420.53,2.363095,2026-05-08 22:19:58.911000+00:00,sell,2026-05-08T23:14:50.674042+00:00,match,232577.06234035,0.5711833368569382,1.527354295708186,False
coinbase,BTC-USD,185823122,98634.25,1.517356,2026-05-08 22:20:00.233000+00:00,sell,2026-05-08T23:14:50.675519+00:00,match,149663.271043,0.6593616009623221,0.44854643694832275,False
coinbase,BTC-USD,185823230,97553.73,2.219839,2026-05-08 22:20:00.695000+00:00,buy,2026-05-08T23:14:50.675876+00:00,match,216553.57444947,0.18259302222864285,1.3048528167055808,False
coinbase,BTC-USD,185823176,97453.76,0.650491,2026-05-08 22:20:00.857000+00:00,buy,2026-05-08T23:14:50.675701+00:00,match,63392.79379616,0.14300539485299033,-0.6572467405652666,False
coinbase,BTC-USD,185824594,95595.14,0.900578,2026-05-08 22:20:02.699000+00:00,sell,2026-05-08T23:14:50.680093+00:00,match,86090.87999092,-0.6663247812862395,-0.36756793822833383,False
coinbase,BTC-USD,185825176,92956.81,0.735228,2026-05-08 22:20:03.005000+00:00,buy,2026-05-08T23:14:50.681870+00:00,match,68344.44950268,-1.7751573108128018,-0.6003959168123539,False
coinbase,BTC-USD,185822624,97823.75,1.095346,2026-05-08 22:20:04.433000+00:00,sell,2026-05-08T23:14:50.673948+00:00,match,107150.8532675,0.320462677162612,-0.10809765340587149,False
coinbase,BTC-USD,185826976,95861.81,0.457012,2026-05-08 22:20:05.589000+00:00,buy,2026-05-08T23:14:50.687446+00:00,match,43809.997511719994,-0.5291740979232542,-0.9277216375067101,False
coinbase,BTC-USD,185822640,98280.87,1.981005,2026-05-08 22:20:06.453000+00:00,buy,2026-05-08T23:14:50.673994+00:00,match,194694.89487435,0.5365125973269687,1.0608434207021398,False
coinbase,BTC-USD,185822668,98768.83,1.102114,2026-05-08 22:20:07.089000+00:00,sell,2026-05-08T23:14:50.674069+00:00,match,108854.51030662,0.7565101071020685,-0.07333905752018799,False
coinbase,BTC-USD,185822908,99511.27,1.889802,2026-05-08 22:20:07.121000+00:00,sell,2026-05-08T23:14:50.674761+00:00,match,188056.59706854,1.0687015724355406,0.9528714612585074,False
coinbase,BTC-USD,185824664,95675.02,1.656576,2026-05-08 22:20:08.205000+00:00,buy,2026-05-08T23:14:50.680312+00:00,match,158492.94193152,-0.6026568848252077,0.5540884506668143,False
coinbase,BTC-USD,185822894,99180.01,0.562245,2026-05-08 22:20:08.311000+00:00,sell,2026-05-08T23:14:50.674714+00:00,match,55763.46472244999,0.9161977871555409,-0.7839342721690226,False
coinbase,BTC-USD,185823086,99309.81,1.962145,2026-05-08 22:20:09.475000+00:00,buy,2026-05-08T23:14:50.675404+00:00,match,194860.24714245,0.9634786805695092,1.0371604780433692,False
coinbase,BTC-USD,185823200,97484.07,2.478856,2026-05-08 22:20:09.813000+00:00,buy,2026-05-08T23:14:50.675776+00:00,match,241648.97182392,0.16528654333632514,1.6438860090702598,False
coinbase,BTC-USD,185824852,94487.28,2.350359,2026-05-08 22:20:10.313000+00:00,sell,2026-05-08T23:14:50.680881+00:00,match,222079.02893352,-1.1440094876643803,1.3808107247850285,False
coinbase,BTC-USD,185823306,97132.93,1.032827,2026-05-08 22:20:10.725000+00:00,buy,2026-05-08T23:14:50.676123+00:00,match,100321.51269310998,0.03204587068107327,-0.1898679455017908,False
coinbase,BTC-USD,185822912,99607.74,0.46586,2026-05-08 22:20:11.673000+00:00,buy,2026-05-08T23:14:50.674775+00:00,match,46403.2617564,1.1276261751790044,-0.886561867033166,False
coinbase,BTC-USD,185823104,98938.8,2.395084,2026-05-08 22:20:11.761000+00:00,buy,2026-05-08T23:14:50.675457+00:00,match,236966.73685920003,0.8168742777478777,1.5699621384109554,False
coinbase,BTC-USD,185822822,99100.4,1.593818,2026-05-08 22:20:16.213000+00:00,buy,2026-05-08T23:14:50.674483+00:00,match,157948.00132719998,0.8806985941535054,0.534809125981555,False
coinbase,BTC-USD,185823988,98510.53,0.447112,2026-05-08 22:20:16.905000+00:00,buy,2026-05-08T23:14:50.678239+00:00,match,44045.24008936,0.6188768690344781,-0.9258720700202215,False
coinbase,BTC-USD,185823704,99576.61,0.951815,2026-05-08 22:20:17.549000+00:00,sell,2026-05-08T23:14:50.677387+00:00,match,94778.51104715,1.0961222858148036,-0.2836429684960708,False
coinbase,BTC-USD,185822750,99518.33,1.899717,2026-05-08 22:20:18.195000+00:00,sell,2026-05-08T23:14:50.674289+00:00,match,189056.66331261,1.0491148505342722,0.9384458508177523,False
coinbase,BTC-USD,185824508,96136.56,0.77088,2026-05-08 22:20:19.745000+00:00,buy,2026-05-08T23:14:50.679830+00:00,match,74109.7513728,-0.4628861240908126,-0.5494889038279648,False
coinbase,BTC-USD,185824966,93925.22,2.295094,2026-05-08 22:20:22.693000+00:00,sell,2026-05-08T23:14:50.681232+00:00,match,215567.20887068,-1.4205278910866803,1.2642055022822292,False
coinbase,BTC-USD,185826372,92701.62,1.966329,2026-05-08 22:20:23.313000+00:00,buy,2026-05-08T23:14:50.685555+00:00,match,182281.88375298,-1.9071551204134443,0.814781805732834,False
coinbase,BTC-USD,185823076,99157.4,1.413538,2026-05-08 22:20:23.337000+00:00,sell,2026-05-08T23:14:50.675375+00:00,match,140162.7528812,0.8811341590940072,0.2711490170686842,False
coinbase,BTC-USD,185822646,98543.64,2.129428,2026-05-08 22:20:25.527000+00:00,sell,2026-05-08T23:14:50.674011+00:00,match,209841.58623792,0.599990432384638,1.1899121635136323,False
coinbase,BTC-USD,185823360,96992.77,1.603547,2026-05-08 22:20:26.265000+00:00,buy,2026-05-08T23:14:50.676300+00:00,match,155532.46535519,-0.0847356367835796,0.46327202495495107,False
coinbase,BTC-USD,185822826,99015.25,2.372064,2026-05-08 22:20:26.427000+00:00,sell,2026-05-08T23:14:50.674494+00:00,match,234870.509976,0.7930205741460192,1.5084447219577295,False
coinbase,BTC-USD,185824682,95444.47,1.518707,2026-05-08 22:20:26.633000+00:00,buy,2026-05-08T23:14:50.680370+00:00,match,144952.18470029,-0.7991984292734773,0.3342468335481133,False
coinbase,BTC-USD,185824762,94887.99,0.427856,2026-05-08 22:20:26.723000+00:00,buy,2026-05-08T23:14:50.680609+00:00,match,40598.39584944001,-1.0272584591512133,-1.0335332727071231,False
coinbase,BTC-USD,185822814,99097.52,2.236604,2026-05-08 22:20:28.755000+00:00,sell,2026-05-08T23:14:50.674462+00:00,match,221641.90962208,0.8488739507541864,1.3300978791066542,False
coinbase,BTC-USD,185823252,97541.98,1.892996,2026-05-08 22:20:30.033000+00:00,buy,2026-05-08T23:14:50.675951+00:00,match,184646.57797208,0.16072789706478724,0.8296555395635989,False
coinbase,BTC-USD,185826998,96126.65,1.932176,2026-05-08 22:20:30.037000+00:00,buy,2026-05-08T23:14:50.687518+00:00,match,185733.6060904,-0.49758985871797196,0.8388223556831067,False
coinbase,BTC-USD,185826836,94829.44,1.964005,2026-05-08 22:20:31.321000+00:00,sell,2026-05-08T23:14:50.687002+00:00,match,186245.4943072,-1.0677293889991846,0.8399829255786729,False
coinbase,BTC-USD,185826570,94741.1,1.396756,2026-05-08 22:20:31.629000+00:00,sell,2026-05-08T23:14:50.686190+00:00,match,132330.19987160002,-1.0857561551498645,0.1364835556028886,False
coinbase,BTC-USD,185826902,95674.11,0.23016,2026-05-08 22:20:31.913000+00:00,sell,2026-05-08T23:14:50.687219+00:00,match,22020.3531576,-0.6524290363407779,-1.279299189254404,False
coinbase,BTC-USD,185822648,98578.36,0.587002,2026-05-08 22:20:33.109000+00:00,sell,2026-05-08T23:14:50.674016+00:00,match,57865.69447672,0.649979314592457,-0.8167912355019087,False
coinbase,BTC-USD,185822810,99067.75,0.775259,2026-05-08 22:20:34.943000+00:00,sell,2026-05-08T23:14:50.674450+00:00,match,76803.16479725,0.8622884492470849,-0.5763366127703258,False
coinbase,BTC-USD,185825926,92703.82,0.72417,2026-05-08 22:20:35.045000+00:00,sell,2026-05-08T23:14:50.684169+00:00,match,67133.3253294,-1.9435089297784056,-0.7052591868568214,False
coinbase,BTC-USD,185824054,97798.25,0.524682,2026-05-08 22:20:35.493000+00:00,sell,2026-05-08T23:14:50.678434+00:00,match,51312.9814065,0.3130616169025737,-0.8949754887908111,False
coinbase,BTC-USD,185822656,98546.51,1.14898,2026-05-08 22:20:35.933000+00:00,buy,2026-05-08T23:14:50.674037+00:00,match,113227.9690598,0.6481987763722891,-0.07484808199931792,False
coinbase,BTC-USD,185826090,92272.17,0.161831,2026-05-08 22:20:36.405000+00:00,sell,2026-05-08T23:14:50.684648+00:00,match,14932.49754327,-2.118434322047294,-1.3491469318628053,False
coinbase,BTC-USD,185825870,92808.54,0.963972,2026-05-08 22:20:36.473000+00:00,buy,2026-05-08T23:14:50.683927+00:00,match,89464.83392088,-1.8493944443201555,-0.3622357326208696,False
coinbase,BTC-USD,185822708,99416.66,1.627327,2026-05-08 22:20:39.657000+00:00,buy,2026-05-08T23:14:50.674177+00:00,match,161783.41506782,1.0131276202796544,0.60131033708062,False
coinbase,BTC-USD,185824212,98259.73,0.138932,2026-05-08 22:20:39.873000+00:00,sell,2026-05-08T23:14:50.678922+00:00,match,13651.42080836,0.4986918608435945,-1.360475408576594,False
coinbase,BTC-USD,185822662,98668.11,0.738147,2026-05-08 22:20:40.173000+00:00,sell,2026-05-08T23:14:50.674053+00:00,match,72831.56939217,0.6819854231038214,-0.5749946437672464,False
coinbase,BTC-USD,185823488,98064.65,1.48091,2026-05-08 22:20:40.373000+00:00,buy,2026-05-08T23:14:50.676708+00:00,match,145224.9208315,0.4151727533758643,0.369712089745152,False
coinbase,BTC-USD,185825430,90881.11,0.639306,2026-05-08 22:20:40.761000+00:00,buy,2026-05-08T23:14:50.682643+00:00,match,58100.83890966001,-2.599951920004975,-0.7845043108447737,False
coinbase,BTC-USD,185822780,99105.77,2.367831,2026-05-08 22:20:41.009000+00:00,sell,2026-05-08T23:14:50.674370+00:00,match,234665.71448487,0.8627665152153098,1.548119467725152,False
coinbase,BTC-USD,185825718,91103.03,0.961945,2026-05-08 22:20:41.109000+00:00,sell,2026-05-08T23:14:50.683478+00:00,match,87636.10419335001,-2.450950398878876,-0.3799023056874148,False
coinbase,BTC-USD,185823168,97639.74,0.186811,2026-05-08 22:20:42.213000+00:00,buy,2026-05-08T23:14:50.675670+00:00,match,18240.17746914,0.24611838042807083,-1.2775387850014124,False
coinbase,BTC-USD,185823284,97178.01,0.330872,2026-05-08 22:20:42.961000+00:00,buy,2026-05-08T23:14:50.676060+00:00,match,32153.48252472,0.055451748799547694,-1.082319107719567,False
coinbase,BTC-USD,185823462,97683.88,2.146798,2026-05-08 22:20:43.473000+00:00,buy,2026-05-08T23:14:50.676629+00:00,match,209707.55821624,0.2472326097740721,1.2427686058793082,False
coinbase,BTC-USD,185822786,99381.33,0.368457,2026-05-08 22:20:44.103000+00:00,buy,2026-05-08T23:14:50.674386+00:00,match,36617.74670781,0.9479206693879381,-1.0353034587869547,False
coinbase,BTC-USD,185822990,98801.6,1.323591,2026-05-08 22:20:44.409000+00:00,sell,2026-05-08T23:14:50.675046+00:00,match,130772.9085456,0.689530952650189,0.19530773695346684,False
coinbase,BTC-USD,185822778,99145.08,1.526527,2026-05-08 22:20:45.327000+00:00,buy,2026-05-08T23:14:50.674364+00:00,match,151347.64153716,0.8209074205482506,0.4545003308158758,False
coinbase,BTC-USD,185823318,96832.67,1.471718,2026-05-08 22:20:45.825000+00:00,buy,2026-05-08T23:14:50.676161+00:00,match,142510.38342706,-0.1734299886972977,0.3472710516767789,False
coinbase,BTC-USD,185824632,95561.67,1.978215,2026-05-08 22:20:45.873000+00:00,sell,2026-05-08T23:14:50.680208+00:00,match,189041.52901905,-0.708242950996862,0.9582160474995594,False
coinbase,BTC-USD,185825278,92568.38,2.085825,2026-05-08 22:20:46.057000+00:00,sell,2026-05-08T23:14:50.682202+00:00,match,193081.4412135,-1.9370140771787205,1.009243845524635,False
coinbase,BTC-USD,185822666,98825.48,1.694443,2026-05-08 22:20:46.273000+00:00,buy,2026-05-08T23:14:50.674064+00:00,match,167454.14280764,0.7091643517774552,0.650097774924228,False
coinbase,BTC-USD,185823040,98992.53,0.757151,2026-05-08 22:20:46.749000+00:00,buy,2026-05-08T23:14:50.675268+00:00,match,74952.29308203,0.7743645408197631,-0.6121070597564872,False
coinbase,BTC-USD,185823482,98264.73,0.016594,2026-05-08 22:20:48.053000+00:00,sell,2026-05-08T23:14:50.676690+00:00,match,1630.60492962,0.4732957184947894,-1.5793819365231925,False
coinbase,BTC-USD,185824734,95180.83,0.227429,2026-05-08 22:20:48.261000+00:00,sell,2026-05-08T23:14:50.680522+00:00,match,21646.88098607,-0.8517618661270978,-1.2896834120382936,False
coinbase,BTC-USD,185823278,97009.1,1.48515,2026-05-08 22:20:48.331000+00:00,sell,2026-05-08T23:14:50.676038+00:00,match,144073.064865,-0.06340006212892696,0.35448232344885433,False
coinbase,BTC-USD,185822938,99321.62,1.681952,2026-05-08 22:20:48.879000+00:00,buy,2026-05-08T23:14:50.674854+00:00,match,167054.19740223998,0.9289385875122853,0.6475777232896751,False
coinbase,BTC-USD,185824378,97160.14,0.320703,2026-05-08 22:20:50.451000+00:00,buy,2026-05-08T23:14:50.679435+00:00,match,31159.54837842,0.008747023678901802,-1.1859427962375055,False
coinbase,BTC-USD,185825546,91075.13,1.093074,2026-05-08 22:20:51.083000+00:00,sell,2026-05-08T23:14:50.682990+00:00,match,99551.85664962,-2.4998668844676364,-0.27836975383396123,False
coinbase,BTC-USD,185824560,96106.34,0.920515,2026-05-08 22:20:51.537000+00:00,sell,2026-05-08T23:14:50.679994+00:00,match,88467.3275651,-0.3899375172871538,-0.41473893222609864,False
coinbase,BTC-USD,185823324,96925.96,1.474273,2026-05-08 22:20:51.825000+00:00,buy,2026-05-08T23:14:50.676181+00:00,match,142895.32582708,-0.039321100321821394,0.3245031297791762,False
coinbase,BTC-USD,185823798,99335.25,2.222976,2026-05-08 22:20:52.419000+00:00,sell,2026-05-08T23:14:50.677661+00:00,match,220819.876704,0.9568015458511179,1.3954493354685473,False
coinbase,BTC-USD,185822860,99574.81,0.327002,2026-05-08 22:20:52.657000+00:00,buy,2026-05-08T23:14:50.674601+00:00,match,32561.16201962,1.0454973797778082,-1.1829552738550784,False
coinbase,BTC-USD,185822714,99586.93,1.466204,2026-05-08 22:20:53.073000+00:00,sell,2026-05-08T23:14:50.674192+00:00,match,146014.75511372,1.0297023637452063,0.3789920819086144,False
coinbase,BTC-USD,185826678,94680.22,0.939005,2026-05-08 22:20:53.283000+00:00,buy,2026-05-08T23:14:50.686515+00:00,match,88905.1999811,-0.9899990095915063,-0.4186027906081525,False
coinbase,BTC-USD,185824396,97331.15,2.119246,2026-05-08 22:20:53.745000+00:00,buy,2026-05-08T23:14:50.679493+00:00,match,206268.6503129,0.11266702743846525,1.213074347469786,False
coinbase,BTC-USD,185822870,99384.59,0.661256,2026-05-08 22:20:56.615000+00:00,sell,2026-05-08T23:14:50.674633+00:00,match,65718.65644503999,0.9668572399216959,-0.7470271220691304,False
coinbase,BTC-USD,185822916,99475.52,2.022054,2026-05-08 22:20:57.081000+00:00,buy,2026-05-08T23:14:50.674790+00:00,match,201144.87311808,1.0048069047964867,1.12036787463211,False
coinbase,BTC-USD,185823412,97254.62,1.165882,2026-05-08 22:20:57.673000+00:00,buy,2026-05-08T23:14:50.676472+00:00,match,113387.41087484,0.06608901921462648,-0.10370424258176276,False
coinbase,BTC-USD,185827180,95877.1,0.809965,2026-05-08 22:20:57.809000+00:00,buy,2026-05-08T23:14:50.688095+00:00,match,77657.09530150001,-0.505982529959897,-0.6028363076689863,False
coinbase,BTC-USD,185823760,98966.04,0.219348,2026-05-08 22:20:58.677000+00:00,sell,2026-05-08T23:14:50.677545+00:00,match,21708.002941919996,0.778878666744801,-1.3820615954891693,False
coinbase,BTC-USD,185823880,99107.0,0.667793,2026-05-08 22:20:59.141000+00:00,sell,2026-05-08T23:14:50.677915+00:00,match,66182.960851,0.8325949001049677,-0.7553623048793572,False
coinbase,BTC-USD,185823472,98053.14,1.414575,2026-05-08 22:21:00.613000+00:00,sell,2026-05-08T23:14:50.676663+00:00,match,138703.5205155,0.39081850064529816,0.27050627316514675,False
coinbase,BTC-USD,185822892,99162.73,0.855883,2026-05-08 22:21:02.673000+00:00,sell,2026-05-08T23:14:50.674708+00:00,match,84871.69484058999,0.8652099809529935,-0.4799810251617187,False
coinbase,BTC-USD,185823376,97104.29,0.114541,2026-05-08 22:21:02.777000+00:00,sell,2026-05-08T23:14:50.676352+00:00,match,11122.42248089,-0.0038861515327960378,-1.5106966908791222,False
coinbase,BTC-USD,185824484,96469.04,0.356816,2026-05-08 22:21:05.705000+00:00,sell,2026-05-08T23:14:50.679753+00:00,match,34421.69697664,-0.26668366813267724,-1.1792311605001424,False
coinbase,BTC-USD,185823308,97028.97,2.155999,2026-05-08 22:21:06.097000+00:00,buy,2026-05-08T23:14:50.676130+00:00,match,209194.36229103,-0.04172340995464125,1.2416206930251428,False
coinbase,BTC-USD,185822674,99040.4,0.564114,2026-05-08 22:21:06.643000+00:00,sell,2026-05-08T23:14:50.674087+00:00,match,55870.076205599995,0.8213550256645755,-0.906580657105779,False
coinbase,BTC-USD,185822874,99232.94,0.241794,2026-05-08 22:21:06.741000+00:00,sell,2026-05-08T23:14:50.674646+00:00,match,23993.92949436,0.8962754760290192,-1.3357539033631234,False
coinbase,BTC-USD,185822934,99426.12,0.374716,2026-05-08 22:21:07.035000+00:00,sell,2026-05-08T23:14:50.674842+00:00,match,37256.55798192,0.9778294836076831,-1.1285500443982943,False
coinbase,BTC-USD,185823416,97257.87,1.965667,2026-05-08 22:21:08.177000+00:00,sell,2026-05-08T23:14:50.676485+00:00,match,191176.58554929,0.03237117548680399,1.020993933712562,False
coinbase,BTC-USD,185823092,99074.31,1.778516,2026-05-08 22:21:08.753000+00:00,sell,2026-05-08T23:14:50.675421+00:00,match,176205.24552395998,0.8085631742882604,0.7950838530179464,False
coinbase,BTC-USD,185823818,98850.58,1.014274,2026-05-08 22:21:08.887000+00:00,sell,2026-05-08T23:14:50.677727+00:00,match,100261.57317892,0.7114895466257162,-0.28620981833993464,False
coinbase,BTC-USD,185823186,97312.01,0.432101,2026-05-08 22:21:09.159000+00:00,buy,2026-05-08T23:14:50.675732+00:00,match,42048.61683301,0.029315867191578433,-1.1126026287935529,False
coinbase,BTC-USD,185823342,96989.51,0.249612,2026-05-08 22:21:09.183000+00:00,buy,2026-05-08T23:14:50.676248+00:00,match,24209.74557012,-0.11228999019047292,-1.3409963800822835,False
coinbase,BTC-USD,185823440,97561.09,0.077145,2026-05-08 22:21:11.033000+00:00,buy,2026-05-08T23:14:50.676560+00:00,match,7526.35028805,0.14901665535259728,-1.5386888308909734,False
coinbase,BTC-USD,185825144,92881.55,0.96172,2026-05-08 22:21:13.153000+00:00,buy,2026-05-08T23:14:50.681772+00:00,match,89326.04426600001,-1.956616207419663,-0.40537539264480343,False
coinbase,BTC-USD,185825412,90907.07,0.816539,2026-05-08 22:21:14.673000+00:00,buy,2026-05-08T23:14:50.682581+00:00,match,74229.16803073001,-2.7206237017691803,-0.6184213769344344,False
coinbase,BTC-USD,185822956,99323.78,1.931368,2026-05-08 22:21:14.737000+00:00,buy,2026-05-08T23:14:50.674908+00:00,match,191830.77033104,0.9110756697609901,1.0447986304524408,False
coinbase,BTC-USD,185823950,99127.52,0.815398,2026-05-08 22:21:15.173000+00:00,buy,2026-05-08T23:14:50.678119+00:00,match,80828.38155296,0.8312031012248511,-0.508793319497767,False
coinbase,BTC-USD,185826390,92763.34,2.278591,2026-05-08 22:21:16.539000+00:00,buy,2026-05-08T23:14:50.685611+00:00,match,211369.71165394,-1.8646332521970204,1.3717555020683263,False
coinbase,BTC-USD,185823234,97480.86,0.253234,2026-05-08 22:21:17.013000+00:00,buy,2026-05-08T23:14:50.675890+00:00,match,24685.468101240003,0.1465313028002524,-1.2891004425222667,False
coinbase,BTC-USD,185822736,99599.17,0.575354,2026-05-08 22:21:17.529000+00:00,sell,2026-05-08T23:14:50.674251+00:00,match,57304.780856180005,1.0347710014187828,-0.8061211186839596,False
coinbase,BTC-USD,185822872,99343.61,0.721575,2026-05-08 22:21:17.533000+00:00,sell,2026-05-08T23:14:50.674640+00:00,match,71683.86538575,0.914608042695159,-0.6006808402714163,False
coinbase,BTC-USD,185825258,93066.63,1.97838,2026-05-08 22:21:17.729000+00:00,buy,2026-05-08T23:14:50.682121+00:00,match,184121.1594594,-1.7017997854522995,1.0016212509897269,False
coinbase,BTC-USD,185822866,99628.19,0.225214,2026-05-08 22:21:18.843000+00:00,sell,2026-05-08T23:14:50.674619+00:00,match,22437.66318266,1.015005215351973,-1.3038294069402387,False
coinbase,BTC-USD,185823596,98669.59,1.308338,2026-05-08 22:21:20.209000+00:00,sell,2026-05-08T23:14:50.677053+00:00,match,129093.17404142,0.6068558127380627,0.21383018316411492,False
coinbase,BTC-USD,185824518,96101.89,1.146994,2026-05-08 22:21:20.283000+00:00,sell,2026-05-08T23:14:50.679865+00:00,match,110228.29121866,-0.4739369092013542,-0.06491986126861964,False
coinbase,BTC-USD,185825364,91547.84,1.002943,2026-05-08 22:21:20.337000+00:00,buy,2026-05-08T23:14:50.682445+00:00,match,91817.26529311998,-2.2990293111783155,-0.31596759832189636,False
coinbase,BTC-USD,185824042,98102.37,0.4582,2026-05-08 22:21:26.763000+00:00,buy,2026-05-08T23:14:50.678398+00:00,match,44950.505934,0.38874427141819373,-0.9777656308043813,False
coinbase,BTC-USD,185823632,98984.97,0.895483,2026-05-08 22:21:27.173000+00:00,sell,2026-05-08T23:14:50.677161+00:00,match,88639.35789051,0.7543199230239919,-0.33840287705662037,False
coinbase,BTC-USD,185823274,97112.08,2.187964,2026-05-08 22:21:28.055000+00:00,buy,2026-05-08T23:14:50.676024+00:00,match,212477.73500512,-0.02124183142436232,1.4285356108421732,False
coinbase,BTC-USD,185822854,99456.11,1.917421,2026-05-08 22:21:29.799000+00:00,buy,2026-05-08T23:14:50.674580+00:00,match,190699.23389231,0.9416897566523174,1.0945947221951389,False
coinbase,BTC-USD,185824388,97312.69,1.059608,2026-05-08 22:21:29.825000+00:00,buy,2026-05-08T23:14:50.679467+00:00,match,103113.30482552,0.06863517135207022,-0.14300594634478025,False
coinbase,BTC-USD,185825464,91211.06,2.070787,2026-05-08 22:21:30.485000+00:00,sell,2026-05-08T23:14:50.682747+00:00,match,188878.67730422,-2.355469261884371,1.109171477060852,False
coinbase,BTC-USD,185822688,99340.08,0.248477,2026-05-08 22:21:31.977000+00:00,sell,2026-05-08T23:14:50.674123+00:00,match,24683.72505816,0.886892268442209,-1.2541186676121967,False
coinbase,BTC-USD,185822684,99135.02,0.927592,2026-05-08 22:21:32.145000+00:00,sell,2026-05-08T23:14:50.674113+00:00,match,91956.85147184,0.7939108336292529,-0.2704622393301563,False
coinbase,BTC-USD,185826900,95696.48,0.186425,2026-05-08 22:21:34.593000+00:00,buy,2026-05-08T23:14:50.687212+00:00,match,17840.216284,-0.5691358120359366,-1.3418715602191962,False
coinbase,BTC-USD,185824736,95101.38,1.065247,2026-05-08 22:21:37.373000+00:00,sell,2026-05-08T23:14:50.680528+00:00,match,101306.45974086,-0.7924262309973283,-0.11140683144215395,False
coinbase,BTC-USD,185822720,99835.71,2.112903,2026-05-08 22:21:38.157000+00:00,buy,2026-05-08T23:14:50.674208+00:00,match,210943.17116613,1.1025413626102198,1.4888157968075435,False
coinbase,BTC-USD,185822970,99208.7,2.173698,2026-05-08 22:21:38.571000+00:00,sell,2026-05-08T23:14:50.674977+00:00,match,215649.7527726,0.8469901937303002,1.5215735047606105,False
coinbase,BTC-USD,185822732,99510.57,0.988219,2026-05-08 22:21:39.313000+00:00,buy,2026-05-08T23:14:50.674241+00:00,match,98338.23597483,0.9681361072278428,-0.1860538394432369,False
coinbase,BTC-USD,185827122,95660.69,1.701706,2026-05-08 22:21:40.443000+00:00,buy,2026-05-08T23:14:50.687919+00:00,match,162786.37013714,-0.5570866080149011,0.7584798338397296,False
coinbase,BTC-USD,185823156,97948.45,1.366443,2026-05-08 22:21:41.361000+00:00,buy,2026-05-08T23:14:50.675629+00:00,match,133840.97386335,0.35308120883538985,0.32725900464427576,False
coinbase,BTC-USD,185822932,99404.44,1.32048,2026-05-08 22:21:41.473000+00:00,buy,2026-05-08T23:14:50.674836+00:00,match,131261.5749312,0.9185310715843661,0.30536031031865674,False
coinbase,BTC-USD,185822784,99260.64,0.256564,2026-05-08 22:21:42.105000+00:00,buy,2026-05-08T23:14:50.674381+00:00,match,25466.70684096,0.8449592283507719,-1.233525346389297,False
coinbase,BTC-USD,185824814,94698.06,2.302268,2026-05-08 22:21:43.817000+00:00,sell,2026-05-08T23:14:50.680772+00:00,match,218020.31320008,-0.9954790644065393,1.5781174843439276,False
coinbase,BTC-USD,185826350,92353.25,0.028923,2026-05-08 22:21:44.163000+00:00,buy,2026-05-08T23:14:50.685488+00:00,match,2671.1330497500003,-1.8923283676283449,-1.530969078580793,False
coinbase,BTC-USD,185826780,95124.22,0.170468,2026-05-08 22:21:45.633000+00:00,buy,2026-05-08T23:14:50.686836+00:00,match,16215.635534960002,-0.7735862883552737,-1.305105376607244,False
coinbase,BTC-USD,185826410,92860.51,0.462154,2026-05-08 22:21:46.465000+00:00,buy,2026-05-08T23:14:50.685676+00:00,match,42915.856138539995,-1.634557443348527,-0.9031266975084319,False
coinbase,BTC-USD,185826420,92872.64,0.857441,2026-05-08 22:21:47.505000+00:00,buy,2026-05-08T23:14:50.685708+00:00,match,79632.80931424,-1.6013786554649876,-0.3549752926491407,False
coinbase,BTC-USD,185822842,99403.61,1.605882,2026-05-08 22:21:48.203000+00:00,sell,2026-05-08T23:14:50.674541+00:00,match,159630.46803402,0.928859081557807,0.8040937175133482,False
coinbase,BTC-USD,185823128,98348.81,0.168925,2026-05-08 22:21:50.249000+00:00,buy,2026-05-08T23:14:50.675538+00:00,match,16613.572729249998,0.5215705295955528,-1.278624051473373,False
coinbase,BTC-USD,185825912,92557.06,2.0902,2026-05-08 22:21:50.673000+00:00,sell,2026-05-08T23:14:50.684046+00:00,match,193462.766812,-1.6963178184334733,1.3376218772862447,False
coinbase,BTC-USD,185823432,97514.05,0.183213,2026-05-08 22:21:52.953000+00:00,sell,2026-05-08T23:14:50.676536+00:00,match,17865.84164265,0.20654913637213193,-1.2342647366510775,False
coinbase,BTC-USD,185822882,99136.56,0.274101,2026-05-08 22:21:55.083000+00:00,sell,2026-05-08T23:14:50.674677+00:00,match,27173.430232559997,0.8148130691705476,-1.0754464206345191,False
coinbase,BTC-USD,185823752,99177.82,0.293973,2026-05-08 22:21:58.133000+00:00,buy,2026-05-08T23:14:50.677521+00:00,match,29155.60127886,0.8140680460231698,-1.026449528176526,False
coinbase,BTC-USD,185823000,99205.94,1.612304,2026-05-08 22:21:58.737000+00:00,buy,2026-05-08T23:14:50.675075+00:00,match,159950.13388576,0.8097635045902785,0.8855542604196626,False
coinbase,BTC-USD,185823610,98591.79,0.582103,2026-05-08 22:21:59.557000+00:00,buy,2026-05-08T23:14:50.677098+00:00,match,57390.57673437,0.5735006988688756,-0.631666036497662,False
coinbase,BTC-USD,185822838,99114.39,1.430736,2026-05-08 22:21:59.655000+00:00,buy,2026-05-08T23:14:50.674528+00:00,match,141806.52589104,0.7741931281401152,0.606779872224369,False
coinbase,BTC-USD,185823088,99257.28,1.760164,2026-05-08 22:22:04.665000+00:00,sell,2026-05-08T23:14:50.675411+00:00,match,174709.09099392,0.81316885266953,1.0720364968737939,False
coinbase,BTC-USD,185822800,99165.84,1.67057,2026-05-08 22:22:06.009000+00:00,sell,2026-05-08T23:14:50.674423+00:00,match,165663.4773288,0.7701820109697861,0.9207864204139995,False
coinbase,BTC-USD,185823140,98060.91,0.317414,2026-05-08 22:22:07.473000+00:00,buy,2026-05-08T23:14:50.675576+00:00,match,31125.90568674,0.34377327996131307,-1.0371229839913099,False
coinbase,BTC-USD,185823842,98959.83,2.181852,2026-05-08 22:22:09.683000+00:00,buy,2026-05-08T23:14:50.677802+00:00,match,215915.70300516003,0.6778549355897148,1.6237902607407118,False
coinbase,BTC-USD,185822904,99327.93,0.131323,2026-05-08 22:22:11.505000+00:00,sell,2026-05-08T23:14:50.674746+00:00,match,13044.04175139,0.8074528563215077,-1.301355158712717,False
coinbase,BTC-USD,185822974,99246.64,1.334172,2026-05-08 22:22:11.843000+00:00,sell,2026-05-08T23:14:50.674989+00:00,match,132412.08818207998,0.7760776151631367,0.42356005435294186,False
coinbase,BTC-USD,185826478,93854.96,0.101501,2026-05-08 22:22:17.933000+00:00,buy,2026-05-08T23:14:50.685899+00:00,match,9526.37229496,-1.350450405758971,-1.3497829227149916,False
coinbase,BTC-USD,185823030,99354.66,1.550518,2026-05-08 22:22:18.105000+00:00,sell,2026-05-08T23:14:50.675216+00:00,match,154051.18871388002,0.8253847911483148,0.7231790454642062,False
coinbase,BTC-USD,185822794,99354.47,2.087424,2026-05-08 22:22:18.759000+00:00,sell,2026-05-08T23:14:50.674407+00:00,match,207394.90518528,0.817817055475395,1.4690652586782644,False
coinbase,BTC-USD,185823498,98208.67,1.513817,2026-05-08 22:22:19.191000+00:00,sell,2026-05-08T23:14:50.676734+00:00,match,148669.95419339,0.34819431663127204,0.6180318063411423,False
coinbase,BTC-USD,185824338,98106.99,0.456754,2026-05-08 22:22:19.431000+00:00,buy,2026-05-08T23:14:50.679313+00:00,match,44810.76011046,0.3114645853775493,-0.8496596926478548,False
coinbase,BTC-USD,185825530,91191.8,1.482391,2026-05-08 22:22:19.665000+00:00,sell,2026-05-08T23:14:50.682933+00:00,match,135181.9035938,-2.5168222255747357,0.4516915168768549,False
coinbase,BTC-USD,185823928,99259.51,0.838826,2026-05-08 22:22:20.925000+00:00,sell,2026-05-08T23:14:50.678057+00:00,match,83261.45773525999,0.773813013145692,-0.31124951991272665,False
coinbase,BTC-USD,185823522,97915.08,1.493722,2026-05-08 22:22:23.553000+00:00,sell,2026-05-08T23:14:50.676808+00:00,match,146257.90912776,0.22254686784021066,0.5927180901424023,False
coinbase,BTC-USD,185823718,99416.55,2.272514,2026-05-08 22:22:23.855000+00:00,buy,2026-05-08T23:14:50.677428+00:00,match,225925.5017067,0.8247843361187044,1.7493423907326815,False
coinbase,BTC-USD,185825124,92545.46,1.091368,2026-05-08 22:22:26.289000+00:00,buy,2026-05-08T23:14:50.681716+00:00,match,101001.15358928,-1.9091091417635615,-0.08146974062695908,False
coinbase,BTC-USD,185823494,98192.15,2.051151,2026-05-08 22:22:27.277000+00:00,sell,2026-05-08T23:14:50.676724+00:00,match,201406.92666464995,0.3524531905629969,1.3670737775103066,False
coinbase,BTC-USD,185822746,99411.88,0.873503,2026-05-08 22:22:28.587000+00:00,buy,2026-05-08T23:14:50.674279+00:00,match,86836.57541564,0.8391414537905502,-0.28780621614780966,False
coinbase,BTC-USD,185823678,99709.1,1.744452,2026-05-08 22:22:30.231000+00:00,buy,2026-05-08T23:14:50.677303+00:00,match,173937.7389132,0.9424397101944865,0.971254018173793,False
coinbase,BTC-USD,185824566,96070.54,1.465442,2026-05-08 22:22:31.629000+00:00,buy,2026-05-08T23:14:50.680010+00:00,match,140785.80427867998,-0.5097971261208117,0.500670195814486,False
coinbase,BTC-USD,185823668,99798.43,1.150978,2026-05-08 22:22:34.137000+00:00,buy,2026-05-08T23:14:50.677270+00:00,match,114865.79736454,0.961904131425033,0.13516951144328995,False
coinbase,BTC-USD,185826554,94294.69,1.423027,2026-05-08 22:22:34.577000+00:00,buy,2026-05-08T23:14:50.686140+00:00,match,134183.88982663,-1.2387033624322505,0.42548130165854425,False
coinbase,BTC-USD,185823152,97968.17,1.162789,2026-05-08 22:22:35.393000+00:00,sell,2026-05-08T23:14:50.675616+00:00,match,113916.31042613,0.2428306348423913,0.12088605632313754,False
coinbase,BTC-USD,185823454,97471.4,1.548827,2026-05-08 22:22:35.405000+00:00,sell,2026-05-08T23:14:50.676606+00:00,match,150966.3360478,0.04595269859097494,0.6523803980509485,False
coinbase,BTC-USD,185822844,99483.47,0.322669,2026-05-08 22:22:36.801000+00:00,buy,2026-05-08T23:14:50.674548+00:00,match,32100.23178143,0.8399032069539206,-1.12401995244837,False
coinbase,BTC-USD,185825770,91653.71,1.812303,2026-05-08 22:22:37.435000+00:00,buy,2026-05-08T23:14:50.683625+00:00,match,166104.29359413002,-2.23647242635452,0.8728861787725373,False
coinbase,BTC-USD,185822748,99442.42,1.900562,2026-05-08 22:22:38.385000+00:00,buy,2026-05-08T23:14:50.674284+00:00,match,188996.48464004,0.8224172463367317,1.2066843035177632,False
coinbase,BTC-USD,185823588,98802.92,0.32828,2026-05-08 22:22:39.897000+00:00,buy,2026-05-08T23:14:50.677026+00:00,match,32435.0225776,0.5639428912695575,-1.1194924008794243,False
coinbase,BTC-USD,185823844,99006.71,2.43744,2026-05-08 22:22:40.369000+00:00,buy,2026-05-08T23:14:50.677809+00:00,match,241322.9152224,0.6313947521744443,1.9258205226845517,False
coinbase,BTC-USD,185827208,95576.85,0.173226,2026-05-08 22:22:40.681000+00:00,sell,2026-05-08T23:14:50.688184+00:00,match,16556.3954181,-0.7510525628171777,-1.328318303320973,False
coinbase,BTC-USD,185826146,92558.81,0.408562,2026-05-08 22:22:41.157000+00:00,sell,2026-05-08T23:14:50.684822+00:00,match,37816.01253122,-1.9145837212913932,-1.0020194916281633,False
coinbase,BTC-USD,185824674,95687.24,1.509058,2026-05-08 22:22:41.169000+00:00,sell,2026-05-08T23:14:50.680344+00:00,match,144397.59501992,-0.6621144555961322,0.5498611054358822,False
coinbase,BTC-USD,185826022,92548.75,0.289713,2026-05-08 22:22:43.583000+00:00,buy,2026-05-08T23:14:50.684441+00:00,match,26812.57600875,-1.8519223307221304,-1.1616182867661469,False
coinbase,BTC-USD,185825370,91677.21,1.971445,2026-05-08 22:22:43.953000+00:00,buy,2026-05-08T23:14:50.682460+00:00,match,180736.57726845,-2.1201668895392136,1.0696524461427996,False
coinbase,BTC-USD,185822782,99244.4,2.042246,2026-05-08 22:22:47.233000+00:00,buy,2026-05-08T23:14:50.674376+00:00,match,202681.4789224,0.7640020092337473,1.3587920851683866,False
coinbase,BTC-USD,185823018,99322.34,0.770738,2026-05-08 22:22:47.595000+00:00,sell,2026-05-08T23:14:50.675168+00:00,match,76551.50168692,0.7838182497471677,-0.43846400864890755,False
coinbase,BTC-USD,185823292,97143.28,1.293282,2026-05-08 22:22:47.633000+00:00,buy,2026-05-08T23:14:50.676085+00:00,match,125633.65544496,-0.041812770883163174,0.2648602085035874,False
coinbase,BTC-USD,185824052,97854.78,0.76178,2026-05-08 22:22:49.553000+00:00,buy,2026-05-08T23:14:50.678427+00:00,match,74543.8143084,0.23847795030365865,-0.46246282031137304,False
coinbase,BTC-USD,185824206,98377.11,1.475887,2026-05-08 22:22:49.671000+00:00,sell,2026-05-08T23:14:50.678906+00:00,match,145193.49774657,0.43502087891696484,0.5665069935909058,False
coinbase,BTC-USD,185823560,98145.92,0.699146,2026-05-08 22:22:50.537000+00:00,buy,2026-05-08T23:14:50.676930+00:00,match,68618.32738432,0.3375622400371141,-0.5513322806324207,False
coinbase,BTC-USD,185822840,99262.94,1.797202,2026-05-08 22:22:52.601000+00:00,sell,2026-05-08T23:14:50.674534+00:00,match,178395.55429388,0.7661987391264439,1.032136098112324,False
coinbase,BTC-USD,185823558,98041.7,0.857807,2026-05-08 22:22:58.869000+00:00,sell,2026-05-08T23:14:50.676925+00:00,match,84100.8565519,0.3007464245026659,-0.3519288769425705,False
coinbase,BTC-USD,185824486,96457.52,1.440374,2026-05-08 22:23:00.137000+00:00,sell,2026-05-08T23:14:50.679758+00:00,match,138934.90391248002,-0.30428804385529906,0.45212802717407513,False
coinbase,BTC-USD,185822922,99403.41,0.958998,2026-05-08 22:23:02.313000+00:00,sell,2026-05-08T23:14:50.674810+00:00,match,95327.67138318,0.8307233555715706,-0.18893833115874226,False
coinbase,BTC-USD,185826204,93379.66,2.374547,2026-05-08 22:23:03.633000+00:00,sell,2026-05-08T23:14:50.685027+00:00,match,221734.39151402,-1.4610727487318191,1.629212853578727,False
coinbase,BTC-USD,185824272,97791.98,1.889435,2026-05-08 22:23:05.433000+00:00,buy,2026-05-08T23:14:50.679116+00:00,match,184771.5897313,0.21638028180766244,1.0672641703652348,False
coinbase,BTC-USD,185822834,99068.48,1.77388,2026-05-08 22:23:06.945000+00:00,sell,2026-05-08T23:14:50.674515+00:00,match,175735.59530239998,0.6937369740247298,0.9455137716504646,False
coinbase,BTC-USD,185823064,99090.94,1.467553,2026-05-08 22:23:07.497000+00:00,sell,2026-05-08T23:14:50.675343+00:00,match,145421.20626982002,0.7019951353592532,0.4873281062272196,False
coinbase,BTC-USD,185826888,95332.1,0.113369,2026-05-08 22:23:07.509000+00:00,sell,2026-05-08T23:14:50.687170+00:00,match,10807.7048449,-0.7132465301014083,-1.4919055902802958,False
coinbase,BTC-USD,185824510,96100.4,0.596427,2026-05-08 22:23:07.899000+00:00,buy,2026-05-08T23:14:50.679837+00:00,match,57316.8732708,-0.40938186052104797,-0.8131408282613424,False
coinbase,BTC-USD,185826424,92972.88,0.230653,2026-05-08 22:23:08.161000+00:00,sell,2026-05-08T23:14:50.685721+00:00,match,21444.47369064,-1.566468958419685,-1.3146230881479295,False
coinbase,BTC-USD,185823008,99572.47,1.351452,2026-05-08 22:23:08.929000+00:00,buy,2026-05-08T23:14:50.675102+00:00,match,134567.41372644002,0.9168144676122337,0.35822216385443123,False
coinbase,BTC-USD,185823154,97880.19,1.40956,2026-05-08 22:23:09.297000+00:00,buy,2026-05-08T23:14:50.675622+00:00,match,137968.0006164,0.28433050396922427,0.4026257418773789,False
coinbase,BTC-USD,185822994,98985.87,0.668385,2026-05-08 22:23:12.357000+00:00,buy,2026-05-08T23:14:50.675056+00:00,match,66160.67071995,0.6929982885189113,-0.6635819427593114,False
coinbase,BTC-USD,185825086,93043.71,2.074733,2026-05-08 22:23:13.385000+00:00,buy,2026-05-08T23:14:50.681597+00:00,match,193040.85557943003,-1.5081774504099883,1.1926018564871437,False
coinbase,BTC-USD,185822900,99395.0,1.639965,2026-05-08 22:23:13.801000+00:00,buy,2026-05-08T23:14:50.674732+00:00,match,163004.321175,0.8418411145561497,0.7311545335493861,False
coinbase,BTC-USD,185826914,95722.74,0.181712,2026-05-08 22:23:14.897000+00:00,sell,2026-05-08T23:14:50.687251+00:00,match,17393.970530880004,-0.5343241143920594,-1.425247780052852,False
coinbase,BTC-USD,185825296,92456.37,0.827655,2026-05-08 22:23:15.373000+00:00,sell,2026-05-08T23:14:50.682253+00:00,match,76521.97691235,-1.7847857434996695,-0.5485957381859466,False
coinbase,BTC-USD,185823868,99086.94,0.211095,2026-05-08 22:23:15.905000+00:00,buy,2026-05-08T23:14:50.677882+00:00,match,20916.757599300003,0.7298072783459011,-1.3450392317297404,False
coinbase,BTC-USD,185823316,96866.51,0.010409,2026-05-08 22:23:16.009000+00:00,buy,2026-05-08T23:14:50.676155+00:00,match,1008.28350259,-0.10410647169009997,-1.608007523971995,False
coinbase,BTC-USD,185822764,99229.6,0.236355,2026-05-08 22:23:17.201000+00:00,sell,2026-05-08T23:14:50.674326+00:00,match,23453.412108000004,0.778813219364159,-1.2561273662368793,False
coinbase,BTC-USD,185823024,99469.19,0.42404,2026-05-08 22:23:18.021000+00:00,buy,2026-05-08T23:14:50.675196+00:00,match,42178.9153276,0.8601090482389632,-0.9869373365548141,False
coinbase,BTC-USD,185823956,99024.3,0.149223,2026-05-08 22:23:18.649000+00:00,buy,2026-05-08T23:14:50.678139+00:00,match,14776.7031189,0.6930574367835356,-1.3743906830236283,False
coinbase,BTC-USD,185822796,99219.67,1.049622,2026-05-08 22:23:19.473000+00:00,sell,2026-05-08T23:14:50.674413+00:00,match,104143.14846474,0.7688295242135512,-0.07376283524479509,False
coinbase,BTC-USD,185822880,99186.78,1.268337,2026-05-08 22:23:22.197000+00:00,sell,2026-05-08T23:14:50.674671+00:00,match,125802.26298486,0.7403041793797959,0.2531115090572957,False
coinbase,BTC-USD,185824452,96795.4,2.316522,2026-05-08 22:23:22.713000+00:00,buy,2026-05-08T23:14:50.679661+00:00,match,224228.67359879997,-0.17738097053974167,1.661775775260311,False
coinbase,BTC-USD,185824398,97363.49,1.079654,2026-05-08 22:23:23.061000+00:00,buy,2026-05-08T23:14:50.679499+00:00,match,105118.88143246,0.04913100528315238,-0.0769829916080647,False
coinbase,BTC-USD,185822888,99034.73,0.509809,2026-05-08 22:23:23.325000+00:00,sell,2026-05-08T23:14:50.674695+00:00,match,50488.79666656999,0.6888852702381444,-0.8642864429276939,False
coinbase,BTC-USD,185822848,99308.23,1.587679,2026-05-08 22:23:24.281000+00:00,sell,2026-05-08T23:14:50.674560+00:00,match,157669.59129817,0.7829215145433915,0.6869963415167485,False
coinbase,BTC-USD,185823006,99519.61,1.781807,2026-05-08 22:23:24.483000+00:00,buy,2026-05-08T23:14:50.675095+00:00,match,177324.73773527,0.8587003337405476,0.9536404712105568,False
coinbase,BTC-USD,185824848,94376.19,1.705967,2026-05-08 22:23:24.669000+00:00,buy,2026-05-08T23:14:50.680869+00:00,match,161002.66572573,-1.1612886172192565,0.7043101560275978,False
coinbase,BTC-USD,185823300,97215.8,1.177005,2026-05-08 22:23:24.825000+00:00,buy,2026-05-08T23:14:50.676106+00:00,match,114423.482679,-0.03869606961859597,0.042787216505049804,False
coinbase,BTC-USD,185826370,92668.79,1.381403,2026-05-08 22:23:25.213000+00:00,sell,2026-05-08T23:14:50.685548+00:00,match,128012.94451236998,-1.7869650175072522,0.2530958336748406,False
coinbase,BTC-USD,185823508,98063.52,0.937637,2026-05-08 22:23:25.793000+00:00,sell,2026-05-08T23:14:50.676762+00:00,match,91947.98470224,0.3161776000495704,-0.2779691378314725,False
coinbase,BTC-USD,185825328,92054.5,1.593732,2026-05-08 22:23:26.805000+00:00,sell,2026-05-08T23:14:50.682350+00:00,match,146710.202394,-2.0469853043948003,0.5399017598560426,False
coinbase,BTC-USD,185823486,98174.24,1.197089,2026-05-08 22:23:27.267000+00:00,buy,2026-05-08T23:14:50.676702+00:00,match,117523.30278736,0.3642990310650248,0.09352611578410876,False
coinbase,BTC-USD,185825964,93179.68,1.788952,2026-05-08 22:23:29.265000+00:00,sell,2026-05-08T23:14:50.684283+00:00,match,166693.97489536,-1.5655249094451849,0.8160458124656697,False
coinbase,BTC-USD,185824512,96152.29,0.158022,2026-05-08 22:23:29.373000+00:00,buy,2026-05-08T23:14:50.679844+00:00,match,15194.17717038,-0.4073819549637514,-1.4441242551963458,False
coinbase,BTC-USD,185827260,94832.31,1.350727,2026-05-08 22:23:29.409000+00:00,buy,2026-05-08T23:14:50.688339+00:00,match,128092.56158937,-0.921160778434186,0.2360815773648421,False
coinbase,BTC-USD,185825704,91301.26,2.427224,2026-05-08 22:23:30.809000+00:00,sell,2026-05-08T23:14:50.683434+00:00,match,221608.60950223997,-2.2204225592444193,1.6253194063087328,False
coinbase,BTC-USD,185822770,99120.15,2.072415,2026-05-08 22:23:30.847000+00:00,buy,2026-05-08T23:14:50.674342+00:00,match,205418.08566224997,0.7704687152068828,1.3890703464415215,False
coinbase,BTC-USD,185824976,93894.43,2.367867,2026-05-08 22:23:31.165000+00:00,sell,2026-05-08T23:14:50.681265+00:00,match,222329.52228080996,-1.2034221780050085,1.6017427159409827,False
coinbase,BTC-USD,185822790,99368.82,2.327072,2026-05-08 22:23:32.691000+00:00,sell,2026-05-08T23:14:50.674397+00:00,match,231238.39869504,0.8680810338915415,1.7017292135380384,False
coinbase,BTC-USD,185823980,98614.05,1.933961,2026-05-08 22:23:32.817000+00:00,sell,2026-05-08T23:14:50.678213+00:00,match,190715.72675205,0.5777324030792982,1.0979398609611921,False
coinbase,BTC-USD,185823166,97706.58,0.652551,2026-05-08 22:23:34.703000+00:00,sell,2026-05-08T23:14:50.675662+00:00,match,63758.52648558,0.24021898457789131,-0.7257825909780143,False
coinbase,BTC-USD,185822930,99396.83,1.373131,2026-05-08 22:23:35.925000+00:00,buy,2026-05-08T23:14:50.674831+00:00,match,136484.86857473,0.8839536495762773,0.3094163693337852,False
coinbase,BTC-USD,185822802,99133.25,1.175391,2026-05-08 22:23:37.563000+00:00,sell,2026-05-08T23:14:50.674429+00:00,match,116520.32985075,0.7674860479686968,0.03437211295237674,False
coinbase,BTC-USD,185826576,94807.1,0.672908,2026-05-08 22:23:39.501000+00:00,buy,2026-05-08T23:14:50.686208+00:00,match,63796.4560468,-0.9047817521414713,-0.7581235693981071,False
coinbase,BTC-USD,185824922,94353.08,1.768969,2026-05-08 22:23:40.283000+00:00,sell,2026-05-08T23:14:50.681089+00:00,match,166907.67357452,-1.0743547451222029,0.7584602748945347,False
coinbase,BTC-USD,185827022,95571.69,1.843098,2026-05-08 22:23:40.823000+00:00,buy,2026-05-08T23:14:50.687597+00:00,match,176147.99069561998,-0.6224020144384502,0.8789576340707437,False
coinbase,BTC-USD,185827282,94923.4,0.426651,2026-05-08 22:23:41.503000+00:00,buy,2026-05-08T23:14:50.688408+00:00,match,40499.163533399995,-0.8927138755927799,-1.146906943942633,False
coinbase,BTC-USD,185824798,94493.59,2.308307,2026-05-08 22:23:42.751000+00:00,buy,2026-05-08T23:14:50.680720+00:00,match,218120.21525213,-1.0411488691654656,1.4849556223509588,False
coinbase,BTC-USD,185823748,99030.64,0.951579,2026-05-08 22:23:43.737000+00:00,sell,2026-05-08T23:14:50.677510+00:00,match,94235.47738056,0.7413923355798514,-0.3647455970075077,False
coinbase,BTC-USD,185826532,94073.71,1.887432,2026-05-08 22:23:46.273000+00:00,sell,2026-05-08T23:14:50.686074+00:00,match,177557.73061272,-1.2242987828191298,0.8869885558613593,False
coinbase,BTC-USD,185825808,91597.36,2.155637,2026-05-08 22:23:47.241000+00:00,sell,2026-05-08T23:14:50.683732+00:00,match,197450.65831832,-2.1322151257121864,1.1640988656365234,False
coinbase,BTC-USD,185822806,99083.42,1.36508,2026-05-08 22:23:48.877000+00:00,buy,2026-05-08T23:14:50.674439+00:00,match,135256.79497360002,0.7685609435030428,0.21220824498761562,False
coinbase,BTC-USD,185825294,92445.9,0.375958,2026-05-08 22:23:49.607000+00:00,buy,2026-05-08T23:14:50.682248+00:00,match,34755.7756722,-1.755109574144432,-1.3205354430953689,False
coinbase,BTC-USD,185823480,98150.73,0.940884,2026-05-08 22:23:51.081000+00:00,sell,2026-05-08T23:14:50.676685+00:00,match,92348.45144532,0.4329311017749311,-0.43257955247839736,False
coinbase,BTC-USD,185826896,95618.24,1.975285,2026-05-08 22:23:53.237000+00:00,buy,2026-05-08T23:14:50.687196+00:00,match,188873.2751984,-0.5274230189184796,1.0195176289746675,False
coinbase,BTC-USD,185822850,99308.99,0.421673,2026-05-08 22:23:53.355000+00:00,buy,2026-05-08T23:14:50.674567+00:00,match,41875.91974027,0.8877463626283684,-1.1984922289017477,False
coinbase,BTC-USD,185823942,99247.01,0.281787,2026-05-08 22:23:53.823000+00:00,sell,2026-05-08T23:14:50.678094+00:00,match,27966.51720687,0.8640432599949536,-1.378066189118772,False
coinbase,BTC-USD,185824070,98052.41,0.275879,2026-05-08 22:23:54.497000+00:00,sell,2026-05-08T23:14:50.678481+00:00,match,27050.60081839,0.41121648575243713,-1.361315551665711,False
coinbase,BTC-USD,185824878,94757.76,1.589255,2026-05-08 22:23:55.659000+00:00,buy,2026-05-08T23:14:50.680958+00:00,match,150594.2438688,-0.8408697419532244,0.4702641695792681,False
coinbase,BTC-USD,185822804,99219.05,0.862072,2026-05-08 22:23:57.513000+00:00,buy,2026-05-08T23:14:50.674434+00:00,match,85533.9648716,0.8685024724661673,-0.49431810573050156,False
coinbase,BTC-USD,185823022,99447.72,0.03095,2026-05-08 22:23:57.843000+00:00,sell,2026-05-08T23:14:50.675189+00:00,match,3077.906934,0.955262104471976,-1.7417437317558946,False
coinbase,BTC-USD,185823310,97068.12,0.011883,2026-05-08 22:23:58.453000+00:00,buy,2026-05-08T23:14:50.676137+00:00,match,1153.46046996,0.05228661999769392,-1.7246682482925997,False
coinbase,BTC-USD,185823042,99138.26,1.198139,2026-05-08 22:23:58.773000+00:00,sell,2026-05-08T23:14:50.675275+00:00,match,118781.41569814,0.8311168560002845,0.01585440720838132,False
coinbase,BTC-USD,185823194,97335.07,0.449622,2026-05-08 22:24:00.419000+00:00,buy,2026-05-08T23:14:50.675757+00:00,match,43763.988843540006,0.14351701152241966,-1.097560676058986,False
coinbase,BTC-USD,185823068,99177.7,0.353482,2026-05-08 22:24:04.993000+00:00,sell,2026-05-08T23:14:50.675353+00:00,match,35057.5317514,0.8589294499053262,-1.2053443568420117,False
coinbase,BTC-USD,185823250,97653.22,0.589181,2026-05-08 22:24:05.429000+00:00,buy,2026-05-08T23:14:50.675943+00:00,match,57535.421812819994,0.27005686155943487,-0.850259355562825,False
coinbase,BTC-USD,185825496,91364.78,1.83337,2026-05-08 22:24:05.793000+00:00,buy,2026-05-08T23:14:50.682840+00:00,match,167505.44670859998,-2.098073769260622,0.7892134843296097,False
coinbase,BTC-USD,185822812,99025.24,1.952126,2026-05-08 22:24:07.473000+00:00,sell,2026-05-08T23:14:50.674456+00:00,match,193309.74566024,0.7977830982994041,1.1624060591815326,False
coinbase,BTC-USD,185824314,98373.87,0.923393,2026-05-08 22:24:07.959000+00:00,sell,2026-05-08T23:14:50.679242+00:00,match,90837.74294091,0.549947122150366,-0.37576536376912756,False
coinbase,BTC-USD,185824176,98540.26,1.235471,2026-05-08 22:24:08.097000+00:00,sell,2026-05-08T23:14:50.678806+00:00,match,121743.63356246,0.6114765774569393,0.09175495967813518,False
coinbase,BTC-USD,185826212,93344.45,0.005726,2026-05-08 22:24:09.273000+00:00,buy,2026-05-08T23:14:50.685057+00:00,match,534.4903207,-1.3757809183637648,-1.6938967167988868,False
coinbase,BTC-USD,185823404,97129.96,0.1346,2026-05-08 22:24:10.161000+00:00,buy,2026-05-08T23:14:50.676445+00:00,match,13073.692616,0.07020688662746627,-1.476055216649542,False
coinbase,BTC-USD,185826652,94763.83,1.99675,2026-05-08 22:24:10.353000+00:00,buy,2026-05-08T23:14:50.686437+00:00,match,189219.6775525,-0.8420624150187218,1.1432946233946224,False
coinbase,BTC-USD,185823026,99338.86,1.086747,2026-05-08 22:24:10.641000+00:00,sell,2026-05-08T23:14:50.675203+00:00,match,107956.20808842,0.9480047575765016,-0.06901166125463014,False
coinbase,BTC-USD,185823106,98984.68,0.626048,2026-05-08 22:24:13.507000+00:00,buy,2026-05-08T23:14:50.675464+00:00,match,61969.16094464,0.8144877727478435,-0.7381638510721634,False
coinbase,BTC-USD,185823538,97874.4,0.956745,2026-05-08 22:24:14.799000+00:00,buy,2026-05-08T23:14:50.676860+00:00,match,93640.842828,0.37175851995216663,-0.25901851070883547,False
coinbase,BTC-USD,185822824,98962.09,0.168177,2026-05-08 22:24:15.525000+00:00,sell,2026-05-08T23:14:50.674488+00:00,match,16643.14740993,0.8042796760071959,-1.3796852739481194,False
coinbase,BTC-USD,185823208,97797.13,2.29696,2026-05-08 22:24:17.425000+00:00,buy,2026-05-08T23:14:50.675803+00:00,match,224636.0957248,0.33368314107508457,1.6575738369035349,False
coinbase,BTC-USD,185827098,95471.94,2.373415,2026-05-08 22:24:17.679000+00:00,buy,2026-05-08T23:14:50.687842+00:00,match,226594.5344751,-0.5754661143044654,1.6464599132221658,False
coinbase,BTC-USD,185822792,99427.27,0.347068,2026-05-08 22:24:18.393000+00:00,sell,2026-05-08T23:14:50.674402+00:00,match,34508.02374436,0.9750898189122881,-1.092860301628262,False
coinbase,BTC-USD,185825780,91449.41,0.008652,2026-05-08 22:24:19.865000+00:00,sell,2026-05-08T23:14:50.683650+00:00,match,791.22029532,-2.093374503944472,-1.5613268123893331,False
coinbase,BTC-USD,185823268,97425.28,0.569971,2026-05-08 22:24:19.913000+00:00,sell,2026-05-08T23:14:50.676004+00:00,match,55529.58426688,0.19725355454468077,-0.7672332937645325,False
coinbase,BTC-USD,185827408,95192.3,0.427336,2026-05-08 22:24:20.217000+00:00,buy,2026-05-08T23:14:50.688788+00:00,match,40679.0967128,-0.6688223660117046,-0.9591609213023488,False
coinbase,BTC-USD,185822818,99170.44,0.200264,2026-05-08 22:24:20.291000+00:00,sell,2026-05-08T23:14:50.674472+00:00,match,19860.26899616,0.9025004563969184,-1.2514272746494999,False
coinbase,BTC-USD,185822976,99127.13,2.453298,2026-05-08 22:24:20.877000+00:00,sell,2026-05-08T23:14:50.674996+00:00,match,243188.38977474003,0.8845445647990605,1.9233476329173005,False
coinbase,BTC-USD,185825188,92721.21,1.401187,2026-05-08 22:24:22.529000+00:00,sell,2026-05-08T23:14:50.681903+00:00,match,129919.75407627,-1.614746852315618,0.29967750608801746,False
coinbase,BTC-USD,185823266,97287.37,2.043483,2026-05-08 22:24:22.853000+00:00,sell,2026-05-08T23:14:50.675997+00:00,match,198805.08670971,0.15082127437364487,1.260248297314514,False
coinbase,BTC-USD,185827144,95710.14,0.41128,2026-05-08 22:24:23.245000+00:00,buy,2026-05-08T23:14:50.687988+00:00,match,39363.6663792,-0.47373845163760775,-0.9993456286626463,False
coinbase,BTC-USD,185824342,98256.39,0.64491,2026-05-08 22:24:23.883000+00:00,buy,2026-05-08T23:14:50.679324+00:00,match,63366.5284749,0.5190448296312704,-0.6661056674401428,False
coinbase,BTC-USD,185823530,97851.39,2.038806,2026-05-08 22:24:24.207000+00:00,buy,2026-05-08T23:14:50.676834+00:00,match,199500.00104034,0.33932975913600505,1.2745208014229787,False
coinbase,BTC-USD,185823958,98941.08,0.737974,2026-05-08 22:24:24.239000+00:00,buy,2026-05-08T23:14:50.678145+00:00,match,73015.94457192,0.7891222742503132,-0.5145359983250111,False
coinbase,BTC-USD,185825170,92946.52,0.874389,2026-05-08 22:24:24.337000+00:00,sell,2026-05-08T23:14:50.681854+00:00,match,81271.41467628,-1.6349929822455482,-0.39670949296155367,False
coinbase,BTC-USD,185824636,95578.33,2.140368,2026-05-08 22:24:24.465000+00:00,buy,2026-05-08T23:14:50.680221+00:00,match,204572.79902544,-0.5552693832687993,1.3517895654653842,False
coinbase,BTC-USD,185824830,94458.99,0.679642,2026-05-08 22:24:26.157000+00:00,sell,2026-05-08T23:14:50.680822+00:00,match,64198.29688158,-0.992563254225619,-0.6454965680476169,False
coinbase,BTC-USD,185826254,92568.4,0.197189,2026-05-08 22:24:26.973000+00:00,sell,2026-05-08T23:14:50.685189+00:00,match,18253.4702276,-1.7118925309995,-1.272298119701057,False
coinbase,BTC-USD,185824294,98141.53,0.975045,2026-05-08 22:24:30.329000+00:00,sell,2026-05-08T23:14:50.679181+00:00,match,95692.40811885,0.5158950988967008,-0.18208817826655121,False
coinbase,BTC-USD,185822914,99543.36,2.47275,2026-05-08 22:24:33.997000+00:00,sell,2026-05-08T23:14:50.674782+00:00,match,246145.84344,1.0738982320526036,1.910574717077425,False
coinbase,BTC-USD,185823448,97558.7,0.552048,2026-05-08 22:24:38.085000+00:00,buy,2026-05-08T23:14:50.676586+00:00,match,53857.0852176,0.2836086073439971,-0.7667844619177148,False
coinbase,BTC-USD,185824006,98446.26,2.319535,2026-05-08 22:24:38.859000+00:00,buy,2026-05-08T23:14:50.678296+00:00,match,228349.5456891,0.6291101700234578,1.6289956025017212,False
coinbase,BTC-USD,185826066,92344.92,0.903401,2026-05-08 22:24:38.967000+00:00,buy,2026-05-08T23:14:50.684578+00:00,match,83424.49307292,-1.7570237560141766,-0.3611071865868082,False
coinbase,BTC-USD,185824748,94568.77,1.11448,2026-05-08 22:24:39.345000+00:00,buy,2026-05-08T23:14:50.680568+00:00,match,105395.0027896,-0.8890247362064979,-0.043825391996676955,False
coinbase,BTC-USD,185823046,99160.76,0.829059,2026-05-08 22:24:40.927000+00:00,buy,2026-05-08T23:14:50.675289+00:00,match,82210.12052484,0.9236242259163836,-0.3538026107872614,False
coinbase,BTC-USD,185825046,93516.01,0.752726,2026-05-08 22:24:43.323000+00:00,sell,2026-05-08T23:14:50.681468+00:00,match,70391.93214326,-1.2797387059673468,-0.505970402030707,False
coinbase,BTC-USD,185823098,99275.14,1.989215,2026-05-08 22:24:43.377000+00:00,buy,2026-05-08T23:14:50.675437+00:00,match,197479.5976151,0.9850210557520506,1.2607681748905912,False
coinbase,BTC-USD,185826368,92605.0,0.923979,2026-05-08 22:24:44.073000+00:00,sell,2026-05-08T23:14:50.685541+00:00,match,85565.075295,-1.6080930722027225,-0.311601246349365,False
coinbase,BTC-USD,185823700,99690.29,0.150369,2026-05-08 22:24:44.441000+00:00,sell,2026-05-08T23:14:50.677374+00:00,match,14990.32921701,1.1245496986092507,-1.2898189085422807,False
coinbase,BTC-USD,185824348,98051.56,1.386813,2026-05-08 22:24:45.025000+00:00,sell,2026-05-08T23:14:50.679340+00:00,match,135979.17807828,0.4767309966417403,0.3870605230012726,False
coinbase,BTC-USD,185823056,99193.75,0.827541,2026-05-08 22:24:45.085000+00:00,sell,2026-05-08T23:14:50.675320+00:00,match,82086.89506875,0.9251705715706846,-0.36349679906168586,False
coinbase,BTC-USD,185823866,99133.68,0.92448,2026-05-08 22:24:45.359000+00:00,sell,2026-05-08T23:14:50.677876+00:00,match,91647.1044864,0.8939150859088658,-0.22267347464135917,False
coinbase,BTC-USD,185824240,97688.38,0.219179,2026-05-08 22:24:46.601000+00:00,buy,2026-05-08T23:14:50.679010+00:00,match,21411.241440020003,0.3371243659873224,-1.198039355785634,False
coinbase,BTC-USD,185824306,98011.14,1.062274,2026-05-08 22:24:49.177000+00:00,sell,2026-05-08T23:14:50.679219+00:00,match,104114.68573236,0.44835715575196095,-0.028451822441272586,False
coinbase,BTC-USD,185822998,99103.27,0.942986,2026-05-08 22:24:50.737000+00:00,buy,2026-05-08T23:14:50.675069+00:00,match,93452.99616422,0.8814509350177646,-0.1694927574889071,False
coinbase,BTC-USD,185823622,98769.02,2.159158,2026-05-08 22:24:50.833000+00:00,buy,2026-05-08T23:14:50.677135+00:00,match,213257.91968516,0.7361027079364953,1.491952841298172,False
coinbase,BTC-USD,185823302,97134.8,0.558397,2026-05-08 22:24:54.093000+00:00,sell,2026-05-08T23:14:50.676112+00:00,match,54239.78091560001,0.0743268255140459,-0.7446145694559934,False
coinbase,BTC-USD,185824190,98382.75,1.326106,2026-05-08 22:24:55.193000+00:00,sell,2026-05-08T23:14:50.678851+00:00,match,130465.9550715,0.5783860254949323,0.31446515134048814,False
coinbase,BTC-USD,185823090,99148.76,1.87526,2026-05-08 22:24:55.449000+00:00,buy,2026-05-08T23:14:50.675416+00:00,match,185929.7036776,0.8733776866446892,1.0803963260251115,False
coinbase,BTC-USD,185825142,92780.57,0.751102,2026-05-08 22:24:59.463000+00:00,buy,2026-05-08T23:14:50.681766+00:00,match,69687.67168814,-1.6321362733711127,-0.5863156939649694,False
coinbase,BTC-USD,185824982,94065.86,1.206818,2026-05-08 22:25:02.333000+00:00,sell,2026-05-08T23:14:50.681282+00:00,match,113520.37303348,-1.1005682404309658,0.032086327197428606,False
coinbase,BTC-USD,185823192,97367.67,1.954811,2026-05-08 22:25:02.973000+00:00,sell,2026-05-08T23:14:50.675750+00:00,match,190335.39236037,0.2135650393597876,1.1175660154302631,False
coinbase,BTC-USD,185822902,99286.84,1.539231,2026-05-08 22:25:03.663000+00:00,buy,2026-05-08T23:14:50.674739+00:00,match,152825.38202004,0.9753466204251671,0.5672433751274037,False
coinbase,BTC-USD,185823196,97425.2,1.179264,2026-05-08 22:25:03.761000+00:00,buy,2026-05-08T23:14:50.675763+00:00,match,114890.0310528,0.24410201880559784,0.02112874418478525,False
coinbase,BTC-USD,185822918,99546.14,1.97694,2026-05-08 22:25:03.945000+00:00,buy,2026-05-08T23:14:50.674797+00:00,match,196796.7460116,1.0725391886515334,1.2146506081101718,False
coinbase,BTC-USD,185824126,97892.97,0.369444,2026-05-08 22:25:04.285000+00:00,sell,2026-05-08T23:14:50.678653+00:00,match,36165.97040868,0.4148206988683431,-1.1011577029463062,False
coinbase,BTC-USD,185824178,98516.12,1.021369,2026-05-08 22:25:05.241000+00:00,buy,2026-05-08T23:14:50.678813+00:00,match,100621.31096828,0.6647969631037393,-0.17884249402885571,False
coinbase,BTC-USD,185823544,97949.1,0.499246,2026-05-08 22:25:07.613000+00:00,sell,2026-05-08T23:14:50.676880+00:00,match,48900.696378600005,0.4469407093765346,-0.9105676322742563,False
coinbase,BTC-USD,185825282,92679.29,1.286126,2026-05-08 22:25:10.593000+00:00,buy,2026-05-08T23:14:50.682215+00:00,match,119197.24453054,-1.612750190066299,0.11477172389713997,False
coinbase,BTC-USD,185823264,97427.6,2.223947,2026-05-08 22:25:10.929000+00:00,buy,2026-05-08T23:14:50.675991+00:00,match,216673.8187372,0.2534568209501516,1.5087202994685445,False
coinbase,BTC-USD,185824494,96301.58,1.904676,2026-05-08 22:25:11.109000+00:00,sell,2026-05-08T23:14:50.679784+00:00,match,183423.30818808,-0.18995072067176957,1.0148406910776853,False
coinbase,BTC-USD,185827078,95102.02,1.882882,2026-05-08 22:25:11.251000+00:00,sell,2026-05-08T23:14:50.687780+00:00,match,179065.88162164,-0.6835741263925438,0.9410993712250243,False
coinbase,BTC-USD,185823840,99022.67,1.187231,2026-05-08 22:25:11.853000+00:00,sell,2026-05-08T23:14:50.677796+00:00,match,117562.78352676998,0.8844989991712988,0.060673909804446764,False
coinbase,BTC-USD,185824062,98125.05,0.869657,2026-05-08 22:25:14.373000+00:00,buy,2026-05-08T23:14:50.678458+00:00,match,85335.13660785,0.5095959223594986,-0.39036876482814487,False
coinbase,BTC-USD,185826434,93018.8,0.851399,2026-05-08 22:25:18.105000+00:00,sell,2026-05-08T23:14:50.685754+00:00,match,79196.1133012,-1.5339438378510697,-0.47196579010184464,False
coinbase,BTC-USD,185824610,95670.55,0.558955,2026-05-08 22:25:19.301000+00:00,sell,2026-05-08T23:14:50.680140+00:00,match,53475.53227525,-0.479524919070784,-0.8220845325657391,False
coinbase,BTC-USD,185826756,95332.36,0.648826,2026-05-08 22:25:20.553000+00:00,sell,2026-05-08T23:14:50.686766+00:00,match,61854.11380936,-0.6129855418475108,-0.7143642072330137,False
coinbase,BTC-USD,185824902,94532.67,1.755261,2026-05-08 22:25:20.643000+00:00,buy,2026-05-08T23:14:50.681026+00:00,match,165929.50887686998,-0.9359369158690485,0.7712429156614811,False
coinbase,BTC-USD,185826948,95667.69,1.068566,2026-05-08 22:25:21.177000+00:00,sell,2026-05-08T23:14:50.687364+00:00,match,102227.24083254,-0.505196340826256,-0.12465618265478365,False
coinbase,BTC-USD,185826950,95759.76,0.340497,2026-05-08 22:25:21.455000+00:00,buy,2026-05-08T23:14:50.687369+00:00,match,32605.911000719996,-0.4543916594404843,-1.112063951975579,False
coinbase,BTC-USD,185823390,97087.13,1.560457,2026-05-08 22:25:21.483000+00:00,sell,2026-05-08T23:14:50.676401+00:00,match,151500.29161841,0.08774715244291965,0.6341912700587828,False
coinbase,BTC-USD,185824200,98334.22,0.281316,2026-05-08 22:25:21.837000+00:00,buy,2026-05-08T23:14:50.678882+00:00,match,27662.98943352,0.6197068093332834,-1.16934154178426,False
coinbase,BTC-USD,185825274,92617.25,2.024221,2026-05-08 22:25:23.175000+00:00,buy,2026-05-08T23:14:50.682189+00:00,match,187477.78241224997,-1.7490309701588735,1.206559385563569,False
coinbase,BTC-USD,185822962,99334.08,0.941213,2026-05-08 22:25:23.723000+00:00,sell,2026-05-08T23:14:50.674949+00:00,match,93494.52743904,1.0420699835502758,-0.19556236633387575,False
coinbase,BTC-USD,185822868,99493.86,1.237286,2026-05-08 22:25:24.057000+00:00,sell,2026-05-08T23:14:50.674625+00:00,match,123102.36006396,1.1075307056260257,0.24762778215070688,False
coinbase,BTC-USD,185823080,99253.43,1.89199,2026-05-08 22:25:27.277000+00:00,buy,2026-05-08T23:14:50.675389+00:00,match,187786.4970257,1.0067310164634138,1.1925700749575068,False
coinbase,BTC-USD,185824464,96543.27,1.443813,2026-05-08 22:25:30.897000+00:00,sell,2026-05-08T23:14:50.679696+00:00,match,139390.42828851,-0.12534312763420857,0.4656331421629735,False
coinbase,BTC-USD,185826932,95850.18,0.932184,2026-05-08 22:25:32.513000+00:00,sell,2026-05-08T23:14:50.687311+00:00,match,89350.00419312,-0.42208946486762466,-0.26510983034041097,False
coinbase,BTC-USD,185824528,95740.67,1.54091,2026-05-08 22:25:33.937000+00:00,sell,2026-05-08T23:14:50.679897+00:00,match,147527.7558097,-0.4687706116095314,0.6061725785440976,False
coinbase,BTC-USD,185823164,97783.8,1.593075,2026-05-08 22:25:35.137000+00:00,buy,2026-05-08T23:14:50.675655+00:00,match,155776.927185,0.3751584266278871,0.7137715918341216,False
coinbase,BTC-USD,185822856,99451.02,2.01174,2026-05-08 22:25:35.361000+00:00,sell,2026-05-08T23:14:50.674586+00:00,match,200069.5949748,1.0532852421686902,1.384593826526523,False
coinbase,BTC-USD,185823130,98386.75,1.252672,2026-05-08 22:25:36.873000+00:00,sell,2026-05-08T23:14:50.675543+00:00,match,123246.326896,0.6109507622223513,0.2265600858310796,False
coinbase,BTC-USD,185824998,93884.85,0.681545,2026-05-08 22:25:37.173000+00:00,buy,2026-05-08T23:14:50.681324+00:00,match,63986.75009325,-1.278580008905396,-0.6484674791402809,False
coinbase,BTC-USD,185824244,97672.16,1.924326,2026-05-08 22:25:37.369000+00:00,sell,2026-05-08T23:14:50.679023+00:00,match,187953.07696416,0.29314989576838296,1.2231606697031612,False
coinbase,BTC-USD,185824132,97924.1,0.092606,2026-05-08 22:25:37.393000+00:00,sell,2026-05-08T23:14:50.678673+00:00,match,9068.3592046,0.40801043846774365,-1.444004609419558,False
coinbase,BTC-USD,185823290,97234.19,1.204398,2026-05-08 22:25:38.637000+00:00,sell,2026-05-08T23:14:50.676079+00:00,match,117108.66396762,0.09096038891197719,0.15963431504745057,False
coinbase,BTC-USD,185825956,92892.05,0.383322,2026-05-08 22:25:39.225000+00:00,sell,2026-05-08T23:14:50.684256+00:00,match,35607.5663901,-1.7732587318001933,-1.0513143365039819,False
coinbase,BTC-USD,185823766,99148.87,1.034453,2026-05-08 22:25:39.239000+00:00,buy,2026-05-08T23:14:50.677565+00:00,match,102564.84601811,0.9261799383960007,-0.03759190685957307,False
coinbase,BTC-USD,185823408,97330.43,2.410728,2026-05-08 22:25:40.065000+00:00,sell,2026-05-08T23:14:50.676459+00:00,match,234637.19285304,0.14784039550029157,1.896861470278115,False
coinbase,BTC-USD,185827334,95812.91,1.900732,2026-05-08 22:25:40.377000+00:00,buy,2026-05-08T23:14:50.688560+00:00,match,182114.66405012,-0.49961781645368203,1.0945023611132694,False
coinbase,BTC-USD,185822958,99298.03,0.687957,2026-05-08 22:25:40.413000+00:00,buy,2026-05-08T23:14:50.674914+00:00,match,68312.77482471001,1.013431430238775,-0.6077245127890499,False
coinbase,BTC-USD,185823082,99193.2,2.498282,2026-05-08 22:25:41.243000+00:00,sell,2026-05-08T23:14:50.675394+00:00,match,247812.5860824,0.9486447562149967,2.02320028658055,False
coinbase,BTC-USD,185823356,96806.36,0.654106,2026-05-08 22:25:44.865000+00:00,buy,2026-05-08T23:14:50.676287+00:00,match,63321.62091416,-0.07991647792605167,-0.6791534712009601,False
coinbase,BTC-USD,185826458,93484.47,2.401574,2026-05-08 22:25:46.125000+00:00,sell,2026-05-08T23:14:50.685833+00:00,match,224509.87255578,-1.497752397452402,1.646903481804476,False
coinbase,BTC-USD,185823886,99144.56,0.708314,2026-05-08 22:25:46.603000+00:00,buy,2026-05-08T23:14:50.677931+00:00,match,70225.47987184,0.9495970811941804,-0.626898868009323,False
coinbase,BTC-USD,185823034,99233.05,1.737425,2026-05-08 22:25:46.883000+00:00,buy,2026-05-08T23:14:50.675229+00:00,match,172409.98189625,0.9870862473142914,0.8736624504853151,False
coinbase,BTC-USD,185822884,99165.38,0.6639,2026-05-08 22:25:47.697000+00:00,buy,2026-05-08T23:14:50.674682+00:00,match,65835.895782,0.945684781692779,-0.7023233311078576,False
coinbase,BTC-USD,185825042,93450.62,2.41727,2026-05-08 22:25:48.173000+00:00,sell,2026-05-08T23:14:50.681456+00:00,match,225895.3802074,-1.4808925243332298,1.6241902166891915,False
coinbase,BTC-USD,185824158,98127.06,2.050621,2026-05-08 22:25:50.661000+00:00,sell,2026-05-08T23:14:50.678752+00:00,match,201221.40990426,0.5172258457679226,1.235695015972688,False
coinbase,BTC-USD,185823882,99176.67,1.471852,2026-05-08 22:25:50.703000+00:00,sell,2026-05-08T23:14:50.677920+00:00,match,145973.38009284,0.955993127090313,0.43194448177554773,False
coinbase,BTC-USD,185824580,95785.38,0.214359,2026-05-08 22:25:51.913000+00:00,sell,2026-05-08T23:14:50.680052+00:00,match,20532.45827142,-0.5173151054396186,-1.375607544885697,False
coinbase,BTC-USD,185822964,99425.2,2.286861,2026-05-08 22:25:53.625000+00:00,sell,2026-05-08T23:14:50.674956+00:00,match,227371.6122972,1.0731428239799004,1.6037553322000389,False
coinbase,BTC-USD,185823366,96977.17,1.246191,2026-05-08 22:25:55.611000+00:00,buy,2026-05-08T23:14:50.676319+00:00,match,120852.07645947,0.008586960695955551,0.06833632289992105,False
coinbase,BTC-USD,185823730,99156.29,2.3755,2026-05-08 22:25:56.263000+00:00,buy,2026-05-08T23:14:50.677459+00:00,match,235545.766895,0.9470226421698028,1.6872306096894147,False
coinbase,BTC-USD,185823286,97155.8,0.941251,2026-05-08 22:25:58.409000+00:00,sell,2026-05-08T23:14:50.676066+00:00,match,91447.9939058,0.06186074568745086,-0.4050335602182868,False
coinbase,BTC-USD,185826484,93888.81,0.938041,2026-05-08 22:25:58.481000+00:00,sell,2026-05-08T23:14:50.685918+00:00,match,88071.55322121,-1.373260053454186,-0.4414030486744543,False
coinbase,BTC-USD,185823570,98520.18,2.329618,2026-05-08 22:25:58.839000+00:00,sell,2026-05-08T23:14:50.676964+00:00,match,229514.38469123995,0.6719468433262135,1.5899795368166105,False
coinbase,BTC-USD,185823170,97541.42,1.165191,2026-05-08 22:25:59.229000+00:00,buy,2026-05-08T23:14:50.675676+00:00,match,113654.38471122,0.2468610148137364,-0.09150251587398456,False
coinbase,BTC-USD,185826972,95887.56,0.344836,2026-05-08 22:26:00.993000+00:00,sell,2026-05-08T23:14:50.687433+00:00,match,33065.48264016,-0.4773834279947984,-1.242003593818816,False
coinbase,BTC-USD,185822890,99040.28,1.402261,2026-05-08 22:26:02.741000+00:00,sell,2026-05-08T23:14:50.674701+00:00,match,138880.32207308,0.9192038863372811,0.2662321094958881,False
coinbase,BTC-USD,185823320,96898.86,1.490965,2026-05-08 22:26:03.501000+00:00,sell,2026-05-08T23:14:50.676168+00:00,match,144472.8087999,-0.02557008488060035,0.3633008517545926,False
coinbase,BTC-USD,185823616,98767.08,0.304992,2026-05-08 22:26:03.709000+00:00,sell,2026-05-08T23:14:50.677119+00:00,match,30123.16926336,0.7873351629643204,-1.295630578453584,False
coinbase,BTC-USD,185824656,95579.63,2.001302,2026-05-08 22:26:06.117000+00:00,buy,2026-05-08T23:14:50.680287+00:00,match,191283.70467826,-0.6098989683468237,1.064376486676749,False
coinbase,BTC-USD,185824720,95406.47,2.457323,2026-05-08 22:26:06.917000+00:00,sell,2026-05-08T23:14:50.680479+00:00,match,234444.51307981,-0.7251093815709443,1.6712673027418807,False
coinbase,BTC-USD,185824928,94297.83,1.489777,2026-05-08 22:26:07.477000+00:00,buy,2026-05-08T23:14:50.681108+00:00,match,140482.73828391,-1.2093817133392557,0.26678766317710584,False
coinbase,BTC-USD,185824752,94819.89,1.121261,2026-05-08 22:26:09.273000+00:00,sell,2026-05-08T23:14:50.680579+00:00,match,106317.84468129,-0.9689964975096864,-0.2536988366798088,False
coinbase,BTC-USD,185825500,91305.03,0.291104,2026-05-08 22:26:10.033000+00:00,sell,2026-05-08T23:14:50.682850+00:00,match,26579.259453119997,-2.461388061458247,-1.4532997694795164,False
coinbase,BTC-USD,185823160,97901.74,2.457791,2026-05-08 22:26:10.605000+00:00,sell,2026-05-08T23:14:50.675642+00:00,match,240622.01545634,0.4599538914557817,1.764654043070362,False
coinbase,BTC-USD,185823468,98032.99,1.474043,2026-05-08 22:26:11.793000+00:00,buy,2026-05-08T23:14:50.676648+00:00,match,144504.84267857,0.5027052835046643,0.316992810685607,False
coinbase,BTC-USD,185823102,99087.23,1.565486,2026-05-08 22:26:14.463000+00:00,buy,2026-05-08T23:14:50.675449+00:00,match,155119.67134377998,0.9653339793918706,0.48571138389259166,False
coinbase,BTC-USD,185827136,95803.95,1.614299,2026-05-08 22:26:15.653000+00:00,sell,2026-05-08T23:14:50.687963+00:00,match,154656.22068104998,-0.5083832936980869,0.46457683742041145,False
coinbase,BTC-USD,185826176,93280.09,0.711184,2026-05-08 22:26:19.485000+00:00,sell,2026-05-08T23:14:50.684937+00:00,match,66339.30752656,-1.6003182733384316,-0.8803479320207726,False
coinbase,BTC-USD,185825104,92572.25,1.293165,2026-05-08 22:26:19.825000+00:00,buy,2026-05-08T23:14:50.681655+00:00,match,119711.19367125,-1.8590520705086095,-0.055965340977879106,False
coinbase,BTC-USD,185823954,98967.23,0.341098,2026-05-08 22:26:19.947000+00:00,sell,2026-05-08T23:14:50.678133+00:00,match,33757.52421854,0.9302260746234486,-1.358678050250361,False
coinbase,BTC-USD,185824194,98497.46,1.089495,2026-05-08 22:26:20.307000+00:00,sell,2026-05-08T23:14:50.678863+00:00,match,107312.4901827,0.709809096505043,-0.24284825478254016,False
coinbase,BTC-USD,185824214,98138.63,2.130879,2026-05-08 22:26:20.839000+00:00,sell,2026-05-08T23:14:50.678928+00:00,match,209121.54575577003,0.5401806749600501,1.3085462540317208,False
coinbase,BTC-USD,185825840,92334.75,0.267713,2026-05-08 22:26:23.129000+00:00,buy,2026-05-08T23:14:50.683821+00:00,match,24719.21292675,-1.9848209977932607,-1.4854908457996556,False
coinbase,BTC-USD,185823392,97088.27,1.735811,2026-05-08 22:26:26.473000+00:00,buy,2026-05-08T23:14:50.676407+00:00,match,168526.88703697,0.06596197793875415,0.675162116573887,False
coinbase,BTC-USD,185824254,97630.79,1.090631,2026-05-08 22:26:30.633000+00:00,sell,2026-05-08T23:14:50.679056+00:00,match,106479.16612849,0.30907529649838933,-0.2756569091504764,False
coinbase,BTC-USD,185823358,96945.15,1.674644,2026-05-08 22:26:32.605000+00:00,buy,2026-05-08T23:14:50.676293+00:00,match,162348.6137766,0.016416496631550155,0.6018290122489905,False
coinbase,BTC-USD,185823074,99256.49,1.263645,2026-05-08 22:26:34.379000+00:00,sell,2026-05-08T23:14:50.675369+00:00,match,125424.96730605,1.0364652841356068,0.016521510203735736,False
coinbase,BTC-USD,185823190,97224.93,0.9576,2026-05-08 22:26:37.097000+00:00,buy,2026-05-08T23:14:50.675744+00:00,match,93102.592968,0.1389229923855366,-0.4739851204983793,False
coinbase,BTC-USD,185823078,99240.92,1.41417,2026-05-08 22:26:39.297000+00:00,buy,2026-05-08T23:14:50.675380+00:00,match,140343.53183639998,1.0230367317379174,0.2659629236077526,False
coinbase,BTC-USD,185827046,95078.67,1.291958,2026-05-08 22:26:39.675000+00:00,sell,2026-05-08T23:14:50.687672+00:00,match,122837.64833586,-0.866400745955062,-0.014648928127123116,False
coinbase,BTC-USD,185824048,97826.84,0.552862,2026-05-08 22:26:42.333000+00:00,buy,2026-05-08T23:14:50.678417+00:00,match,54084.74241607999,0.388832271660588,-1.0974776253505454,False
coinbase,BTC-USD,185823662,99912.1,1.375642,2026-05-08 22:26:43.173000+00:00,sell,2026-05-08T23:14:50.677251+00:00,match,137443.2810682,1.3154515659121757,0.21095462672515244,False
coinbase,BTC-USD,185823002,99325.37,1.73075,2026-05-08 22:26:44.573000+00:00,sell,2026-05-08T23:14:50.675082+00:00,match,171907.3841275,1.0464417656207818,0.7649372906423106,False
coinbase,BTC-USD,185823422,97649.06,1.70641,2026-05-08 22:26:44.743000+00:00,sell,2026-05-08T23:14:50.676507+00:00,match,166629.3324746,0.26181618193330847,0.6676846837842366,False
coinbase,BTC-USD,185823590,98793.2,2.177259,2026-05-08 22:26:45.719000+00:00,sell,2026-05-08T23:14:50.677033+00:00,match,215098.3838388,0.8041221304889135,1.4154782866220084,False
coinbase,BTC-USD,185823604,98743.01,1.857343,2026-05-08 22:26:45.873000+00:00,sell,2026-05-08T23:14:50.677077+00:00,match,183399.63842243,0.7757551338501172,0.8966776450427956,False
coinbase,BTC-USD,185825072,93181.54,1.744162,2026-05-08 22:26:46.213000+00:00,sell,2026-05-08T23:14:50.681554+00:00,match,162523.70116948,-1.7804522573898192,0.551490167815271,False
coinbase,BTC-USD,185823426,97601.2,1.628855,2026-05-08 22:26:46.557000+00:00,buy,2026-05-08T23:14:50.676519+00:00,match,158978.20262599998,0.27438184738656707,0.4843816144464621,False
coinbase,BTC-USD,185822968,99214.84,0.942982,2026-05-08 22:26:46.801000+00:00,buy,2026-05-08T23:14:50.674970+00:00,match,93557.80825288,1.0130087418489073,-0.5800179022358434,False
coinbase,BTC-USD,185825714,91134.91,1.618098,2026-05-08 22:26:47.207000+00:00,sell,2026-05-08T23:14:50.683466+00:00,match,147465.21560118,-2.603449839332728,0.2859615690997487,False
coinbase,BTC-USD,185825002,93877.82,1.615898,2026-05-08 22:26:48.103000+00:00,buy,2026-05-08T23:14:50.681335+00:00,match,151696.98158236002,-1.347457860192466,0.3454794208702652,False
coinbase,BTC-USD,185825226,92929.72,0.095988,2026-05-08 22:26:48.243000+00:00,sell,2026-05-08T23:14:50.682026+00:00,match,8920.13796336,-1.7228651856988546,-1.917996034272857,False
coinbase,BTC-USD,185825550,91193.46,2.115764,2026-05-08 22:26:49.275000+00:00,sell,2026-05-08T23:14:50.683002+00:00,match,192943.83970344003,-2.387886917099803,1.0170469240827065,False
coinbase,BTC-USD,185823540,97933.36,0.658448,2026-05-08 22:26:50.337000+00:00,buy,2026-05-08T23:14:50.676867+00:00,match,64484.02502528,0.491477197357133,-1.0337206623996307,False
coinbase,BTC-USD,185824014,98663.56,1.917761,2026-05-08 22:26:51.573000+00:00,buy,2026-05-08T23:14:50.678320+00:00,match,189213.12748916,0.8071234150866688,0.9613411982399153,False
coinbase,BTC-USD,185822920,99550.7,0.216936,2026-05-08 22:26:52.033000+00:00,buy,2026-05-08T23:14:50.674803+00:00,match,21596.1306552,1.1674635132753204,-1.6946039479492045,False
coinbase,BTC-USD,185824458,96556.62,1.281666,2026-05-08 22:26:57.003000+00:00,sell,2026-05-08T23:14:50.679680+00:00,match,123753.33692892,-0.1367016841499391,-0.07885856539059874,False
coinbase,BTC-USD,185824310,98105.24,1.042364,2026-05-08 22:26:57.607000+00:00,buy,2026-05-08T23:14:50.679232+00:00,match,102261.37038736002,0.532821170940501,-0.406905131752408,False
coinbase,BTC-USD,185824590,95771.77,1.745801,2026-05-08 22:26:58.125000+00:00,buy,2026-05-08T23:14:50.680079+00:00,match,167198.45183777,-0.4674284860576475,0.6226056336712417,False
coinbase,BTC-USD,185825408,91074.76,0.210209,2026-05-08 22:26:58.701000+00:00,buy,2026-05-08T23:14:50.682570+00:00,match,19144.73422484,-2.4144567434304034,-1.6887993488833548,False
coinbase,BTC-USD,185824236,97656.96,0.291784,2026-05-08 22:27:02.097000+00:00,sell,2026-05-08T23:14:50.678997+00:00,match,28494.73841664,0.38165547002778377,-1.5076203420582626,False
coinbase,BTC-USD,185823732,99212.17,2.166951,2026-05-08 22:27:03.273000+00:00,sell,2026-05-08T23:14:50.677464+00:00,match,214987.91099367,1.033940797871812,1.3676841339909225,False
coinbase,BTC-USD,185823314,97006.81,1.334503,2026-05-08 22:27:04.901000+00:00,buy,2026-05-08T23:14:50.676150+00:00,match,129455.87896543,0.10540521795901418,0.03153819232524011,False
coinbase,BTC-USD,185824754,94725.15,0.685444,2026-05-08 22:27:06.061000+00:00,sell,2026-05-08T23:14:50.680584+00:00,match,64928.7857166,-0.8490904190328648,-0.9792001293770171,False
coinbase,BTC-USD,185827050,94907.27,2.205182,2026-05-08 22:27:08.115000+00:00,buy,2026-05-08T23:14:50.687684+00:00,match,209287.80347314003,-0.7907705039465717,1.252488950907505,False
coinbase,BTC-USD,185824700,95622.16,0.917691,2026-05-08 22:27:09.697000+00:00,sell,2026-05-08T23:14:50.680425+00:00,match,87751.59563256001,-0.47572279326728323,-0.6163127559966481,False
coinbase,BTC-USD,185827300,95168.68,1.856894,2026-05-08 22:27:13.649000+00:00,buy,2026-05-08T23:14:50.688467+00:00,match,176718.15087992,-0.6640480999261065,0.7752216118896168,False
coinbase,BTC-USD,185824002,98329.4,0.924243,2026-05-08 22:27:17.973000+00:00,buy,2026-05-08T23:14:50.678285+00:00,match,90880.2596442,0.6755303173319713,-0.5540975932177458,False
coinbase,BTC-USD,185822944,99085.8,1.706858,2026-05-08 22:27:18.133000+00:00,buy,2026-05-08T23:14:50.674870+00:00,match,169125.3904164,0.9988954448856703,0.6620066341562171,False
coinbase,BTC-USD,185825824,92048.05,0.801814,2026-05-08 22:27:21.313000+00:00,sell,2026-05-08T23:14:50.683775+00:00,match,73805.41516270001,-1.9523720417110648,-0.824941823632121,False
coinbase,BTC-USD,185825376,91425.9,0.398409,2026-05-08 22:27:23.529000+00:00,sell,2026-05-08T23:14:50.682477+00:00,match,36424.9013931,-2.179764020592409,-1.3917248071642194,False
coinbase,BTC-USD,185823578,98585.27,0.792264,2026-05-08 22:27:23.909000+00:00,sell,2026-05-08T23:14:50.676994+00:00,match,78105.56035128,0.7789868167658892,-0.7523200857740288,False
coinbase,BTC-USD,185823272,97207.23,1.773953,2026-05-08 22:27:24.033000+00:00,buy,2026-05-08T23:14:50.676017+00:00,match,172441.05728018997,0.2006118284306928,0.6996402276290185,False
coinbase,BTC-USD,185824060,97993.11,0.513582,2026-05-08 22:27:27.105000+00:00,buy,2026-05-08T23:14:50.678451+00:00,match,50327.49742002,0.5137828387273911,-1.180460899312812,False
coinbase,BTC-USD,185823270,97334.07,0.528555,2026-05-08 22:27:28.287000+00:00,sell,2026-05-08T23:14:50.676010+00:00,match,51446.40936885001,0.23281574016762904,-1.1482549462326352,False
coinbase,BTC-USD,185824230,97949.1,1.65398,2026-05-08 22:27:28.779000+00:00,buy,2026-05-08T23:14:50.678978+00:00,match,162005.85241800002,0.47967388109285514,0.5414667264825396,False
coinbase,BTC-USD,185822966,99348.5,0.508421,2026-05-08 22:27:31.869000+00:00,buy,2026-05-08T23:14:50.674963+00:00,match,50510.8637185,1.0469957098802303,-1.1704118577019231,False
coinbase,BTC-USD,185826276,92829.69,1.862226,2026-05-08 22:27:31.881000+00:00,sell,2026-05-08T23:14:50.685249+00:00,match,172869.86228994,-1.6104771020089625,0.7058495285763505,False
coinbase,BTC-USD,185823960,98914.87,1.30447,2026-05-08 22:27:33.837000+00:00,sell,2026-05-08T23:14:50.678152+00:00,match,129031.4804689,0.8639323091308604,0.03079172348876584,False
coinbase,BTC-USD,185825838,92250.0,2.296948,2026-05-08 22:27:34.671000+00:00,sell,2026-05-08T23:14:50.683814+00:00,match,211893.453,-1.842660255495519,1.3019436207727089,False
coinbase,BTC-USD,185827076,95113.29,0.035079,2026-05-08 22:27:35.569000+00:00,sell,2026-05-08T23:14:50.687772+00:00,match,3336.4790999099996,-0.6567643469458445,-1.890380642115285,False
coinbase,BTC-USD,185822926,99387.75,2.307773,2026-05-08 22:27:36.533000+00:00,sell,2026-05-08T23:14:50.674821+00:00,match,229364.36598075,1.0971922202636464,1.5446622621626143,False
coinbase,BTC-USD,185823848,99066.48,2.117025,2026-05-08 22:27:37.497000+00:00,sell,2026-05-08T23:14:50.677821+00:00,match,209726.214822,0.9506087193753593,1.2269695775302116,False
coinbase,BTC-USD,185824080,97603.25,0.497796,2026-05-08 22:27:37.953000+00:00,sell,2026-05-08T23:14:50.678508+00:00,match,48586.507437,0.34576127533032935,-1.18475532778092,False
coinbase,BTC-USD,185824634,95617.85,0.727775,2026-05-08 22:27:39.485000+00:00,buy,2026-05-08T23:14:50.680214+00:00,match,69588.28078375,-0.4646917411651636,-0.8560092723639496,False
coinbase,BTC-USD,185822986,98984.15,1.031039,2026-05-08 22:27:40.407000+00:00,buy,2026-05-08T23:14:50.675033+00:00,match,102056.51903185,0.9023150623568462,-0.36387561215193914,False
coinbase,BTC-USD,185825740,91301.57,0.104177,2026-05-08 22:27:42.769000+00:00,sell,2026-05-08T23:14:50.683540+00:00,match,9511.523657890002,-2.1526829983867604,-1.7009756185473806,False
coinbase,BTC-USD,185826856,95170.11,1.637671,2026-05-08 22:27:43.929000+00:00,buy,2026-05-08T23:14:50.687067+00:00,match,155857.32921381,-0.5935633054779215,0.45772828324215176,False
coinbase,BTC-USD,185826248,92716.51,1.030133,2026-05-08 22:27:45.545000+00:00,sell,2026-05-08T23:14:50.685166+00:00,match,95510.33659583,-1.5605277177021413,-0.4397118288665844,False
coinbase,BTC-USD,185822982,99012.67,2.053998,2026-05-08 22:27:48.153000+00:00,sell,2026-05-08T23:14:50.675019+00:00,match,203371.82615466,0.9335408613977056,1.1535104915298777,False
coinbase,BTC-USD,185823446,97658.03,2.258876,2026-05-08 22:27:50.309000+00:00,buy,2026-05-08T23:14:50.676580+00:00,match,220597.38017428,0.39824594791492207,1.3843703444688606,False
coinbase,BTC-USD,185822960,99438.72,2.353972,2026-05-08 22:27:51.025000+00:00,sell,2026-05-08T23:14:50.674941+00:00,match,234075.96259584,1.0887875008019439,1.548218030628631,False
coinbase,BTC-USD,185825250,93069.49,1.948902,2026-05-08 22:27:51.123000+00:00,sell,2026-05-08T23:14:50.682098+00:00,match,181383.31519998,-1.4226491841437987,0.7582333639431184,False
coinbase,BTC-USD,185823542,97949.39,0.446297,2026-05-08 22:27:52.633000+00:00,sell,2026-05-08T23:14:50.676873+00:00,match,43714.51890883,0.5083888892446562,-1.2585737056052202,False
coinbase,BTC-USD,185823962,98840.04,1.085678,2026-05-08 22:27:53.423000+00:00,buy,2026-05-08T23:14:50.678159+00:00,match,107308.45694711998,0.8520426841991345,-0.31046061098821776,False
coinbase,BTC-USD,185823414,97251.86,1.431735,2026-05-08 22:27:55.239000+00:00,buy,2026-05-08T23:14:50.676479+00:00,match,139238.8917771,0.21998884785821185,0.17049274314160826,False
coinbase,BTC-USD,185823364,97097.17,1.376284,2026-05-08 22:27:56.073000+00:00,sell,2026-05-08T23:14:50.676313+00:00,match,133633.28151628,0.16852016485366855,0.07758890253676566,False
coinbase,BTC-USD,185823036,99118.11,1.40967,2026-05-08 22:27:58.161000+00:00,buy,2026-05-08T23:14:50.675251+00:00,match,139723.8261237,0.9707541288264953,0.18786516176313348,False
coinbase,BTC-USD,185825058,93380.13,2.160799,2026-05-08 22:27:59.181000+00:00,buy,2026-05-08T23:14:50.681507+00:00,match,201775.69152387,-1.2815604293864502,1.1083341912128397,False
coinbase,BTC-USD,185823548,97950.17,0.928054,2026-05-08 22:28:00.193000+00:00,sell,2026-05-08T23:14:50.676893+00:00,match,90903.04706918,0.5022937746426697,-0.5592645854562927,False
coinbase,BTC-USD,185823132,98321.06,0.774836,2026-05-08 22:28:00.513000+00:00,buy,2026-05-08T23:14:50.675550+00:00,match,76182.69684615999,0.6542106805402939,-0.7862750185614601,False
coinbase,BTC-USD,185824364,97674.94,0.024046,2026-05-08 22:28:01.233000+00:00,sell,2026-05-08T23:14:50.679393+00:00,match,2348.6916072400004,0.40560456995940275,-1.8628246583354722,False
coinbase,BTC-USD,185823254,97519.56,2.470701,2026-05-08 22:28:02.995000+00:00,buy,2026-05-08T23:14:50.675958+00:00,match,240941.67441156,0.35176565325510545,1.693705767590537,False
coinbase,BTC-USD,185825186,92838.28,1.870496,2026-05-08 22:28:04.037000+00:00,buy,2026-05-08T23:14:50.681898+00:00,match,173653.63138688,-1.516361843740804,0.7027121007489662,False
coinbase,BTC-USD,185824502,96293.81,0.697927,2026-05-08 22:28:04.873000+00:00,buy,2026-05-08T23:14:50.679810+00:00,match,67206.04993187,-0.12938042065302505,-0.8825711073825668,False
coinbase,BTC-USD,185825390,91343.27,1.29342,2026-05-08 22:28:05.799000+00:00,sell,2026-05-08T23:14:50.682517+00:00,match,118145.2122834,-2.044504350811597,-0.10929745794923044,False
coinbase,BTC-USD,185826080,92495.41,0.580529,2026-05-08 22:28:06.629000+00:00,sell,2026-05-08T23:14:50.684621+00:00,match,53696.26787189,-1.5591906340705994,-1.0952415005221356,False
coinbase,BTC-USD,185826432,93087.5,1.712302,2026-05-08 22:28:06.633000+00:00,sell,2026-05-08T23:14:50.685748+00:00,match,159393.912425,-1.30162438220137,0.5283076998909559,False
coinbase,BTC-USD,185823710,99631.68,2.446472,2026-05-08 22:28:07.645000+00:00,buy,2026-05-08T23:14:50.677405+00:00,match,243746.11543296,1.217839134146787,1.7770433699969623,False
coinbase,BTC-USD,185823322,96857.94,0.471146,2026-05-08 22:28:07.833000+00:00,buy,2026-05-08T23:14:50.676175+00:00,match,45634.23099924,0.15940923137250104,-1.1988967413875735,False
coinbase,BTC-USD,185824808,94501.44,1.591547,2026-05-08 22:28:08.541000+00:00,buy,2026-05-08T23:14:50.680752+00:00,match,150403.48332768,-0.7408559527866596,0.38777743460020725,False
coinbase,BTC-USD,185823244,97475.46,0.923567,2026-05-08 22:28:11.057000+00:00,buy,2026-05-08T23:14:50.675922+00:00,match,90025.11816582001,0.3955404714339113,-0.5325387635486948,False
coinbase,BTC-USD,185824624,95469.39,2.025544,2026-05-08 22:28:11.417000+00:00,buy,2026-05-08T23:14:50.680182+00:00,match,193377.45009816,-0.37155458851837014,1.055696719059004,False
coinbase,BTC-USD,185824170,98492.52,2.435322,2026-05-08 22:28:12.321000+00:00,sell,2026-05-08T23:14:50.678788+00:00,match,239861.00079144,0.7983282403495666,1.7234553543294888,False
coinbase,BTC-USD,185824332,98311.26,2.340461,2026-05-08 22:28:13.233000+00:00,buy,2026-05-08T23:14:50.679297+00:00,match,230093.66989086,0.7168908843783341,1.542677331636374,False
coinbase,BTC-USD,185823100,99222.39,0.709054,2026-05-08 22:28:15.633000+00:00,buy,2026-05-08T23:14:50.675443+00:00,match,70354.03251906,1.0679948880224466,-0.8539309178245228,False
coinbase,BTC-USD,185824430,96830.86,0.930938,2026-05-08 22:28:17.873000+00:00,sell,2026-05-08T23:14:50.679593+00:00,match,90143.52714668,0.14345575488424903,-0.5476165232922822,False
coinbase,BTC-USD,185823028,99404.69,1.239557,2026-05-08 22:28:18.865000+00:00,buy,2026-05-08T23:14:50.675209+00:00,match,123217.77932233,1.1334752892407407,-0.06568252665302271,False
coinbase,BTC-USD,185823012,99579.03,0.816009,2026-05-08 22:28:19.473000+00:00,sell,2026-05-08T23:14:50.675115+00:00,match,81257.38469127,1.1775863738843502,-0.687506185958507,False
coinbase,BTC-USD,185825222,92868.65,1.829111,2026-05-08 22:28:19.953000+00:00,sell,2026-05-08T23:14:50.682013+00:00,match,169867.06927014998,-1.3722179956567664,0.6783050383450897,False
coinbase,BTC-USD,185825690,91277.49,1.447438,2026-05-08 22:28:20.339000+00:00,sell,2026-05-08T23:14:50.683398+00:00,match,132118.50757062002,-1.934122978536768,0.09857776956806423,False
coinbase,BTC-USD,185824824,94426.62,1.174465,2026-05-08 22:28:21.105000+00:00,sell,2026-05-08T23:14:50.680803+00:00,match,110900.7602583,-0.7545118513860043,-0.22882874576401224,False
coinbase,BTC-USD,185825054,93231.89,2.112784,2026-05-08 22:28:21.767000+00:00,sell,2026-05-08T23:14:50.681494+00:00,match,196978.84548176,-1.2219082068421,1.076936951746682,False
coinbase,BTC-USD,185826360,92467.19,2.275643,2026-05-08 22:28:23.961000+00:00,buy,2026-05-08T23:14:50.685516+00:00,match,210422.31365317,-1.4758554295076567,1.299264389122792,False
coinbase,BTC-USD,185825996,93136.6,1.218672,2026-05-08 22:28:24.241000+00:00,sell,2026-05-08T23:14:50.684372+00:00,match,113502.9665952,-1.2004207008355259,-0.20836480450648487,False
coinbase,BTC-USD,185823016,99470.0,0.385637,2026-05-08 22:28:24.865000+00:00,buy,2026-05-08T23:14:50.675132+00:00,match,38359.31239,1.1529814464568544,-1.351525821386599,False
coinbase,BTC-USD,185822988,98946.5,1.544626,2026-05-08 22:28:25.713000+00:00,sell,2026-05-08T23:14:50.675039+00:00,match,152835.33650900002,0.9427256307675261,0.4205212619581068,False
coinbase,BTC-USD,185826728,94561.78,2.353697,2026-05-08 22:28:26.397000+00:00,sell,2026-05-08T23:14:50.686680+00:00,match,222569.77790066,-0.6869948335860571,1.4657876232858782,False
coinbase,BTC-USD,185823206,97733.53,0.049918,2026-05-08 22:28:26.905000+00:00,buy,2026-05-08T23:14:50.675796+00:00,match,4878.662350539999,0.47671027135256727,-1.8313747732169574,False
coinbase,BTC-USD,185825138,92700.86,1.382459,2026-05-08 22:28:31.199000+00:00,sell,2026-05-08T23:14:50.681753+00:00,match,128155.13821474,-1.3798708735630691,0.01724179355443,False
coinbase,BTC-USD,185823460,97583.82,1.157175,2026-05-08 22:28:32.305000+00:00,sell,2026-05-08T23:14:50.676622+00:00,match,112921.55690850002,0.44607590055792967,-0.21616152328012012,False
coinbase,BTC-USD,185826166,93215.13,1.483656,2026-05-08 22:28:32.799000+00:00,buy,2026-05-08T23:14:50.684908+00:00,match,138299.18691528,-1.163160941849855,0.18349961251892274,False
coinbase,BTC-USD,185823402,96994.41,0.117545,2026-05-08 22:28:33.363000+00:00,sell,2026-05-08T23:14:50.676439+00:00,match,11401.20792345,0.22817948462888404,-1.760928025491607,False
coinbase,BTC-USD,185824030,98331.66,1.849666,2026-05-08 22:28:34.235000+00:00,buy,2026-05-08T23:14:50.678364+00:00,match,181880.72822556,0.7249548873270424,0.8498226929821354,False
coinbase,BTC-USD,185824504,96185.24,1.853642,2026-05-08 22:28:34.921000+00:00,buy,2026-05-08T23:14:50.679816+00:00,match,178293.00064408002,-0.07541849214714225,0.7818210258111319,False
coinbase,BTC-USD,185824818,94578.08,1.739482,2026-05-08 22:28:35.931000+00:00,sell,2026-05-08T23:14:50.680784+00:00,match,164516.86775456,-0.6690746742762197,0.5710281935618908,False
coinbase,BTC-USD,185826406,92925.0,2.137048,2026-05-08 22:28:37.431000+00:00,buy,2026-05-08T23:14:50.685666+00:00,match,198585.1854,-1.262519082323033,1.0736060114185468,False
coinbase,BTC-USD,185825220,92731.48,1.790656,2026-05-08 22:28:39.033000+00:00,sell,2026-05-08T23:14:50.682005+00:00,match,166050.18105088,-1.3073759893968429,0.5686268764934477,False
coinbase,BTC-USD,185824604,95652.07,1.789441,2026-05-08 22:28:39.249000+00:00,sell,2026-05-08T23:14:50.680123+00:00,match,171163.73579287002,-0.2113729034342102,0.6403006422272741,False
coinbase,BTC-USD,185826600,94534.24,2.196031,2026-05-08 22:28:39.897000+00:00,buy,2026-05-08T23:14:50.686285+00:00,match,207600.12160144,-0.6260724339432109,1.171026085257645,False
coinbase,BTC-USD,185826864,95015.94,0.716586,2026-05-08 22:28:43.197000+00:00,sell,2026-05-08T23:14:50.687093+00:00,match,68087.09238084,-0.43629426927515025,-0.9311631163266072,False
coinbase,BTC-USD,185823332,96853.99,1.751846,2026-05-08 22:28:45.113000+00:00,buy,2026-05-08T23:14:50.676212+00:00,match,169673.27496554,0.26385915451911046,0.5939961062392218,False
coinbase,BTC-USD,185825438,90578.93,0.545842,2026-05-08 22:28:45.849000+00:00,sell,2026-05-08T23:14:50.682671+00:00,match,49441.78430906,-2.039095661509778,-1.1902107323713857,False
coinbase,BTC-USD,185823162,97782.21,2.303194,2026-05-08 22:28:46.173000+00:00,sell,2026-05-08T23:14:50.675649+00:00,match,225211.39937874,0.6368254283374535,1.4191515985947192,False
coinbase,BTC-USD,185823864,99086.37,0.702502,2026-05-08 22:28:47.025000+00:00,buy,2026-05-08T23:14:50.677871+00:00,match,69608.37309774,1.1188791640684501,-0.8715741361499678,False
coinbase,BTC-USD,185823120,98721.48,0.210713,2026-05-08 22:28:48.237000+00:00,sell,2026-05-08T23:14:50.675511+00:00,match,20801.89921524,0.9836509908406824,-1.560349267535864,False
coinbase,BTC-USD,185823204,97703.73,2.026022,2026-05-08 22:28:48.609000+00:00,sell,2026-05-08T23:14:50.675790+00:00,match,197949.90646206003,0.5916470589453121,1.0458400567353356,False
coinbase,BTC-USD,185823890,99396.49,1.739165,2026-05-08 22:28:50.177000+00:00,sell,2026-05-08T23:14:50.677944+00:00,match,172866.89653085,1.208463644822712,0.6741609766210936,False
coinbase,BTC-USD,185825726,91094.22,0.418547,2026-05-08 22:28:52.429000+00:00,sell,2026-05-08T23:14:50.683499+00:00,match,38127.21249834,-1.8173893343346705,-1.287242800839261,False
coinbase,BTC-USD,185823084,99275.22,0.592441,2026-05-08 22:28:53.361000+00:00,sell,2026-05-08T23:14:50.675399+00:00,match,58814.71061202,1.162842666383831,-0.9684811219257348,False
coinbase,BTC-USD,185825642,91369.03,0.561661,2026-05-08 22:28:53.703000+00:00,buy,2026-05-08T23:14:50.683265+00:00,match,51318.42075883,-1.733671429219801,-1.0574364009266417,False
coinbase,BTC-USD,185824712,95460.23,1.218582,2026-05-08 22:28:57.073000+00:00,sell,2026-05-08T23:14:50.680458+00:00,match,116326.11799386,-0.24814459913928716,-0.13583367936513627,False
coinbase,BTC-USD,185822996,99131.44,0.564721,2026-05-08 22:28:57.473000+00:00,buy,2026-05-08T23:14:50.675062+00:00,match,55981.60592824,1.086377692927126,-0.9999092448252632,False
coinbase,BTC-USD,185824488,96426.01,2.058592,2026-05-08 22:28:57.681000+00:00,sell,2026-05-08T23:14:50.679765+00:00,match,198501.81277792,0.08488920624350597,1.0666022657135519,False
coinbase,BTC-USD,185823484,98179.69,0.467345,2026-05-08 22:28:58.625000+00:00,buy,2026-05-08T23:14:50.676697+00:00,match,45883.78722305,0.7420881394689808,-1.1417273799063858,False
coinbase,BTC-USD,185825190,92646.04,2.06957,2026-05-08 22:29:00.741000+00:00,buy,2026-05-08T23:14:50.681908+00:00,match,191737.4650028,-1.2989915773635266,0.9680989068591105,False
coinbase,BTC-USD,185824750,94707.69,0.505078,2026-05-08 22:29:01.705000+00:00,buy,2026-05-08T23:14:50.680573+00:00,match,47834.770649820006,-0.521551407601583,-1.127264374897751,False
coinbase,BTC-USD,185823232,97581.24,1.53415,2026-05-08 22:29:01.833000+00:00,buy,2026-05-08T23:14:50.675883+00:00,match,149704.259346,0.5528304533163939,0.35249593825070263,False
coinbase,BTC-USD,185825116,92557.84,1.196981,2026-05-08 22:29:02.433000+00:00,sell,2026-05-08T23:14:50.681692+00:00,match,110789.97588104,-1.299848687059937,-0.2075039061215452,False
coinbase,BTC-USD,185824800,94521.82,1.698615,2026-05-08 22:29:03.189000+00:00,sell,2026-05-08T23:14:50.680726+00:00,match,160556.1812793,-0.5948871510039091,0.5048415783209012,False
coinbase,BTC-USD,185823776,99276.67,0.503048,2026-05-08 22:29:04.537000+00:00,sell,2026-05-08T23:14:50.677592+00:00,match,49940.93029016,1.1812934478684916,-1.1379537644618394,False
coinbase,BTC-USD,185823800,99281.88,0.481445,2026-05-08 22:29:05.681000+00:00,sell,2026-05-08T23:14:50.677668+00:00,match,47798.7647166,1.1826174479350646,-1.147332507522481,False
coinbase,BTC-USD,185825676,91133.26,2.303154,2026-05-08 22:29:05.841000+00:00,sell,2026-05-08T23:14:50.683360+00:00,match,209893.93230204,-1.8131139189306968,1.2416484627228277,False
coinbase,BTC-USD,185823220,97842.27,0.260365,2026-05-08 22:29:12.001000+00:00,buy,2026-05-08T23:14:50.675842+00:00,match,25474.702628550003,0.6431900311653215,-1.4635837999447907,False
coinbase,BTC-USD,185824574,96067.21,1.832632,2026-05-08 22:29:13.311000+00:00,buy,2026-05-08T23:14:50.680032+00:00,match,176055.84319672,-0.01358163608693505,0.7515401298342911,False
coinbase,BTC-USD,185825094,92962.6,1.123829,2026-05-08 22:29:14.277000+00:00,buy,2026-05-08T23:14:50.681622+00:00,match,104474.0657954,-1.138701847787919,-0.3053335705759831,False
coinbase,BTC-USD,185824926,94309.39,0.687485,2026-05-08 22:29:15.489000+00:00,buy,2026-05-08T23:14:50.681102+00:00,match,64836.29098415,-0.6422308802806231,-0.8723283199753054,False
coinbase,BTC-USD,185825416,91002.38,1.083645,2026-05-08 22:29:15.825000+00:00,buy,2026-05-08T23:14:50.682593+00:00,match,98614.2740751,-1.7984720809117207,-0.37619356216222927,False
coinbase,BTC-USD,185824668,95635.63,1.624457,2026-05-08 22:29:16.977000+00:00,sell,2026-05-08T23:14:50.680325+00:00,match,155355.96860291,-0.11798909287453066,0.4624407090801192,False
coinbase,BTC-USD,185826500,93810.24,1.361759,2026-05-08 22:29:17.329000+00:00,sell,2026-05-08T23:14:50.685972+00:00,match,127746.93861216,-0.7916388774809139,0.04733493661571949,False
coinbase,BTC-USD,185823126,98491.62,2.152049,2026-05-08 22:29:17.469000+00:00,sell,2026-05-08T23:14:50.675532+00:00,match,211958.79232937997,0.9006171561084071,1.2677202935305085,False
coinbase,BTC-USD,185826686,94667.53,0.648467,2026-05-08 22:29:18.295000+00:00,buy,2026-05-08T23:14:50.686551+00:00,match,61388.76917651,-0.4967652665288014,-0.9562581565252766,False
coinbase,BTC-USD,185823666,99920.04,0.554795,2026-05-08 22:29:20.949000+00:00,buy,2026-05-08T23:14:50.677263+00:00,match,55435.1385918,1.4229557708722105,-1.0238474830203428,False
coinbase,BTC-USD,185824370,97626.57,0.926265,2026-05-08 22:29:21.983000+00:00,sell,2026-05-08T23:14:50.679411+00:00,match,90428.07486105,0.5842787508978837,-0.5169665553441445,False
coinbase,BTC-USD,185824888,94907.77,1.146702,2026-05-08 22:29:22.225000+00:00,sell,2026-05-08T23:14:50.680989+00:00,match,108830.92967454002,-0.40424972526929753,-0.25463259181434245,False
coinbase,BTC-USD,185824086,97563.0,1.223405,2026-05-08 22:29:24.501000+00:00,buy,2026-05-08T23:14:50.678525+00:00,match,119359.062015,0.5719892535554068,-0.0917281205785503,False
coinbase,BTC-USD,185827410,95163.8,1.382237,2026-05-08 22:29:25.323000+00:00,buy,2026-05-08T23:14:50.688795+00:00,match,131538.9254206,-0.2959547471030553,0.07822327105780202,False
coinbase,BTC-USD,185823804,99073.21,1.760914,2026-05-08 22:29:27.633000+00:00,buy,2026-05-08T23:14:50.677681+00:00,match,174459.40251394003,1.1277121267023849,0.721650380470624,False
coinbase,BTC-USD,185823328,96903.94,0.289563,2026-05-08 22:29:29.117000+00:00,sell,2026-05-08T23:14:50.676197+00:00,match,28059.79557822,0.3340650389284163,-1.4431921164237704,False
coinbase,BTC-USD,185825242,93077.81,0.995283,2026-05-08 22:29:33.633000+00:00,sell,2026-05-08T23:14:50.682073+00:00,match,92638.76197023,-1.0968541879075413,-0.4707947056684153,False
coinbase,BTC-USD,185827292,94981.31,0.848762,2026-05-08 22:29:33.953000+00:00,buy,2026-05-08T23:14:50.688441+00:00,match,80616.52663822,-0.38530027625847396,-0.6717759192312631,False
coinbase,BTC-USD,185826358,92469.65,0.652084,2026-05-08 22:29:34.577000+00:00,buy,2026-05-08T23:14:50.685511+00:00,match,60297.979250599994,-1.296817841705511,-0.9621741350170733,False
coinbase,BTC-USD,185826562,94523.58,0.411137,2026-05-08 22:29:34.623000+00:00,sell,2026-05-08T23:14:50.686165+00:00,match,38862.14111046,-0.5160816038501305,-1.2648197960037129,False
coinbase,BTC-USD,185825402,91343.48,0.704357,2026-05-08 22:29:41.693000+00:00,sell,2026-05-08T23:14:50.682551+00:00,match,64338.41954236,-1.665750699990246,-0.8794903403063089,False
coinbase,BTC-USD,185823044,99022.08,0.620653,2026-05-08 22:29:42.425000+00:00,sell,2026-05-08T23:14:50.675281+00:00,match,61458.35101824,1.1608049641435025,-0.9214271653320185,False
coinbase,BTC-USD,185823738,99124.09,0.99516,2026-05-08 22:29:43.071000+00:00,sell,2026-05-08T23:14:50.677483+00:00,match,98644.3294044,1.1971246566959701,-0.3509986007962364,False
coinbase,BTC-USD,185825076,93041.7,2.267655,2026-05-08 22:29:43.113000+00:00,sell,2026-05-08T23:14:50.681567+00:00,match,210986.4762135,-1.0571381799153359,1.3473383658855935,False
coinbase,BTC-USD,185825302,92287.42,1.409193,2026-05-08 22:29:43.683000+00:00,sell,2026-05-08T23:14:50.682275+00:00,match,130050.78625206,-1.315232756810941,0.10402111674381474,False
coinbase,BTC-USD,185825102,92675.9,2.249399,2026-05-08 22:29:43.753000+00:00,buy,2026-05-08T23:14:50.681648+00:00,match,208465.0767841,-1.1718535032814499,1.2868220153708467,False
coinbase,BTC-USD,185824168,98372.45,2.210865,2026-05-08 22:29:44.477000+00:00,buy,2026-05-08T23:14:50.678781+00:00,match,217488.20666925,0.9297020960558853,1.4187750837014914,False
coinbase,BTC-USD,185825198,92683.52,2.474835,2026-05-08 22:29:44.979000+00:00,sell,2026-05-08T23:14:50.681935+00:00,match,229376.41921920003,-1.146101913931464,1.595668745869324,False
coinbase,BTC-USD,185823852,99102.08,1.82826,2026-05-08 22:29:46.353000+00:00,sell,2026-05-08T23:14:50.677833+00:00,match,181184.3687808,1.2150372900811217,0.8784385055259224,False
coinbase,BTC-USD,185823520,97852.96,0.657804,2026-05-08 22:29:47.045000+00:00,buy,2026-05-08T23:14:50.676802+00:00,match,64368.06849984001,0.7395752081731887,-0.9022307063372396,False
coinbase,BTC-USD,185823434,97487.03,1.127869,2026-05-08 22:29:47.989000+00:00,sell,2026-05-08T23:14:50.676541+00:00,match,109952.59903907,0.6070375796442693,-0.21217323509784192,False
coinbase,BTC-USD,185826168,93226.42,1.231672,2026-05-08 22:29:48.357000+00:00,buy,2026-05-08T23:14:50.684915+00:00,match,114824.37117424,-0.9471421225353748,-0.13780539856975574,False
coinbase,BTC-USD,185823142,98067.92,0.657448,2026-05-08 22:29:48.573000+00:00,buy,2026-05-08T23:14:50.675583+00:00,match,64474.55786816,0.8389109492463158,-0.9038330204768642,False
coinbase,BTC-USD,185824642,95670.62,1.490429,2026-05-08 22:29:49.363000+00:00,sell,2026-05-08T23:14:50.680242+00:00,match,142590.26649598,-0.04075300692143103,0.30190094113163407,False
coinbase,BTC-USD,185825122,92630.6,1.067141,2026-05-08 22:29:50.393000+00:00,buy,2026-05-08T23:14:50.681711+00:00,match,98849.9111146,-1.141500458501431,-0.367407768018914,False
coinbase,BTC-USD,185823688,99558.2,0.870835,2026-05-08 22:29:51.529000+00:00,sell,2026-05-08T23:14:50.677335+00:00,match,86698.765097,1.3900676174984958,-0.5406285317340302,False
coinbase,BTC-USD,185823070,99173.73,1.343494,2026-05-08 22:29:52.791000+00:00,buy,2026-05-08T23:14:50.675358+00:00,match,133239.31121262,1.2384614076702483,0.17618826746701133,False
coinbase,BTC-USD,185823556,97907.02,0.251959,2026-05-08 22:29:54.433000+00:00,sell,2026-05-08T23:14:50.676919+00:00,match,24668.55485218,0.7773632797388095,-1.4913079594110576,False
coinbase,BTC-USD,185827068,95184.36,0.56069,2026-05-08 22:29:58.593000+00:00,buy,2026-05-08T23:14:50.687745+00:00,match,53368.918808400005,-0.21179852657153903,-1.0690430550510204,False
coinbase,BTC-USD,185826228,93085.65,0.890712,2026-05-08 22:29:58.881000+00:00,sell,2026-05-08T23:14:50.685102+00:00,match,82912.50548279998,-0.96383650254702,-0.5930581600053658,False
coinbase,BTC-USD,185824426,96772.52,0.614986,2026-05-08 22:29:58.987000+00:00,buy,2026-05-08T23:14:50.679581+00:00,match,59513.74498472,0.37425402403463776,-0.9449889722110796,False
coinbase,BTC-USD,185823032,99295.18,1.508068,2026-05-08 22:30:03.933000+00:00,buy,2026-05-08T23:14:50.675224+00:00,match,149743.88351224,1.2813615323780556,0.47195418728087185,False
coinbase,BTC-USD,185824424,96671.73,0.074311,2026-05-08 22:30:06.133000+00:00,sell,2026-05-08T23:14:50.679576+00:00,match,7183.77292803,0.30797683479318544,-1.745557383601045,False
coinbase,BTC-USD,185823048,99144.63,0.977896,2026-05-08 22:30:07.149000+00:00,buy,2026-05-08T23:14:50.675297+00:00,match,96953.13709848,1.1988563569013273,-0.3513431326320397,False
coinbase,BTC-USD,185823038,99099.81,0.728399,2026-05-08 22:30:09.641000+00:00,buy,2026-05-08T23:14:50.675260+00:00,match,72184.20250419,1.1584915399421258,-0.7259904129386944,False
coinbase,BTC-USD,185827250,95095.47,1.523749,2026-05-08 22:30:09.893000+00:00,sell,2026-05-08T23:14:50.688307+00:00,match,144901.62731703,-0.3077510916036434,0.43858556403311216,False
coinbase,BTC-USD,185827284,94817.19,0.740083,2026-05-08 22:30:11.481000+00:00,buy,2026-05-08T23:14:50.688414+00:00,match,70172.59042677001,-0.403852358049822,-0.7631844735796038,False
coinbase,BTC-USD,185823348,96814.24,1.000686,2026-05-08 22:30:11.697000+00:00,sell,2026-05-08T23:14:50.676265+00:00,match,96880.65456864,0.3325344721362485,-0.32617492434057194,False
coinbase,BTC-USD,185823790,99437.8,0.929022,2026-05-08 22:30:12.555000+00:00,buy,2026-05-08T23:14:50.677634+00:00,match,92379.9038316,1.2953981884875854,-0.3989222721118762,False
coinbase,BTC-USD,185823054,99178.31,1.61996,2026-05-08 22:30:12.585000+00:00,buy,2026-05-08T23:14:50.675315+00:00,match,160664.8950676,1.177243864302391,0.7071473583218556,False
coinbase,BTC-USD,185826806,94973.52,0.176052,2026-05-08 22:30:13.413000+00:00,sell,2026-05-08T23:14:50.686914+00:00,match,16720.27814304,-0.35884039719019023,-1.593383111405243,False
coinbase,BTC-USD,185823862,99195.72,1.56083,2026-05-08 22:30:14.323000+00:00,sell,2026-05-08T23:14:50.677865+00:00,match,154827.65564759998,1.1937277874165504,0.6767245590095128,False
coinbase,BTC-USD,185823062,99057.86,0.284976,2026-05-08 22:30:15.623000+00:00,sell,2026-05-08T23:14:50.675337+00:00,match,28229.11271136,1.144395970343497,-1.3989422506735865,False
coinbase,BTC-USD,185823674,99686.86,0.139901,2026-05-08 22:30:16.981000+00:00,sell,2026-05-08T23:14:50.677290+00:00,match,13946.29140086,1.3535359376642369,-1.6006994445907665,False
coinbase,BTC-USD,185824196,98365.44,0.371637,2026-05-08 22:30:18.353000+00:00,buy,2026-05-08T23:14:50.678868+00:00,match,36556.23702528,0.8783371068019151,-1.2112300072385125,False
coinbase,BTC-USD,185823066,99215.41,1.475462,2026-05-08 22:30:23.277000+00:00,buy,2026-05-08T23:14:50.675348+00:00,match,146388.56726942002,1.1933725104175572,0.5450659412287675,False
coinbase,BTC-USD,185824498,96253.08,1.864919,2026-05-08 22:30:25.201000+00:00,sell,2026-05-08T23:14:50.679797+00:00,match,179504.19770052002,0.09344148037149262,1.074434078201312,False
coinbase,BTC-USD,185827070,95236.52,2.032405,2026-05-08 22:30:26.931000+00:00,sell,2026-05-08T23:14:50.687752+00:00,match,193559.1794306,-0.3016636642311938,1.2800720417518527,False
coinbase,BTC-USD,185823276,97046.23,2.058783,2026-05-08 22:30:27.249000+00:00,sell,2026-05-08T23:14:50.676031+00:00,match,199797.12853809,0.36842235284929215,1.352495622008806,False
coinbase,BTC-USD,185823788,99325.45,0.2922,2026-05-08 22:30:27.729000+00:00,sell,2026-05-08T23:14:50.677627+00:00,match,29022.89649,1.2004011860821737,-1.315980569897115,False
coinbase,BTC-USD,185823116,98910.22,1.806108,2026-05-08 22:30:31.217000+00:00,buy,2026-05-08T23:14:50.675498+00:00,match,178642.53962376,1.0248071325016395,1.0570205128352574,False
coinbase,BTC-USD,185825292,92469.12,2.317706,2026-05-08 22:30:32.433000+00:00,buy,2026-05-08T23:14:50.682243+00:00,match,214316.23423872,-1.3961109564111855,1.5868956717769531,False
coinbase,BTC-USD,185826242,92995.62,0.213155,2026-05-08 22:30:32.853000+00:00,buy,2026-05-08T23:14:50.685147+00:00,match,19822.4813811,-1.1748342794654387,-1.4541644429915241,False
coinbase,BTC-USD,185823858,99036.45,2.401457,2026-05-08 22:30:34.911000+00:00,sell,2026-05-08T23:14:50.677852+00:00,match,237831.77610765,1.095833638400675,1.9052748512085296,False
coinbase,BTC-USD,185823052,99074.52,0.244148,2026-05-08 22:30:35.313000+00:00,sell,2026-05-08T23:14:50.675309+00:00,match,24188.84590896,1.0884625710168825,-1.3521373676248671,False
coinbase,BTC-USD,185825214,92670.54,1.666117,2026-05-08 22:30:37.749000+00:00,buy,2026-05-08T23:14:50.681986+00:00,match,154399.96209318,-1.2806872723353007,0.6422836244162308,False
coinbase,BTC-USD,185824130,97880.96,0.479871,2026-05-08 22:30:39.009000+00:00,sell,2026-05-08T23:14:50.678667+00:00,match,46970.23415616,0.6410210356286393,-1.0180874952048677,False
coinbase,BTC-USD,185823490,98188.93,1.29165,2026-05-08 22:30:39.313000+00:00,buy,2026-05-08T23:14:50.676713+00:00,match,126825.7314345,0.752854174006907,0.22087558098664942,False
coinbase,BTC-USD,185823226,97698.92,0.946844,2026-05-08 22:30:41.425000+00:00,sell,2026-05-08T23:14:50.675861+00:00,match,92505.63620848,0.5556792953781864,-0.305409813516696,False
coinbase,BTC-USD,185826920,95681.5,0.756884,2026-05-08 22:30:41.861000+00:00,buy,2026-05-08T23:14:50.687272+00:00,match,72419.796446,-0.19652322624104637,-0.6338071221024533,False
coinbase,BTC-USD,185826584,94814.67,1.924421,2026-05-08 22:30:41.889000+00:00,buy,2026-05-08T23:14:50.686234+00:00,match,182463.34205607,-0.5096813327784399,1.0947886989016846,False
coinbase,BTC-USD,185823514,97990.61,1.935509,2026-05-08 22:30:43.903000+00:00,buy,2026-05-08T23:14:50.676782+00:00,match,189661.70757049,0.6763786471055928,1.2036543161424815,False
coinbase,BTC-USD,185823562,98235.45,1.388395,2026-05-08 22:30:45.173000+00:00,buy,2026-05-08T23:14:50.676937+00:00,match,136389.60760275,0.7537364313067428,0.3739048588398051,False
coinbase,BTC-USD,185823430,97649.43,1.756887,2026-05-08 22:30:48.611000+00:00,buy,2026-05-08T23:14:50.676530+00:00,match,171559.01412441,0.519736227030649,0.9355527673373448,False
coinbase,BTC-USD,185826690,94544.36,1.803897,2026-05-08 22:30:48.945000+00:00,sell,2026-05-08T23:14:50.686562+00:00,match,170548.28737092,-0.6630960456573198,0.9182946294624938,False
coinbase,BTC-USD,185827230,95520.57,0.643569,2026-05-08 22:30:49.455000+00:00,sell,2026-05-08T23:14:50.688249+00:00,match,61474.07771433,-0.29171177739046555,-0.7872058224067882,False
coinbase,BTC-USD,185825816,91686.35,2.259139,2026-05-08 22:30:50.601000+00:00,buy,2026-05-08T23:14:50.683753+00:00,match,207132.20905265,-1.7148798465361406,1.5152474081297693,False
coinbase,BTC-USD,185824146,98072.11,1.187188,2026-05-08 22:30:51.309000+00:00,sell,2026-05-08T23:14:50.678717+00:00,match,116430.03212668,0.6671612569389919,0.07401904277314855,False
coinbase,BTC-USD,185825568,91009.69,0.951324,2026-05-08 22:30:53.253000+00:00,buy,2026-05-08T23:14:50.683053+00:00,match,86579.70232956,-1.919186795405278,-0.38715391101401514,False
coinbase,BTC-USD,185823298,97275.98,1.679704,2026-05-08 22:30:54.641000+00:00,sell,2026-05-08T23:14:50.676101+00:00,match,163394.85270992,0.3668782232854151,0.8173699012174275,False
coinbase,BTC-USD,185824614,95686.41,1.47519,2026-05-08 22:30:55.149000+00:00,sell,2026-05-08T23:14:50.680152+00:00,match,141155.6351679,-0.2225780930026885,0.4841217296657395,False
coinbase,BTC-USD,185823124,98600.48,0.60278,2026-05-08 22:30:56.145000+00:00,buy,2026-05-08T23:14:50.675526+00:00,match,59434.3973344,0.8767777232453028,-0.8350762996788798,False
coinbase,BTC-USD,185825708,91180.53,2.322073,2026-05-08 22:30:59.697000+00:00,sell,2026-05-08T23:14:50.683447+00:00,match,211727.84683869,-1.8646725546165697,1.5910850012377733,False
coinbase,BTC-USD,185824770,94848.19,2.413072,2026-05-08 22:30:59.811000+00:00,sell,2026-05-08T23:14:50.680632+00:00,match,228875.51153968,-0.4911945494795374,1.847571227178839,False
coinbase,BTC-USD,185823506,98057.71,2.191928,2026-05-08 22:30:59.957000+00:00,sell,2026-05-08T23:14:50.676756+00:00,match,214935.44016488,0.7104183118695063,1.6039719652530564,False
coinbase,BTC-USD,185824778,94974.8,2.039013,2026-05-08 22:31:00.733000+00:00,buy,2026-05-08T23:14:50.680656+00:00,match,193654.85187240003,-0.4638021038196737,1.2412710455926712,False
coinbase,BTC-USD,185824856,94616.81,1.137074,2026-05-08 22:31:00.941000+00:00,sell,2026-05-08T23:14:50.680891+00:00,match,107586.31461394,-0.5852767726449498,-0.1307853872346525,False
coinbase,BTC-USD,185826758,95430.2,0.950687,2026-05-08 22:31:04.177000+00:00,sell,2026-05-08T23:14:50.686773+00:00,match,90724.2505474,-0.29487135085537,-0.4071688281608632,False
coinbase,BTC-USD,185826322,92459.19,0.410819,2026-05-08 22:31:04.263000+00:00,buy,2026-05-08T23:14:50.685395+00:00,match,37983.99197661,-1.4236182769678618,-1.2279839477430414,False
coinbase,BTC-USD,185824730,95224.89,1.255885,2026-05-08 22:31:06.551000+00:00,buy,2026-05-08T23:14:50.680511+00:00,match,119591.51097765,-0.34645822334998577,0.0563595794611103,False
coinbase,BTC-USD,185824480,96710.8,0.972543,2026-05-08 22:31:06.769000+00:00,buy,2026-05-08T23:14:50.679742+00:00,match,94055.4115644,0.22767373042364678,-0.33659055965244644,False
coinbase,BTC-USD,185823218,97801.3,1.927099,2026-05-08 22:31:07.545000+00:00,buy,2026-05-08T23:14:50.675837+00:00,match,188472.7874287,0.6519487013353059,1.1565469361837464,False
coinbase,BTC-USD,185824780,94838.33,0.40738,2026-05-08 22:31:08.657000+00:00,sell,2026-05-08T23:14:50.680662+00:00,match,38635.238875400006,-0.5087408015279297,-1.2242421550438434,False
coinbase,BTC-USD,185825724,91069.6,2.338239,2026-05-08 22:31:11.025000+00:00,sell,2026-05-08T23:14:50.683494+00:00,match,212942.49043440004,-1.9319139345351062,1.5375219092268004,False
coinbase,BTC-USD,185824598,95730.98,0.734728,2026-05-08 22:31:12.187000+00:00,buy,2026-05-08T23:14:50.680106+00:00,match,70336.23147344,-0.13638862154390752,-0.723695541164671,False
coinbase,BTC-USD,185824026,98422.2,1.597051,2026-05-08 22:31:13.599000+00:00,sell,2026-05-08T23:14:50.678352+00:00,match,157185.2729322,0.8801577851022017,0.6511616214990431,False
coinbase,BTC-USD,185826006,92889.88,0.828606,2026-05-08 22:31:15.429000+00:00,buy,2026-05-08T23:14:50.684398+00:00,match,76969.11190728,-1.2439535538342494,-0.6111777653028243,False
coinbase,BTC-USD,185823248,97631.92,1.474357,2026-05-08 22:31:19.661000+00:00,buy,2026-05-08T23:14:50.675935+00:00,match,143944.30467543998,0.587321723967195,0.4412939560268682,False
coinbase,BTC-USD,185825976,93072.43,1.047498,2026-05-08 22:31:25.029000+00:00,buy,2026-05-08T23:14:50.684315+00:00,match,97493.18428014,-1.1513003587779682,-0.31071005463279666,False
coinbase,BTC-USD,185824540,95834.32,0.353916,2026-05-08 22:31:26.577000+00:00,buy,2026-05-08T23:14:50.679936+00:00,match,33917.29919712,-0.10336869646979678,-1.307750128071465,False
coinbase,BTC-USD,185823134,98346.56,1.908084,2026-05-08 22:31:27.033000+00:00,buy,2026-05-08T23:14:50.675556+00:00,match,187653.49759104,0.8831119188350909,1.1481808163648592,False
coinbase,BTC-USD,185824758,94765.36,0.678808,2026-05-08 22:31:30.069000+00:00,buy,2026-05-08T23:14:50.680596+00:00,match,64327.48449088,-0.5198737697625592,-0.8300989429209511,False
coinbase,BTC-USD,185823778,99356.2,0.284681,2026-05-08 22:31:30.585000+00:00,sell,2026-05-08T23:14:50.677597+00:00,match,28284.8223722,1.2580448862102804,-1.3879974192257691,False
coinbase,BTC-USD,185826986,95835.95,2.495527,2026-05-08 22:31:32.379000+00:00,buy,2026-05-08T23:14:50.687478+00:00,match,239161.20079565,-0.13069274213352983,1.9352537790280322,False
coinbase,BTC-USD,185826704,94396.66,0.996656,2026-05-08 22:31:35.001000+00:00,sell,2026-05-08T23:14:50.686606+00:00,match,94080.99756896,-0.724277346974422,-0.3538957936840718,False
coinbase,BTC-USD,185826764,95466.41,0.294873,2026-05-08 22:31:35.985000+00:00,sell,2026-05-08T23:14:50.686793+00:00,match,28150.46671593,-0.2943379214668524,-1.3637468462919198,False
coinbase,BTC-USD,185824806,94472.6,2.48693,2026-05-08 22:31:40.941000+00:00,sell,2026-05-08T23:14:50.680746+00:00,match,234946.743118,-0.6972122841354889,1.8263615635427144,False
coinbase,BTC-USD,185825306,92303.32,2.008404,2026-05-08 22:31:43.573000+00:00,buy,2026-05-08T23:14:50.682287+00:00,match,185382.35710128,-1.532474553737924,1.0730946604520817,False
coinbase,BTC-USD,185824916,94504.92,1.59072,2026-05-08 22:31:44.793000+00:00,sell,2026-05-08T23:14:50.681069+00:00,match,150330.8663424,-0.6532989578983034,0.5180716306399947,False
coinbase,BTC-USD,185826112,92352.92,1.137415,2026-05-08 22:31:48.173000+00:00,buy,2026-05-08T23:14:50.684716+00:00,match,105043.5965018,-1.481809153971513,-0.1929422254576865,False
coinbase,BTC-USD,185827280,94833.48,0.526602,2026-05-08 22:31:52.953000+00:00,buy,2026-05-08T23:14:50.688401+00:00,match,49939.50023496,-0.4815344287914116,-1.0403466522252462,False
coinbase,BTC-USD,185826656,94910.97,1.426333,2026-05-08 22:31:53.477000+00:00,buy,2026-05-08T23:14:50.686449+00:00,match,135374.64857301,-0.4506139638617369,0.2804129937213337,False
coinbase,BTC-USD,185823922,99189.58,1.58169,2026-05-08 22:31:55.963000+00:00,buy,2026-05-08T23:14:50.678041+00:00,match,156887.16679020002,1.24346682615044,0.6069731397496402,False
coinbase,BTC-USD,185824008,98489.75,0.738963,2026-05-08 22:31:56.901000+00:00,buy,2026-05-08T23:14:50.678303+00:00,match,72780.28112925,0.9487887868677498,-0.6839615847941135,False
coinbase,BTC-USD,185824832,94492.73,0.547344,2026-05-08 22:32:01.593000+00:00,buy,2026-05-08T23:14:50.680827+00:00,match,51720.028809120005,-0.616090243562933,-0.9892165666925079,False
coinbase,BTC-USD,185824032,98220.79,1.664817,2026-05-08 22:32:05.853000+00:00,sell,2026-05-08T23:14:50.678369+00:00,match,163519.64094543,0.8571320864291644,0.7193477490113706,False
coinbase,BTC-USD,185824064,98133.54,1.789558,2026-05-08 22:32:06.477000+00:00,buy,2026-05-08T23:14:50.678464+00:00,match,175615.66157531997,0.8056326019273788,0.8913526388263002,False
coinbase,BTC-USD,185824028,98333.4,2.080726,2026-05-08 22:32:08.145000+00:00,sell,2026-05-08T23:14:50.678358+00:00,match,204604.8620484,0.8692853286254811,1.3114977325510673,False
coinbase,BTC-USD,185825468,91154.99,1.641377,2026-05-08 22:32:09.713000+00:00,buy,2026-05-08T23:14:50.682758+00:00,match,149619.70402123002,-1.9537476972469758,0.45412148214945564,False
coinbase,BTC-USD,185823624,98856.25,1.461784,2026-05-08 22:32:12.993000+00:00,buy,2026-05-08T23:14:50.677140+00:00,match,144506.48455,1.0512899170178764,0.3616701169097302,False
coinbase,BTC-USD,185823326,97035.45,0.639547,2026-05-08 22:32:17.203000+00:00,buy,2026-05-08T23:14:50.676189+00:00,match,62058.730941149995,0.3219505394494905,-0.9183008483706451,False
coinbase,BTC-USD,185824934,94201.81,0.02545,2026-05-08 22:32:17.303000+00:00,buy,2026-05-08T23:14:50.681129+00:00,match,2397.4360645,-0.790838338713571,-1.8124722255302976,False
coinbase,BTC-USD,185824400,97245.43,1.879933,2026-05-08 22:32:18.349000+00:00,buy,2026-05-08T23:14:50.679505+00:00,match,182814.89295619,0.4363995940436994,0.9371946871600225,False
coinbase,BTC-USD,185825988,93188.76,1.131553,2026-05-08 22:32:18.441000+00:00,sell,2026-05-08T23:14:50.684351+00:00,match,105448.02094428,-1.197214408841587,-0.2304199115921769,False
coinbase,BTC-USD,185824670,95761.92,0.358196,2026-05-08 22:32:25.159000+00:00,buy,2026-05-08T23:14:50.680331+00:00,match,34301.53669632,-0.17735731269180954,-1.3012240729772162,False
coinbase,BTC-USD,185826924,95802.39,0.727039,2026-05-08 22:32:26.481000+00:00,buy,2026-05-08T23:14:50.687285+00:00,match,69652.07382321,-0.17543127176274878,-0.7446775948818484,False
coinbase,BTC-USD,185823182,97392.17,0.494456,2026-05-08 22:32:27.113000+00:00,sell,2026-05-08T23:14:50.675721+00:00,match,48156.14280952,0.48486938053311096,-1.0560787598221475,False
coinbase,BTC-USD,185824602,95670.76,0.60233,2026-05-08 22:32:28.443000+00:00,buy,2026-05-08T23:14:50.680117+00:00,match,57625.3688708,-0.24115695709923768,-0.8933190069486994,False
coinbase,BTC-USD,185825326,92177.27,0.07219,2026-05-08 22:32:28.455000+00:00,buy,2026-05-08T23:14:50.682345+00:00,match,6654.2771213000005,-1.6593645042331442,-1.6505073618219326,False
coinbase,BTC-USD,185825700,91248.4,1.910937,2026-05-08 22:32:32.697000+00:00,sell,2026-05-08T23:14:50.683424+00:00,match,174369.9437508,-1.9812091593554295,0.9365203836226479,False
coinbase,BTC-USD,185823576,98665.71,2.321424,2026-05-08 22:32:33.405000+00:00,sell,2026-05-08T23:14:50.676988+00:00,match,229044.94717104,1.0308526310664985,1.7387069680762526,False
coinbase,BTC-USD,185825466,91191.52,0.31023,2026-05-08 22:32:33.465000+00:00,sell,2026-05-08T23:14:50.682752+00:00,match,28290.345249600003,-1.967370965014769,-1.3022719974163615,False
coinbase,BTC-USD,185826330,92404.02,2.232262,2026-05-08 22:32:36.369000+00:00,buy,2026-05-08T23:14:50.685421+00:00,match,206269.98249324,-1.44802974256641,1.3614116364874254,False
coinbase,BTC-USD,185823188,97345.33,1.542481,2026-05-08 22:32:37.673000+00:00,sell,2026-05-08T23:14:50.675738+00:00,match,150153.32196373,0.5083556558861183,0.51613846701952,False
coinbase,BTC-USD,185826604,94654.51,0.455454,2026-05-08 22:32:39.633000+00:00,sell,2026-05-08T23:14:50.686299+00:00,match,43110.77519754,-0.5722087293692636,-1.0782107664018714,False
coinbase,BTC-USD,185823996,98361.07,1.418172,2026-05-08 22:32:43.041000+00:00,buy,2026-05-08T23:14:50.678264+00:00,match,139492.91536404,0.9205843123313278,0.35445827218806586,False
coinbase,BTC-USD,185824892,94708.35,1.864294,2026-05-08 22:32:46.993000+00:00,sell,2026-05-08T23:14:50.681000+00:00,match,176564.2086549,-0.5344706232238414,0.8987685722318068,False
coinbase,BTC-USD,185823138,98158.98,1.769781,2026-05-08 22:32:49.509000+00:00,buy,2026-05-08T23:14:50.675569+00:00,match,173719.89778338,0.8611338558992392,0.8392038387947328,False
coinbase,BTC-USD,185823816,98848.22,1.188388,2026-05-08 22:32:50.349000+00:00,sell,2026-05-08T23:14:50.677719+00:00,match,117470.03846936,1.1186495878700535,-0.01320820497463424,False
coinbase,BTC-USD,185826630,94958.56,2.203909,2026-05-08 22:32:50.481000+00:00,sell,2026-05-08T23:14:50.686379+00:00,match,209280.02501104,-0.45643718343236955,1.3393830544444836,False
coinbase,BTC-USD,185825428,90833.97,2.056589,2026-05-08 22:32:56.433000+00:00,sell,2026-05-08T23:14:50.682638+00:00,match,186808.14352833,-2.05704125715274,0.9838849917344032,False
coinbase,BTC-USD,185823680,99625.97,0.724529,2026-05-08 22:32:57.349000+00:00,buy,2026-05-08T23:14:50.677310+00:00,match,72181.90441813,1.4219536996570488,-0.7140934090034904,False
coinbase,BTC-USD,185824202,98433.03,1.874867,2026-05-08 22:32:58.993000+00:00,buy,2026-05-08T23:14:50.678894+00:00,match,184548.83965701,0.9393192694770224,0.9431931845462111,False
coinbase,BTC-USD,185827036,95242.68,1.11235,2026-05-08 22:33:01.937000+00:00,sell,2026-05-08T23:14:50.687643+00:00,match,105943.19509799998,-0.303765465798335,-0.24135014868450533,False
coinbase,BTC-USD,185826216,93218.54,1.380943,2026-05-08 22:33:02.421000+00:00,buy,2026-05-08T23:14:50.685069+00:00,match,128729.49028322,-1.0850598255915,0.09349961147625489,False
coinbase,BTC-USD,185824128,97994.57,0.66741,2026-05-08 22:33:03.765000+00:00,buy,2026-05-08T23:14:50.678660+00:00,match,65402.5559637,0.7986953947704607,-0.8480966611610463,False
coinbase,BTC-USD,185824298,98285.56,2.103974,2026-05-08 22:33:06.439000+00:00,sell,2026-05-08T23:14:50.679193+00:00,match,206790.26281544,0.8975113765289197,1.253400327240883,False
coinbase,BTC-USD,185823492,98105.44,1.516354,2026-05-08 22:33:06.873000+00:00,sell,2026-05-08T23:14:50.676719+00:00,match,148762.57636576,0.8188653812230321,0.3765031330441483,False
coinbase,BTC-USD,185826184,93322.03,0.146964,2026-05-08 22:33:08.325000+00:00,buy,2026-05-08T23:14:50.684964+00:00,match,13714.97881692,-1.0448914387703314,-1.6145351662428251,False
coinbase,BTC-USD,185824618,95590.09,2.35723,2026-05-08 22:33:09.261000+00:00,sell,2026-05-08T23:14:50.680165+00:00,match,225327.8278507,-0.13520826470373631,1.4919238340750876,False
coinbase,BTC-USD,185824166,98241.37,2.066939,2026-05-08 22:33:10.431000+00:00,buy,2026-05-08T23:14:50.678775+00:00,match,203058.91906643,0.9053633721988423,1.1451354679959114,False
coinbase,BTC-USD,185823682,99640.36,0.656469,2026-05-08 22:33:10.493000+00:00,sell,2026-05-08T23:14:50.677316+00:00,match,65410.80748884,1.455715906961544,-0.8676092546656505,False
coinbase,BTC-USD,185824252,97645.92,1.383184,2026-05-08 22:33:10.993000+00:00,sell,2026-05-08T23:14:50.679049+00:00,match,135062.27420928,0.6746773382419686,0.14157635900138654,False
coinbase,BTC-USD,185823262,97562.59,1.214013,2026-05-08 22:33:13.123000+00:00,sell,2026-05-08T23:14:50.675984+00:00,match,118442.25257367,0.6559643615675141,-0.12236708133596468,False
coinbase,BTC-USD,185825630,91384.61,1.025998,2026-05-08 22:33:17.665000+00:00,sell,2026-05-08T23:14:50.683233+00:00,match,93760.42709078,-1.7792970729701998,-0.5066898268243496,False
coinbase,BTC-USD,185823982,98688.95,1.902239,2026-05-08 22:33:19.093000+00:00,sell,2026-05-08T23:14:50.678219+00:00,match,187729.96955905,1.1289196263907764,0.9099041512177686,False
coinbase,BTC-USD,185825212,92552.67,1.097348,2026-05-08 22:33:19.473000+00:00,sell,2026-05-08T23:14:50.681980+00:00,match,101562.48731916,-1.290682006276417,-0.38217586908161383,False
coinbase,BTC-USD,185823712,99549.66,0.854531,2026-05-08 22:33:20.873000+00:00,buy,2026-05-08T23:14:50.677411+00:00,match,85068.27050946001,1.4419638504348968,-0.6177817838686179,False
coinbase,BTC-USD,185824616,95692.08,1.504084,2026-05-08 22:33:21.489000+00:00,buy,2026-05-08T23:14:50.680159+00:00,match,143928.92645472,-0.06126935731480318,0.2876021185209416,False
coinbase,BTC-USD,185823536,97945.56,1.893707,2026-05-08 22:33:22.309000+00:00,sell,2026-05-08T23:14:50.676854+00:00,match,185480.19259092,0.8312536895860211,0.9057064771784967,False
coinbase,BTC-USD,185825822,91920.76,0.172318,2026-05-08 22:33:22.333000+00:00,sell,2026-05-08T23:14:50.683769+00:00,match,15839.60152168,-1.5075553022638835,-1.6644501413636454,False
coinbase,BTC-USD,185824704,95528.22,0.733933,2026-05-08 22:33:24.585000+00:00,buy,2026-05-08T23:14:50.680436+00:00,match,70111.31308926,-0.10571506019715694,-0.8204497445769282,False
coinbase,BTC-USD,185827214,95754.24,2.212045,2026-05-08 22:33:24.737000+00:00,sell,2026-05-08T23:14:50.688204+00:00,match,211812.6878208,-0.02739989410073248,1.3278648979553358,False
coinbase,BTC-USD,185824608,95582.1,1.729492,2026-05-08 22:33:26.241000+00:00,buy,2026-05-08T23:14:50.680134+00:00,match,165308.4772932,-0.0828588512043208,0.6316335563950909,False
coinbase,BTC-USD,185823908,99374.81,2.13337,2026-05-08 22:33:26.689000+00:00,buy,2026-05-08T23:14:50.677999+00:00,match,212003.2384097,1.4358424075224971,1.3355492827662463,False
coinbase,BTC-USD,185823180,97247.13,1.001514,2026-05-08 22:33:28.113000+00:00,buy,2026-05-08T23:14:50.675715+00:00,match,97394.36215482,0.5685494577299266,-0.4498591626823948,False
coinbase,BTC-USD,185825284,92585.34,1.870397,2026-05-08 22:33:30.753000+00:00,buy,2026-05-08T23:14:50.682220+00:00,match,173171.34217998,-1.283649655312868,0.7204609561116101,False
coinbase,BTC-USD,185823424,97660.84,0.707144,2026-05-08 22:33:31.969000+00:00,sell,2026-05-08T23:14:50.676513+00:00,match,69060.27704095999,0.7564832076667125,-0.905097034024926,False
coinbase,BTC-USD,185823368,96949.07,0.089676,2026-05-08 22:33:33.017000+00:00,buy,2026-05-08T23:14:50.676326+00:00,match,8694.004801320001,0.47426203547092705,-1.8097037579094364,False
coinbase,BTC-USD,185823394,97139.02,2.234676,2026-05-08 22:33:33.099000+00:00,sell,2026-05-08T23:14:50.676414+00:00,match,217074.23665752,0.5440778634759579,1.3747564950444364,False
coinbase,BTC-USD,185823600,98709.58,2.205417,2026-05-08 22:33:33.333000+00:00,sell,2026-05-08T23:14:50.677065+00:00,match,217695.78579486,1.153039791924028,1.3705966302096388,False
coinbase,BTC-USD,185826338,92459.6,2.186824,2026-05-08 22:33:33.509000+00:00,buy,2026-05-08T23:14:50.685446+00:00,match,202192.8723104,-1.3164972362438894,1.1301270831395216,False
coinbase,BTC-USD,185823240,97279.73,0.517462,2026-05-08 22:33:34.269000+00:00,sell,2026-05-08T23:14:50.675909+00:00,match,50338.563645259994,0.6061712971717642,-1.1588375360362948,False
coinbase,BTC-USD,185824882,94995.18,0.742333,2026-05-08 22:33:36.993000+00:00,sell,2026-05-08T23:14:50.680969+00:00,match,70518.05695494,-0.29533470566049885,-0.8376179288644215,False
coinbase,BTC-USD,185824740,94911.08,1.861912,2026-05-08 22:33:37.425000+00:00,sell,2026-05-08T23:14:50.680541+00:00,match,176716.07878496,-0.33063113430139474,0.763379736791086,False
coinbase,BTC-USD,185824050,97951.11,1.198848,2026-05-08 22:33:37.617000+00:00,sell,2026-05-08T23:14:50.678422+00:00,match,117428.49232128,0.8727303291814718,-0.13972138212220253,False
coinbase,BTC-USD,185825360,91526.93,0.895076,2026-05-08 22:33:39.757000+00:00,sell,2026-05-08T23:14:50.682434+00:00,match,81923.55839667999,-1.685562380527996,-0.6622565233420726,False
coinbase,BTC-USD,185825312,92447.27,2.105494,2026-05-08 22:33:41.673000+00:00,sell,2026-05-08T23:14:50.682303+00:00,match,194647.17230138,-1.2912197828720193,1.037320935567517,False
coinbase,BTC-USD,185825552,91280.39,1.164341,2026-05-08 22:33:44.213000+00:00,sell,2026-05-08T23:14:50.683007+00:00,match,106281.50057299,-1.7584115402102711,-0.30488459726423495,False
coinbase,BTC-USD,185823580,98658.58,1.302387,2026-05-08 22:33:45.969000+00:00,sell,2026-05-08T23:14:50.677001+00:00,match,128491.65203046,1.1615443692827465,0.03743053019091428,False
coinbase,BTC-USD,185826224,93113.99,0.389006,2026-05-08 22:33:46.649000+00:00,buy,2026-05-08T23:14:50.685090+00:00,match,36221.90079394,-1.0148040250365682,-1.3367450389310793,False
coinbase,BTC-USD,185826226,93005.99,1.128284,2026-05-08 22:33:47.245000+00:00,sell,2026-05-08T23:14:50.685096+00:00,match,104937.17042116002,-1.036511971506394,-0.31009231159998274,False
coinbase,BTC-USD,185825068,93218.63,1.590529,2026-05-08 22:33:47.441000+00:00,buy,2026-05-08T23:14:50.681541+00:00,match,148266.93435527,-0.9715715386512529,0.35792518334563767,False
coinbase,BTC-USD,185825128,92496.54,0.316877,2026-05-08 22:33:48.677000+00:00,sell,2026-05-08T23:14:50.681727+00:00,match,29310.02610558,-1.240494674236879,-1.429519730483204,False
coinbase,BTC-USD,185826326,92448.9,0.336374,2026-05-08 22:33:49.647000+00:00,buy,2026-05-08T23:14:50.685408+00:00,match,31097.4062886,-1.233297128254713,-1.374757505285844,False
coinbase,BTC-USD,185823512,97967.79,1.959493,2026-05-08 22:33:52.473000+00:00,buy,2026-05-08T23:14:50.676775+00:00,match,191967.19873046997,0.9253068427059379,1.0867189734845724,False
coinbase,BTC-USD,185823352,96833.07,1.476917,2026-05-08 22:33:52.773000+00:00,sell,2026-05-08T23:14:50.676275+00:00,match,143014.40724519,0.4712412063746896,0.33211123901956374,False
coinbase,BTC-USD,185824678,95422.13,0.942952,2026-05-08 22:33:55.003000+00:00,sell,2026-05-08T23:14:50.680357+00:00,match,89978.48832776,-0.0821016558832306,-0.47901482067674694,False
coinbase,BTC-USD,185824038,98090.91,0.14637,2026-05-08 22:33:55.377000+00:00,sell,2026-05-08T23:14:50.678385+00:00,match,14357.5664967,0.9456989216115635,-1.6234873660248093,False
coinbase,BTC-USD,185825458,90971.5,2.094705,2026-05-08 22:33:55.969000+00:00,buy,2026-05-08T23:14:50.682731+00:00,match,190558.45590749997,-1.8086061642360838,1.0408505678836093,False
coinbase,BTC-USD,185825798,91746.1,0.533863,2026-05-08 22:33:58.527000+00:00,sell,2026-05-08T23:14:50.683701+00:00,match,48979.848184300005,-1.474314800125538,-1.0888807955584043,False
coinbase,BTC-USD,185825516,90987.75,0.386579,2026-05-08 22:33:59.153000+00:00,buy,2026-05-08T23:14:50.682895+00:00,match,35173.95340725,-1.7185308012691005,-1.2697379088515468,False
coinbase,BTC-USD,185823656,99799.1,1.756406,2026-05-08 22:34:00.129000+00:00,buy,2026-05-08T23:14:50.677231+00:00,match,175287.7380346,1.5783724922964781,0.8158397547692573,False
coinbase,BTC-USD,185823976,98711.29,0.20249,2026-05-08 22:34:03.341000+00:00,buy,2026-05-08T23:14:50.678201+00:00,match,19988.0491121,1.1521799244985305,-1.4930145773105996,False
coinbase,BTC-USD,185824960,94057.15,0.800372,2026-05-08 22:34:04.917000+00:00,buy,2026-05-08T23:14:50.681212+00:00,match,75280.70925979999,-0.5941245377537592,-0.6622065981591169,False
coinbase,BTC-USD,185825452,90780.77,2.158609,2026-05-08 22:34:05.873000+00:00,sell,2026-05-08T23:14:50.682715+00:00,match,195960.18714893004,-1.7784465803896414,1.142802768188287,False
coinbase,BTC-USD,185825624,91652.78,1.877785,2026-05-08 22:34:10.205000+00:00,sell,2026-05-08T23:14:50.683214+00:00,match,172104.2154923,-1.4412116263692245,0.7705184584502336,False
coinbase,BTC-USD,185825208,92610.19,0.960231,2026-05-08 22:34:11.013000+00:00,buy,2026-05-08T23:14:50.681968+00:00,match,88927.17535389,-1.0654229069846282,-0.4656331239480225,False
coinbase,BTC-USD,185823938,99344.81,1.956479,2026-05-08 22:34:13.485000+00:00,sell,2026-05-08T23:14:50.678084+00:00,match,194366.03452399,1.3881940985413925,1.090791514098523,False
coinbase,BTC-USD,185823242,97362.87,1.177414,2026-05-08 22:34:15.163000+00:00,sell,2026-05-08T23:14:50.675915+00:00,match,114636.40621818,0.6541602670392113,-0.10801278208616992,False
coinbase,BTC-USD,185823606,98627.59,1.138412,2026-05-08 22:34:17.211000+00:00,sell,2026-05-08T23:14:50.677085+00:00,match,112278.83198708,1.1148408362010112,-0.13272307366786976,False
coinbase,BTC-USD,185823796,99384.96,0.091478,2026-05-08 22:34:17.385000+00:00,buy,2026-05-08T23:14:50.677655+00:00,match,9091.537370880002,1.3624072159312075,-1.6623807601214797,False
coinbase,BTC-USD,185826280,92773.62,1.619944,2026-05-08 22:34:18.809000+00:00,sell,2026-05-08T23:14:50.685259+00:00,match,150288.06907728,-1.013380086635335,0.4294789330127952,False
coinbase,BTC-USD,185823202,97605.14,0.070614,2026-05-08 22:34:23.033000+00:00,sell,2026-05-08T23:14:50.675783+00:00,match,6892.28935596,0.7360259562647365,-1.6957968062036939,False
coinbase,BTC-USD,185823906,99414.97,2.337612,2026-05-08 22:34:23.463000+00:00,sell,2026-05-08T23:14:50.677994+00:00,match,232393.62685164,1.3626897151800557,1.6589057223821755,False
coinbase,BTC-USD,185823214,97755.15,2.42186,2026-05-08 22:34:29.613000+00:00,sell,2026-05-08T23:14:50.675823+00:00,match,236749.287579,0.7551858760646188,1.6843573732475603,False
coinbase,BTC-USD,185825582,91023.47,1.037249,2026-05-08 22:34:29.913000+00:00,sell,2026-05-08T23:14:50.683101+00:00,match,94414.00323403,-1.6260848600434692,-0.40598298059592625,False
coinbase,BTC-USD,185826466,93698.42,2.218218,2026-05-08 22:34:30.387000+00:00,buy,2026-05-08T23:14:50.685860+00:00,match,207843.52181555997,-0.6869281107537244,1.2864351610916394,False
coinbase,BTC-USD,185824690,95564.05,1.06947,2026-05-08 22:34:30.677000+00:00,sell,2026-05-08T23:14:50.680396+00:00,match,102202.8845535,-0.026955835651020662,-0.2844149482412156,False
coinbase,BTC-USD,185825434,90673.23,1.562194,2026-05-08 22:34:32.275000+00:00,sell,2026-05-08T23:14:50.682657+00:00,match,141649.17586662,-1.7470593746046361,0.29955897062846154,False
coinbase,BTC-USD,185826110,92363.34,1.17272,2026-05-08 22:34:34.033000+00:00,buy,2026-05-08T23:14:50.684710+00:00,match,108316.3360848,-1.134722785689168,-0.20839237020256562,False
coinbase,BTC-USD,185823686,99581.04,0.665716,2026-05-08 22:34:35.493000+00:00,sell,2026-05-08T23:14:50.677329+00:00,match,66292.69162463999,1.3678385638757984,-0.8267535062871865,False
coinbase,BTC-USD,185824110,97872.1,1.470014,2026-05-08 22:34:35.877000+00:00,sell,2026-05-08T23:14:50.678601+00:00,match,143873.3572094,0.7821835110864535,0.3374201340259467,False
coinbase,BTC-USD,185823400,96938.3,2.170102,2026-05-08 22:34:36.273000+00:00,buy,2026-05-08T23:14:50.676432+00:00,match,210365.9987066,0.4634279351812927,1.3055819868550094,False
coinbase,BTC-USD,185823334,96936.73,1.244398,2026-05-08 22:34:46.507000+00:00,buy,2026-05-08T23:14:50.676219+00:00,match,120627.87293853998,0.45419153683550134,-0.041967986051329294,False
coinbase,BTC-USD,185824930,94296.2,0.903557,2026-05-08 22:34:46.723000+00:00,sell,2026-05-08T23:14:50.681114+00:00,match,85201.9915834,-0.4588545319495797,-0.5612241980359386,False
coinbase,BTC-USD,185824564,96100.04,0.368504,2026-05-08 22:34:47.185000+00:00,buy,2026-05-08T23:14:50.680005+00:00,match,35413.24914016,0.18313122368905715,-1.2798018102039892,False
coinbase,BTC-USD,185824874,94699.24,0.36387,2026-05-08 22:34:49.667000+00:00,sell,2026-05-08T23:14:50.680945+00:00,match,34458.21245880001,-0.29971155520166104,-1.268254672087191,False
coinbase,BTC-USD,185823714,99524.97,1.432289,2026-05-08 22:34:52.419000+00:00,sell,2026-05-08T23:14:50.677416+00:00,match,142548.51975633,1.3847826062774924,0.34413599653202626,False
coinbase,BTC-USD,185824932,94292.39,1.564244,2026-05-08 22:35:00.273000+00:00,sell,2026-05-08T23:14:50.681122+00:00,match,147496.30530315998,-0.46122679620831647,0.41739852303574265,False
coinbase,BTC-USD,185824162,98084.06,1.570778,2026-05-08 22:35:01.673000+00:00,buy,2026-05-08T23:14:50.678763+00:00,match,154068.28359868,0.8878564241447765,0.5029035813013132,False
coinbase,BTC-USD,185824984,94110.86,1.838197,2026-05-08 22:35:02.085000+00:00,buy,2026-05-08T23:14:50.681288+00:00,match,172994.30051942,-0.528035398712474,0.7703034430980411,False
coinbase,BTC-USD,185825584,90986.62,2.312394,2026-05-08 22:35:02.377000+00:00,buy,2026-05-08T23:14:50.683106+00:00,match,210396.91416827997,-1.6007524610677406,1.3262457819727544,False
coinbase,BTC-USD,185824796,94601.9,2.476921,2026-05-08 22:35:04.129000+00:00,buy,2026-05-08T23:14:50.680713+00:00,match,234321.4327499,-0.33289614107449533,1.6447870316194453,False
coinbase,BTC-USD,185823524,97825.42,1.95992,2026-05-08 22:35:08.313000+00:00,buy,2026-05-08T23:14:50.676815+00:00,match,191729.9971664,0.7963384903000765,0.9921593682267921,False
coinbase,BTC-USD,185823450,97661.54,2.330931,2026-05-08 22:35:09.285000+00:00,sell,2026-05-08T23:14:50.676593+00:00,match,227642.31109374,0.7300984542777408,1.4927207806423661,False
coinbase,BTC-USD,185826052,92574.88,2.226387,2026-05-08 22:35:10.073000+00:00,sell,2026-05-08T23:14:50.684534+00:00,match,206107.50935856,-1.036284770084706,1.1506177807730837,False
coinbase,BTC-USD,185825230,92989.42,0.378668,2026-05-08 22:35:10.867000+00:00,sell,2026-05-08T23:14:50.682039+00:00,match,35212.11769256,-0.8783089130244819,-1.3717738641850765,False
coinbase,BTC-USD,185823690,99703.85,1.540591,2026-05-08 22:35:11.163000+00:00,buy,2026-05-08T23:14:50.677342+00:00,match,153602.85397535,1.4315762139646817,0.35874781580511056,False
coinbase,BTC-USD,185823774,99422.44,2.497468,2026-05-08 22:35:12.387000+00:00,buy,2026-05-08T23:14:50.677586+00:00,match,248304.36238192,1.3091793601004744,1.7436326349052969,False
coinbase,BTC-USD,185823466,97918.0,1.37903,2026-05-08 22:35:16.475000+00:00,sell,2026-05-08T23:14:50.676642+00:00,match,135031.85954,0.7894799678838916,0.08316477006248538,False
coinbase,BTC-USD,185823998,98440.67,0.118393,2026-05-08 22:35:16.651000+00:00,sell,2026-05-08T23:14:50.678271+00:00,match,11654.68624331,0.954234270783373,-1.7519573930214416,False
coinbase,BTC-USD,185825904,92726.82,1.939515,2026-05-08 22:35:19.857000+00:00,sell,2026-05-08T23:14:50.684025+00:00,match,179845.05829230003,-1.0598671111193096,0.7594461509482113,False
coinbase,BTC-USD,185823288,97180.42,0.018468,2026-05-08 22:35:22.329000+00:00,sell,2026-05-08T23:14:50.676074+00:00,match,1794.7279965599998,0.510812753360313,-1.8477853405614733,False
coinbase,BTC-USD,185825752,91630.82,1.004957,2026-05-08 22:35:23.133000+00:00,buy,2026-05-08T23:14:50.683577+00:00,match,92085.03397474,-1.421602881367028,-0.531790826171363,False
coinbase,BTC-USD,185824164,98186.15,1.714415,2026-05-08 22:35:24.081000+00:00,sell,2026-05-08T23:14:50.678769+00:00,match,168331.80835225,0.8687686491261531,0.5905313346281992,False
coinbase,BTC-USD,185823346,96926.53,1.094343,2026-05-08 22:35:26.355000+00:00,sell,2026-05-08T23:14:50.676259+00:00,match,106070.86961979,0.42076164968760515,-0.3189450494970015,False
coinbase,BTC-USD,185823564,98325.53,0.441601,2026-05-08 22:35:26.769000+00:00,buy,2026-05-08T23:14:50.676944+00:00,match,43420.65237353,0.9084033110106486,-1.22010582860302,False
coinbase,BTC-USD,185823478,98145.82,0.658364,2026-05-08 22:35:31.497000+00:00,buy,2026-05-08T23:14:50.676680+00:00,match,64615.67463848,0.8501566496003451,-0.8967790839375234,False
coinbase,BTC-USD,185823826,98772.4,0.440517,2026-05-08 22:35:36.407000+00:00,buy,2026-05-08T23:14:50.677752+00:00,match,43510.9213308,1.0505124147393397,-1.182434072902012,False
coinbase,BTC-USD,185823550,97947.47,2.460988,2026-05-08 22:35:37.921000+00:00,sell,2026-05-08T23:14:50.676900+00:00,match,241047.54830036,0.7477384622344012,1.6887979838407656,False
coinbase,BTC-USD,185824012,98580.38,0.55099,2026-05-08 22:35:40.273000+00:00,buy,2026-05-08T23:14:50.678315+00:00,match,54316.8035762,0.9787155840701138,-1.016243806566382,False
coinbase,BTC-USD,185823282,97185.56,1.618485,2026-05-08 22:35:40.863000+00:00,buy,2026-05-08T23:14:50.676052+00:00,match,157293.3710766,0.4909513653645517,0.4800084607343121,False
coinbase,BTC-USD,185823388,97174.33,0.345536,2026-05-08 22:35:42.881000+00:00,sell,2026-05-08T23:14:50.676394+00:00,match,33577.22929088,0.4796374155885604,-1.2948736473076106,False
coinbase,BTC-USD,185823910,99278.4,0.098424,2026-05-08 22:35:43.001000+00:00,buy,2026-05-08T23:14:50.678005+00:00,match,9771.3772416,1.2009098862476095,-1.5992797737149533,False
coinbase,BTC-USD,185824112,97754.67,1.687811,2026-05-08 22:35:45.273000+00:00,sell,2026-05-08T23:14:50.678608+00:00,match,164991.40732737,0.6632511430370949,0.5931600691206833,False
coinbase,BTC-USD,185826030,92398.78,2.144628,2026-05-08 22:35:46.119000+00:00,buy,2026-05-08T23:14:50.684462+00:00,match,198161.01075384,-1.2067509650789263,1.0679529779828083,False
coinbase,BTC-USD,185825760,91642.07,0.28604,2026-05-08 22:35:46.173000+00:00,sell,2026-05-08T23:14:50.683599+00:00,match,26213.2977028,-1.4400874441159452,-1.3532734660390575,False
coinbase,BTC-USD,185826428,93014.67,0.240054,2026-05-08 22:35:47.681000+00:00,sell,2026-05-08T23:14:50.685735+00:00,match,22328.54359218,-0.9577060382024385,-1.4119259827817099,False
coinbase,BTC-USD,185824698,95715.54,1.874195,2026-05-08 22:35:47.973000+00:00,buy,2026-05-08T23:14:50.680420+00:00,match,179389.5864903,-0.013859195261338208,0.8236976606644215,False
coinbase,BTC-USD,185824436,96965.33,1.573685,2026-05-08 22:35:51.625000+00:00,buy,2026-05-08T23:14:50.679612+00:00,match,152592.88534105002,0.42881898178139344,0.4514112636902554,False
coinbase,BTC-USD,185823456,97527.97,0.381072,2026-05-08 22:35:53.913000+00:00,sell,2026-05-08T23:14:50.676611+00:00,match,37165.17858384,0.638313064923199,-1.1954220199764611,False
coinbase,BTC-USD,185825112,92452.15,0.148574,2026-05-08 22:35:54.273000+00:00,sell,2026-05-08T23:14:50.681679+00:00,match,13735.9857341,-1.1318856979264782,-1.4957539359857641,False
coinbase,BTC-USD,185825194,92696.51,1.581611,2026-05-08 22:35:56.483000+00:00,buy,2026-05-08T23:14:50.681922+00:00,match,146609.81987761,-1.0255830410123368,0.37687177153019963,False
coinbase,BTC-USD,185824924,94264.36,1.631342,2026-05-08 22:35:56.721000+00:00,sell,2026-05-08T23:14:50.681095+00:00,match,153777.40957112002,-0.4907605976306451,0.4693694443180266,False
coinbase,BTC-USD,185823372,97162.8,0.829998,2026-05-08 22:35:56.913000+00:00,sell,2026-05-08T23:14:50.676338+00:00,match,80644.9296744,0.5439892368059596,-0.5490291862594024,False
coinbase,BTC-USD,185823902,99413.99,1.750168,2026-05-08 22:35:58.663000+00:00,buy,2026-05-08T23:14:50.677982+00:00,match,173991.18405032,1.3170943599810145,0.759791012696949,False
coinbase,BTC-USD,185824040,98024.01,1.048843,2026-05-08 22:35:58.885000+00:00,buy,2026-05-08T23:14:50.678392+00:00,match,102811.79672043,0.8342227811341527,-0.24765927331581727,False
coinbase,BTC-USD,185823554,97942.45,0.301008,2026-05-08 22:35:59.435000+00:00,sell,2026-05-08T23:14:50.676913+00:00,match,29481.4609896,0.7944958131152742,-1.2579758088959934,False
coinbase,BTC-USD,185825494,91298.19,1.793479,2026-05-08 22:36:03.539000+00:00,buy,2026-05-08T23:14:50.682834+00:00,match,163741.38650301,-1.5328462471421842,0.6291650533184222,False
coinbase,BTC-USD,185823436,97528.39,1.545912,2026-05-08 22:36:09.649000+00:00,buy,2026-05-08T23:14:50.676546+00:00,match,150770.30844167998,0.6494196594947601,0.4321329575685441,False
coinbase,BTC-USD,185825298,92413.36,0.035422,2026-05-08 22:36:12.057000+00:00,sell,2026-05-08T23:14:50.682261+00:00,match,3273.4660379200004,-1.1482269239010279,-1.633727623595259,False
coinbase,BTC-USD,185824316,98380.59,0.294444,2026-05-08 22:36:13.969000+00:00,sell,2026-05-08T23:14:50.679248+00:00,match,28967.57444196,0.9430713793271105,-1.2481380008561558,False
coinbase,BTC-USD,185824318,98464.35,1.05445,2026-05-08 22:36:15.317000+00:00,sell,2026-05-08T23:14:50.679254+00:00,match,103825.73385750002,0.9578545260146781,-0.18847589944725915,False
coinbase,BTC-USD,185823452,97588.5,0.493624,2026-05-08 22:36:19.233000+00:00,sell,2026-05-08T23:14:50.676599+00:00,match,48172.025724,0.6620458251913759,-0.9530253352364084,False
coinbase,BTC-USD,185826492,93856.86,1.029174,2026-05-08 22:36:19.953000+00:00,buy,2026-05-08T23:14:50.685944+00:00,match,96595.04003364,-0.6378624709527787,-0.26827448246886476,False
coinbase,BTC-USD,185826344,92337.64,0.830256,2026-05-08 22:36:20.369000+00:00,buy,2026-05-08T23:14:50.685467+00:00,match,76663.87963584,-1.1697440048626713,-0.5374492432088214,False
coinbase,BTC-USD,185824410,96897.1,1.508363,2026-05-08 22:36:21.381000+00:00,sell,2026-05-08T23:14:50.679535+00:00,match,146156.0004473,0.4343847470664197,0.43650738031146485,False
coinbase,BTC-USD,185827042,95046.75,1.084394,2026-05-08 22:36:22.443000+00:00,sell,2026-05-08T23:14:50.687660+00:00,match,103068.1254195,-0.2097366462536814,-0.1901310783536858,False
coinbase,BTC-USD,185824044,98035.11,1.744949,2026-05-08 22:36:23.217000+00:00,buy,2026-05-08T23:14:50.678405+00:00,match,171066.26715939,0.8369522826189858,0.798051532411423,False
coinbase,BTC-USD,185826958,95942.0,1.180596,2026-05-08 22:36:30.829000+00:00,sell,2026-05-08T23:14:50.687391+00:00,match,113268.741432,0.11231780407274715,-0.022612431009653447,False
coinbase,BTC-USD,185824972,94081.43,0.256949,2026-05-08 22:36:31.153000+00:00,buy,2026-05-08T23:14:50.681250+00:00,match,24174.129357069996,-0.5532735420793494,-1.2986272817785565,False
coinbase,BTC-USD,185826548,94135.7,0.384873,2026-05-08 22:36:33.513000+00:00,sell,2026-05-08T23:14:50.686124+00:00,match,36230.2892661,-0.5230261068478669,-1.118007092537739,False
coinbase,BTC-USD,185823380,96918.54,1.036234,2026-05-08 22:36:33.601000+00:00,buy,2026-05-08T23:14:50.676365+00:00,match,100430.28637836,0.4578212686985647,-0.18645846054631807,False
coinbase,BTC-USD,185826538,94283.26,0.72974,2026-05-08 22:36:34.489000+00:00,sell,2026-05-08T23:14:50.686094+00:00,match,68802.2661524,-0.47445190019997135,-0.6342430583442086,False
coinbase,BTC-USD,185823648,99510.05,0.521924,2026-05-08 22:36:35.889000+00:00,buy,2026-05-08T23:14:50.677204+00:00,match,51936.6833362,1.364408207156083,-0.8682929701294477,False
coinbase,BTC-USD,185826726,94549.33,1.666375,2026-05-08 22:36:42.129000+00:00,sell,2026-05-08T23:14:50.686674+00:00,match,157554.63977875,-0.3979299751460094,0.6605377782689247,False
coinbase,BTC-USD,185823846,99043.32,1.13604,2026-05-08 22:36:47.085000+00:00,sell,2026-05-08T23:14:50.677815+00:00,match,112517.1732528,1.1773681723045268,0.016479085041023064,False
coinbase,BTC-USD,185823552,97955.03,1.057997,2026-05-08 22:36:49.653000+00:00,buy,2026-05-08T23:14:50.676906+00:00,match,103636.12787491,0.7741232912931723,-0.1134778437583775,False
coinbase,BTC-USD,185824104,97759.9,1.070428,2026-05-08 22:36:52.125000+00:00,sell,2026-05-08T23:14:50.678581+00:00,match,104644.93423719998,0.7092575672295147,-0.0951982447375926,False
coinbase,BTC-USD,185823792,99520.67,2.283393,2026-05-08 22:36:52.713000+00:00,buy,2026-05-08T23:14:50.677640+00:00,match,227244.80123330996,1.3151030535933588,1.6630840841969357,False
coinbase,BTC-USD,185823510,97993.3,1.340309,2026-05-08 22:36:54.861000+00:00,sell,2026-05-08T23:14:50.676768+00:00,match,131341.3019297,0.7510506349421101,0.2625936128680764,False
coinbase,BTC-USD,185823438,97466.9,1.714728,2026-05-08 22:36:56.265000+00:00,buy,2026-05-08T23:14:50.676552+00:00,match,167129.2225032,0.548211348548472,0.7794611441499988,False
coinbase,BTC-USD,185823296,97157.49,0.088394,2026-05-08 22:36:56.673000+00:00,buy,2026-05-08T23:14:50.676096+00:00,match,8588.13917106,0.42271460045907155,-1.5151658037981077,False
coinbase,BTC-USD,185823740,99180.58,2.259199,2026-05-08 22:36:57.345000+00:00,sell,2026-05-08T23:14:50.677488+00:00,match,224068.66715542003,1.1356470212055356,1.5668170689093899,False
coinbase,BTC-USD,185823370,97062.54,1.405875,2026-05-08 22:37:02.293000+00:00,sell,2026-05-08T23:14:50.676332+00:00,match,136457.7984225,0.3683909483025272,0.3155673069205799,False
coinbase,BTC-USD,185823572,98542.9,1.624699,2026-05-08 22:37:06.993000+00:00,buy,2026-05-08T23:14:50.676972+00:00,match,160102.55108709997,0.8987728185393213,0.6545247007153774,False
coinbase,BTC-USD,185823532,97755.99,1.265645,2026-05-08 22:37:07.953000+00:00,buy,2026-05-08T23:14:50.676841+00:00,match,123724.37996355,0.6033743771849843,0.12377517712863051,False
coinbase,BTC-USD,185824956,94220.84,1.988119,2026-05-08 22:37:08.817000+00:00,buy,2026-05-08T23:14:50.681197+00:00,match,187322.24219996,-0.6655181952311118,1.0244699459680204,False
coinbase,BTC-USD,185825974,93189.36,1.350574,2026-05-08 22:37:09.985000+00:00,buy,2026-05-08T23:14:50.684309+00:00,match,125859.12669264,-1.0605257799555132,0.14058520931866447,False
coinbase,BTC-USD,185823728,99029.89,0.968712,2026-05-08 22:37:12.993000+00:00,buy,2026-05-08T23:14:50.677454+00:00,match,95931.44280168,1.0658087110458638,-0.30554235280903314,False
coinbase,BTC-USD,185826144,92422.66,0.484241,2026-05-08 22:37:14.193000+00:00,sell,2026-05-08T23:14:50.684815+00:00,match,44754.84130106,-1.3965700678407318,-1.0608188855936145,False
coinbase,BTC-USD,185825346,91959.22,0.682071,2026-05-08 22:37:14.445000+00:00,buy,2026-05-08T23:14:50.682397+00:00,match,62722.71714462,-1.536157416334264,-0.7802710152192598,False
coinbase,BTC-USD,185824492,96327.22,1.570245,2026-05-08 22:37:16.433000+00:00,buy,2026-05-08T23:14:50.679778+00:00,match,151257.3355689,0.09943228850621219,0.5091216088695711,False
coinbase,BTC-USD,185825290,92348.27,1.308176,2026-05-08 22:37:17.577000+00:00,sell,2026-05-08T23:14:50.682236+00:00,match,120807.79045552,-1.3733390044802047,0.04987924845945503,False
coinbase,BTC-USD,185823618,98755.47,1.927513,2026-05-08 22:37:17.775000+00:00,buy,2026-05-08T23:14:50.677124+00:00,match,190352.45224611,0.9923612305458352,1.0874153900317576,False
coinbase,BTC-USD,185826038,92425.14,1.8886,2026-05-08 22:37:19.545000+00:00,buy,2026-05-08T23:14:50.684486+00:00,match,174554.119404,-1.4042760936888699,0.8512940175038266,False
coinbase,BTC-USD,185827374,95480.18,2.412834,2026-05-08 22:37:20.337000+00:00,buy,2026-05-08T23:14:50.688683+00:00,match,230377.82463012,-0.26003078455665674,1.6406127505965138,False
coinbase,BTC-USD,185825604,91207.74,1.985508,2026-05-08 22:37:20.889000+00:00,buy,2026-05-08T23:14:50.683159+00:00,match,181093.69743192,-1.8433053334350653,0.9194756802149595,False
coinbase,BTC-USD,185826400,92720.55,0.554775,2026-05-08 22:37:22.605000+00:00,buy,2026-05-08T23:14:50.685645+00:00,match,51439.043126250006,-1.2448549961299586,-0.9773723586624069,False
coinbase,BTC-USD,185824102,97794.94,0.320582,2026-05-08 22:37:22.673000+00:00,sell,2026-05-08T23:14:50.678574+00:00,match,31351.29745508,0.6671744649983294,-1.2500889622667086,False
coinbase,BTC-USD,185824334,98188.76,1.333906,2026-05-08 22:37:27.605000+00:00,sell,2026-05-08T23:14:50.679302+00:00,match,130974.57609656,0.8240044800291628,0.1840165078761013,False
coinbase,BTC-USD,185823428,97638.37,0.527033,2026-05-08 22:37:31.097000+00:00,buy,2026-05-08T23:14:50.676525+00:00,match,51458.64305620999,0.6007210818508293,-0.9694994820425601,False
coinbase,BTC-USD,185824728,95167.46,1.916842,2026-05-08 22:37:34.797000+00:00,buy,2026-05-08T23:14:50.680505+00:00,match,182420.98436132,-0.33146099319910843,0.9358654589655937,False
coinbase,BTC-USD,185824454,96707.31,0.82317,2026-05-08 22:37:36.771000+00:00,sell,2026-05-08T23:14:50.679668+00:00,match,79606.5563727,0.2682191093200792,-0.5720664563753827,False
coinbase,BTC-USD,185823892,99522.53,0.691031,2026-05-08 22:37:38.193000+00:00,sell,2026-05-08T23:14:50.677950+00:00,match,68773.15342843,1.334530897043134,-0.7193704362535613,False
coinbase,BTC-USD,185823406,97249.86,1.761602,2026-05-08 22:37:38.417000+00:00,sell,2026-05-08T23:14:50.676453+00:00,match,171315.54787572,0.4510349393419232,0.826930430001334,False
coinbase,BTC-USD,185824324,98485.18,0.372542,2026-05-08 22:37:39.665000+00:00,buy,2026-05-08T23:14:50.679273+00:00,match,36689.86592755999,0.912774092365267,-1.192742837734462,False
coinbase,BTC-USD,185824068,98163.25,0.88712,2026-05-08 22:37:40.185000+00:00,sell,2026-05-08T23:14:50.678476+00:00,match,87082.58234000001,0.775314716549607,-0.4236142065145623,False
coinbase,BTC-USD,185825942,92749.32,0.976947,2026-05-08 22:37:40.313000+00:00,sell,2026-05-08T23:14:50.684215+00:00,match,90611.16992604,-1.3508102133137647,-0.36228353986153344,False
coinbase,BTC-USD,185826094,92368.45,0.649722,2026-05-08 22:37:44.059000+00:00,buy,2026-05-08T23:14:50.684660+00:00,match,60013.8140709,-1.5006583546729944,-0.8173376566334806,False
coinbase,BTC-USD,185826834,94845.35,2.479093,2026-05-08 22:37:45.915000+00:00,buy,2026-05-08T23:14:50.686996+00:00,match,235130.44326755003,-0.5119322637057346,1.785420334847687,False
coinbase,BTC-USD,185827238,95488.12,1.728211,2026-05-08 22:37:46.083000+00:00,sell,2026-05-08T23:14:50.688269+00:00,match,165023.61935331998,-0.2482269740526093,0.7333150913913482,False
coinbase,BTC-USD,185827308,95509.02,0.374219,2026-05-08 22:37:46.449000+00:00,sell,2026-05-08T23:14:50.688491+00:00,match,35741.28995538,-0.234310910275688,-1.1726418623492787,False
coinbase,BTC-USD,185823534,97866.3,2.032887,2026-05-08 22:37:47.367000+00:00,sell,2026-05-08T23:14:50.676847+00:00,match,198951.1290081,0.6972413121979939,1.2477373652246768,False
coinbase,BTC-USD,185826844,95077.33,0.437154,2026-05-08 22:37:49.025000+00:00,buy,2026-05-08T23:14:50.687028+00:00,match,41563.43511882,-0.412563830851798,-1.076720308052854,False
coinbase,BTC-USD,185824094,97640.64,0.786467,2026-05-08 22:37:49.913000+00:00,sell,2026-05-08T23:14:50.678550+00:00,match,76791.14121888,0.5985126234728319,-0.5655209155010974,False
coinbase,BTC-USD,185827338,95759.18,1.278453,2026-05-08 22:37:49.953000+00:00,sell,2026-05-08T23:14:50.688572+00:00,match,122423.61094854,-0.1519791525293696,0.099793672237724,False
coinbase,BTC-USD,185823470,98033.62,1.65673,2026-05-08 22:37:53.479000+00:00,buy,2026-05-08T23:14:50.676656+00:00,match,162415.2392626,0.762013004473744,0.6939054177752101,False
coinbase,BTC-USD,185824714,95439.71,0.455537,2026-05-08 22:37:54.175000+00:00,buy,2026-05-08T23:14:50.680463+00:00,match,43476.31917427001,-0.27990382785928214,-1.061864607287831,False
coinbase,BTC-USD,185824268,97540.46,1.215965,2026-05-08 22:37:55.249000+00:00,sell,2026-05-08T23:14:50.679102+00:00,match,118605.7854439,0.5646636644295148,0.06029996201911361,False
coinbase,BTC-USD,185823830,98797.4,1.652237,2026-05-08 22:37:56.059000+00:00,sell,2026-05-08T23:14:50.677765+00:00,match,163236.71978379998,1.0477601735473412,0.7271757833009493,False
coinbase,BTC-USD,185823566,98409.7,0.750155,2026-05-08 22:37:56.627000+00:00,buy,2026-05-08T23:14:50.676950+00:00,match,73822.5285035,0.879045748830716,-0.5905884911655961,False
coinbase,BTC-USD,185824472,96681.25,1.128893,2026-05-08 22:37:57.053000+00:00,buy,2026-05-08T23:14:50.679721+00:00,match,109142.78635625,0.16607697847804637,-0.041285545129766656,False
coinbase,BTC-USD,185824100,97768.4,1.236778,2026-05-08 22:37:59.897000+00:00,sell,2026-05-08T23:14:50.678568+00:00,match,120917.8062152,0.6107000967833276,0.15085098738149813,False
coinbase,BTC-USD,185823420,97514.81,2.059239,2026-05-08 22:38:00.705000+00:00,buy,2026-05-08T23:14:50.676500+00:00,match,200806.29982959,0.5078118589727431,1.3959275631056187,False
coinbase,BTC-USD,185824072,97929.52,1.234333,2026-05-08 22:38:01.753000+00:00,sell,2026-05-08T23:14:50.678487+00:00,match,120877.63821016,0.6617810275621385,0.1705204929041703,False
coinbase,BTC-USD,185824088,97615.13,2.430184,2026-05-08 22:38:06.781000+00:00,sell,2026-05-08T23:14:50.678531+00:00,match,237222.72708392004,0.5172350435816969,1.9403196906460836,False
coinbase,BTC-USD,185823614,98669.91,0.981115,2026-05-08 22:38:07.397000+00:00,sell,2026-05-08T23:14:50.677112+00:00,match,96806.52874965,0.9655744768510781,-0.2276048890100839,False
coinbase,BTC-USD,185823500,98088.81,1.648516,2026-05-08 22:38:08.753000+00:00,buy,2026-05-08T23:14:50.676740+00:00,match,161700.97270596,0.7321603843450603,0.8097207556777104,False
coinbase,BTC-USD,185823396,97000.68,0.363402,2026-05-08 22:38:09.921000+00:00,buy,2026-05-08T23:14:50.676420+00:00,match,35250.241113359996,0.27862343063837824,-1.1707116414454237,False
coinbase,BTC-USD,185823810,98984.86,1.889382,2026-05-08 22:38:12.867000+00:00,buy,2026-05-08T23:14:50.677700+00:00,match,187020.21275652,1.110276491862181,1.197299256844152,False
coinbase,BTC-USD,185824192,98492.45,2.087027,2026-05-08 22:38:13.313000+00:00,sell,2026-05-08T23:14:50.678857+00:00,match,205556.40244615,0.8859133500030698,1.4787486569279231,False
coinbase,BTC-USD,185825668,91266.22,1.243032,2026-05-08 22:38:14.009000+00:00,sell,2026-05-08T23:14:50.683338+00:00,match,113446.83197904,-2.1046896635964547,0.011493216546599069,False
coinbase,BTC-USD,185825238,92989.45,0.738614,2026-05-08 22:38:18.021000+00:00,buy,2026-05-08T23:14:50.682061+00:00,match,68683.3096223,-1.409518011608427,-0.6990016498539965,False
coinbase,BTC-USD,185824362,97820.41,2.397486,2026-05-08 22:38:18.573000+00:00,buy,2026-05-08T23:14:50.679386+00:00,match,234523.06348926,0.6145058128933693,1.9078692017225134,False
coinbase,BTC-USD,185825066,93237.55,0.460191,2026-05-08 22:38:19.947000+00:00,sell,2026-05-08T23:14:50.681534+00:00,match,42907.08137205,-1.2796443016817873,-1.087808434676183,False
coinbase,BTC-USD,185823464,97798.79,2.123983,2026-05-08 22:38:23.509000+00:00,buy,2026-05-08T23:14:50.676635+00:00,match,207722.96738057,0.6190597297524654,1.454676769459949,False
coinbase,BTC-USD,185824172,98522.19,0.373213,2026-05-08 22:38:23.953000+00:00,buy,2026-05-08T23:14:50.678794+00:00,match,36769.76209647,0.9173812085211106,-1.1939726647082054,False
coinbase,BTC-USD,185824774,95001.74,0.551676,2026-05-08 22:38:27.873000+00:00,buy,2026-05-08T23:14:50.680643+00:00,match,52410.179916240006,-0.5324250444256328,-0.954559909668627,False
coinbase,BTC-USD,185824802,94639.85,1.654363,2026-05-08 22:38:27.943000+00:00,buy,2026-05-08T23:14:50.680733+00:00,match,156568.66616555,-0.6697703516308318,0.6855349895019346,False
coinbase,BTC-USD,185825164,92900.19,1.237373,2026-05-08 22:38:27.953000+00:00,buy,2026-05-08T23:14:50.681834+00:00,match,114952.18680087,-1.3657016504329065,0.01922795075031765,False
coinbase,BTC-USD,185823898,99401.02,1.608381,2026-05-08 22:38:28.317000+00:00,sell,2026-05-08T23:14:50.677969+00:00,match,159874.71194862,1.3150801978758924,0.7307404610677948,False
coinbase,BTC-USD,185824482,96611.8,1.437771,2026-05-08 22:38:28.623000+00:00,buy,2026-05-08T23:14:50.679747+00:00,match,138905.6442978,0.16806997313015742,0.3846264346153542,False
coinbase,BTC-USD,185823912,99274.38,2.213047,2026-05-08 22:38:29.673000+00:00,buy,2026-05-08T23:14:50.678011+00:00,match,219698.86883586,1.2660917764021697,1.642219794029872,False
coinbase,BTC-USD,185823620,98654.33,1.82062,2026-05-08 22:38:30.073000+00:00,buy,2026-05-08T23:14:50.677130+00:00,match,179612.0462846,1.0035932367719724,0.997306245141651,False
coinbase,BTC-USD,185824790,94749.73,1.358862,2026-05-08 22:38:30.339000+00:00,buy,2026-05-08T23:14:50.680694+00:00,match,128751.80760726,-0.6179268966829338,0.19909260153628314,False
coinbase,BTC-USD,185826468,93566.28,2.011483,2026-05-08 22:38:34.329000+00:00,sell,2026-05-08T23:14:50.685866+00:00,match,188206.98159324,-1.1316390975527237,1.1338243889719195,False
coinbase,BTC-USD,185823458,97473.32,1.964172,2026-05-08 22:38:35.325000+00:00,sell,2026-05-08T23:14:50.676617+00:00,match,191454.36589104,0.4975564379839679,1.1651671527418463,False
coinbase,BTC-USD,185826878,95627.63,0.437656,2026-05-08 22:38:39.793000+00:00,buy,2026-05-08T23:14:50.687138+00:00,match,41852.00603528,-0.2850747246707318,-1.2373571563606043,False
coinbase,BTC-USD,185823386,97085.56,1.522523,2026-05-08 22:38:40.505000+00:00,buy,2026-05-08T23:14:50.676387+00:00,match,147814.99806788,0.3328262185658434,0.4785596793421442,False
coinbase,BTC-USD,185824440,97031.04,1.160722,2026-05-08 22:38:48.525000+00:00,sell,2026-05-08T23:14:50.679625+00:00,match,112626.06281088,0.3120864236946165,-0.10431664607547633,False
coinbase,BTC-USD,185826994,95949.93,1.760491,2026-05-08 22:38:49.421000+00:00,sell,2026-05-08T23:14:50.687505+00:00,match,168918.98821563,-0.16393026793441778,0.7994165666094611,False
coinbase,BTC-USD,185823944,99290.14,0.712733,2026-05-08 22:38:50.753000+00:00,sell,2026-05-08T23:14:50.678100+00:00,match,70767.35935262,1.2508604301555895,-0.8087749137540702,False
coinbase,BTC-USD,185825268,92674.88,1.073893,2026-05-08 22:38:52.953000+00:00,sell,2026-05-08T23:14:50.682172+00:00,match,99522.90490784,-1.588345806587976,-0.3259170341170326,False
coinbase,BTC-USD,185826476,93819.49,0.996736,2026-05-08 22:38:53.393000+00:00,buy,2026-05-08T23:14:50.685892+00:00,match,93513.26318464,-1.0776335555658434,-0.42775099895093904,False
coinbase,BTC-USD,185826262,92578.98,0.267317,2026-05-08 22:38:54.423000+00:00,buy,2026-05-08T23:14:50.685211+00:00,match,24747.93519666,-1.571073192744714,-1.5276303042634325,False
coinbase,BTC-USD,185826778,95095.14,2.200848,2026-05-08 22:38:55.819000+00:00,sell,2026-05-08T23:14:50.686831+00:00,match,209289.94867872,-0.49105275198493514,1.4654267738385678,False
coinbase,BTC-USD,185826752,95222.94,0.760355,2026-05-08 22:38:55.893000+00:00,buy,2026-05-08T23:14:50.686754+00:00,match,72403.2385437,-0.4258718779112417,-0.7683681417297091,False
coinbase,BTC-USD,185825558,91165.07,1.634066,2026-05-08 22:38:57.833000+00:00,sell,2026-05-08T23:14:50.683023+00:00,match,148969.74127462,-2.15134875439951,0.486755161432715,False
coinbase,BTC-USD,185823770,99271.05,1.535764,2026-05-08 22:38:58.301000+00:00,sell,2026-05-08T23:14:50.677576+00:00,match,152456.9048322,1.281376313555583,0.5435039160228272,False
coinbase,BTC-USD,185824694,95663.24,0.211554,2026-05-08 22:38:59.743000+00:00,sell,2026-05-08T23:14:50.680409+00:00,match,20237.94107496,-0.26032402394112913,-1.6322403407961756,False
coinbase,BTC-USD,185823636,99106.85,1.49674,2026-05-08 22:39:01.113000+00:00,buy,2026-05-08T23:14:50.677172+00:00,match,148337.18666900002,1.2070260753577626,0.4607308551371974,False
coinbase,BTC-USD,185824392,97308.61,2.081311,2026-05-08 22:39:02.013000+00:00,buy,2026-05-08T23:14:50.679481+00:00,match,202529.48038771,0.44607749048388784,1.3335992310158877,False
coinbase,BTC-USD,185823630,98928.8,0.581763,2026-05-08 22:39:03.747000+00:00,sell,2026-05-08T23:14:50.677156+00:00,match,57553.1154744,1.128603874703129,-1.0592070853385802,False
coinbase,BTC-USD,185824220,98003.95,1.056399,2026-05-08 22:39:04.305000+00:00,buy,2026-05-08T23:14:50.678947+00:00,match,103531.27477605,0.7188501901205409,-0.3013569074054236,False
coinbase,BTC-USD,185826028,92352.49,0.535385,2026-05-08 22:39:07.921000+00:00,sell,2026-05-08T23:14:50.684457+00:00,match,49444.13785865,-1.69650376229553,-1.185037572269794,False
coinbase,BTC-USD,185824600,95624.1,1.992072,2026-05-08 22:39:10.069000+00:00,sell,2026-05-08T23:14:50.680112+00:00,match,190490.0921352,-0.29277692249094006,1.1208897746030873,False
coinbase,BTC-USD,185824420,96946.73,1.920894,2026-05-08 22:39:12.497000+00:00,sell,2026-05-08T23:14:50.679566+00:00,match,186224.39197662,0.2646064024872173,1.032378864610409,False
coinbase,BTC-USD,185826222,93232.52,0.510313,2026-05-08 22:39:17.523000+00:00,sell,2026-05-08T23:14:50.685085+00:00,match,47577.76697876,-1.2961546551896777,-1.198500641495505,False
coinbase,BTC-USD,185824084,97673.71,1.507953,2026-05-08 22:39:18.689000+00:00,sell,2026-05-08T23:14:50.678519+00:00,match,147287.36401563,0.5843258404593777,0.41129822332673754,False
coinbase,BTC-USD,185826328,92352.91,0.158264,2026-05-08 22:39:19.173000+00:00,sell,2026-05-08T23:14:50.685415+00:00,match,14616.14094824,-1.651631008441898,-1.730731046452901,False
coinbase,BTC-USD,185826386,92722.9,1.579118,2026-05-08 22:39:21.053000+00:00,sell,2026-05-08T23:14:50.685598+00:00,match,146420.4004022,-1.4795088752741794,0.3834519683730075,False
coinbase,BTC-USD,185824274,97830.09,2.177187,2026-05-08 22:39:21.653000+00:00,buy,2026-05-08T23:14:50.679122+00:00,match,212994.40015683,0.6481086056450123,1.4356777579429014,False
coinbase,BTC-USD,185824186,98412.93,1.261405,2026-05-08 22:39:23.093000+00:00,sell,2026-05-08T23:14:50.678838+00:00,match,124138.56196665,0.8735066115331889,-0.006982258280834853,False
coinbase,BTC-USD,185823948,99044.63,0.588326,2026-05-08 22:39:25.233000+00:00,sell,2026-05-08T23:14:50.678113+00:00,match,58270.53098938001,1.1414182067012049,-1.0763857049666468,False
coinbase,BTC-USD,185826662,94715.57,2.41854,2026-05-08 22:39:25.423000+00:00,sell,2026-05-08T23:14:50.686468+00:00,match,229073.3946678,-0.6677593607249518,1.6609768457084202,False
coinbase,BTC-USD,185825706,91309.41,1.825978,2026-05-08 22:39:26.385000+00:00,buy,2026-05-08T23:14:50.683440+00:00,match,166728.97385298,-2.02864468666829,0.6526784875822061,False
coinbase,BTC-USD,185825846,92587.78,2.316412,2026-05-08 22:39:27.293000+00:00,buy,2026-05-08T23:14:50.683836+00:00,match,214471.44464536,-1.4675655023372645,1.3851206469103872,False
coinbase,BTC-USD,185824416,96953.51,1.415286,2026-05-08 22:39:27.621000+00:00,sell,2026-05-08T23:14:50.679552+00:00,match,137216.94535386,0.3185654461352529,0.15672981325421836,False
coinbase,BTC-USD,185823696,99726.67,0.522603,2026-05-08 22:39:28.557000+00:00,buy,2026-05-08T23:14:50.677362+00:00,match,52117.45692201,1.4499549197599606,-1.1706542188281561,False
coinbase,BTC-USD,185824022,98654.58,2.014201,2026-05-08 22:39:28.653000+00:00,sell,2026-05-08T23:14:50.678342+00:00,match,198710.15369058,1.00698896635541,1.1471148607095891,False
coinbase,BTC-USD,185823634,98997.66,1.225281,2026-05-08 22:39:29.293000+00:00,buy,2026-05-08T23:14:50.677166+00:00,match,121299.95184246,1.1346085894615987,-0.07120342655271383,False
coinbase,BTC-USD,185823442,97695.76,0.360274,2026-05-08 22:39:30.783000+00:00,sell,2026-05-08T23:14:50.676567+00:00,match,35197.24223824,0.6040685902673397,-1.4515887673690748,False
coinbase,BTC-USD,185824018,98774.04,1.789938,2026-05-08 22:39:36.223000+00:00,sell,2026-05-08T23:14:50.678331+00:00,match,176799.40760952,1.0442476294519831,0.8258273944491016,False
coinbase,BTC-USD,185824152,98168.05,0.971239,2026-05-08 22:39:36.633000+00:00,sell,2026-05-08T23:14:50.678736+00:00,match,95344.63871395,0.791897780338674,-0.48042009726575974,False
coinbase,BTC-USD,185824304,98131.18,1.455964,2026-05-08 22:39:43.461000+00:00,sell,2026-05-08T23:14:50.679213+00:00,match,142875.46535752,0.779776739821212,0.28829765762387594,False
coinbase,BTC-USD,185825234,92882.41,1.577603,2026-05-08 22:39:46.333000+00:00,sell,2026-05-08T23:14:50.682050+00:00,match,146531.56866323002,-1.3180360422884112,0.34337435760671886,False
coinbase,BTC-USD,185825272,92663.83,0.062327,2026-05-08 22:39:52.173000+00:00,sell,2026-05-08T23:14:50.682183+00:00,match,5775.45853241,-1.39017159727698,-1.8713378577922242,False
coinbase,BTC-USD,185824522,96004.76,0.236952,2026-05-08 22:39:57.213000+00:00,sell,2026-05-08T23:14:50.679878+00:00,match,22748.51989152,-0.06672357873191762,-1.5650119842258983,False
coinbase,BTC-USD,185823716,99437.42,0.346527,2026-05-08 22:40:00.705000+00:00,buy,2026-05-08T23:14:50.677421+00:00,match,34457.75084034,1.3106169872895694,-1.3596295000822625,False
coinbase,BTC-USD,185824794,94604.22,0.883339,2026-05-08 22:40:08.007000+00:00,buy,2026-05-08T23:14:50.680707+00:00,match,83567.59709058,-0.6457252216585437,-0.6042204355086039,False
coinbase,BTC-USD,185824136,98074.4,2.251447,2026-05-08 22:40:12.965000+00:00,sell,2026-05-08T23:14:50.678686+00:00,match,220809.3136568,0.7460516998962912,1.5090379548580426,False
coinbase,BTC-USD,185826332,92295.47,0.57322,2026-05-08 22:40:19.473000+00:00,sell,2026-05-08T23:14:50.685427+00:00,match,52905.6093134,-1.5895355564488902,-1.0802697622420068,False
coinbase,BTC-USD,185826736,94773.0,2.388635,2026-05-08 22:40:21.369000+00:00,buy,2026-05-08T23:14:50.686706+00:00,match,226378.104855,-0.6016938521447263,1.5664660566885245,False
coinbase,BTC-USD,185823670,99725.45,0.750826,2026-05-08 22:40:22.917000+00:00,sell,2026-05-08T23:14:50.677277+00:00,match,74876.4607217,1.416551868472279,-0.7314865967906978,False
coinbase,BTC-USD,185823984,98557.04,0.932097,2026-05-08 22:40:24.945000+00:00,sell,2026-05-08T23:14:50.678226+00:00,match,91864.72131288,0.9226991887031567,-0.45970661280753383,False
coinbase,BTC-USD,185824994,94118.64,1.152171,2026-05-08 22:40:29.545000+00:00,buy,2026-05-08T23:14:50.681314+00:00,match,108440.76756744,-0.8931655935812364,-0.18931760766329675,False
coinbase,BTC-USD,185826860,95162.68,1.257653,2026-05-08 22:40:29.681000+00:00,sell,2026-05-08T23:14:50.687080+00:00,match,119681.62999003998,-0.4921163962787318,-0.004839373519463124,False
coinbase,BTC-USD,185824074,97848.99,1.018265,2026-05-08 22:40:29.685000+00:00,buy,2026-05-08T23:14:50.678492+00:00,match,99636.20180235,0.6168335865646031,-0.32750975703108554,False
coinbase,BTC-USD,185826534,94153.67,2.170207,2026-05-08 22:40:32.301000+00:00,buy,2026-05-08T23:14:50.686080+00:00,match,204332.95370969,-0.9273919354264731,1.2928507639109075,False
coinbase,BTC-USD,185825804,91783.18,1.437715,2026-05-08 22:40:34.033000+00:00,buy,2026-05-08T23:14:50.683719+00:00,match,131958.0546337,-1.8712797736230362,0.1534016700128683,False
coinbase,BTC-USD,185826526,94072.04,0.819794,2026-05-08 22:40:37.537000+00:00,buy,2026-05-08T23:14:50.686055+00:00,match,77119.69395976,-0.9036235667459493,-0.716533615577334,False
coinbase,BTC-USD,185823568,98502.35,1.191401,2026-05-08 22:40:38.557000+00:00,buy,2026-05-08T23:14:50.676958+00:00,match,117355.79829235,0.9146528849415143,-0.07083871426741033,False
coinbase,BTC-USD,185825442,90539.35,1.331318,2026-05-08 22:40:39.003000+00:00,sell,2026-05-08T23:14:50.682686+00:00,match,120536.6663633,-2.2845037510989834,-0.026908340731975643,False
coinbase,BTC-USD,185823706,99486.66,2.416982,2026-05-08 22:40:40.885000+00:00,buy,2026-05-08T23:14:50.677394+00:00,match,240457.46646012,1.3107595852186393,1.8284697341745166,False
coinbase,BTC-USD,185823794,99472.94,1.208732,2026-05-08 22:40:41.277000+00:00,sell,2026-05-08T23:14:50.677647+00:00,match,120236.12571208,1.2864354378360379,-0.05032837098786091,False
coinbase,BTC-USD,185824456,96564.73,0.748755,2026-05-08 22:40:42.069000+00:00,sell,2026-05-08T23:14:50.679674+00:00,match,72303.32441115,0.13484487110121315,-0.8153143340992385,False
coinbase,BTC-USD,185825764,91659.47,0.29859,2026-05-08 22:40:42.649000+00:00,buy,2026-05-08T23:14:50.683609+00:00,match,27368.601147300004,-1.779233864797178,-1.5024325189213834,False
coinbase,BTC-USD,185823834,98875.73,1.528766,2026-05-08 22:40:47.763000+00:00,sell,2026-05-08T23:14:50.677778+00:00,match,151157.85424918,1.0514630242668812,0.4291348497149044,False
coinbase,BTC-USD,185825228,93054.95,1.56825,2026-05-08 22:40:47.921000+00:00,buy,2026-05-08T23:14:50.682032+00:00,match,145933.4253375,-1.264319905012882,0.3352370613178367,False
coinbase,BTC-USD,185826490,93782.87,0.703824,2026-05-08 22:40:48.469000+00:00,buy,2026-05-08T23:14:50.685937+00:00,match,66006.63469487999,-0.9671847827886751,-0.907869454540413,False
coinbase,BTC-USD,185824384,97163.86,1.16652,2026-05-08 22:40:48.553000+00:00,buy,2026-05-08T23:14:50.679454+00:00,match,113343.5859672,0.367602845502367,-0.14545862081873825,False
coinbase,BTC-USD,185823934,99333.13,2.018549,2026-05-08 22:40:49.201000+00:00,buy,2026-05-08T23:14:50.678073+00:00,match,200508.79022837,1.2044504178573525,1.2232492877360925,False
coinbase,BTC-USD,185825900,92819.57,0.151501,2026-05-08 22:40:56.785000+00:00,sell,2026-05-08T23:14:50.684012+00:00,match,14062.25767457,-1.3318704493576228,-1.7182723999284493,False
coinbase,BTC-USD,185824552,96116.92,1.202163,2026-05-08 22:40:57.153000+00:00,buy,2026-05-08T23:14:50.679973+00:00,match,115548.20489796,-0.04636233649834665,-0.11916248861536845,False
coinbase,BTC-USD,185824258,97524.99,0.733556,2026-05-08 22:40:57.927000+00:00,sell,2026-05-08T23:14:50.679069+00:00,match,71540.04156444,0.5054812543212911,-0.8226161398912558,False
coinbase,BTC-USD,185824096,97753.33,0.410444,2026-05-08 22:41:00.161000+00:00,buy,2026-05-08T23:14:50.678555+00:00,match,40122.26777852,0.5861638643946779,-1.3009218832287788,False
coinbase,BTC-USD,185823782,99259.49,1.568038,2026-05-08 22:41:04.803000+00:00,sell,2026-05-08T23:14:50.677607+00:00,match,155642.65218062,1.1650036929004262,0.5334226129825094,False
coinbase,BTC-USD,185827192,95826.66,0.00142,2026-05-08 22:41:08.073000+00:00,buy,2026-05-08T23:14:50.688130+00:00,match,136.07385720000002,-0.1727244326590873,-1.9077065065888692,False
coinbase,BTC-USD,185825748,91399.83,0.5091,2026-05-08 22:41:08.601000+00:00,buy,2026-05-08T23:14:50.683564+00:00,match,46531.653453,-1.8421122800625116,-1.159743925636411,False
coinbase,BTC-USD,185825478,91109.18,0.643339,2026-05-08 22:41:12.729000+00:00,buy,2026-05-08T23:14:50.682791+00:00,match,58614.08875202,-1.8978557023276277,-0.9526732908543593,False
coinbase,BTC-USD,185824944,94289.16,1.717675,2026-05-08 22:41:13.173000+00:00,sell,2026-05-08T23:14:50.681160+00:00,match,161958.13290300002,-0.6816981783764116,0.6418510072499789,False
coinbase,BTC-USD,185824142,98085.61,1.859923,2026-05-08 22:41:15.353000+00:00,buy,2026-05-08T23:14:50.678705+00:00,match,182431.68200803,0.7475580354229748,0.9449729466585545,False
coinbase,BTC-USD,185826100,92396.89,1.089791,2026-05-08 22:41:16.513000+00:00,buy,2026-05-08T23:14:50.684679+00:00,match,100693.29914999,-1.3686104864526634,-0.31853336157420886,False
coinbase,BTC-USD,185826198,93394.8,2.268277,2026-05-08 22:41:17.007000+00:00,sell,2026-05-08T23:14:50.685008+00:00,match,211845.2767596,-0.9761565191425985,1.398354563475304,False
coinbase,BTC-USD,185825110,92344.66,2.342324,2026-05-08 22:41:17.097000+00:00,buy,2026-05-08T23:14:50.681673+00:00,match,216301.11338984003,-1.3384449435885442,1.4370884106962052,False
coinbase,BTC-USD,185825256,93066.21,1.382423,2026-05-08 22:41:20.469000+00:00,buy,2026-05-08T23:14:50.682114+00:00,match,128656.86922683,-1.0500968186067592,0.11530324743121025,False
coinbase,BTC-USD,185823664,99979.93,2.457393,2026-05-08 22:41:20.713000+00:00,buy,2026-05-08T23:14:50.677257+00:00,match,245689.98012249,1.4901738914588494,1.8772423534620908,False
coinbase,BTC-USD,185825168,92918.48,2.479929,2026-05-08 22:41:20.885000+00:00,buy,2026-05-08T23:14:50.681847+00:00,match,230431.23318792,-1.0807791804841278,1.6148411817189883,False
coinbase,BTC-USD,185823900,99483.69,0.04701,2026-05-08 22:41:21.345000+00:00,buy,2026-05-08T23:14:50.677976+00:00,match,4676.728266900001,1.3038939971247565,-1.7741695286163632,False
coinbase,BTC-USD,185823764,99199.7,1.896129,2026-05-08 22:41:21.977000+00:00,buy,2026-05-08T23:14:50.677560+00:00,match,188095.4279613,1.1988394195507643,0.9732795844288276,False
coinbase,BTC-USD,185823932,99358.11,0.039174,2026-05-08 22:41:22.113000+00:00,buy,2026-05-08T23:14:50.678068+00:00,match,3892.25460114,1.2488535442772197,-1.7418121420506332,False
coinbase,BTC-USD,185825004,93804.25,1.330376,2026-05-08 22:41:22.161000+00:00,buy,2026-05-08T23:14:50.681340+00:00,match,124794.922898,-0.7781588213121865,0.05322287242356829,False
coinbase,BTC-USD,185823658,99846.26,1.334798,2026-05-08 22:41:23.061000+00:00,sell,2026-05-08T23:14:50.677239+00:00,match,133274.58815548,1.4016384904656964,0.17015004592286984,False
coinbase,BTC-USD,185825056,93326.76,0.211739,2026-05-08 22:41:25.005000+00:00,buy,2026-05-08T23:14:50.681501+00:00,match,19760.91483564,-0.9551880934430359,-1.4944419154053181,False
coinbase,BTC-USD,185823592,98820.12,1.141413,2026-05-08 22:41:26.033000+00:00,sell,2026-05-08T23:14:50.677040+00:00,match,112794.56962956,1.0209420409411243,-0.11464304846280106,False
coinbase,BTC-USD,185825802,91744.31,0.059686,2026-05-08 22:41:30.753000+00:00,sell,2026-05-08T23:14:50.683713+00:00,match,5475.8508866600005,-1.5134497441025112,-1.6896169566211727,False
coinbase,BTC-USD,185824650,95518.44,0.313179,2026-05-08 22:41:33.081000+00:00,buy,2026-05-08T23:14:50.680268+00:00,match,29914.36952076,-0.14507032124566036,-1.3211541391135773,False
coinbase,BTC-USD,185825436,90688.58,1.226943,2026-05-08 22:41:33.393000+00:00,sell,2026-05-08T23:14:50.682664+00:00,match,111269.71841094,-1.8433038591790363,-0.11471644631597178,False
coinbase,BTC-USD,185824114,97788.35,0.908399,2026-05-08 22:41:33.957000+00:00,buy,2026-05-08T23:14:50.678615+00:00,match,88830.83935165001,0.6671460905028503,-0.4418072687628465,False
coinbase,BTC-USD,185824368,97736.59,0.882552,2026-05-08 22:41:34.593000+00:00,sell,2026-05-08T23:14:50.679405+00:00,match,86257.62297768,0.6340175411819574,-0.4756199170328617,False
coinbase,BTC-USD,185825590,91068.98,0.037445,2026-05-08 22:41:38.741000+00:00,buy,2026-05-08T23:14:50.683123+00:00,match,3410.0779561,-1.6989032435808102,-1.674642553981713,False
coinbase,BTC-USD,185823504,98121.51,1.853511,2026-05-08 22:41:42.465000+00:00,buy,2026-05-08T23:14:50.676750+00:00,match,181869.29812161,0.7874789503594583,0.9604406092208573,False
coinbase,BTC-USD,185823734,99180.66,2.347854,2026-05-08 22:41:44.835000+00:00,buy,2026-05-08T23:14:50.677471+00:00,match,232861.70930364,1.1617510985654287,1.705865551610424,False
coinbase,BTC-USD,185823924,99284.15,0.265917,2026-05-08 22:41:45.489000+00:00,buy,2026-05-08T23:14:50.678047+00:00,match,26401.34331555,1.1931324651653512,-1.3040676327659873,False
coinbase,BTC-USD,185823628,99039.98,2.492433,2026-05-08 22:41:47.953000+00:00,buy,2026-05-08T23:14:50.677151+00:00,match,246850.51447134,1.086411843496246,1.874333676536232,False
coinbase,BTC-USD,185825936,92796.67,2.185598,2026-05-08 22:41:48.189000+00:00,sell,2026-05-08T23:14:50.684197+00:00,match,202816.21635866,-1.0936465587332656,1.2356456079610187,False
coinbase,BTC-USD,185825342,91919.08,1.810719,2026-05-08 22:41:56.823000+00:00,sell,2026-05-08T23:14:50.682387+00:00,match,166439.62461852,-1.3694322175626448,0.7194059967343016,False
coinbase,BTC-USD,185824308,98037.09,1.297411,2026-05-08 22:41:57.441000+00:00,sell,2026-05-08T23:14:50.679226+00:00,match,127194.39897399,0.7389529931234607,0.142760463570269,False
coinbase,BTC-USD,185823784,99278.83,1.695526,2026-05-08 22:41:59.237000+00:00,buy,2026-05-08T23:14:50.677613+00:00,match,168329.83751458002,1.1533209258535497,0.7343589158924089,False
coinbase,BTC-USD,185824570,96165.1,1.94175,2026-05-08 22:41:59.963000+00:00,buy,2026-05-08T23:14:50.680021+00:00,match,186728.582925,0.08739041198630176,0.9848052733586089,False
coinbase,BTC-USD,185825746,91517.07,0.111897,2026-05-08 22:42:00.999000+00:00,buy,2026-05-08T23:14:50.683558+00:00,match,10240.48558179,-1.477473746801898,-1.5177865682081615,False
coinbase,BTC-USD,185826564,94640.97,0.858442,2026-05-08 22:42:02.409000+00:00,buy,2026-05-08T23:14:50.686171+00:00,match,81243.78356874001,-0.40294447355711854,-0.507420051376323,False
coinbase,BTC-USD,185823586,98765.45,0.38827,2026-05-08 22:42:03.707000+00:00,sell,2026-05-08T23:14:50.677020+00:00,match,38347.6612715,0.9868565018506595,-1.1042154296873101,False
coinbase,BTC-USD,185824516,96133.85,0.534529,2026-05-08 22:42:11.793000+00:00,sell,2026-05-08T23:14:50.679856+00:00,match,51386.330706650006,0.07884706864712979,-0.9099007083857277,False
coinbase,BTC-USD,185825576,91037.01,1.630039,2026-05-08 22:42:12.789000+00:00,buy,2026-05-08T23:14:50.683084+00:00,match,148393.87674339,-1.6515913403600408,0.44691624397914587,False
coinbase,BTC-USD,185827092,95275.58,2.32577,2026-05-08 22:42:18.033000+00:00,buy,2026-05-08T23:14:50.687823+00:00,match,221589.0856966,-0.2093116294389056,1.4837020758538368,False
coinbase,BTC-USD,185825614,91293.61,0.315658,2026-05-08 22:42:19.703000+00:00,sell,2026-05-08T23:14:50.683186+00:00,match,28817.55834538,-1.5333844313009761,-1.2408723462867366,False
coinbase,BTC-USD,185825300,92376.57,1.917495,2026-05-08 22:42:19.721000+00:00,buy,2026-05-08T23:14:50.682268+00:00,match,177131.61109215,-1.1797878522059175,0.8472306896658367,False
coinbase,BTC-USD,185824154,98082.76,2.225628,2026-05-08 22:42:22.089000+00:00,sell,2026-05-08T23:14:50.678742+00:00,match,218295.73697327997,0.7580296077008699,1.4051449769205346,False
coinbase,BTC-USD,185823654,99746.88,0.621983,2026-05-08 22:42:22.533000+00:00,buy,2026-05-08T23:14:50.677224+00:00,match,62040.86366304,1.2981755998253417,-0.7868393678369865,False
coinbase,BTC-USD,185826394,92782.56,1.252474,2026-05-08 22:42:23.203000+00:00,sell,2026-05-08T23:14:50.685626+00:00,match,116207.74405344,-1.0265371302077175,-0.021410579007390396,False
coinbase,BTC-USD,185823856,99059.92,2.258973,2026-05-08 22:42:24.053000+00:00,buy,2026-05-08T23:14:50.677845+00:00,match,223773.68466216,1.0778196910410067,1.4820983794462865,False
coinbase,BTC-USD,185825320,92232.83,2.277611,2026-05-08 22:42:25.325000+00:00,buy,2026-05-08T23:14:50.682328+00:00,match,210070.50816913,-1.1874321332797255,1.2630822690777657,False
coinbase,BTC-USD,185824838,94642.34,1.891328,2026-05-08 22:42:27.631000+00:00,buy,2026-05-08T23:14:50.680843+00:00,match,178999.70762752,-0.37024190800513257,0.8168174066933218,False
coinbase,BTC-USD,185824708,95609.8,1.538864,2026-05-08 22:42:28.385000+00:00,sell,2026-05-08T23:14:50.680446+00:00,match,147130.47926720002,-0.05694010448521539,0.36190844832067487,False
coinbase,BTC-USD,185826882,95396.2,2.299885,2026-05-08 22:42:29.043000+00:00,buy,2026-05-08T23:14:50.687151+00:00,match,219400.289437,-0.1283071612205332,1.3600665565663264,False
coinbase,BTC-USD,185825008,93812.62,1.764663,2026-05-08 22:42:29.517000+00:00,buy,2026-05-08T23:14:50.681351+00:00,match,165547.65944706,-0.6516612408212152,0.6162395549491628,False
coinbase,BTC-USD,185825886,92727.16,1.04256,2026-05-08 22:42:31.245000+00:00,sell,2026-05-08T23:14:50.683969+00:00,match,96673.6279296,-1.014428554283756,-0.351087296147151,False
coinbase,BTC-USD,185825564,90998.91,2.47751,2026-05-08 22:42:31.777000+00:00,buy,2026-05-08T23:14:50.683039+00:00,match,225450.7095141,-1.5576832102701288,1.4252393845156017,False
coinbase,BTC-USD,185826104,92426.76,2.019341,2026-05-08 22:42:32.073000+00:00,buy,2026-05-08T23:14:50.684692+00:00,match,186641.14596516,-1.0823755916359121,0.870489102893775,False
coinbase,BTC-USD,185823638,99119.22,1.135252,2026-05-08 22:42:33.129000+00:00,sell,2026-05-08T23:14:50.677177+00:00,match,112525.29274344,1.125512903252295,-0.15932161079766352,False
coinbase,BTC-USD,185824036,98190.23,1.570027,2026-05-08 22:42:33.649000+00:00,buy,2026-05-08T23:14:50.678379+00:00,match,154161.31223621,0.8143657481397389,0.43326216586002225,False
coinbase,BTC-USD,185823528,97896.18,1.294405,2026-05-08 22:42:34.629000+00:00,buy,2026-05-08T23:14:50.676828+00:00,match,126717.3048729,0.7193061230955689,0.04701852133068698,False
coinbase,BTC-USD,185824432,96916.52,0.479284,2026-05-08 22:42:35.153000+00:00,sell,2026-05-08T23:14:50.679599+00:00,match,46450.53737168,0.40233552380739235,-1.0781062764074871,False
coinbase,BTC-USD,185824596,95663.74,1.984922,2026-05-08 22:42:37.065000+00:00,sell,2026-05-08T23:14:50.680099+00:00,match,189885.06212828003,-0.020285705835284617,0.9471925779457807,False
coinbase,BTC-USD,185823874,99124.45,1.881094,2026-05-08 22:42:37.353000+00:00,buy,2026-05-08T23:14:50.677899+00:00,match,186462.4081483,1.118278515658113,0.8941256051437599,False
coinbase,BTC-USD,185824444,96933.32,0.765067,2026-05-08 22:42:40.977000+00:00,buy,2026-05-08T23:14:50.679635+00:00,match,74160.48433244001,0.3680073688222557,-0.6740107289415485,False
coinbase,BTC-USD,185826530,93941.55,1.925249,2026-05-08 22:42:42.581000+00:00,buy,2026-05-08T23:14:50.686068+00:00,match,180860.87519595,-0.6334373269934329,0.8312019720657227,False
coinbase,BTC-USD,185823642,99234.94,0.806568,2026-05-08 22:42:45.933000+00:00,sell,2026-05-08T23:14:50.677189+00:00,match,80039.72708591999,1.1596563168038314,-0.6006704117572684,False
coinbase,BTC-USD,185826486,93763.28,1.019537,2026-05-08 22:42:49.161000+00:00,buy,2026-05-08T23:14:50.685924+00:00,match,95595.13320136,-0.6785310444373698,-0.3672762196868779,False
coinbase,BTC-USD,185823964,98703.66,1.176685,2026-05-08 22:42:49.937000+00:00,buy,2026-05-08T23:14:50.678164+00:00,match,116143.1161671,1.0007409371025981,-0.07342321982416228,False
coinbase,BTC-USD,185824280,97914.29,0.931154,2026-05-08 22:42:50.005000+00:00,sell,2026-05-08T23:14:50.679140+00:00,match,91173.28279066,0.7313491212474974,-0.44056015512167207,False
coinbase,BTC-USD,185823660,99949.56,1.030917,2026-05-08 22:42:50.481000+00:00,sell,2026-05-08T23:14:50.677245+00:00,match,103039.70054652,1.4117483306367398,-0.2602883608914009,False
coinbase,BTC-USD,185824386,97173.31,0.790673,2026-05-08 22:42:52.521000+00:00,buy,2026-05-08T23:14:50.679461+00:00,match,76832.31253763,0.47774646683349087,-0.634207156778296,False
coinbase,BTC-USD,185824216,98026.93,1.227164,2026-05-08 22:42:57.413000+00:00,sell,2026-05-08T23:14:50.678934+00:00,match,120295.11952651998,0.7674815623606226,-0.005849428329719071,False
coinbase,BTC-USD,185824066,98257.33,2.128257,2026-05-08 22:43:01.061000+00:00,sell,2026-05-08T23:14:50.678471+00:00,match,209116.85037381,0.8284710805488128,1.2540003592009277,False
coinbase,BTC-USD,185824016,98804.41,0.98612,2026-05-08 22:43:01.289000+00:00,sell,2026-05-08T23:14:50.678326+00:00,match,97433.0047892,0.9940637388504105,-0.35919970348650737,False
coinbase,BTC-USD,185826518,93950.21,2.120205,2026-05-08 22:43:02.345000+00:00,sell,2026-05-08T23:14:50.686026+00:00,match,199193.70499305,-0.645997541360141,1.0934640577415544,False
coinbase,BTC-USD,185825244,93130.09,0.072503,2026-05-08 22:43:04.209000+00:00,buy,2026-05-08T23:14:50.682079+00:00,match,6752.2109152699995,-0.905577678528873,-1.6909946232680941,False
coinbase,BTC-USD,185825040,93472.34,2.295658,2026-05-08 22:43:05.733000+00:00,buy,2026-05-08T23:14:50.681451+00:00,match,214580.52509972,-0.7835519507951699,1.2855847157055769,False
coinbase,BTC-USD,185824910,94732.13,1.646739,2026-05-08 22:43:06.815000+00:00,sell,2026-05-08T23:14:50.681049+00:00,match,155999.09302407,-0.34572139404666347,0.4577393209327797,False
coinbase,BTC-USD,185825354,91564.45,1.933545,2026-05-08 22:43:11.149000+00:00,buy,2026-05-08T23:14:50.682417+00:00,match,177043.98447525,-1.4158544187070419,0.7465241779916681,False
coinbase,BTC-USD,185826446,93207.97,0.714482,2026-05-08 22:43:13.021000+00:00,buy,2026-05-08T23:14:50.685794+00:00,match,66595.41682154,-0.8507648455679383,-0.8403380015695181,False
coinbase,BTC-USD,185824046,97928.33,0.703616,2026-05-08 22:43:14.935000+00:00,sell,2026-05-08T23:14:50.678411+00:00,match,68903.93984128001,0.7551847011854371,-0.8051502654322584,False
coinbase,BTC-USD,185826232,93154.74,1.723856,2026-05-08 22:43:18.213000+00:00,sell,2026-05-08T23:14:50.685115+00:00,match,160585.35747744,-0.8508614776779302,0.5250001566124485,False
coinbase,BTC-USD,185825034,93658.96,0.720721,2026-05-08 22:43:22.839000+00:00,buy,2026-05-08T23:14:50.681435+00:00,match,67501.97931016,-0.6769814272496523,-0.8268130014437586,False
coinbase,BTC-USD,185824248,97759.33,0.256749,2026-05-08 22:43:25.497000+00:00,sell,2026-05-08T23:14:50.679036+00:00,match,25099.61021817,0.7072136717434114,-1.4160956384794698,False
coinbase,BTC-USD,185824034,98081.84,1.911819,2026-05-08 22:43:28.371000+00:00,buy,2026-05-08T23:14:50.678374+00:00,match,187514.72526696,0.815354971318686,0.9097905512815875,False
coinbase,BTC-USD,185823756,99150.38,0.198604,2026-05-08 22:43:29.649000+00:00,buy,2026-05-08T23:14:50.677531+00:00,match,19691.66206952,1.1544262840407127,-1.468387842515701,False
coinbase,BTC-USD,185823724,99203.95,2.46489,2026-05-08 22:43:33.329000+00:00,sell,2026-05-08T23:14:50.677443+00:00,match,244526.8243155,1.1501265378890297,1.7059906811925134,False
coinbase,BTC-USD,185826626,94768.9,1.613586,2026-05-08 22:43:34.199000+00:00,buy,2026-05-08T23:14:50.686367+00:00,match,152917.7702754,-0.35187359429468834,0.40488250353875105,False
coinbase,BTC-USD,185826082,92363.06,1.912663,2026-05-08 22:43:35.573000+00:00,sell,2026-05-08T23:14:50.684627+00:00,match,176659.40742878,-1.1424914883570794,0.7295810649668808,False
coinbase,BTC-USD,185825400,91467.36,1.768941,2026-05-08 22:43:37.737000+00:00,buy,2026-05-08T23:14:50.682545+00:00,match,161800.36326576,-1.4554120354141633,0.5139716479542314,False
coinbase,BTC-USD,185823832,98851.2,0.791563,2026-05-08 22:43:38.813000+00:00,sell,2026-05-08T23:14:50.677771+00:00,match,78246.9524256,1.054913413379827,-0.6448817913081866,False
coinbase,BTC-USD,185823918,99264.18,2.175513,2026-05-08 22:43:39.561000+00:00,buy,2026-05-08T23:14:50.678031+00:00,match,215950.51402434,1.1971699079019442,1.2881255777154905,False
coinbase,BTC-USD,185825224,92820.49,1.2677,2026-05-08 22:43:40.053000+00:00,sell,2026-05-08T23:14:50.682019+00:00,match,117668.535173,-0.9796065693716612,-0.10390193614578962,False
coinbase,BTC-USD,185823824,98677.07,1.674046,2026-05-08 22:43:40.373000+00:00,sell,2026-05-08T23:14:50.677746+00:00,match,165189.95432522,0.9863206011118081,0.5528333350245461,False
coinbase,BTC-USD,185825106,92439.65,2.053337,2026-05-08 22:43:42.915000+00:00,sell,2026-05-08T23:14:50.681661+00:00,match,189809.75361204997,-1.1151574608009784,0.8950769340735392,False
coinbase,BTC-USD,185824282,97998.66,0.345072,2026-05-08 22:43:46.033000+00:00,sell,2026-05-08T23:14:50.679145+00:00,match,33816.59360352,0.7607925214338755,-1.293696807797745,False
coinbase,BTC-USD,185825790,91559.64,2.199525,2026-05-08 22:43:46.965000+00:00,sell,2026-05-08T23:14:50.683678+00:00,match,201387.717171,-1.41434188631838,1.0454554082849257,False
coinbase,BTC-USD,185826744,95016.9,1.351422,2026-05-08 22:43:47.805000+00:00,buy,2026-05-08T23:14:50.686727+00:00,match,128407.92903179998,-0.23862545780596967,0.017437385391706625,False
coinbase,BTC-USD,185825766,91650.93,0.273449,2026-05-08 22:43:48.045000+00:00,buy,2026-05-08T23:14:50.683614+00:00,match,25061.855157569997,-1.3491584735623132,-1.4043114922459379,False
coinbase,BTC-USD,185823582,98706.54,2.351099,2026-05-08 22:43:48.123000+00:00,buy,2026-05-08T23:14:50.677007+00:00,match,232068.84748746,1.0134450920023306,1.464196745792046,False
coinbase,BTC-USD,185823914,99271.18,0.157575,2026-05-08 22:43:48.487000+00:00,sell,2026-05-08T23:14:50.678018+00:00,match,15642.656188499996,1.1849340126006884,-1.5363425375615434,False
coinbase,BTC-USD,185825206,92669.89,1.806361,2026-05-08 22:43:48.541000+00:00,buy,2026-05-08T23:14:50.681961+00:00,match,167395.27517029,-1.0078996232075006,0.5524777392792494,False
coinbase,BTC-USD,185825940,92761.04,0.774823,2026-05-08 22:43:49.977000+00:00,buy,2026-05-08T23:14:50.684209+00:00,match,71873.38729592,-0.9585938824711094,-0.7799414754884448,False
coinbase,BTC-USD,185825266,92709.21,0.058678,2026-05-08 22:43:54.467000+00:00,sell,2026-05-08T23:14:50.682167+00:00,match,5439.99102438,-0.9567110754110778,-1.66169752265553,False
coinbase,BTC-USD,185826674,94617.29,1.962524,2026-05-08 22:43:58.093000+00:00,buy,2026-05-08T23:14:50.686503+00:00,match,185688.70243996,-0.31482117511995955,0.7994228417296234,False
coinbase,BTC-USD,185824554,95976.45,1.251799,2026-05-08 22:43:58.545000+00:00,sell,2026-05-08T23:14:50.679978+00:00,match,120143.22413355,0.12515224020708102,-0.12346033073038032,False
coinbase,BTC-USD,185824470,96661.09,0.510591,2026-05-08 22:43:59.973000+00:00,buy,2026-05-08T23:14:50.679715+00:00,match,49354.28260419,0.3412258414707711,-1.1118935623234234,False
coinbase,BTC-USD,185826556,94394.4,0.670879,2026-05-08 22:44:03.585000+00:00,sell,2026-05-08T23:14:50.686146+00:00,match,63327.220677599995,-0.43258880250138926,-0.8999527157113844,False
coinbase,BTC-USD,185824478,96640.31,2.27454,2026-05-08 22:44:06.773000+00:00,buy,2026-05-08T23:14:50.679737+00:00,match,219812.2507074,0.33975142120847557,1.2696250001623195,False
coinbase,BTC-USD,185824546,95996.6,0.899019,2026-05-08 22:44:06.955000+00:00,buy,2026-05-08T23:14:50.679955+00:00,match,86302.7673354,0.10780036834485829,-0.579191761954652,False
coinbase,BTC-USD,185826738,94793.19,0.62068,2026-05-08 22:44:07.029000+00:00,sell,2026-05-08T23:14:50.686711+00:00,match,58836.2371692,-0.31231659111612464,-0.940737285753651,False
coinbase,BTC-USD,185824076,97754.85,2.496808,2026-05-08 22:44:07.857000+00:00,buy,2026-05-08T23:14:50.678497+00:00,match,244075.09151880004,0.6948224135099014,1.6186948368998666,False
coinbase,BTC-USD,185824954,94230.62,0.929974,2026-05-08 22:44:12.279000+00:00,buy,2026-05-08T23:14:50.681191+00:00,match,87632.02660387999,-0.5332322308483595,-0.5352492400620864,False
coinbase,BTC-USD,185823684,99658.09,1.219704,2026-05-08 22:44:12.393000+00:00,buy,2026-05-08T23:14:50.677322+00:00,match,121553.37100535998,1.3582853527644683,-0.05108935523290031,False
coinbase,BTC-USD,185823808,98844.39,1.490344,2026-05-08 22:44:13.821000+00:00,sell,2026-05-08T23:14:50.677694+00:00,match,147312.14357016,1.0533933067100287,0.3241547450570159,False
coinbase,BTC-USD,185823946,99172.31,0.131236,2026-05-08 22:44:14.773000+00:00,buy,2026-05-08T23:14:50.678106+00:00,match,13014.97727516,1.1702358736043754,-1.5780875485650112,False
coinbase,BTC-USD,185826324,92525.06,1.831127,2026-05-08 22:44:14.985000+00:00,buy,2026-05-08T23:14:50.685402+00:00,match,169425.13554262,-1.125078963680447,0.6406965952468681,False
coinbase,BTC-USD,185823940,99380.25,2.156841,2026-05-08 22:44:15.513000+00:00,buy,2026-05-08T23:14:50.678089+00:00,match,214347.39779025,1.2666411250165373,1.2570100310640178,False
coinbase,BTC-USD,185825052,93356.93,0.35155,2026-05-08 22:44:16.833000+00:00,buy,2026-05-08T23:14:50.681488+00:00,match,32819.6287415,-0.8322648251041804,-1.312027530431866,False
coinbase,BTC-USD,185825134,92879.41,1.950543,2026-05-08 22:44:17.251000+00:00,buy,2026-05-08T23:14:50.681743+00:00,match,181165.28301963,-0.9798678764007036,0.7798288766297624,False
coinbase,BTC-USD,185824612,95740.76,0.290354,2026-05-08 22:44:17.273000+00:00,buy,2026-05-08T23:14:50.680146+00:00,match,27798.712629039997,0.014428725094548537,-1.3891242137873925,False
coinbase,BTC-USD,185825472,91147.5,1.125995,2026-05-08 22:44:19.353000+00:00,sell,2026-05-08T23:14:50.682772+00:00,match,102631.6292625,-1.563681628640264,-0.329179041099643,False
coinbase,BTC-USD,185824666,95704.34,0.540178,2026-05-08 22:44:20.063000+00:00,sell,2026-05-08T23:14:50.680318+00:00,match,51697.37897252,0.014721124182168836,-1.0655684037699773,False
coinbase,BTC-USD,185823722,99345.16,2.334428,2026-05-08 22:44:24.413000+00:00,sell,2026-05-08T23:14:50.677438+00:00,match,231914.12316848,1.274682882194838,1.4748736500619752,False
coinbase,BTC-USD,185824090,97662.31,1.29992,2026-05-08 22:44:25.997000+00:00,sell,2026-05-08T23:14:50.678539+00:00,match,126953.1900152,0.6707519232417986,-0.022813997317253223,False
coinbase,BTC-USD,185823974,98626.16,1.726908,2026-05-08 22:44:26.667000+00:00,buy,2026-05-08T23:14:50.678195+00:00,match,170318.30471328003,1.0069363821673296,0.5835495943251054,False
coinbase,BTC-USD,185825854,92581.2,0.803581,2026-05-08 22:44:26.745000+00:00,buy,2026-05-08T23:14:50.683884+00:00,match,74396.4932772,-1.1084186735259538,-0.7807618567994314,False
coinbase,BTC-USD,185823822,98773.94,2.034808,2026-05-08 22:44:27.273000+00:00,sell,2026-05-08T23:14:50.677740+00:00,match,200986.00330352,1.0547816942061765,1.0043831717575493,False
coinbase,BTC-USD,185825980,93145.82,2.04842,2026-05-08 22:44:27.537000+00:00,sell,2026-05-08T23:14:50.684326+00:00,match,190801.7606044,-0.9258523308767952,0.8555868247959312,False
coinbase,BTC-USD,185824246,97808.08,1.178776,2026-05-08 22:44:29.653000+00:00,buy,2026-05-08T23:14:50.679030+00:00,match,115293.81731008,0.7371131466057861,-0.21583646189163205,False
coinbase,BTC-USD,185824920,94486.92,0.397717,2026-05-08 22:44:31.353000+00:00,buy,2026-05-08T23:14:50.681082+00:00,match,37579.054361639995,-0.4332230642484889,-1.3504901898193733,False
coinbase,BTC-USD,185827074,95136.18,0.96781,2026-05-08 22:44:31.557000+00:00,buy,2026-05-08T23:14:50.687766+00:00,match,92073.7463658,-0.18734533331441655,-0.5410285413779268,False
coinbase,BTC-USD,185827388,95317.96,1.688925,2026-05-08 22:44:32.081000+00:00,sell,2026-05-08T23:14:50.688726+00:00,match,160984.885593,-0.13140548691675583,0.48537255707245675,False
coinbase,BTC-USD,185826558,94486.85,1.528507,2026-05-08 22:44:33.453000+00:00,buy,2026-05-08T23:14:50.686152+00:00,match,144423.81163295,-0.44690623061477236,0.24314283052724928,False
coinbase,BTC-USD,185825866,92791.26,1.862449,2026-05-08 22:44:36.391000+00:00,buy,2026-05-08T23:14:50.683916+00:00,match,172818.98939574,-1.0478120205971966,0.6569556569751752,False
coinbase,BTC-USD,185825730,91169.63,0.914297,2026-05-08 22:44:42.393000+00:00,sell,2026-05-08T23:14:50.683511+00:00,match,83356.11920011001,-1.6051656415941886,-0.6569427010601506,False
coinbase,BTC-USD,185825922,92574.77,2.107249,2026-05-08 22:44:44.283000+00:00,sell,2026-05-08T23:14:50.684132+00:00,match,195078.09150773,-1.0735510000405277,0.9968419363528418,False
coinbase,BTC-USD,185824588,95784.15,1.662729,2026-05-08 22:44:45.873000+00:00,buy,2026-05-08T23:14:50.680073+00:00,match,159263.08394535,0.07553702807856062,0.45102776602848343,False
coinbase,BTC-USD,185824676,95562.65,1.60048,2026-05-08 22:44:46.025000+00:00,sell,2026-05-08T23:14:50.680351+00:00,match,152946.11007199998,-0.009046338222563299,0.34604768448763884,False
coinbase,BTC-USD,185824184,98559.18,2.327668,2026-05-08 22:44:47.481000+00:00,sell,2026-05-08T23:14:50.678832+00:00,match,229413.04939224,1.0918044772548987,1.466684031214943,False
coinbase,BTC-USD,185824134,97966.49,0.105677,2026-05-08 22:44:50.163000+00:00,buy,2026-05-08T23:14:50.678680+00:00,match,10352.80476373,0.8643512854004858,-1.8041365572642387,False
coinbase,BTC-USD,185824952,94186.27,0.286713,2026-05-08 22:44:54.073000+00:00,sell,2026-05-08T23:14:50.681184+00:00,match,27004.42803051,-0.5368868888725373,-1.5202511097527074,False
coinbase,BTC-USD,185825680,91208.64,2.458157,2026-05-08 22:44:54.609000+00:00,buy,2026-05-08T23:14:50.683371+00:00,match,224205.15687648,-1.6039213706457345,1.3823673178281102,False
coinbase,BTC-USD,185824448,96805.52,1.168931,2026-05-08 22:44:56.605000+00:00,sell,2026-05-08T23:14:50.679648+00:00,match,113158.97329912,0.4278014244094909,-0.2672695444264775,False
coinbase,BTC-USD,185823702,99656.98,0.678349,2026-05-08 22:44:57.963000+00:00,sell,2026-05-08T23:14:50.677381+00:00,match,67602.21272601999,1.4512704833480978,-0.9270763851008921,False
coinbase,BTC-USD,185825750,91516.17,0.011946,2026-05-08 22:44:59.869000+00:00,sell,2026-05-08T23:14:50.683570+00:00,match,1093.25216682,-1.5150694058372838,-1.8653190988121489,False
coinbase,BTC-USD,185824024,98568.09,1.186585,2026-05-08 22:45:04.173000+00:00,sell,2026-05-08T23:14:50.678347+00:00,match,116959.41707265,1.0756835925206947,-0.1691459438649256,False
coinbase,BTC-USD,185826714,94462.16,1.412872,2026-05-08 22:45:06.117000+00:00,sell,2026-05-08T23:14:50.686636+00:00,match,133462.94092352,-0.4434661793876092,0.07230724508154987,False
coinbase,BTC-USD,185825118,92599.59,1.078846,2026-05-08 22:45:06.399000+00:00,buy,2026-05-08T23:14:50.681698+00:00,match,99900.69727314,-1.1101745330406048,-0.4094552542761924,False
coinbase,BTC-USD,185826628,94889.96,1.638525,2026-05-08 22:45:07.769000+00:00,buy,2026-05-08T23:14:50.686373+00:00,match,155479.571709,-0.2738039194463132,0.43119226356619794,False
coinbase,BTC-USD,185824358,97865.72,2.497053,2026-05-08 22:45:08.237000+00:00,buy,2026-05-08T23:14:50.679374+00:00,match,244375.88972316,0.8224214962974816,1.7356008640868434,False
coinbase,BTC-USD,185824004,98314.19,2.438667,2026-05-08 22:45:08.737000+00:00,sell,2026-05-08T23:14:50.678290+00:00,match,239755.57078473,0.9745055652343212,1.6313848981632908,False
coinbase,BTC-USD,185827038,95151.51,1.07868,2026-05-08 22:45:13.317000+00:00,buy,2026-05-08T23:14:50.687648+00:00,match,102638.0308068,-0.1958730492158456,-0.3628078325565066,False
coinbase,BTC-USD,185827270,94882.89,1.884754,2026-05-08 22:45:17.281000+00:00,buy,2026-05-08T23:14:50.688371+00:00,match,178830.90645906,-0.29990256249343406,0.7596593472026985,False
coinbase,BTC-USD,185825610,91121.88,2.231328,2026-05-08 22:45:19.929000+00:00,sell,2026-05-08T23:14:50.683176+00:00,match,203322.80225664,-1.675431421797534,1.0995268885593843,False
coinbase,BTC-USD,185825594,91149.45,1.173771,2026-05-08 22:45:23.505000+00:00,buy,2026-05-08T23:14:50.683133+00:00,match,106988.58107595,-1.6674210700029397,-0.29981866446155925,False
coinbase,BTC-USD,185823646,99381.79,1.314601,2026-05-08 22:45:24.397000+00:00,sell,2026-05-08T23:14:50.677199+00:00,match,130647.40051578998,1.3365966165363121,0.059408408642652275,False
coinbase,BTC-USD,185823744,99026.86,0.810255,2026-05-08 22:45:26.169000+00:00,buy,2026-05-08T23:14:50.677499+00:00,match,80237.00844929999,1.2069564947270655,-0.6844902000349448,False
coinbase,BTC-USD,185824156,98016.27,0.200328,2026-05-08 22:45:32.337000+00:00,sell,2026-05-08T23:14:50.678747+00:00,match,19635.40333656,0.8363769670958253,-1.5465529422780693,False
coinbase,BTC-USD,185823802,99179.86,0.28624,2026-05-08 22:45:32.423000+00:00,buy,2026-05-08T23:14:50.677674+00:00,match,28389.2431264,1.253730936336743,-1.3897195090178793,False
coinbase,BTC-USD,185823672,99813.08,0.432339,2026-05-08 22:45:32.793000+00:00,buy,2026-05-08T23:14:50.677283+00:00,match,43153.087194119995,1.4602279492430437,-1.1739999797174494,False
coinbase,BTC-USD,185824744,94773.33,1.853256,2026-05-08 22:45:32.953000+00:00,sell,2026-05-08T23:14:50.680555+00:00,match,175639.24246248,-0.3634128805482076,0.7539772320260234,False
coinbase,BTC-USD,185824300,98225.99,1.842173,2026-05-08 22:45:37.137000+00:00,sell,2026-05-08T23:14:50.679198+00:00,match,180949.26667627,0.8938346864334307,0.8326422508583705,False
coinbase,BTC-USD,185827124,95787.0,2.054897,2026-05-08 22:45:37.777000+00:00,buy,2026-05-08T23:14:50.687925+00:00,match,196832.418939,0.01129655874175512,1.0430405065938388,False
coinbase,BTC-USD,185826036,92384.67,2.090947,2026-05-08 22:45:38.913000+00:00,buy,2026-05-08T23:14:50.684477+00:00,match,193171.44858248995,-1.2145983986396092,0.9864927743623092,False
coinbase,BTC-USD,185825640,91298.24,0.102525,2026-05-08 22:45:40.317000+00:00,buy,2026-05-08T23:14:50.683260+00:00,match,9360.352056000002,-1.5719529626357467,-1.6482780334980331,False
coinbase,BTC-USD,185824742,94821.34,2.370826,2026-05-08 22:45:40.693000+00:00,sell,2026-05-08T23:14:50.680548+00:00,match,224804.89822684,-0.3069431994518491,1.4064666823840735,False
coinbase,BTC-USD,185824138,97996.74,1.427476,2026-05-08 22:45:44.397000+00:00,buy,2026-05-08T23:14:50.678692+00:00,match,139887.99442824,0.8440334802640521,0.19785745928339557,False
coinbase,BTC-USD,185823966,98689.57,0.601355,2026-05-08 22:45:44.595000+00:00,buy,2026-05-08T23:14:50.678171+00:00,match,59347.46636735,1.089027443993792,-0.9375479064591609,False
coinbase,BTC-USD,185826268,92764.6,0.148523,2026-05-08 22:45:49.265000+00:00,sell,2026-05-08T23:14:50.685228+00:00,match,13777.6766858,-1.030583163806074,-1.5509443223078743,False
coinbase,BTC-USD,185823820,98821.17,1.033663,2026-05-08 22:45:50.641000+00:00,buy,2026-05-08T23:14:50.677733+00:00,match,102147.78704571,1.1584060281692428,-0.319825499280285,False
coinbase,BTC-USD,185826928,95812.74,1.089413,2026-05-08 22:45:51.265000+00:00,buy,2026-05-08T23:14:50.687298+00:00,match,104379.64452162,0.0791045104142317,-0.2862316993099458,False
coinbase,BTC-USD,185823926,99231.8,2.439636,2026-05-08 22:45:51.379000+00:00,buy,2026-05-08T23:14:50.678052+00:00,match,242089.47162480003,1.3110706520410733,1.6260457278031026,False
coinbase,BTC-USD,185824224,98081.48,1.093445,2026-05-08 22:45:53.409000+00:00,sell,2026-05-08T23:14:50.678958+00:00,match,107246.7038986,0.9003484270731053,-0.25056115349862984,False
coinbase,BTC-USD,185826156,93069.72,1.38758,2026-05-08 22:45:55.185000+00:00,buy,2026-05-08T23:14:50.684866+00:00,match,129141.6820776,-0.9106641699166184,0.06413694537059503,False
coinbase,BTC-USD,185823758,99016.21,0.370726,2026-05-08 22:45:57.575000+00:00,sell,2026-05-08T23:14:50.677538+00:00,match,36707.88346846,1.2137344745997698,-1.2405642255256666,False
coinbase,BTC-USD,185825344,91866.82,0.948338,2026-05-08 22:45:58.357000+00:00,buy,2026-05-08T23:14:50.682392+00:00,match,87120.79634516001,-1.3478619368339093,-0.5166536165025899,False
coinbase,BTC-USD,185825712,91175.61,1.075959,2026-05-08 22:45:58.473000+00:00,sell,2026-05-08T23:14:50.683459+00:00,match,98101.21815999,-1.5635783480963996,-0.3530103990888022,False
coinbase,BTC-USD,185826142,92445.3,0.689472,2026-05-08 22:45:59.403000+00:00,buy,2026-05-08T23:14:50.684809+00:00,match,63738.4458816,-1.1220524015705293,-0.8237028788903568,False
coinbase,BTC-USD,185826430,93119.26,0.138563,2026-05-08 22:46:03.061000+00:00,sell,2026-05-08T23:14:50.685741+00:00,match,12902.884023379998,-0.8821261940582024,-1.5229103571725189,False
coinbase,BTC-USD,185825288,92447.7,0.294046,2026-05-08 22:46:05.825000+00:00,sell,2026-05-08T23:14:50.682231+00:00,match,27183.876394199997,-1.0981443807572708,-1.3085461394229685,False
coinbase,BTC-USD,185824868,94548.82,1.672909,2026-05-08 22:46:07.057000+00:00,sell,2026-05-08T23:14:50.680929+00:00,match,158171.57191738,-0.3601383815198621,0.520553658515804,False
coinbase,BTC-USD,185823930,99275.41,1.096709,2026-05-08 22:46:14.511000+00:00,buy,2026-05-08T23:14:50.678063+00:00,match,108876.23562569,1.2906359688592999,-0.17400936187610844,False
coinbase,BTC-USD,185825352,91677.0,2.02729,2026-05-08 22:46:15.213000+00:00,buy,2026-05-08T23:14:50.682412+00:00,match,185855.86532999997,-1.360896144512932,0.8859586807025321,False
coinbase,BTC-USD,185824844,94471.58,0.976664,2026-05-08 22:46:22.769000+00:00,buy,2026-05-08T23:14:50.680859+00:00,match,92266.99120912,-0.36955351536282854,-0.4193387490912654,False
coinbase,BTC-USD,185823698,99763.48,2.480756,2026-05-08 22:46:24.951000+00:00,buy,2026-05-08T23:14:50.677368+00:00,match,247488.85159088,1.485557793037186,1.7322946380624389,False
coinbase,BTC-USD,185824766,94864.93,1.581744,2026-05-08 22:46:25.643000+00:00,sell,2026-05-08T23:14:50.680621+00:00,match,150052.03383792,-0.2192207373744203,0.3814207715316924,False
coinbase,BTC-USD,185823838,98974.42,1.475451,2026-05-08 22:46:27.253000+00:00,sell,2026-05-08T23:14:50.677790+00:00,match,146031.90696342,1.2105936775246935,0.32522002635010816,False
coinbase,BTC-USD,185826898,95714.42,1.010754,2026-05-08 22:46:28.251000+00:00,buy,2026-05-08T23:14:50.687203+00:00,match,96743.73287268,0.05445129219249286,-0.36703404392407213,False
coinbase,BTC-USD,185824198,98346.68,2.488005,2026-05-08 22:46:29.191000+00:00,buy,2026-05-08T23:14:50.678876+00:00,match,244687.03157339996,0.9660775465008963,1.712119990594951,False
coinbase,BTC-USD,185824218,98124.58,1.281682,2026-05-08 22:46:30.585000+00:00,sell,2026-05-08T23:14:50.678941+00:00,match,125764.50794356,0.8920769474921773,0.02875620337571466,False
coinbase,BTC-USD,185825486,91116.37,0.560853,2026-05-08 22:46:33.479000+00:00,buy,2026-05-08T23:14:50.682814+00:00,match,51102.88946361,-1.5704969759506773,-1.0063533041008568,False
coinbase,BTC-USD,185825028,93860.82,0.872178,2026-05-08 22:46:35.121000+00:00,sell,2026-05-08T23:14:50.681416+00:00,match,81863.34226596,-0.601685414990361,-0.5642344882767042,False
coinbase,BTC-USD,185826312,92729.55,0.551908,2026-05-08 22:46:37.773000+00:00,buy,2026-05-08T23:14:50.685362+00:00,match,51178.1804814,-0.9846500043021261,-0.9795371156988185,False
coinbase,BTC-USD,185825178,92847.0,0.528778,2026-05-08 22:46:41.979000+00:00,sell,2026-05-08T23:14:50.681876+00:00,match,49095.450966,-0.9456384689284808,-0.9889526380576308,False
coinbase,BTC-USD,185826124,92583.51,0.355874,2026-05-08 22:46:42.353000+00:00,sell,2026-05-08T23:14:50.684756+00:00,match,32948.06403774,-1.01912683789998,-1.2165162317148164,False
coinbase,BTC-USD,185826264,92615.32,0.042212,2026-05-08 22:46:45.117000+00:00,buy,2026-05-08T23:14:50.685216+00:00,match,3909.47788784,-1.0161872148586168,-1.588609917184624,False
coinbase,BTC-USD,185826336,92341.24,0.650646,2026-05-08 22:46:45.585000+00:00,buy,2026-05-08T23:14:50.685440+00:00,match,60081.45844104,-1.0981115886902477,-0.7888866381633673,False
coinbase,BTC-USD,185823812,98865.26,0.776048,2026-05-08 22:46:47.273000+00:00,sell,2026-05-08T23:14:50.677706+00:00,match,76724.18729248,1.2016060227125755,-0.5672580139480417,False
coinbase,BTC-USD,185824652,95491.31,1.751885,2026-05-08 22:46:48.113000+00:00,sell,2026-05-08T23:14:50.680273+00:00,match,167289.79361934998,0.009443562677375877,0.7244525061027614,False
coinbase,BTC-USD,185824204,98408.35,0.192181,2026-05-08 22:46:48.113000+00:00,buy,2026-05-08T23:14:50.678900+00:00,match,18912.21511135,1.0643125924420538,-1.3882584614700337,False
coinbase,BTC-USD,185824188,98436.69,0.650803,2026-05-08 22:46:50.529000+00:00,sell,2026-05-08T23:14:50.678845+00:00,match,64062.89316207,1.0531958621504751,-0.7306259768357061,False
coinbase,BTC-USD,185825018,93809.63,0.250071,2026-05-08 22:46:51.295000+00:00,sell,2026-05-08T23:14:50.681384+00:00,match,23459.06798373,-0.6198912853482272,-1.293242504012624,False
coinbase,BTC-USD,185826208,93370.42,2.087022,2026-05-08 22:46:51.449000+00:00,sell,2026-05-08T23:14:50.685041+00:00,match,194866.12068924,-0.7827444108208448,1.1110480893362147,False
coinbase,BTC-USD,185824578,95906.27,2.255693,2026-05-08 22:46:51.915000+00:00,sell,2026-05-08T23:14:50.680047+00:00,match,216335.10189511,0.13128096416182966,1.404802129669707,False
coinbase,BTC-USD,185826510,93710.02,0.591345,2026-05-08 22:46:52.635000+00:00,sell,2026-05-08T23:14:50.686003+00:00,match,55414.9517769,-0.6551331092199264,-0.8606557753958114,False
coinbase,BTC-USD,185824020,98717.18,1.113996,2026-05-08 22:46:57.057000+00:00,buy,2026-05-08T23:14:50.678336+00:00,match,109970.54365128,1.1417478761164013,-0.10032013994061095,False
coinbase,BTC-USD,185823896,99485.07,2.321473,2026-05-08 22:46:58.389000+00:00,sell,2026-05-08T23:14:50.677963+00:00,match,230951.90390811,1.3869621934133844,1.574190615718029,False
coinbase,BTC-USD,185825686,91185.58,2.454792,2026-05-08 22:46:59.059000+00:00,sell,2026-05-08T23:14:50.683388+00:00,match,223841.63229936,-1.53342860601038,1.4726723113224514,False
coinbase,BTC-USD,185825826,92183.83,0.913103,2026-05-08 22:47:06.411000+00:00,buy,2026-05-08T23:14:50.683782+00:00,match,84173.33172449,-1.1604217424698622,-0.4845141733776679,False
coinbase,BTC-USD,185824968,93988.13,0.686756,2026-05-08 22:47:08.121000+00:00,sell,2026-05-08T23:14:50.681239+00:00,match,64546.91220628001,-0.5256838031004936,-0.7608463211864125,False
coinbase,BTC-USD,185826658,94957.67,0.231278,2026-05-08 22:47:11.095000+00:00,sell,2026-05-08T23:14:50.686456+00:00,match,21961.62000226,-0.17756700688359553,-1.3359281171765272,False
coinbase,BTC-USD,185825444,90654.49,0.444149,2026-05-08 22:47:11.153000+00:00,buy,2026-05-08T23:14:50.682693+00:00,match,40264.10107901,-1.6517966195631575,-1.0655234091168222,False
coinbase,BTC-USD,185826990,95890.93,0.843218,2026-05-08 22:47:11.745000+00:00,sell,2026-05-08T23:14:50.687491+00:00,match,80856.95821273999,0.17497163057642298,-0.48895203800924275,False
coinbase,BTC-USD,185825158,93082.21,1.421146,2026-05-08 22:47:12.095000+00:00,sell,2026-05-08T23:14:50.681814+00:00,match,132283.41041266,-0.7907423750442305,0.2349341038994633,False
coinbase,BTC-USD,185824092,97674.74,2.023723,2026-05-08 22:47:14.433000+00:00,buy,2026-05-08T23:14:50.678544+00:00,match,197666.61785702,0.8327167972876918,1.131759529808723,False
coinbase,BTC-USD,185825858,92626.05,2.420351,2026-05-08 22:47:17.663000+00:00,sell,2026-05-08T23:14:50.683895+00:00,match,224187.55274355,-0.9519385815566684,1.4851109529609525,False
coinbase,BTC-USD,185825890,92864.89,1.523507,2026-05-08 22:47:18.353000+00:00,sell,2026-05-08T23:14:50.683982+00:00,match,141480.30996923,-0.8503501286182062,0.3421371591818715,False
coinbase,BTC-USD,185826790,95020.24,0.079011,2026-05-08 22:47:18.883000+00:00,sell,2026-05-08T23:14:50.686867+00:00,match,7507.64418264,-0.08931874479115859,-1.535973871005195,False
coinbase,BTC-USD,185825998,93123.94,1.872656,2026-05-08 22:47:21.457000+00:00,sell,2026-05-08T23:14:50.684377+00:00,match,174389.10498464003,-0.7672386848269966,0.8074257334098569,False
coinbase,BTC-USD,185823780,99265.0,2.08458,2026-05-08 22:47:22.809000+00:00,sell,2026-05-08T23:14:50.677602+00:00,match,206925.8337,1.3985836366564879,1.2394101536518127,False
coinbase,BTC-USD,185824446,96826.99,0.210162,2026-05-08 22:47:23.313000+00:00,sell,2026-05-08T23:14:50.679641+00:00,match,20349.35387238,0.5218118019629803,-1.3571643855432718,False
coinbase,BTC-USD,185826072,92224.29,0.883943,2026-05-08 22:47:25.113000+00:00,buy,2026-05-08T23:14:50.684598+00:00,match,81521.01557547,-1.101855064160247,-0.5115063808404186,False
coinbase,BTC-USD,185824834,94585.5,0.412144,2026-05-08 22:47:32.493000+00:00,sell,2026-05-08T23:14:50.680833+00:00,match,38982.846312,-0.24985061379022727,-1.085927260778984,False
coinbase,BTC-USD,185827018,95658.56,2.24712,2026-05-08 22:47:32.829000+00:00,sell,2026-05-08T23:14:50.687583+00:00,match,214956.26334719997,0.14239218842003948,1.3624325209544657,False
coinbase,BTC-USD,185825404,91275.61,0.843721,2026-05-08 22:47:33.425000+00:00,buy,2026-05-08T23:14:50.682557+00:00,match,77011.14894481,-1.40386105462961,-0.5461426134183713,False
coinbase,BTC-USD,185826404,92818.52,0.495056,2026-05-08 22:47:38.729000+00:00,buy,2026-05-08T23:14:50.685659+00:00,match,45950.36523712,-0.8518963009290578,-0.9722202411039668,False
coinbase,BTC-USD,185823870,99009.05,1.100519,2026-05-08 22:47:46.263000+00:00,buy,2026-05-08T23:14:50.677887+00:00,match,108961.34069695,1.368078993773049,-0.08421145728424721,False
coinbase,BTC-USD,185826018,92480.27,1.267833,2026-05-08 22:47:46.761000+00:00,buy,2026-05-08T23:14:50.684430+00:00,match,117249.53815491,-0.9686938840928221,0.042357207748693296,False
coinbase,BTC-USD,185826718,94355.87,1.67766,2026-05-08 22:47:51.433000+00:00,sell,2026-05-08T23:14:50.686649+00:00,match,158297.06886419997,-0.2863170743257439,0.6130831577219316,False
coinbase,BTC-USD,185823936,99306.92,2.34523,2026-05-08 22:47:51.873000+00:00,buy,2026-05-08T23:14:50.678079+00:00,match,232897.5679916,1.4596792407228631,1.6216811811657568,False
coinbase,BTC-USD,185827030,95492.84,1.414028,2026-05-08 22:48:01.031000+00:00,buy,2026-05-08T23:14:50.687626+00:00,match,135029.54955952,0.1025110916966153,0.25077717395040544,False
coinbase,BTC-USD,185826858,95100.14,1.786924,2026-05-08 22:48:02.481000+00:00,buy,2026-05-08T23:14:50.687074+00:00,match,169936.72256936,-0.03631133001178464,0.7358938643559794,False
coinbase,BTC-USD,185826164,93187.74,1.013354,2026-05-08 22:48:02.985000+00:00,sell,2026-05-08T23:14:50.684895+00:00,match,94432.16907996002,-0.7099152769032251,-0.3096869500728332,False
coinbase,BTC-USD,185827034,95385.44,0.884372,2026-05-08 22:48:07.377000+00:00,buy,2026-05-08T23:14:50.687637+00:00,match,84356.21234368,0.06059038358613826,-0.4387835850917241,False
coinbase,BTC-USD,185823806,98939.68,0.072579,2026-05-08 22:48:08.275000+00:00,buy,2026-05-08T23:14:50.677687+00:00,match,7180.94303472,1.3007908311697494,-1.4908703867341702,False
coinbase,BTC-USD,185823746,99066.69,0.213358,2026-05-08 22:48:09.005000+00:00,sell,2026-05-08T23:14:50.677505+00:00,match,21136.67084502,1.317504874651829,-1.2712714098801035,False
coinbase,BTC-USD,185825476,91011.12,1.099712,2026-05-08 22:48:11.465000+00:00,buy,2026-05-08T23:14:50.682785+00:00,match,100086.02079744,-1.509476159168235,-0.1739359099123899,False
coinbase,BTC-USD,185824996,94010.87,1.375806,2026-05-08 22:48:13.273000+00:00,sell,2026-05-08T23:14:50.681319+00:00,match,129340.71901122,-0.4503008113648374,0.23411802052622968,False
coinbase,BTC-USD,185824722,95356.35,1.911005,2026-05-08 22:48:15.753000+00:00,sell,2026-05-08T23:14:50.680485+00:00,match,182226.46163175,0.033113542704065996,0.9812498217059956,False
coinbase,BTC-USD,185824866,94442.81,0.263334,2026-05-08 22:48:20.499000+00:00,buy,2026-05-08T23:14:50.680923+00:00,match,24870.00292854,-0.2782391526530235,-1.2214573386379108,False
coinbase,BTC-USD,185826908,95665.53,1.404288,2026-05-08 22:48:24.881000+00:00,sell,2026-05-08T23:14:50.687235+00:00,match,134341.95579264,0.15024562559105803,0.29839438237517646,False
coinbase,BTC-USD,185824586,95657.59,0.842641,2026-05-08 22:48:30.319000+00:00,sell,2026-05-08T23:14:50.680068+00:00,match,80605.00729519,0.1330262221398634,-0.44410538285368745,False
coinbase,BTC-USD,185825932,92687.28,1.885453,2026-05-08 22:48:31.153000+00:00,sell,2026-05-08T23:14:50.684185+00:00,match,174757.51013784,-0.9148100095443884,0.8864832130595042,False
coinbase,BTC-USD,185824250,97623.55,0.999261,2026-05-08 22:48:34.311000+00:00,sell,2026-05-08T23:14:50.679043+00:00,match,97551.40619655,0.8654673061866691,-0.21497578990341967,False
coinbase,BTC-USD,185824558,96067.44,0.40599,2026-05-08 22:48:34.351000+00:00,sell,2026-05-08T23:14:50.679989+00:00,match,39002.419965600006,0.29006764270743324,-1.0613250702841062,False
coinbase,BTC-USD,185826320,92443.58,1.259301,2026-05-08 22:48:38.925000+00:00,sell,2026-05-08T23:14:50.685388+00:00,match,116414.29273758,-1.0090425481928513,0.04851951011118674,False
coinbase,BTC-USD,185827336,95687.65,1.605951,2026-05-08 22:48:39.361000+00:00,buy,2026-05-08T23:14:50.688566+00:00,match,153669.67720515,0.17005599186857415,0.5789743830039803,False
coinbase,BTC-USD,185826076,92394.59,0.311496,2026-05-08 22:48:40.529000+00:00,sell,2026-05-08T23:14:50.684611+00:00,match,28780.54520664,-1.0301040875481213,-1.1904837326025413,False
coinbase,BTC-USD,185823768,99144.01,1.721667,2026-05-08 22:48:40.605000+00:00,sell,2026-05-08T23:14:50.677571+00:00,match,170692.97026467,1.4013406148797165,0.8235474900556291,False
coinbase,BTC-USD,185824532,95735.72,1.495228,2026-05-08 22:48:41.633000+00:00,sell,2026-05-08T23:14:50.679910+00:00,match,143146.72914416,0.1794363218781919,0.4546275995722523,False
coinbase,BTC-USD,185823854,99026.34,1.576694,2026-05-08 22:48:42.451000+00:00,buy,2026-05-08T23:14:50.677839+00:00,match,156134.23611996,1.3655277300037258,0.6644511355589418,False
coinbase,BTC-USD,185826968,95901.07,1.073224,2026-05-08 22:48:42.649000+00:00,buy,2026-05-08T23:14:50.687420+00:00,match,102923.32994968,0.23326997434287147,-0.11590711679429554,False
coinbase,BTC-USD,185825330,92008.29,1.68001,2026-05-08 22:48:47.437000+00:00,buy,2026-05-08T23:14:50.682356+00:00,match,154574.84728289998,-1.1549948246655457,0.6470136039488271,False
coinbase,BTC-USD,185827140,95733.18,0.164375,2026-05-08 22:48:48.441000+00:00,sell,2026-05-08T23:14:50.687975+00:00,match,15736.141462499998,0.1670510623742039,-1.3673863121133583,False
coinbase,BTC-USD,185824912,94594.44,0.383523,2026-05-08 22:48:50.673000+00:00,sell,2026-05-08T23:14:50.681055+00:00,match,36279.14341212,-0.2615671687973179,-1.0489183937771664,False
coinbase,BTC-USD,185826456,93466.55,2.017713,2026-05-08 22:48:56.937000+00:00,sell,2026-05-08T23:14:50.685827+00:00,match,188588.67300015,-0.6598536857851081,1.1626393457694912,False
coinbase,BTC-USD,185824526,95817.53,2.280267,2026-05-08 22:48:59.139000+00:00,sell,2026-05-08T23:14:50.679891+00:00,match,218489.55168051,0.22499315261276115,1.5587363136761476,False
coinbase,BTC-USD,185825920,92699.22,0.288211,2026-05-08 22:48:59.345000+00:00,buy,2026-05-08T23:14:50.684126+00:00,match,26716.93489542,-0.9226649119951026,-1.1982078899924598,False
coinbase,BTC-USD,185824270,97656.43,2.133535,2026-05-08 22:49:03.763000+00:00,buy,2026-05-08T23:14:50.679109+00:00,match,208353.41138005,0.946281974627007,1.3842025611585242,False
coinbase,BTC-USD,185827200,95476.87,1.994745,2026-05-08 22:49:04.725000+00:00,buy,2026-05-08T23:14:50.688156+00:00,match,190452.00904815,0.14280700326020174,1.1049207503264888,False
coinbase,BTC-USD,185827254,95022.31,0.511838,2026-05-08 22:49:08.523000+00:00,buy,2026-05-08T23:14:50.688319+00:00,match,48636.02910578,-0.032357658630651626,-0.9079424744854682,False
coinbase,BTC-USD,185824098,97800.27,1.713467,2026-05-08 22:49:09.279000+00:00,sell,2026-05-08T23:14:50.678560+00:00,match,167577.53523609,1.035900781194119,0.798670198675629,False
coinbase,BTC-USD,185825200,92742.46,0.297662,2026-05-08 22:49:11.005000+00:00,buy,2026-05-08T23:14:50.681942+00:00,match,27605.90612852,-0.891193265778525,-1.1854892403839592,False
coinbase,BTC-USD,185824974,94004.19,0.220133,2026-05-08 22:49:13.083000+00:00,buy,2026-05-08T23:14:50.681259+00:00,match,20693.42435727,-0.4165905470951951,-1.2588484767325678,False
coinbase,BTC-USD,185823978,98596.08,0.914041,2026-05-08 22:49:13.095000+00:00,buy,2026-05-08T23:14:50.678206+00:00,match,90120.85955928,1.32256614894152,-0.27768730935458247,False
coinbase,BTC-USD,185825834,92078.49,1.738251,2026-05-08 22:49:14.139000+00:00,sell,2026-05-08T23:14:50.683804+00:00,match,160055.52732099002,-1.168291239939322,0.7532472365036302,False
coinbase,BTC-USD,185824118,97752.9,0.683485,2026-05-08 22:49:14.933000+00:00,sell,2026-05-08T23:14:50.678627+00:00,match,66812.6408565,1.0034334253837638,-0.6017704808976561,False
coinbase,BTC-USD,185826152,92856.77,1.945762,2026-05-08 22:49:15.153000+00:00,buy,2026-05-08T23:14:50.684842+00:00,match,180677.17450874,-0.8532482104989623,1.0443597352007494,False
coinbase,BTC-USD,185826098,92496.33,1.382105,2026-05-08 22:49:22.205000+00:00,buy,2026-05-08T23:14:50.684673+00:00,match,127839.64017465,-0.9900138195856402,0.2589476494693383,False
coinbase,BTC-USD,185824500,96302.25,1.160667,2026-05-08 22:49:26.145000+00:00,buy,2026-05-08T23:14:50.679804+00:00,match,111774.84360074998,0.4881341535566271,0.02076812757101224,False
coinbase,BTC-USD,185823814,98987.72,0.980253,2026-05-08 22:49:28.437000+00:00,sell,2026-05-08T23:14:50.677713+00:00,match,97033.00949316,1.5016781697674286,-0.1953985562732836,False
coinbase,BTC-USD,185823972,98660.24,2.178892,2026-05-08 22:49:30.153000+00:00,sell,2026-05-08T23:14:50.678190+00:00,match,214970.00765408,1.3826920977870665,1.5576088164836324,False
coinbase,BTC-USD,185825192,92675.38,1.98966,2026-05-08 22:49:32.893000+00:00,sell,2026-05-08T23:14:50.681915+00:00,match,184392.4965708,-0.9046088184509675,1.0857602465668004,False
coinbase,BTC-USD,185825146,92926.24,0.078362,2026-05-08 22:49:33.981000+00:00,buy,2026-05-08T23:14:50.681779+00:00,match,7281.886018880001,-0.8067954499185467,-1.4923472665842756,False
coinbase,BTC-USD,185824116,97725.97,0.118924,2026-05-08 22:49:36.369000+00:00,sell,2026-05-08T23:14:50.678620+00:00,match,11621.96325628,1.0584462091806472,-1.4188585587338238,False
coinbase,BTC-USD,185825874,92645.93,1.180773,2026-05-08 22:49:41.721000+00:00,sell,2026-05-08T23:14:50.683938+00:00,match,109393.81270389,-0.9221018330857126,-0.002209174916138625,False
coinbase,BTC-USD,185825356,91557.64,1.16817,2026-05-08 22:49:43.857000+00:00,sell,2026-05-08T23:14:50.682424+00:00,match,106954.8883188,-1.350869025749398,-0.03893873340590416,False
coinbase,BTC-USD,185826462,93457.55,0.773823,2026-05-08 22:49:44.523000+00:00,buy,2026-05-08T23:14:50.685847+00:00,match,72319.60171365,-0.6143420258207896,-0.543923296863144,False
coinbase,BTC-USD,185826560,94568.93,2.075788,2026-05-08 22:49:45.413000+00:00,buy,2026-05-08T23:14:50.686159+00:00,match,196305.05006684,-0.184792360811037,1.235469755181617,False
coinbase,BTC-USD,185825392,91426.46,0.03066,2026-05-08 22:49:45.613000+00:00,buy,2026-05-08T23:14:50.682523+00:00,match,2803.1352636,-1.4091822835095082,-1.5738601052332828,False
coinbase,BTC-USD,185824718,95275.08,0.334287,2026-05-08 22:49:53.745000+00:00,sell,2026-05-08T23:14:50.680473+00:00,match,31849.22066796,0.0935158171539633,-1.1294933300174819,False
coinbase,BTC-USD,185824576,95975.56,2.371213,2026-05-08 22:49:54.081000+00:00,buy,2026-05-08T23:14:50.680041+00:00,match,227578.49555428,0.38564306884275273,1.6567825334830368,False
coinbase,BTC-USD,185823990,98407.24,0.51072,2026-05-08 22:49:55.725000+00:00,buy,2026-05-08T23:14:50.678246+00:00,match,50258.5456128,1.3231528829891108,-0.8507793356722166,False
coinbase,BTC-USD,185824738,95038.78,0.877626,2026-05-08 22:49:58.029000+00:00,buy,2026-05-08T23:14:50.680536+00:00,match,83408.50433628,-0.014775183162804283,-0.3763110288069428,False
coinbase,BTC-USD,185824376,97287.0,0.693441,2026-05-08 22:50:00.009000+00:00,sell,2026-05-08T23:14:50.679428+00:00,match,67462.794567,0.8991086896588589,-0.5887684754238132,False
coinbase,BTC-USD,185824082,97680.79,1.914954,2026-05-08 22:50:03.223000+00:00,sell,2026-05-08T23:14:50.678513+00:00,match,187054.21953366,1.0403857672969372,1.137867323875306,False
coinbase,BTC-USD,185825960,93045.19,0.506826,2026-05-08 22:50:08.829000+00:00,buy,2026-05-08T23:14:50.684270+00:00,match,47157.72146694,-0.7972212003181283,-0.8685921703693144,False
coinbase,BTC-USD,185824870,94431.34,1.829472,2026-05-08 22:50:09.469000+00:00,sell,2026-05-08T23:14:50.680934+00:00,match,172759.49245248,-0.23252642318333377,0.9282939562238285,False
coinbase,BTC-USD,185825906,92798.71,0.269451,2026-05-08 22:50:22.013000+00:00,sell,2026-05-08T23:14:50.684030+00:00,match,25004.70520821,-0.8739990352180047,-1.1775185597064972,False
coinbase,BTC-USD,185825380,91544.28,0.333902,2026-05-08 22:50:24.665000+00:00,sell,2026-05-08T23:14:50.682490+00:00,match,30566.818180559996,-1.3552373039270895,-1.076772841245456,False
coinbase,BTC-USD,185826298,92569.3,0.707105,2026-05-08 22:50:27.973000+00:00,buy,2026-05-08T23:14:50.685316+00:00,match,65456.2148765,-0.9524734470910695,-0.574824111779087,False
coinbase,BTC-USD,185826190,93257.14,2.102819,2026-05-08 22:50:29.021000+00:00,sell,2026-05-08T23:14:50.684985+00:00,match,196102.88587766,-0.6680679854306151,1.2913691560186285,False
coinbase,BTC-USD,185825876,92737.59,2.134551,2026-05-08 22:50:31.425000+00:00,buy,2026-05-08T23:14:50.683943+00:00,match,197953.11547209,-0.8801093675496456,1.2899449301031263,False
coinbase,BTC-USD,185825894,92818.54,1.943605,2026-05-08 22:50:32.103000+00:00,buy,2026-05-08T23:14:50.683996+00:00,match,180402.5784367,-0.8468801125420353,1.0184756162346749,False
coinbase,BTC-USD,185824792,94636.76,2.216154,2026-05-08 22:50:32.673000+00:00,buy,2026-05-08T23:14:50.680700+00:00,match,209729.63422103997,-0.11396257994654893,1.4060228139599016,False
coinbase,BTC-USD,185824542,95836.46,1.065657,2026-05-08 22:50:33.453000+00:00,sell,2026-05-08T23:14:50.679942+00:00,match,102128.79445422,0.36590959918460003,-0.1390913447691251,False
coinbase,BTC-USD,185825560,91079.97,0.370795,2026-05-08 22:50:34.461000+00:00,buy,2026-05-08T23:14:50.683028+00:00,match,33771.99747615,-1.5748269264253874,-1.1145773619526294,False
coinbase,BTC-USD,185826536,94281.18,1.729514,2026-05-08 22:50:35.153000+00:00,sell,2026-05-08T23:14:50.686087+00:00,match,163060.62074652,-0.2514240935881275,0.7250970107786882,False
coinbase,BTC-USD,185823850,99208.61,1.420417,2026-05-08 22:50:37.607000+00:00,sell,2026-05-08T23:14:50.677826+00:00,match,140917.59619037,1.7455458559615096,0.4128917037286005,False
coinbase,BTC-USD,185825424,90859.18,0.562139,2026-05-08 22:50:41.241000+00:00,buy,2026-05-08T23:14:50.682623+00:00,match,51075.48858602,-1.6214284466197275,-0.8851256171280846,False
coinbase,BTC-USD,185824312,98242.99,1.283012,2026-05-08 22:50:43.373000+00:00,buy,2026-05-08T23:14:50.679237+00:00,match,126046.93508588002,1.380670658899609,0.1874629123246798,False
coinbase,BTC-USD,185825160,92945.07,0.092606,2026-05-08 22:50:45.105000+00:00,sell,2026-05-08T23:14:50.681821+00:00,match,8607.27115242,-0.7689546792793918,-1.5032365984440774,False
coinbase,BTC-USD,185824986,94159.0,1.170429,2026-05-08 22:50:47.685000+00:00,buy,2026-05-08T23:14:50.681293+00:00,match,110206.424211,-0.27986505574587417,-0.027216317091335086,False
coinbase,BTC-USD,185825736,91296.42,1.90883,2026-05-08 22:50:47.949000+00:00,sell,2026-05-08T23:14:50.683529+00:00,match,174269.3453886,-1.4113689647774001,0.9155118200246862,False
coinbase,BTC-USD,185826440,93162.65,0.856589,2026-05-08 22:50:49.681000+00:00,sell,2026-05-08T23:14:50.685774+00:00,match,79802.10120085,-0.6568962691109373,-0.4705306840418588,False
coinbase,BTC-USD,185825454,90899.82,2.303472,2026-05-08 22:50:50.493000+00:00,buy,2026-05-08T23:14:50.682720+00:00,match,209385.19017504004,-1.5365225053590137,1.3999905870802969,False
coinbase,BTC-USD,185826150,92771.55,2.389175,2026-05-08 22:50:51.237000+00:00,sell,2026-05-08T23:14:50.684835+00:00,match,221647.46797125,-0.7685325920242874,1.582820383121295,False
coinbase,BTC-USD,185826884,95456.78,1.392659,2026-05-08 22:50:55.121000+00:00,buy,2026-05-08T23:14:50.687157+00:00,match,132938.74377802,0.3152892969166981,0.30999970965795587,False
coinbase,BTC-USD,185823992,98399.53,1.050383,2026-05-08 22:50:55.273000+00:00,buy,2026-05-08T23:14:50.678252+00:00,match,103357.19351999,1.495984920685966,-0.12873830831703253,False
coinbase,BTC-USD,185827310,95535.12,1.615158,2026-05-08 22:51:00.487000+00:00,buy,2026-05-08T23:14:50.688497+00:00,match,154304.31334896,0.31368538935119605,0.6095613071954807,False
coinbase,BTC-USD,185826382,92678.7,0.396566,2026-05-08 22:51:02.263000+00:00,sell,2026-05-08T23:14:50.685585+00:00,match,36753.2213442,-0.8465468738976748,-1.129926536714994,False
coinbase,BTC-USD,185823994,98373.46,0.857047,2026-05-08 22:51:02.759000+00:00,sell,2026-05-08T23:14:50.678258+00:00,match,84310.67877262001,1.4565069640957835,-0.43508061028046247,False
coinbase,BTC-USD,185825174,92833.57,1.517456,2026-05-08 22:51:04.367000+00:00,sell,2026-05-08T23:14:50.681865+00:00,match,140870.85779792,-0.8032667734156703,0.3970589896724821,False
coinbase,BTC-USD,185824336,98170.21,1.0374,2026-05-08 22:51:06.717000+00:00,sell,2026-05-08T23:14:50.679307+00:00,match,101841.77585400002,1.3522020720072983,-0.17894488993048246,False
coinbase,BTC-USD,185825426,90883.15,1.586968,2026-05-08 22:51:09.795000+00:00,sell,2026-05-08T23:14:50.682632+00:00,match,144228.65078919998,-1.5746399229679584,0.4627524030477898,False
coinbase,BTC-USD,185824210,98311.88,1.82889,2026-05-08 22:51:15.243000+00:00,buy,2026-05-08T23:14:50.678916+00:00,match,179801.6142132,1.3971808965331263,1.011347488640866,False
coinbase,BTC-USD,185825812,91657.45,1.759038,2026-05-08 22:51:16.873000+00:00,sell,2026-05-08T23:14:50.683743+00:00,match,161228.9375331,-1.2654230252468421,0.7263640381954529,False
coinbase,BTC-USD,185825252,92955.09,1.761856,2026-05-08 22:51:23.153000+00:00,buy,2026-05-08T23:14:50.682104+00:00,match,163773.48304704,-0.7363523445063507,0.7488153478166104,False
coinbase,BTC-USD,185826542,94209.37,2.309131,2026-05-08 22:51:23.703000+00:00,sell,2026-05-08T23:14:50.686107+00:00,match,217541.77675747,-0.2410755695883215,1.5492213125541994,False
coinbase,BTC-USD,185826438,93084.39,0.100951,2026-05-08 22:51:24.843000+00:00,sell,2026-05-08T23:14:50.685767+00:00,match,9396.96225489,-0.6752471833763619,-1.5639516641531612,False
coinbase,BTC-USD,185824408,96905.96,1.461347,2026-05-08 22:51:26.273000+00:00,sell,2026-05-08T23:14:50.679530+00:00,match,141613.23392812,0.872536018991157,0.41536173379026986,False
coinbase,BTC-USD,185825850,92536.56,0.465244,2026-05-08 22:51:27.555000+00:00,buy,2026-05-08T23:14:50.683873+00:00,match,43052.07932064,-0.899647382744929,-1.0738071484929623,False
coinbase,BTC-USD,185827350,95691.75,0.447696,2026-05-08 22:51:28.083000+00:00,buy,2026-05-08T23:14:50.688610+00:00,match,42840.813708,0.37517867095425655,-1.0782965686312191,False
coinbase,BTC-USD,185826776,95062.6,2.419156,2026-05-08 22:51:30.129000+00:00,sell,2026-05-08T23:14:50.686825+00:00,match,229971.25916560003,0.12269459444986523,1.7494634630824157,False
coinbase,BTC-USD,185826220,93119.12,2.327712,2026-05-08 22:51:31.697000+00:00,buy,2026-05-08T23:14:50.685080+00:00,match,216754.49305344,-0.6782312509836503,1.5132279416207277,False
coinbase,BTC-USD,185824228,98062.67,1.161695,2026-05-08 22:51:35.297000+00:00,sell,2026-05-08T23:14:50.678971+00:00,match,113918.91342565,1.3135651321540742,-0.03432428145731987,False
coinbase,BTC-USD,185825526,90989.97,0.933751,2026-05-08 22:51:38.499000+00:00,sell,2026-05-08T23:14:50.682921+00:00,match,84961.97547747,-1.5328564306417285,-0.4654881556194538,False
coinbase,BTC-USD,185824140,97995.7,0.225713,2026-05-08 22:51:39.057000+00:00,buy,2026-05-08T23:14:50.678699+00:00,match,22118.9034341,1.2946605083611944,-1.3811864379727088,False
coinbase,BTC-USD,185823888,99278.55,1.595243,2026-05-08 22:51:44.673000+00:00,buy,2026-05-08T23:14:50.677937+00:00,match,158373.41193765,1.7668299718973386,0.644724246107858,False
coinbase,BTC-USD,185824326,98406.24,0.988553,2026-05-08 22:51:45.171000+00:00,buy,2026-05-08T23:14:50.679280+00:00,match,97279.78377072,1.4303479304855717,-0.2473183236069619,False
coinbase,BTC-USD,185825636,91230.35,0.293318,2026-05-08 22:51:45.561000+00:00,buy,2026-05-08T23:14:50.683249+00:00,match,26759.503801300005,-1.4211752406588538,-1.2857098099108226,False
coinbase,BTC-USD,185824548,96071.57,2.049028,2026-05-08 22:51:45.705000+00:00,buy,2026-05-08T23:14:50.679962+00:00,match,196853.33693396,0.4999125968296843,1.2533099816420434,False
coinbase,BTC-USD,185824776,94986.37,1.824557,2026-05-08 22:51:48.105000+00:00,sell,2026-05-08T23:14:50.680649+00:00,match,173308.04628809,0.06178851713088558,0.8870459181234418,False
coinbase,BTC-USD,185825414,90910.51,1.813525,2026-05-08 22:51:55.155000+00:00,sell,2026-05-08T23:14:50.682587+00:00,match,164868.48264775,-1.5249694136297356,0.748211162757398,False
coinbase,BTC-USD,185826710,94463.83,1.154919,2026-05-08 22:52:01.335000+00:00,sell,2026-05-08T23:14:50.686624+00:00,match,109098.07207977,-0.11082301376571936,-0.09555249924162139,False
coinbase,BTC-USD,185824908,94798.22,2.285082,2026-05-08 22:52:04.593000+00:00,sell,2026-05-08T23:14:50.681043+00:00,match,216621.70615404,0.040205302759011186,1.489590319564566,False
coinbase,BTC-USD,185827360,95246.93,0.869654,2026-05-08 22:52:07.169000+00:00,buy,2026-05-08T23:14:50.688644+00:00,match,82831.87366222,0.20714187048311314,-0.5160522296928083,False
coinbase,BTC-USD,185825090,93201.49,0.435077,2026-05-08 22:52:09.481000+00:00,sell,2026-05-08T23:14:50.681610+00:00,match,40549.82466473,-0.6265739050906998,-1.129688302645773,False
coinbase,BTC-USD,185824124,97932.84,1.331845,2026-05-08 22:52:09.969000+00:00,sell,2026-05-08T23:14:50.678647+00:00,match,130431.3632898,1.2876862828804365,0.2186118408894665,False
coinbase,BTC-USD,185824350,98134.77,0.356003,2026-05-08 22:52:11.001000+00:00,buy,2026-05-08T23:14:50.679347+00:00,match,34936.27252431,1.3422386786019567,-1.2151999382469647,False
coinbase,BTC-USD,185826108,92455.7,0.429569,2026-05-08 22:52:14.145000+00:00,buy,2026-05-08T23:14:50.684705+00:00,match,39716.1025933,-0.9244012650527142,-1.1224454581411358,False
coinbase,BTC-USD,185827000,96082.88,2.344225,2026-05-08 22:52:14.205000+00:00,sell,2026-05-08T23:14:50.687524+00:00,match,225239.889368,0.5261793133790642,1.6032964996094652,False
coinbase,BTC-USD,185825586,91098.26,0.663027,2026-05-08 22:52:14.691000+00:00,buy,2026-05-08T23:14:50.683111+00:00,match,60400.60603302,-1.4516218414181372,-0.8091370527145361,False
coinbase,BTC-USD,185826384,92599.15,0.774032,2026-05-08 22:52:14.853000+00:00,buy,2026-05-08T23:14:50.685592+00:00,match,71674.7052728,-0.8379744554861854,-0.6380189245888443,False
coinbase,BTC-USD,185824688,95628.37,1.045668,2026-05-08 22:52:17.085000+00:00,buy,2026-05-08T23:14:50.680389+00:00,match,99995.52640116,0.3712384928913833,-0.2316459941740647,False
coinbase,BTC-USD,185823986,98542.84,0.920428,2026-05-08 22:52:18.345000+00:00,buy,2026-05-08T23:14:50.678233+00:00,match,90701.58913552,1.4980959918265029,-0.36520416418574086,False
coinbase,BTC-USD,185827052,94765.26,0.444163,2026-05-08 22:52:30.353000+00:00,sell,2026-05-08T23:14:50.687690+00:00,match,42091.22217738,0.00631569816910885,-1.06353331637004,False
coinbase,BTC-USD,185824520,96076.26,1.918886,2026-05-08 22:52:32.557000+00:00,buy,2026-05-08T23:14:50.679871+00:00,match,184359.39024636,0.5126719944622737,1.0128382798410835,False
coinbase,BTC-USD,185824496,96287.41,0.631991,2026-05-08 22:52:33.897000+00:00,buy,2026-05-08T23:14:50.679789+00:00,match,60852.77653331,0.6162530255757406,-0.7962179192869587,False
coinbase,BTC-USD,185825562,91090.92,2.386656,2026-05-08 22:52:38.673000+00:00,sell,2026-05-08T23:14:50.683033+00:00,match,217402.69076352,-1.4438451727099229,1.4907598944842848,False
coinbase,BTC-USD,185826252,92545.57,0.237984,2026-05-08 22:52:40.113000+00:00,sell,2026-05-08T23:14:50.685181+00:00,match,22024.36493088,-0.8476696586245172,-1.337017136426155,False
coinbase,BTC-USD,185824638,95700.48,0.24021,2026-05-08 22:52:41.193000+00:00,buy,2026-05-08T23:14:50.680227+00:00,match,22988.2123008,0.42633884094588587,-1.3002368170867744,False
coinbase,BTC-USD,185824208,98363.55,2.388008,2026-05-08 22:52:44.409000+00:00,buy,2026-05-08T23:14:50.678911+00:00,match,234892.9443084,1.4678619056233768,1.7149474911447535,False
coinbase,BTC-USD,185827166,96109.54,0.327647,2026-05-08 22:52:47.839000+00:00,buy,2026-05-08T23:14:50.688059+00:00,match,31490.00245238,0.5608865079042793,-1.1792318120079894,False
coinbase,BTC-USD,185824572,96022.7,0.42108,2026-05-08 22:52:53.793000+00:00,buy,2026-05-08T23:14:50.680026+00:00,match,40433.238516,0.5196018029783389,-1.0531314635215527,False
coinbase,BTC-USD,185825082,92990.6,1.646144,2026-05-08 22:52:56.193000+00:00,buy,2026-05-08T23:14:50.681585+00:00,match,153075.91824640002,-0.6925989176604772,0.5595840663492608,False
coinbase,BTC-USD,185826624,94638.2,1.644229,2026-05-08 22:52:57.789000+00:00,buy,2026-05-08T23:14:50.686361+00:00,match,155606.8729478,-0.028504427649976277,0.6106610646425741,False
coinbase,BTC-USD,185825902,92763.37,0.51068,2026-05-08 22:53:00.113000+00:00,buy,2026-05-08T23:14:50.684019+00:00,match,47372.3977916,-0.7800013761853152,-0.9594490297628169,False
coinbase,BTC-USD,185826904,95732.69,2.229534,2026-05-08 22:53:01.593000+00:00,sell,2026-05-08T23:14:50.687225+00:00,match,213439.28726646,0.420119087377475,1.4458940229184996,False
coinbase,BTC-USD,185822412,94823.23,0.903796,2026-05-08 22:53:02.193000+00:00,sell,2026-05-08T23:14:50.680952+00:00,match,85700.85598108,0.056078246826994534,-0.39109000619905565,False
coinbase,BTC-USD,185825600,91100.63,1.648457,2026-05-08 22:53:15.597000+00:00,sell,2026-05-08T23:14:50.683149+00:00,match,150175.47122791002,-1.4152881969760405,0.5346940626144507,False
coinbase,BTC-USD,185827266,94913.36,0.093946,2026-05-08 22:53:16.323000+00:00,sell,2026-05-08T23:14:50.688359+00:00,match,8916.73051856,0.11964823018822386,-1.4930305823890564,False
coinbase,BTC-USD,185824760,94873.15,1.976638,2026-05-08 22:53:16.409000+00:00,sell,2026-05-08T23:14:50.680603+00:00,match,187529.8734697,0.09515680438887987,1.0730977653214822,False
coinbase,BTC-USD,185827026,95412.49,0.981516,2026-05-08 22:53:17.673000+00:00,buy,2026-05-08T23:14:50.687612+00:00,match,93648.88553484,0.3071599037065459,-0.3025408073920357,False
coinbase,BTC-USD,185825810,91664.3,2.394896,2026-05-08 22:53:17.915000+00:00,buy,2026-05-08T23:14:50.683738+00:00,match,219526.46541280003,-1.1847555717500533,1.5048067798958518,False
coinbase,BTC-USD,185827190,95833.22,0.940001,2026-05-08 22:53:18.447000+00:00,sell,2026-05-08T23:14:50.688123+00:00,match,90083.32263322,0.4947025934925266,-0.3599779734269676,False
coinbase,BTC-USD,185827072,95259.96,2.389471,2026-05-08 22:53:22.033000+00:00,buy,2026-05-08T23:14:50.687759+00:00,match,227620.91188116,0.27334201193121,1.5941443821238113,False
coinbase,BTC-USD,185824302,98181.89,0.71141,2026-05-08 22:53:22.143000+00:00,buy,2026-05-08T23:14:50.679204+00:00,match,69847.5783649,1.440542154273583,-0.6550834725258952,False
coinbase,BTC-USD,185827060,95058.92,1.739727,2026-05-08 22:53:25.377000+00:00,buy,2026-05-08T23:14:50.687718+00:00,match,165376.56971484,0.1576326109385972,0.7113845918414032,False
coinbase,BTC-USD,185824626,95590.59,1.940119,2026-05-08 22:53:30.945000+00:00,sell,2026-05-08T23:14:50.680187+00:00,match,185457.11988021,0.3786877413022171,0.9839707850127841,False
coinbase,BTC-USD,185825662,91203.87,1.959296,2026-05-08 22:53:31.173000+00:00,sell,2026-05-08T23:14:50.683320+00:00,match,178695.37767552,-1.3958895620884169,0.8727380541019724,False
coinbase,BTC-USD,185825512,91021.02,2.155089,2026-05-08 22:53:38.773000+00:00,buy,2026-05-08T23:14:50.682884+00:00,match,196158.39897078,-1.4453040585980241,1.127629346528703,False
coinbase,BTC-USD,185826048,92542.48,2.335409,2026-05-08 22:53:41.349000+00:00,buy,2026-05-08T23:14:50.684521+00:00,match,216124.54067432,-0.8145600949901399,1.4004887648684348,False
coinbase,BTC-USD,185825348,91846.77,0.887947,2026-05-08 22:53:41.857000+00:00,sell,2026-05-08T23:14:50.682402+00:00,match,81555.06388119001,-1.093651518135141,-0.5261546186700907,False
coinbase,BTC-USD,185825646,91408.97,1.6007,2026-05-08 22:53:48.855000+00:00,sell,2026-05-08T23:14:50.683276+00:00,match,146318.338279,-1.2493983033806875,0.38857997602315425,False
coinbase,BTC-USD,185824356,97799.68,1.847983,2026-05-08 22:53:49.305000+00:00,buy,2026-05-08T23:14:50.679367+00:00,match,180732.14604544,1.3570522220694217,0.8745319089321805,False
coinbase,BTC-USD,185824328,98514.28,1.768051,2026-05-08 22:53:50.109000+00:00,sell,2026-05-08T23:14:50.679286+00:00,match,174178.27126828,1.6116982659590824,0.7678423912025711,False
coinbase,BTC-USD,185825260,92936.46,1.874813,2026-05-08 22:53:54.577000+00:00,sell,2026-05-08T23:14:50.682150+00:00,match,174238.48338198,-0.6577695412870086,0.7537160932377109,False
coinbase,BTC-USD,185824234,97801.94,1.867599,2026-05-08 22:53:55.587000+00:00,sell,2026-05-08T23:14:50.678991+00:00,match,182654.80534206,1.2976028890527398,0.8787265309328662,False
coinbase,BTC-USD,185824646,95641.18,0.206684,2026-05-08 22:53:58.607000+00:00,buy,2026-05-08T23:14:50.680255+00:00,match,19767.50164712,0.4120206955639161,-1.4825192403020404,False
coinbase,BTC-USD,185825130,92634.75,0.324378,2026-05-08 22:53:59.025000+00:00,sell,2026-05-08T23:14:50.681732+00:00,match,30048.6749355,-0.79684754445305,-1.3326908453419177,False
coinbase,BTC-USD,185825776,91552.59,0.358494,2026-05-08 22:54:05.473000+00:00,buy,2026-05-08T23:14:50.683640+00:00,match,32821.05419946,-1.2102617014676738,-1.2690997445686893,False
coinbase,BTC-USD,185824948,94229.32,1.518278,2026-05-08 22:54:06.617000+00:00,buy,2026-05-08T23:14:50.681173+00:00,match,143066.30351096002,-0.11652638342095942,0.32332268475235104,False
coinbase,BTC-USD,185824150,98062.84,0.961787,2026-05-08 22:54:10.877000+00:00,sell,2026-05-08T23:14:50.678730+00:00,match,94315.56469508,1.4201909619160598,-0.39141701940460044,False
coinbase,BTC-USD,185824330,98423.38,1.546798,2026-05-08 22:54:11.731000+00:00,buy,2026-05-08T23:14:50.679291+00:00,match,152241.08733724,1.5516042598068682,0.4447740406380453,False
coinbase,BTC-USD,185826114,92486.7,0.339847,2026-05-08 22:54:12.549000+00:00,sell,2026-05-08T23:14:50.684722+00:00,match,31431.3275349,-0.813560775255117,-1.2988348050665521,False
coinbase,BTC-USD,185824828,94336.89,1.05911,2026-05-08 22:54:18.353000+00:00,sell,2026-05-08T23:14:50.680816+00:00,match,99913.1435679,-0.07298077363412242,-0.3079392583790004,False
coinbase,BTC-USD,185824108,97814.6,0.09354,2026-05-08 22:54:19.985000+00:00,sell,2026-05-08T23:14:50.678595+00:00,match,9149.577684,1.3063434812479235,-1.600254064570348,False
coinbase,BTC-USD,185826178,93279.08,0.559557,2026-05-08 22:54:27.019000+00:00,buy,2026-05-08T23:14:50.684944+00:00,match,52194.96216756,-0.511886524721227,-0.9831641461914977,False
coinbase,BTC-USD,185825882,92786.12,0.846517,2026-05-08 22:54:31.093000+00:00,sell,2026-05-08T23:14:50.683959+00:00,match,78545.02794403999,-0.7179197102485079,-0.6094878305232593,False
coinbase,BTC-USD,185824000,98346.84,0.438481,2026-05-08 22:54:32.673000+00:00,buy,2026-05-08T23:14:50.678278+00:00,match,43123.22075004,1.486345759899283,-1.1234212896938038,False
coinbase,BTC-USD,185825778,91585.16,0.424871,2026-05-08 22:54:33.801000+00:00,sell,2026-05-08T23:14:50.683645+00:00,match,38911.87851436,-1.2012482109288278,-1.1615183179464157,False
coinbase,BTC-USD,185824422,96804.18,0.894781,2026-05-08 22:54:34.533000+00:00,buy,2026-05-08T23:14:50.679571+00:00,match,86618.54098458,0.854638708826337,-0.4490446974007085,False
coinbase,BTC-USD,185824262,97504.08,0.498791,2026-05-08 22:54:37.173000+00:00,sell,2026-05-08T23:14:50.679081+00:00,match,48634.15756728,1.1097451495509567,-0.988841591699435,False
coinbase,BTC-USD,185824412,96768.42,1.267819,2026-05-08 22:54:40.673000+00:00,buy,2026-05-08T23:14:50.679542+00:00,match,122684.84147598,0.8077591912577242,0.11576190104438877,False
coinbase,BTC-USD,185827236,95594.49,1.807403,2026-05-08 22:54:48.201000+00:00,sell,2026-05-08T23:14:50.688265+00:00,match,172777.76800947002,0.3462529211683986,0.8473469858447479,False
coinbase,BTC-USD,185824238,97599.18,2.03285,2026-05-08 22:54:48.211000+00:00,sell,2026-05-08T23:14:50.679004+00:00,match,198404.49306299997,1.115488198528114,1.2029269711404658,False
coinbase,BTC-USD,185825612,91166.5,1.670065,2026-05-08 22:54:53.873000+00:00,sell,2026-05-08T23:14:50.683181+00:00,match,152253.9808225,-1.4045755855961417,0.5209219827774131,False
coinbase,BTC-USD,185825050,93472.34,1.06923,2026-05-08 22:54:53.891000+00:00,sell,2026-05-08T23:14:50.681481+00:00,match,99943.43009819998,-0.4853936274955763,-0.24925718671471783,False
coinbase,BTC-USD,185825990,93144.92,0.937352,2026-05-08 22:54:55.089000+00:00,sell,2026-05-08T23:14:50.684356+00:00,match,87309.57705184,-0.6309601385603004,-0.4438663428164071,False
coinbase,BTC-USD,185824120,97754.26,0.749843,2026-05-08 22:54:55.537000+00:00,sell,2026-05-08T23:14:50.678633+00:00,match,73300.34758118,1.2257605915076242,-0.643440906814935,False
coinbase,BTC-USD,185824890,94840.23,1.805743,2026-05-08 22:54:59.289000+00:00,buy,2026-05-08T23:14:50.680995+00:00,match,171257.08144089,0.044618042417580626,0.7969711006867661,False
coinbase,BTC-USD,185825246,93063.48,0.794114,2026-05-08 22:55:02.407000+00:00,sell,2026-05-08T23:14:50.682085+00:00,match,73903.01235671999,-0.6670517015762691,-0.6584682008306867,False
coinbase,BTC-USD,185826984,95783.48,1.552494,2026-05-08 22:55:04.689000+00:00,sell,2026-05-08T23:14:50.687471+00:00,match,148703.27799912,0.4146551636368766,0.4676836161932529,False
coinbase,BTC-USD,185824726,95239.05,0.723738,2026-05-08 22:55:08.803000+00:00,buy,2026-05-08T23:14:50.680498+00:00,match,68928.1195689,0.18522072848258153,-0.7286471751220194,False
coinbase,BTC-USD,185826700,94433.71,0.266152,2026-05-08 22:55:09.105000+00:00,sell,2026-05-08T23:14:50.686591+00:00,match,25133.72078392,-0.15930149701190066,-1.3587696038034927,False
coinbase,BTC-USD,185824460,96479.49,1.46755,2026-05-08 22:55:09.361000+00:00,sell,2026-05-08T23:14:50.679685+00:00,match,141588.4755495,0.6705106217985765,0.4067670102174327,False
coinbase,BTC-USD,185825862,92715.3,1.686285,2026-05-08 22:55:12.573000+00:00,sell,2026-05-08T23:14:50.683906+00:00,match,156344.41966050002,-0.8704769784484195,0.6264850866174627,False
coinbase,BTC-USD,185825264,92705.77,1.470531,2026-05-08 22:55:17.725000+00:00,buy,2026-05-08T23:14:50.682162+00:00,match,136326.70866387,-0.8572635424053989,0.31759145515696213,False
coinbase,BTC-USD,185824858,94500.21,0.448048,2026-05-08 22:55:19.551000+00:00,sell,2026-05-08T23:14:50.680897+00:00,match,42340.630090080005,-0.10869160157392557,-1.0865422297331089,False
coinbase,BTC-USD,185824710,95568.08,0.253434,2026-05-08 22:55:19.659000+00:00,buy,2026-05-08T23:14:50.680452+00:00,match,24220.20078672,0.32353057891318926,-1.3550909016812653,False
coinbase,BTC-USD,185827142,95711.76,1.510578,2026-05-08 22:55:21.893000+00:00,buy,2026-05-08T23:14:50.687982+00:00,match,144580.07899727998,0.3986649521834583,0.44952151166641957,False
coinbase,BTC-USD,185825310,92341.09,0.983177,2026-05-08 22:55:22.095000+00:00,sell,2026-05-08T23:14:50.682298+00:00,match,90787.63584293,-1.0157596965064362,-0.3535801928336801,False
coinbase,BTC-USD,185825432,90801.38,2.462173,2026-05-08 22:55:24.793000+00:00,sell,2026-05-08T23:14:50.682650+00:00,match,223568.70619874,-1.6264603315974258,1.6079035185907948,False
coinbase,BTC-USD,185827252,95151.32,0.991432,2026-05-08 22:55:25.193000+00:00,buy,2026-05-08T23:14:50.688313+00:00,match,94336.06349024,0.1793580492263004,-0.3069929718228507,False
coinbase,BTC-USD,185827154,95888.41,0.563832,2026-05-08 22:55:28.061000+00:00,sell,2026-05-08T23:14:50.688022+00:00,match,54064.95398712,0.5076455095706952,-0.8881866760705714,False
coinbase,BTC-USD,185827352,95595.03,0.632414,2026-05-08 22:55:31.033000+00:00,buy,2026-05-08T23:14:50.688615+00:00,match,60455.63530242,0.36795985510559326,-0.7775992402845331,False
coinbase,BTC-USD,185824290,98072.41,2.250531,2026-05-08 22:55:32.073000+00:00,buy,2026-05-08T23:14:50.679168+00:00,match,220714.99894971,1.4064300098316704,1.5832328386769545,False
coinbase,BTC-USD,185825036,93533.42,0.764623,2026-05-08 22:55:33.617000+00:00,sell,2026-05-08T23:14:50.681440+00:00,match,71517.80420066,-0.5377314807802891,-0.5999095069459532,False
coinbase,BTC-USD,185827348,95603.22,1.810579,2026-05-08 22:55:33.993000+00:00,sell,2026-05-08T23:14:50.688603+00:00,match,173097.18246438,0.3393250158867334,0.8951494414659158,False
coinbase,BTC-USD,185825254,93090.4,2.095389,2026-05-08 22:55:34.793000+00:00,buy,2026-05-08T23:14:50.682109+00:00,match,195060.6001656,-0.7246530395466051,1.208728908803953,False
coinbase,BTC-USD,185824260,97612.69,2.111344,2026-05-08 22:55:35.577000+00:00,buy,2026-05-08T23:14:50.679075+00:00,match,206093.96735536,1.1956590432216483,1.344108502369389,False
coinbase,BTC-USD,185825270,92642.19,2.482886,2026-05-08 22:55:37.121000+00:00,sell,2026-05-08T23:14:50.682178+00:00,match,230019.99656034,-0.9204143290633809,1.6580286597088174,False
coinbase,BTC-USD,185824906,94665.42,0.529757,2026-05-08 22:55:37.287000+00:00,sell,2026-05-08T23:14:50.681037+00:00,match,50149.66890294,-0.0538367794534544,-0.9746356553369193,False
coinbase,BTC-USD,185824394,97385.7,1.563409,2026-05-08 22:55:38.443000+00:00,buy,2026-05-08T23:14:50.679487+00:00,match,152253.6798513,1.0870802225102039,0.5590098143722677,False
coinbase,BTC-USD,185826716,94441.16,1.073769,2026-05-08 22:55:39.649000+00:00,sell,2026-05-08T23:14:50.686643+00:00,match,101407.98993204,-0.1534095584992239,-0.2028760633346741,False
coinbase,BTC-USD,185824078,97643.18,0.987089,2026-05-08 22:55:44.691000+00:00,buy,2026-05-08T23:14:50.678503+00:00,match,96382.50890302,1.2030296397561628,-0.28024596560870924,False
coinbase,BTC-USD,185824568,96125.83,1.251667,2026-05-08 22:55:50.669000+00:00,sell,2026-05-08T23:14:50.680015+00:00,match,120317.52925861,0.5586054603407807,0.06535433805768215,False
coinbase,BTC-USD,185824804,94588.82,0.97656,2026-05-08 22:55:52.041000+00:00,buy,2026-05-08T23:14:50.680740+00:00,match,92371.6580592,-0.09339404975576485,-0.3493615823928782,False
coinbase,BTC-USD,185825892,92832.61,0.370974,2026-05-08 22:55:54.513000+00:00,buy,2026-05-08T23:14:50.683989+00:00,match,34438.48466214,-0.8580881100895106,-1.2118260453432887,False
coinbase,BTC-USD,185824322,98435.8,1.188121,2026-05-08 22:55:54.573000+00:00,buy,2026-05-08T23:14:50.679267+00:00,match,116953.6411318,1.6250313547830297,0.020226507283175724,False
coinbase,BTC-USD,185825350,91719.13,2.086827,2026-05-08 22:55:55.655000+00:00,buy,2026-05-08T23:14:50.682407+00:00,match,191401.95690051,-1.3591900122652565,1.1561822469953988,False
coinbase,BTC-USD,185826638,95074.38,1.427652,2026-05-08 22:55:58.657000+00:00,sell,2026-05-08T23:14:50.686399+00:00,match,135733.12875576,0.13445425298261326,0.3142224545120217,False
coinbase,BTC-USD,185824106,97803.33,1.48137,2026-05-08 22:56:02.219000+00:00,buy,2026-05-08T23:14:50.678587+00:00,match,144882.9189621,1.327136740004641,0.45813219114316667,False
coinbase,BTC-USD,185825924,92700.97,0.344269,2026-05-08 22:56:03.121000+00:00,sell,2026-05-08T23:14:50.684138+00:00,match,31914.07024093,-0.9468870191403288,-1.2516239410359806,False
coinbase,BTC-USD,185826730,94509.77,0.430384,2026-05-08 22:56:04.887000+00:00,buy,2026-05-08T23:14:50.686687+00:00,match,40675.49285168,-0.1387402903317904,-1.0985717014627887,False
coinbase,BTC-USD,185825774,91536.98,1.568071,2026-05-08 22:56:08.467000+00:00,sell,2026-05-08T23:14:50.683635+00:00,match,143536.48376558,-1.4331384227483421,0.4661751372661012,False
coinbase,BTC-USD,185825572,91049.97,1.999498,2026-05-08 22:56:14.433000+00:00,sell,2026-05-08T23:14:50.683065+00:00,match,182054.23291506,-1.6205464020943636,1.0347756942156612,False
coinbase,BTC-USD,185825048,93481.21,2.189816,2026-05-08 22:56:19.057000+00:00,buy,2026-05-08T23:14:50.681474+00:00,match,204706.64935736,-0.5443073881895836,1.3577779259116953,False
coinbase,BTC-USD,185824222,98143.1,1.691132,2026-05-08 22:56:21.233000+00:00,buy,2026-05-08T23:14:50.678953+00:00,match,165972.9369892,1.5077539083833624,0.7536811512868077,False
coinbase,BTC-USD,185827302,95223.95,1.994865,2026-05-08 22:56:29.463000+00:00,buy,2026-05-08T23:14:50.688473+00:00,match,189958.92501675,0.2116442366015372,1.0974242517202646,False
coinbase,BTC-USD,185825696,91386.49,0.143959,2026-05-08 22:56:29.797000+00:00,sell,2026-05-08T23:14:50.683413+00:00,match,13155.90771391,-1.451731986934712,-1.5698916026255725,False
coinbase,BTC-USD,185827010,95961.78,1.945757,2026-05-08 22:56:31.985000+00:00,sell,2026-05-08T23:14:50.687557+00:00,match,186718.30516746,0.5385038476645077,1.0600270476075637,False
coinbase,BTC-USD,185827032,95397.58,0.116161,2026-05-08 22:56:34.713000+00:00,sell,2026-05-08T23:14:50.687632+00:00,match,11081.47829038,0.2771400164053049,-1.5912710070767035,False
coinbase,BTC-USD,185825720,91016.06,0.546013,2026-05-08 22:56:34.829000+00:00,buy,2026-05-08T23:14:50.683483+00:00,match,49695.95196878,-1.6317189639621978,-0.9964725456552271,False
coinbase,BTC-USD,185824970,93958.05,1.741173,2026-05-08 22:56:37.513000+00:00,sell,2026-05-08T23:14:50.681245+00:00,match,163597.21979265002,-0.3231534637241619,0.7012000826820312,False
coinbase,BTC-USD,185826648,94686.16,2.20844,2026-05-08 22:56:42.621000+00:00,sell,2026-05-08T23:14:50.686425+00:00,match,209108.7031904,0.0016941279049113823,1.354092163677838,False
coinbase,BTC-USD,185825520,91058.66,2.086114,2026-05-08 22:56:45.045000+00:00,buy,2026-05-08T23:14:50.682905+00:00,match,189958.74544724,-1.5754242932725826,1.0662279625224125,False
coinbase,BTC-USD,185824990,94350.38,0.964001,2026-05-08 22:56:46.801000+00:00,buy,2026-05-08T23:14:50.681304+00:00,match,90953.86067038,-0.11600364231440323,-0.4173473739900925,False
coinbase,BTC-USD,185827004,96091.89,0.898,2026-05-08 22:56:47.089000+00:00,sell,2026-05-08T23:14:50.687537+00:00,match,86290.51722,0.6383216159897995,-0.47227629232320206,False
coinbase,BTC-USD,185825096,92886.05,1.855411,2026-05-08 22:56:48.265000+00:00,buy,2026-05-08T23:14:50.681628+00:00,match,172341.79891655,-0.7962168067546751,0.8122812031428576,False
coinbase,BTC-USD,185824404,97056.43,1.783277,2026-05-08 22:56:48.561000+00:00,buy,2026-05-08T23:14:50.679518+00:00,match,173078.49932111,1.0580647930310945,0.8068348167789949,False
coinbase,BTC-USD,185824174,98602.98,2.320719,2026-05-08 22:56:48.571000+00:00,sell,2026-05-08T23:14:50.678800+00:00,match,228829.80914262,1.7423392604899735,1.6663669388977314,False
coinbase,BTC-USD,185826746,95054.19,1.651134,2026-05-08 22:56:48.727000+00:00,buy,2026-05-08T23:14:50.686733+00:00,match,156947.20495146,0.1703294653072871,0.5461367820574741,False
coinbase,BTC-USD,185824242,97793.59,0.523153,2026-05-08 22:56:52.413000+00:00,buy,2026-05-08T23:14:50.679017+00:00,match,51161.009989269995,1.3713254712299168,-1.0976558509573935,False
coinbase,BTC-USD,185824988,94232.58,0.779632,2026-05-08 22:56:52.577000+00:00,buy,2026-05-08T23:14:50.681298+00:00,match,73466.73481056,-0.20781389159631775,-0.7376417033580389,False
coinbase,BTC-USD,185824442,96963.6,1.002425,2026-05-08 22:56:58.023000+00:00,buy,2026-05-08T23:14:50.679630+00:00,match,97198.73673,0.9866151586656132,-0.3608188834697995,False
coinbase,BTC-USD,185826544,94075.46,1.538996,2026-05-08 22:56:59.457000+00:00,sell,2026-05-08T23:14:50.686112+00:00,match,144781.75663816,-0.2930509041483099,0.36476641297600604,False
coinbase,BTC-USD,185824434,97038.93,1.90773,2026-05-08 22:57:02.217000+00:00,buy,2026-05-08T23:14:50.679605+00:00,match,185124.0779289,1.007441676590356,1.004552157978345,False
coinbase,BTC-USD,185824706,95651.2,2.397841,2026-05-08 22:57:05.543000+00:00,buy,2026-05-08T23:14:50.680441+00:00,match,229356.3690592,0.3923798251561794,1.655421752702465,False
coinbase,BTC-USD,185827104,95572.73,0.901295,2026-05-08 22:57:09.045000+00:00,sell,2026-05-08T23:14:50.687861+00:00,match,86139.22368534999,0.3425302579133194,-0.5545380012744227,False
coinbase,BTC-USD,185826026,92358.51,2.028673,2026-05-08 22:57:14.929000+00:00,buy,2026-05-08T23:14:50.684452+00:00,match,187365.21555723,-1.072301701887139,0.9967872519612655,False
coinbase,BTC-USD,185824942,94381.76,1.629846,2026-05-08 22:57:15.853000+00:00,sell,2026-05-08T23:14:50.681153+00:00,match,153827.73400896,-0.17364764159320498,0.4787255529986722,False
coinbase,BTC-USD,185826246,92761.05,0.266525,2026-05-08 22:57:16.449000+00:00,buy,2026-05-08T23:14:50.685160+00:00,match,24723.13885125,-0.8767942623198801,-1.5236826055568986,False
coinbase,BTC-USD,185825532,91131.65,1.516801,2026-05-08 22:57:22.833000+00:00,buy,2026-05-08T23:14:50.682938+00:00,match,138228.57785164998,-1.5881791328526083,0.2572096263854544,False
coinbase,BTC-USD,185826872,95360.53,1.28128,2026-05-08 22:57:26.253000+00:00,sell,2026-05-08T23:14:50.687118+00:00,match,122183.5398784,0.2744422509838966,-0.00024089734083933165,False
coinbase,BTC-USD,185825092,93072.15,1.874862,2026-05-08 22:57:27.393000+00:00,sell,2026-05-08T23:14:50.681616+00:00,match,174497.4372933,-0.7216747129418344,0.8410221810898503,False
coinbase,BTC-USD,185826034,92398.57,0.107368,2026-05-08 22:57:27.805000+00:00,sell,2026-05-08T23:14:50.684472+00:00,match,9920.64966376,-0.9989351265409663,-1.7476987885336055,False
coinbase,BTC-USD,185825362,91552.63,1.736277,2026-05-08 22:57:28.323000+00:00,sell,2026-05-08T23:14:50.682440+00:00,match,158960.72575851,-1.34515236170683,0.5972269283710692,False
coinbase,BTC-USD,185826396,92830.9,0.849889,2026-05-08 22:57:32.385000+00:00,buy,2026-05-08T23:14:50.685632+00:00,match,78895.96077009999,-0.7712876994851913,-0.6478080883157791,False
coinbase,BTC-USD,185824352,97999.87,2.031628,2026-05-08 22:57:33.413000+00:00,sell,2026-05-08T23:14:50.679354+00:00,match,199099.27988836,1.4597186512313527,1.2418534797736545,False
coinbase,BTC-USD,185824276,97898.35,0.248326,2026-05-08 22:57:33.673000+00:00,sell,2026-05-08T23:14:50.679129+00:00,match,24310.7056621,1.389621943363017,-1.4745246080275856,False
coinbase,BTC-USD,185824180,98636.5,0.924157,2026-05-08 22:57:36.041000+00:00,sell,2026-05-08T23:14:50.678819+00:00,match,91155.6119305,1.6704813230840487,-0.4122546924347395,False
coinbase,BTC-USD,185824860,94624.9,2.429204,2026-05-08 22:57:38.625000+00:00,buy,2026-05-08T23:14:50.680903+00:00,match,229863.1855796,-0.08560655568093876,1.737473654937048,False
coinbase,BTC-USD,185825670,91221.59,1.094479,2026-05-08 22:57:44.493000+00:00,buy,2026-05-08T23:14:50.683344+00:00,match,99840.11460161,-1.5742048866870368,-0.2868937342767511,False
coinbase,BTC-USD,185826182,93451.89,0.587889,2026-05-08 22:57:45.583000+00:00,sell,2026-05-08T23:14:50.684956+00:00,match,54939.33816021,-0.5831218418733285,-0.9692139615391072,False
coinbase,BTC-USD,185825020,93855.62,0.633917,2026-05-08 22:57:49.985000+00:00,buy,2026-05-08T23:14:50.681390+00:00,match,59496.673063539994,-0.38978365373112295,-0.8801560397771326,False
coinbase,BTC-USD,185824684,95532.11,1.694562,2026-05-08 22:57:56.209000+00:00,sell,2026-05-08T23:14:50.680377+00:00,match,161885.08338582,0.3483465783907837,0.7238500767009798,False
coinbase,BTC-USD,185824232,97894.43,1.810264,2026-05-08 22:57:58.713000+00:00,sell,2026-05-08T23:14:50.678984+00:00,match,177214.76242952,1.4050497150015335,0.9656135186160699,False
coinbase,BTC-USD,185824292,98130.51,2.219198,2026-05-08 22:58:01.313000+00:00,sell,2026-05-08T23:14:50.679174+00:00,match,217771.03153098,1.4838235981828765,1.5685996743830903,False
coinbase,BTC-USD,185826160,93170.52,1.65724,2026-05-08 22:58:04.289000+00:00,buy,2026-05-08T23:14:50.684882+00:00,match,154405.9125648,-0.7166417229679203,0.5614896449189624,False
coinbase,BTC-USD,185826798,95131.44,1.566513,2026-05-08 22:58:07.185000+00:00,sell,2026-05-08T23:14:50.686892+00:00,match,149024.63746872,0.13911439088281294,0.4620731695709467,False
coinbase,BTC-USD,185825836,92135.75,0.330937,2026-05-08 22:58:09.489000+00:00,sell,2026-05-08T23:14:50.683809+00:00,match,30491.12869775,-1.186731563662834,-1.3937337032208572,False
coinbase,BTC-USD,185825394,91422.65,2.399807,2026-05-08 22:58:10.977000+00:00,sell,2026-05-08T23:14:50.682529+00:00,match,219396.71542855,-1.4742796813184058,1.5475204612605857,False
coinbase,BTC-USD,185824346,98126.24,0.072363,2026-05-08 22:58:15.771000+00:00,buy,2026-05-08T23:14:50.679335+00:00,match,7100.7091051200005,1.5149097879846392,-1.7150392002818742,False
coinbase,BTC-USD,185826866,95134.75,2.388783,2026-05-08 22:58:16.263000+00:00,sell,2026-05-08T23:14:50.687100+00:00,match,227256.27350925,0.16920695781003423,1.6317239115908502,False
coinbase,BTC-USD,185824372,97536.22,2.04072,2026-05-08 22:58:17.473000+00:00,sell,2026-05-08T23:14:50.679418+00:00,match,199044.1148784,1.2224996067317417,1.1770270655293735,False
coinbase,BTC-USD,185824854,94617.11,1.417295,2026-05-08 22:58:18.729000+00:00,buy,2026-05-08T23:14:50.680886+00:00,match,134100.35691745,-0.06303055794934326,0.17332752848884597,False
coinbase,BTC-USD,185825978,93139.36,1.710058,2026-05-08 22:58:31.683000+00:00,sell,2026-05-08T23:14:50.684320+00:00,match,159273.70768288002,-0.7259236225010185,0.547768948086573,False
coinbase,BTC-USD,185827196,95580.85,0.504543,2026-05-08 22:58:32.305000+00:00,sell,2026-05-08T23:14:50.688143+00:00,match,48224.64880155,0.35902037856325464,-1.1638926576294937,False
coinbase,BTC-USD,185824544,95866.89,0.757821,2026-05-08 22:58:33.033000+00:00,sell,2026-05-08T23:14:50.679948+00:00,match,72649.94244669,0.5050973194353007,-0.7952034255832832,False
coinbase,BTC-USD,185824850,94452.3,0.402701,2026-05-08 22:58:36.399000+00:00,sell,2026-05-08T23:14:50.680876+00:00,match,38036.0356623,-0.15464294874256063,-1.33157253902277,False
coinbase,BTC-USD,185824286,98000.02,1.898005,2026-05-08 22:58:38.021000+00:00,buy,2026-05-08T23:14:50.679156+00:00,match,186004.5279601,1.465129854108992,0.9443964583575166,False
coinbase,BTC-USD,185827054,94811.45,0.388802,2026-05-08 22:58:38.045000+00:00,buy,2026-05-08T23:14:50.687696+00:00,match,36862.8813829,0.017800645287781986,-1.3562881129504323,False
coinbase,BTC-USD,185825202,92856.72,1.577117,2026-05-08 22:58:38.853000+00:00,sell,2026-05-08T23:14:50.681948+00:00,match,146445.91167624,-0.8665786840969962,0.33003244887590333,False
coinbase,BTC-USD,185824406,97014.32,1.20355,2026-05-08 22:58:44.747000+00:00,sell,2026-05-08T23:14:50.679525+00:00,match,116761.584836,1.0413557302954974,-0.1192416939330385,False
coinbase,BTC-USD,185824182,98691.79,1.783369,2026-05-08 22:59:05.673000+00:00,sell,2026-05-08T23:14:50.678826+00:00,match,176003.87884050998,1.792988325391751,0.8026471148950949,False
coinbase,BTC-USD,185824904,94565.64,1.028258,2026-05-08 22:59:07.145000+00:00,buy,2026-05-08T23:14:50.681032+00:00,match,97237.87585512,-0.1050353788642679,-0.41048811243482547,False
coinbase,BTC-USD,185824946,94194.59,0.514659,2026-05-08 22:59:08.839000+00:00,sell,2026-05-08T23:14:50.681166+00:00,match,48478.09349481,-0.2803079694793183,-1.1517549266397944,False
coinbase,BTC-USD,185826186,93261.13,0.831887,2026-05-08 22:59:11.343000+00:00,buy,2026-05-08T23:14:50.684970+00:00,match,77582.72165231,-0.7132614628887851,-0.7008979473589276,False
coinbase,BTC-USD,185826930,95798.16,2.027926,2026-05-08 22:59:20.811000+00:00,sell,2026-05-08T23:14:50.687304+00:00,match,194271.57941616,0.4747531129435671,1.0745594760056845,False
coinbase,BTC-USD,185826508,93571.09,2.160321,2026-05-08 22:59:21.265000+00:00,buy,2026-05-08T23:14:50.685997+00:00,match,202143.59071989,-0.5586131859720642,1.1852907128920853,False
coinbase,BTC-USD,185825140,92756.02,1.624805,2026-05-08 22:59:21.385000+00:00,buy,2026-05-08T23:14:50.681759+00:00,match,150710.4450761,-0.9360901945267482,0.38817560397418915,False
coinbase,BTC-USD,185824256,97633.02,1.469188,2026-05-08 22:59:28.161000+00:00,sell,2026-05-08T23:14:50.679062+00:00,match,143441.26138776,1.3164243066972618,0.27767194861851485,False
coinbase,BTC-USD,185826050,92500.42,0.765938,2026-05-08 22:59:28.241000+00:00,sell,2026-05-08T23:14:50.684527+00:00,match,70849.58669396,-1.0373471880831289,-0.8354041086668355,False
coinbase,BTC-USD,185824556,95943.06,0.769596,2026-05-08 22:59:39.249000+00:00,buy,2026-05-08T23:14:50.679983+00:00,match,73837.39520376,0.5375309301766578,-0.8041736409592418,False
coinbase,BTC-USD,185824366,97686.11,1.968284,2026-05-08 22:59:45.239000+00:00,buy,2026-05-08T23:14:50.679398+00:00,match,192274.00733524,1.3243476127151912,1.0147801791218254,False
coinbase,BTC-USD,185826056,92411.15,1.974884,2026-05-08 22:59:47.233000+00:00,buy,2026-05-08T23:14:50.684545+00:00,match,182501.3015566,-1.0800697473429046,0.8580474016985005,False
coinbase,BTC-USD,185825544,91207.51,1.027006,2026-05-08 22:59:47.325000+00:00,sell,2026-05-08T23:14:50.682983+00:00,match,93670.66001506,-1.607598175418614,-0.4982892785678769,False
coinbase,BTC-USD,185825864,92778.48,0.797728,2026-05-08 22:59:53.589000+00:00,sell,2026-05-08T23:14:50.683911+00:00,match,74011.99129343999,-0.8866356517118194,-0.8086923022871872,False
coinbase,BTC-USD,185825422,90969.12,0.046896,2026-05-08 22:59:53.653000+00:00,buy,2026-05-08T23:14:50.682616+00:00,match,4266.08785152,-1.6575155115342834,-1.8704192537334585,False
coinbase,BTC-USD,185825968,93214.57,0.930338,2026-05-08 22:59:56.789000+00:00,sell,2026-05-08T23:14:50.684293+00:00,match,86721.05662466,-0.6489057636624308,-0.5968014099400997,False
coinbase,BTC-USD,185824622,95595.92,2.119188,2026-05-08 22:59:57.923000+00:00,sell,2026-05-08T23:14:50.680176+00:00,match,202585.72651296,0.3944439825065571,1.1533718461776907,False
coinbase,BTC-USD,185825788,91584.27,2.204856,2026-05-08 23:00:01.601000+00:00,buy,2026-05-08T23:14:50.683672+00:00,match,201930.12721512,-1.4040582670271702,1.151715655076817,False
coinbase,BTC-USD,185824918,94391.4,2.00295,2026-05-08 23:00:02.165000+00:00,buy,2026-05-08T23:14:50.681076+00:00,match,189061.25463,-0.14309015640165068,0.9373879148339218,False
coinbase,BTC-USD,185826238,93033.24,1.144687,2026-05-08 23:00:03.307000+00:00,sell,2026-05-08T23:14:50.685134+00:00,match,106493.94039588,-0.7377923390880752,-0.3310085427532672,False
coinbase,BTC-USD,185825896,92741.5,0.007733,2026-05-08 23:00:04.709000+00:00,sell,2026-05-08T23:14:50.684002+00:00,match,717.1700195000001,-0.8530999370800278,-1.9173240326466057,False
coinbase,BTC-USD,185826694,94360.6,1.775858,2026-05-08 23:00:05.461000+00:00,buy,2026-05-08T23:14:50.686575+00:00,match,167571.0263948,-0.11556965692203323,0.6194078064002647,False
coinbase,BTC-USD,185826356,92399.65,2.471008,2026-05-08 23:00:12.033000+00:00,sell,2026-05-08T23:14:50.685506+00:00,match,228320.27434719997,-0.9920153735406666,1.509657947819656,False
coinbase,BTC-USD,185824418,96952.33,2.299892,2026-05-08 23:00:14.821000+00:00,buy,2026-05-08T23:14:50.679559+00:00,match,222979.88814836,1.0448111575380854,1.4101094538899899,False
coinbase,BTC-USD,185825632,91463.11,1.615247,2026-05-08 23:00:27.673000+00:00,buy,2026-05-08T23:14:50.683239+00:00,match,147735.51403817002,-1.394871086851892,0.2892841929724506,False
coinbase,BTC-USD,185825398,91344.54,0.447181,2026-05-08 23:00:31.821000+00:00,sell,2026-05-08T23:14:50.682540+00:00,match,40847.54274174,-1.4180649296311503,-1.2952856499074095,False
coinbase,BTC-USD,185827306,95406.79,1.871121,2026-05-08 23:00:36.207000+00:00,buy,2026-05-08T23:14:50.688486+00:00,match,178517.64831159,0.3736098010026725,0.7920893012770318,False
coinbase,BTC-USD,185825574,90915.38,2.008549,2026-05-08 23:00:38.451000+00:00,buy,2026-05-08T23:14:50.683074+00:00,match,182607.99558362,-1.5880271144073317,0.8368692499186793,False
coinbase,BTC-USD,185824686,95577.27,0.356761,2026-05-08 23:00:46.761000+00:00,sell,2026-05-08T23:14:50.680383+00:00,match,34098.24242247,0.47136580368331343,-1.3957647065986516,False
coinbase,BTC-USD,185825916,92741.21,0.58761,2026-05-08 23:00:48.321000+00:00,sell,2026-05-08T23:14:50.684067+00:00,match,54495.6624081,-0.7734585266029241,-1.0750488390469923,False
coinbase,BTC-USD,185827274,94666.39,0.548727,2026-05-08 23:00:57.151000+00:00,sell,2026-05-08T23:14:50.688382+00:00,match,51946.00418552999,0.08968142186015338,-1.1009294650861097,False
coinbase,BTC-USD,185826250,92583.76,2.453137,2026-05-08 23:00:57.871000+00:00,buy,2026-05-08T23:14:50.685174+00:00,match,227120.64725512,-0.8217072723851678,1.4842004801378015,False
coinbase,BTC-USD,185824662,95621.11,1.112356,2026-05-08 23:01:00.423000+00:00,sell,2026-05-08T23:14:50.680306+00:00,match,106364.71543516,0.5250688445509607,-0.3024978965326397,False
coinbase,BTC-USD,185826506,93698.2,1.363017,2026-05-08 23:01:06.405000+00:00,sell,2026-05-08T23:14:50.685990+00:00,match,127712.2394694,-0.33427486668752826,-0.0005849505725873093,False
coinbase,BTC-USD,185826196,93266.92,2.188815,2026-05-08 23:01:11.913000+00:00,buy,2026-05-08T23:14:50.685003+00:00,match,204144.0334998,-0.5109832887426989,1.1205829156554683,False
coinbase,BTC-USD,185824950,94215.02,2.223635,2026-05-08 23:01:14.859000+00:00,sell,2026-05-08T23:14:50.681178+00:00,match,209499.8159977,-0.09424871136049279,1.1939248498739983,False
coinbase,BTC-USD,185824288,97976.29,2.214469,2026-05-08 23:01:16.533000+00:00,sell,2026-05-08T23:14:50.679162+00:00,match,216965.45694000996,1.5861074660804204,1.2815581859563454,False
coinbase,BTC-USD,185826348,92482.79,1.366861,2026-05-08 23:01:21.297000+00:00,sell,2026-05-08T23:14:50.685481+00:00,match,126411.11882219,-0.8683573250948454,-0.04433099554638477,False
coinbase,BTC-USD,185827100,95444.92,0.934718,2026-05-08 23:01:24.721000+00:00,sell,2026-05-08T23:14:50.687848+00:00,match,89214.08473256,0.46333344111881736,-0.6038467833896775,False
coinbase,BTC-USD,185824450,96712.46,0.584553,2026-05-08 23:01:24.771000+00:00,buy,2026-05-08T23:14:50.679655+00:00,match,56533.55863038,1.0237201105661529,-1.0931114185532838,False
coinbase,BTC-USD,185825598,91186.91,1.857989,2026-05-08 23:01:24.795000+00:00,sell,2026-05-08T23:14:50.683144+00:00,match,169424.27572399,-1.468514681468197,0.5781513318163276,False
coinbase,BTC-USD,185825374,91561.88,2.14442,2026-05-08 23:01:26.801000+00:00,buy,2026-05-08T23:14:50.682471+00:00,match,196347.12670960004,-1.3060633207874184,0.9733168543194399,False
coinbase,BTC-USD,185825386,91430.16,0.52816,2026-05-08 23:01:29.207000+00:00,buy,2026-05-08T23:14:50.682507+00:00,match,48289.7533056,-1.3451129266149244,-1.1928615182883606,False
coinbase,BTC-USD,185825334,92193.17,0.210013,2026-05-08 23:01:29.949000+00:00,buy,2026-05-08T23:14:50.682366+00:00,match,19361.76421121,-0.985308828363764,-1.5806312968685947,False
coinbase,BTC-USD,185824354,97933.22,0.627297,2026-05-08 23:01:31.037000+00:00,sell,2026-05-08T23:14:50.679361+00:00,match,61433.21510634,1.582633715895238,-0.9467876283222801,False
coinbase,BTC-USD,185824514,96243.33,0.806767,2026-05-08 23:01:32.639000+00:00,buy,2026-05-08T23:14:50.679850+00:00,match,77645.94261411,0.8096623538533997,-0.7276416070212512,False
coinbase,BTC-USD,185824938,94371.71,1.339932,2026-05-08 23:01:34.533000+00:00,buy,2026-05-08T23:14:50.681142+00:00,match,126451.67412372,-0.025639337345468895,0.0023688368586185444,False
coinbase,BTC-USD,185824428,96868.74,0.343195,2026-05-08 23:01:34.929000+00:00,buy,2026-05-08T23:14:50.679586+00:00,match,33244.8672243,1.0887165082803143,-1.3907157811079953,False
coinbase,BTC-USD,185825032,93714.17,2.423678,2026-05-08 23:01:36.693000+00:00,buy,2026-05-08T23:14:50.681429+00:00,match,227132.97211726,-0.34333582252171624,1.4674358868045523,False
coinbase,BTC-USD,185825588,91162.47,0.360938,2026-05-08 23:01:38.257000+00:00,buy,2026-05-08T23:14:50.683116+00:00,match,32903.99959686,-1.4732182800721652,-1.3848624919627641,False
coinbase,BTC-USD,185826474,93741.52,2.0181,2026-05-08 23:01:41.577000+00:00,sell,2026-05-08T23:14:50.685885+00:00,match,189179.761512,-0.31038785220895154,0.9214395686686945,False
coinbase,BTC-USD,185825522,91006.22,1.40826,2026-05-08 23:01:42.113000+00:00,buy,2026-05-08T23:14:50.682910+00:00,match,128160.4193772,-1.5377031908819898,0.0296162418806809,False
coinbase,BTC-USD,185825196,92630.71,1.386491,2026-05-08 23:01:48.081000+00:00,buy,2026-05-08T23:14:50.681928+00:00,match,128431.64573861,-0.7982754513105356,0.02811929735644083,False
coinbase,BTC-USD,185826940,95808.94,2.213708,2026-05-08 23:01:51.617000+00:00,buy,2026-05-08T23:14:50.687337+00:00,match,212093.01694952,0.6253653973564772,1.2444533794707549,False
coinbase,BTC-USD,185824648,95576.26,1.863424,2026-05-08 23:01:56.977000+00:00,buy,2026-05-08T23:14:50.680262+00:00,match,178099.09671423995,0.5096761144977602,0.7413119977725936,False
coinbase,BTC-USD,185827318,95637.98,1.120543,2026-05-08 23:02:01.435000+00:00,buy,2026-05-08T23:14:50.688517+00:00,match,107166.46902314,0.5467213977577199,-0.2960418175612539,False
coinbase,BTC-USD,185825038,93491.39,0.708236,2026-05-08 23:02:01.501000+00:00,buy,2026-05-08T23:14:50.681445+00:00,match,66213.96808804,-0.40481870711770906,-0.8840559870420264,False
coinbase,BTC-USD,185826822,95056.39,0.841335,2026-05-08 23:02:01.893000+00:00,buy,2026-05-08T23:14:50.686965+00:00,match,79974.26788065,0.31307132270147714,-0.666866990258727,False
coinbase,BTC-USD,185826498,93920.49,2.34311,2026-05-08 23:02:02.271000+00:00,sell,2026-05-08T23:14:50.685967+00:00,match,220066.0393239,-0.19262092426524713,1.3869607140403422,False
coinbase,BTC-USD,185824816,94686.8,2.088147,2026-05-08 23:02:04.989000+00:00,sell,2026-05-08T23:14:50.680778+00:00,match,197719.95735960003,0.16120279725108977,1.0349249037291557,False
coinbase,BTC-USD,185824414,96851.23,0.853946,2026-05-08 23:02:07.507000+00:00,sell,2026-05-08T23:14:50.679547+00:00,match,82705.72045358,1.167721227174133,-0.6628385966822724,False
coinbase,BTC-USD,185824680,95429.71,2.188792,2026-05-08 23:02:17.013000+00:00,sell,2026-05-08T23:14:50.680364+00:00,match,208875.78581032,0.5001904761233603,1.1829692183303928,False
coinbase,BTC-USD,185824538,95795.71,0.458945,2026-05-08 23:02:17.387000+00:00,buy,2026-05-08T23:14:50.679929+00:00,match,43964.962125950005,0.679671493786333,-1.2104468715809915,False
coinbase,BTC-USD,185824438,97031.45,1.961685,2026-05-08 23:02:23.281000+00:00,buy,2026-05-08T23:14:50.679618+00:00,match,190345.13999325,1.242569952677545,0.9404842078461426,False
coinbase,BTC-USD,185824788,94822.61,1.201116,2026-05-08 23:02:26.625000+00:00,sell,2026-05-08T23:14:50.680688+00:00,match,113892.95403276,0.2214530706354263,-0.1887779774733726,False
coinbase,BTC-USD,185825910,92605.23,2.079528,2026-05-08 23:02:32.037000+00:00,buy,2026-05-08T23:14:50.684041+00:00,match,192575.16873144,-0.8108000885897375,0.9693092279468852,False
coinbase,BTC-USD,185824980,93988.98,1.670621,2026-05-08 23:02:41.697000+00:00,buy,2026-05-08T23:14:50.681277+00:00,match,157019.96375658,-0.1653527624571579,0.44514417225436076,False
coinbase,BTC-USD,185825502,91250.24,0.024105,2026-05-08 23:02:44.373000+00:00,buy,2026-05-08T23:14:50.682856+00:00,match,2199.5870352,-1.4210766790750722,-1.8209147217521697,False
coinbase,BTC-USD,185825758,91760.3,1.56638,2026-05-08 23:02:44.887000+00:00,buy,2026-05-08T23:14:50.683593+00:00,match,143731.49871400002,-1.1932481740988137,0.2505577102056299,False
coinbase,BTC-USD,185825948,92707.99,1.854642,2026-05-08 23:02:45.441000+00:00,buy,2026-05-08T23:14:50.684231+00:00,match,171940.13198958,-0.7406462593626101,0.6548127497202813,False
coinbase,BTC-USD,185825966,93192.15,0.933231,2026-05-08 23:02:49.413000+00:00,buy,2026-05-08T23:14:50.684288+00:00,match,86969.80333665,-0.5174084088842302,-0.5740724185162741,False
coinbase,BTC-USD,185825078,93001.99,2.139613,2026-05-08 23:02:49.953000+00:00,buy,2026-05-08T23:14:50.681573+00:00,match,198988.26682987003,-0.6094711595027386,1.0456333396978827,False
coinbase,BTC-USD,185824562,95972.13,2.032835,2026-05-08 23:02:55.973000+00:00,buy,2026-05-08T23:14:50.679999+00:00,match,195095.50488855,0.7513801141380926,0.979073544399996,False
coinbase,BTC-USD,185824900,94494.65,1.48727,2026-05-08 23:02:59.241000+00:00,sell,2026-05-08T23:14:50.681021+00:00,match,140539.0581055,0.05487540306448801,0.16847939790850341,False
coinbase,BTC-USD,185824380,97070.32,1.694979,2026-05-08 23:03:01.665000+00:00,sell,2026-05-08T23:14:50.679442+00:00,match,164532.15392328,1.2715395269605554,0.5293021229560945,False
coinbase,BTC-USD,185825848,92507.29,1.792476,2026-05-08 23:03:03.785000+00:00,sell,2026-05-08T23:14:50.683866+00:00,match,165817.09715003998,-0.8591109171449517,0.5331486571937281,False
coinbase,BTC-USD,185825396,91451.08,2.006066,2026-05-08 23:03:11.121000+00:00,sell,2026-05-08T23:14:50.682534+00:00,match,183456.90225128003,-1.3441652655729603,0.7821284822157452,False
coinbase,BTC-USD,185825556,91156.22,0.563152,2026-05-08 23:03:15.729000+00:00,buy,2026-05-08T23:14:50.683017+00:00,match,51334.80760544,-1.4537829699692777,-1.1697805223099078,False
coinbase,BTC-USD,185825084,93020.13,0.451018,2026-05-08 23:03:17.809000+00:00,sell,2026-05-08T23:14:50.681590+00:00,match,41953.75299234,-0.5793244608186543,-1.2919792532502719,False
coinbase,BTC-USD,185826582,94876.3,1.118372,2026-05-08 23:03:25.503000+00:00,buy,2026-05-08T23:14:50.686227+00:00,match,106106.9973836,0.3060113190177306,-0.3464314114678305,False
coinbase,BTC-USD,185825316,92312.87,0.914281,2026-05-08 23:03:26.289000+00:00,sell,2026-05-08T23:14:50.682315+00:00,match,84399.90309646999,-0.9151132940922961,-0.6773342967558168,False
coinbase,BTC-USD,185825602,91171.66,0.329355,2026-05-08 23:03:26.333000+00:00,sell,2026-05-08T23:14:50.683154+00:00,match,30027.8420793,-1.4283829129303232,-1.4598333833086634,False
coinbase,BTC-USD,185825456,90888.69,1.709209,2026-05-08 23:03:26.825000+00:00,buy,2026-05-08T23:14:50.682725+00:00,match,155347.76694621,-1.535483606743649,0.40813274320865955,False
coinbase,BTC-USD,185825276,92501.63,1.008047,2026-05-08 23:03:29.089000+00:00,buy,2026-05-08T23:14:50.682195+00:00,match,93245.99061661,-0.7520600549588571,-0.5026852163600257,False
coinbase,BTC-USD,185824360,97905.41,2.449103,2026-05-08 23:03:30.725000+00:00,sell,2026-05-08T23:14:50.679380+00:00,match,239780.43334723,1.8128468015701025,1.6629654393872264,False
coinbase,BTC-USD,185826788,95072.19,0.696114,2026-05-08 23:03:33.841000+00:00,sell,2026-05-08T23:14:50.686861+00:00,match,66181.08246966,0.4628754455685199,-0.8942424893915499,False
coinbase,BTC-USD,185824374,97400.68,1.232145,2026-05-08 23:03:36.015000+00:00,buy,2026-05-08T23:14:50.679423+00:00,match,120011.7608586,1.5358461406891988,-0.1137282575266252,False
coinbase,BTC-USD,185824840,94576.8,2.44166,2026-05-08 23:03:38.841000+00:00,buy,2026-05-08T23:14:50.680848+00:00,match,230924.389488,0.18674439310030427,1.5355302172423155,False
coinbase,BTC-USD,185825626,91622.47,1.304419,2026-05-08 23:03:41.841000+00:00,sell,2026-05-08T23:14:50.683220+00:00,match,119514.09069493,-1.2045473735476468,-0.14162932753455837,False
coinbase,BTC-USD,185826096,92464.3,2.447906,2026-05-08 23:03:43.137000+00:00,buy,2026-05-08T23:14:50.684666+00:00,match,226343.9147558,-0.7841925073952601,1.475387074855761,False
coinbase,BTC-USD,185825554,91287.98,1.731496,2026-05-08 23:03:48.443000+00:00,buy,2026-05-08T23:14:50.683012+00:00,match,158064.77221807998,-1.3271037259292613,0.4502957084155219,False
coinbase,BTC-USD,185827184,95846.85,0.784646,2026-05-08 23:03:50.225000+00:00,sell,2026-05-08T23:14:50.688105+00:00,match,75205.8474651,0.8694933111967704,-0.7982457839271705,False
coinbase,BTC-USD,185827126,95669.87,2.331337,2026-05-08 23:03:56.923000+00:00,sell,2026-05-08T23:14:50.687931+00:00,match,223038.70771619,0.7703730122083703,1.419846106466024,False
coinbase,BTC-USD,185827012,96008.48,1.425733,2026-05-08 23:03:59.273000+00:00,sell,2026-05-08T23:14:50.687563+00:00,match,136882.45821584,0.9296294826773639,0.1133687243018455,False
coinbase,BTC-USD,185825528,91071.17,1.543928,2026-05-08 23:04:13.989000+00:00,sell,2026-05-08T23:14:50.682927+00:00,match,140607.32935575998,-1.4096265717881784,0.16002870860923754,False
coinbase,BTC-USD,185824640,95727.29,2.42432,2026-05-08 23:04:22.825000+00:00,sell,2026-05-08T23:14:50.680233+00:00,match,232073.58369279996,0.8037837173816398,1.5168261813315875,False
coinbase,BTC-USD,185826106,92504.13,1.383641,2026-05-08 23:04:24.343000+00:00,buy,2026-05-08T23:14:50.684699+00:00,match,127992.50693733,-0.7147081592409766,-0.052281823007557654,False
coinbase,BTC-USD,185826426,93009.27,1.945068,2026-05-08 23:04:25.047000+00:00,buy,2026-05-08T23:14:50.685728+00:00,match,180909.35478036,-0.46171594364218427,0.7364881821851927,False
coinbase,BTC-USD,185827108,95433.17,0.44279,2026-05-08 23:04:27.937000+00:00,sell,2026-05-08T23:14:50.687873+00:00,match,42256.8533443,0.6963909523320837,-1.3604918968966873,False
coinbase,BTC-USD,185824466,96496.88,1.047926,2026-05-08 23:04:37.189000+00:00,sell,2026-05-08T23:14:50.679702+00:00,match,101121.58947088,1.2164748485007693,-0.4636404937349148,False
coinbase,BTC-USD,185827116,95538.29,0.962076,2026-05-08 23:04:37.713000+00:00,buy,2026-05-08T23:14:50.687899+00:00,match,91915.09589004,0.7861482152365361,-0.5909124789316779,False
coinbase,BTC-USD,185824820,94451.55,0.265114,2026-05-08 23:04:39.001000+00:00,buy,2026-05-08T23:14:50.680790+00:00,match,25040.4282267,0.24755330319713162,-1.5771178904627732,False
coinbase,BTC-USD,185826136,92386.85,0.816429,2026-05-08 23:04:41.045000+00:00,buy,2026-05-08T23:14:50.684791+00:00,match,75427.30355865,-0.7658196169426311,-0.8283145573858591,False
coinbase,BTC-USD,185825108,92321.73,1.438432,2026-05-08 23:04:43.233000+00:00,sell,2026-05-08T23:14:50.681667+00:00,match,132798.53072736,-0.7913022626322587,0.028246333645474412,False
coinbase,BTC-USD,185826578,94757.39,1.134246,2026-05-08 23:04:46.027000+00:00,sell,2026-05-08T23:14:50.686215+00:00,match,107478.19057794,0.4172533004871136,-0.34293938500898186,False
coinbase,BTC-USD,185824536,95789.54,2.266589,2026-05-08 23:04:47.637000+00:00,buy,2026-05-08T23:14:50.679923+00:00,match,217115.51767906,0.9136199264424225,1.3159516935744535,False
coinbase,BTC-USD,185825756,91732.74,1.039777,2026-05-08 23:04:50.241000+00:00,sell,2026-05-08T23:14:50.683588+00:00,match,95381.59319898,-1.0774686933001274,-0.5185997370078199,False
coinbase,BTC-USD,185826772,95319.06,1.132704,2026-05-08 23:04:54.713000+00:00,buy,2026-05-08T23:14:50.686815+00:00,match,107968.28053824,0.7053653155029107,-0.32270382829667515,False
coinbase,BTC-USD,185826170,93123.91,2.459254,2026-05-08 23:05:00.831000+00:00,sell,2026-05-08T23:14:50.684921+00:00,match,229015.34816314,-0.39234186953282585,1.4735327028055707,False
coinbase,BTC-USD,185825280,92621.25,1.887619,2026-05-08 23:05:02.073000+00:00,sell,2026-05-08T23:14:50.682208+00:00,match,174833.63130375,-0.6287322133966734,0.6458098369470183,False
coinbase,BTC-USD,185825540,91357.59,0.903138,2026-05-08 23:05:02.937000+00:00,buy,2026-05-08T23:14:50.682966+00:00,match,82508.51111742,-1.2434789707709082,-0.7274166931458969,False
coinbase,BTC-USD,185826800,95187.52,1.373925,2026-05-08 23:05:09.617000+00:00,sell,2026-05-08T23:14:50.686898+00:00,match,130780.51341600002,0.6818863830603011,0.007544487690912505,False
coinbase,BTC-USD,185826816,94989.97,0.035986,2026-05-08 23:05:11.817000+00:00,sell,2026-05-08T23:14:50.686947+00:00,match,3418.3090604199997,0.5669258813830887,-1.871898565596184,False
coinbase,BTC-USD,185825616,91395.85,0.767645,2026-05-08 23:05:12.045000+00:00,buy,2026-05-08T23:14:50.683192+00:00,match,70159.56727325001,-1.2519028749801662,-0.8790509931947715,False
coinbase,BTC-USD,185826086,92258.18,1.747352,2026-05-08 23:05:14.375000+00:00,buy,2026-05-08T23:14:50.684637+00:00,match,161207.51533936,-0.8275202676265326,0.45768620217943645,False
coinbase,BTC-USD,185825566,91090.13,0.937847,2026-05-08 23:05:15.359000+00:00,buy,2026-05-08T23:14:50.683046+00:00,match,85428.60515011,-1.4000039621076286,-0.6867573315979664,False
coinbase,BTC-USD,185827392,95348.56,0.558867,2026-05-08 23:05:18.513000+00:00,sell,2026-05-08T23:14:50.688739+00:00,match,53287.16368152,0.7569294492393397,-1.1488022401364046,False
coinbase,BTC-USD,185826162,93163.02,0.076586,2026-05-08 23:05:20.673000+00:00,buy,2026-05-08T23:14:50.684888+00:00,match,7134.98304972,-0.3603666625223534,-1.796819172493273,False
coinbase,BTC-USD,185824462,96579.57,1.07204,2026-05-08 23:05:22.623000+00:00,sell,2026-05-08T23:14:50.679690+00:00,match,103537.16222280002,1.3573449790677492,-0.345703803560786,False
coinbase,BTC-USD,185826416,92778.45,1.524396,2026-05-08 23:05:25.705000+00:00,buy,2026-05-08T23:14:50.685693+00:00,match,141431.0980662,-0.5607166126062966,0.21711256263585807,False
coinbase,BTC-USD,185826306,92586.24,2.144505,2026-05-08 23:05:27.993000+00:00,sell,2026-05-08T23:14:50.685342+00:00,match,198551.6546112,-0.6566224913054252,1.057371874269747,False
coinbase,BTC-USD,185826802,95141.91,0.653121,2026-05-08 23:05:28.553000+00:00,buy,2026-05-08T23:14:50.686903+00:00,match,62139.17940111,0.6276003067037751,-0.9950082179519325,False
coinbase,BTC-USD,185825504,91274.59,1.587368,2026-05-08 23:05:33.201000+00:00,buy,2026-05-08T23:14:50.682862+00:00,match,144886.36337911998,-1.306595417956795,0.2732815807652103,False
coinbase,BTC-USD,185826644,94884.19,2.238467,2026-05-08 23:05:33.481000+00:00,buy,2026-05-08T23:14:50.686415+00:00,match,212395.12813673,0.5164379027195835,1.3116242998390222,False
coinbase,BTC-USD,185825152,93118.79,1.420801,2026-05-08 23:05:37.553000+00:00,sell,2026-05-08T23:14:50.681797+00:00,match,132303.26995078998,-0.38802839057387156,0.08481932165947144,False
coinbase,BTC-USD,185824592,95733.96,1.545917,2026-05-08 23:05:40.493000+00:00,sell,2026-05-08T23:14:50.680086+00:00,match,147996.75624132002,0.9260484171457696,0.3119694394770234,False
coinbase,BTC-USD,185827294,94948.62,1.895648,2026-05-08 23:05:51.687000+00:00,sell,2026-05-08T23:14:50.688447+00:00,match,179989.16160576,0.5273415097072636,0.8070125425633555,False
coinbase,BTC-USD,185825524,91046.02,0.349912,2026-05-08 23:05:55.993000+00:00,sell,2026-05-08T23:14:50.682916+00:00,match,31858.09495024,-1.4748172140603584,-1.4526104079554778,False
coinbase,BTC-USD,185824768,94928.13,1.020916,2026-05-08 23:05:58.185000+00:00,sell,2026-05-08T23:14:50.680626+00:00,match,96913.64676708,0.5212302695007808,-0.46656026968835107,False
coinbase,BTC-USD,185824490,96392.64,1.647734,2026-05-08 23:06:06.113000+00:00,buy,2026-05-08T23:14:50.679771+00:00,match,158829.43027776,1.2477893723224762,0.48039038233099873,False
coinbase,BTC-USD,185824692,95641.63,2.113129,2026-05-08 23:06:06.393000+00:00,buy,2026-05-08T23:14:50.680403+00:00,match,202103.10196027,0.8563788341879788,1.1326506779974521,False
coinbase,BTC-USD,185825388,91371.17,0.9671,2026-05-08 23:06:07.857000+00:00,buy,2026-05-08T23:14:50.682512+00:00,match,88365.058507,-1.304917374922759,-0.6270534605584984,False
coinbase,BTC-USD,185826828,94866.48,0.335928,2026-05-08 23:06:08.625000+00:00,buy,2026-05-08T23:14:50.686980+00:00,match,31868.30689344,0.46974704094267694,-1.4896538203521619,False
coinbase,BTC-USD,185824524,95956.38,1.58842,2026-05-08 23:06:09.969000+00:00,sell,2026-05-08T23:14:50.679885+00:00,match,152419.0331196,1.0063378716009133,0.3860098415931272,False
coinbase,BTC-USD,185824644,95750.34,2.162253,2026-05-08 23:06:13.065000+00:00,sell,2026-05-08T23:14:50.680248+00:00,match,207036.45991602,0.8867319828430632,1.235906483649774,False
coinbase,BTC-USD,185825498,91388.26,1.453218,2026-05-08 23:06:16.673000+00:00,buy,2026-05-08T23:14:50.682845+00:00,match,132807.06442068,-1.2835523710442893,0.09263786311667566,False
coinbase,BTC-USD,185825694,91370.32,1.242883,2026-05-08 23:06:25.599000+00:00,buy,2026-05-08T23:14:50.683408+00:00,match,113562.61743256,-1.275453520938967,-0.19528532639551677,False
coinbase,BTC-USD,185826398,92749.84,1.91264,2026-05-08 23:06:27.795000+00:00,buy,2026-05-08T23:14:50.685638+00:00,match,177397.05397759998,-0.580143276068507,0.8065185206524472,False
coinbase,BTC-USD,185826084,92230.25,1.268948,2026-05-08 23:06:29.841000+00:00,sell,2026-05-08T23:14:50.684632+00:00,match,117035.391277,-0.8264050260756471,-0.15244219167877252,False
coinbase,BTC-USD,185824672,95823.53,1.409149,2026-05-08 23:06:40.433000+00:00,buy,2026-05-08T23:14:50.680338+00:00,match,135029.63147597,1.0005316902426091,0.12083668859832948,False
coinbase,BTC-USD,185825126,92614.17,2.22085,2026-05-08 23:06:46.345000+00:00,buy,2026-05-08T23:14:50.681722+00:00,match,205682.1794445,-0.6432642527139439,1.2340726857053252,False
coinbase,BTC-USD,185826978,95730.24,1.572397,2026-05-08 23:06:49.251000+00:00,buy,2026-05-08T23:14:50.687452+00:00,match,150525.94218528,0.9340137185070121,0.3692318429442772,False
coinbase,BTC-USD,185826960,96079.41,0.505541,2026-05-08 23:06:50.601000+00:00,buy,2026-05-08T23:14:50.687396+00:00,match,48572.081010810005,1.0919105629354828,-1.2552561907652389,False
coinbase,BTC-USD,185824606,95699.69,2.378765,2026-05-08 23:06:52.735000+00:00,buy,2026-05-08T23:14:50.680128+00:00,match,227647.07308285,0.8786387608387064,1.568921200581926,False
coinbase,BTC-USD,185824746,94655.97,0.266003,2026-05-08 23:06:55.899000+00:00,buy,2026-05-08T23:14:50.680561+00:00,match,25178.77198791,0.3656181124447491,-1.6465675414089533,False
coinbase,BTC-USD,185826954,95920.05,1.435049,2026-05-08 23:07:00.111000+00:00,sell,2026-05-08T23:14:50.687380+00:00,match,137649.97183245,1.033830292004065,0.12682218218555155,False
coinbase,BTC-USD,185825182,92901.6,0.303194,2026-05-08 23:07:00.773000+00:00,buy,2026-05-08T23:14:50.681887+00:00,match,28167.2077104,-0.5475761839403055,-1.5780193539365583,False
coinbase,BTC-USD,185826724,94524.23,0.776572,2026-05-08 23:07:01.185000+00:00,buy,2026-05-08T23:14:50.686667+00:00,match,73404.87033956,0.3220640080100994,-0.8808663411746331,False
coinbase,BTC-USD,185824654,95563.94,0.518739,2026-05-08 23:07:04.989000+00:00,buy,2026-05-08T23:14:50.680280+00:00,match,49572.742671659995,0.8623446083172647,-1.235391730576271,False
coinbase,BTC-USD,185824964,93813.82,1.958286,2026-05-08 23:07:07.081000+00:00,buy,2026-05-08T23:14:50.681225+00:00,match,183714.29031252,-0.080585945050236,0.8789104158917095,False
coinbase,BTC-USD,185826676,94652.87,0.351614,2026-05-08 23:07:26.033000+00:00,buy,2026-05-08T23:14:50.686509+00:00,match,33281.274232179996,0.36418579027004894,-1.4948295655024042,False
coinbase,BTC-USD,185825918,92713.55,0.15547,2026-05-08 23:07:33.085000+00:00,sell,2026-05-08T23:14:50.684073+00:00,match,14414.1756185,-0.6914551985222985,-1.748876140883638,False
coinbase,BTC-USD,185825518,90940.17,1.291214,2026-05-08 23:07:38.793000+00:00,sell,2026-05-08T23:14:50.682900+00:00,match,117423.22066638,-1.6249356570953484,-0.13455318505791453,False
coinbase,BTC-USD,185825534,91114.73,0.71066,2026-05-08 23:07:42.625000+00:00,buy,2026-05-08T23:14:50.682944+00:00,match,64751.5940218,-1.49636850577039,-0.9405009167670515,False
coinbase,BTC-USD,185825308,92412.96,0.130568,2026-05-08 23:07:47.585000+00:00,sell,2026-05-08T23:14:50.682292+00:00,match,12066.17536128,-0.7892307793680963,-1.7227298260741999,False
coinbase,BTC-USD,185825768,91579.93,1.538341,2026-05-08 23:07:48.805000+00:00,buy,2026-05-08T23:14:50.683619+00:00,match,140881.16109612997,-1.2075609526302185,0.27449175392146724,False
coinbase,BTC-USD,185824992,94255.33,0.767936,2026-05-08 23:07:49.233000+00:00,buy,2026-05-08T23:14:50.681309+00:00,match,72382.06109888,0.20889630519542085,-0.7918735754429185,False
coinbase,BTC-USD,185825856,92583.04,0.713579,2026-05-08 23:07:49.485000+00:00,sell,2026-05-08T23:14:50.683890+00:00,match,66065.31310016,-0.6657153293736802,-0.8864667183959252,False
coinbase,BTC-USD,185827110,95554.94,2.342123,2026-05-08 23:07:51.219000+00:00,buy,2026-05-08T23:14:50.687880+00:00,match,223801.42273762,0.8994476363570637,1.5612472735714744,False
coinbase,BTC-USD,185824628,95604.34,0.843592,2026-05-08 23:07:57.281000+00:00,sell,2026-05-08T23:14:50.680192+00:00,match,80651.05638928,0.9176568864675424,-0.6448199148534092,False
coinbase,BTC-USD,185824978,93950.39,2.312154,2026-05-08 23:08:02.777000+00:00,sell,2026-05-08T23:14:50.681271+00:00,match,217227.77004006,0.06229442618395979,1.4504567957325116,False
coinbase,BTC-USD,185826354,92338.92,1.347624,2026-05-08 23:08:03.693000+00:00,buy,2026-05-08T23:14:50.685501+00:00,match,124438.14472608,-0.7816577035132434,0.030023404970665937,False
coinbase,BTC-USD,185826970,95914.64,2.419186,2026-05-08 23:08:05.831000+00:00,buy,2026-05-08T23:14:50.687427+00:00,match,232035.35428304,1.1262794168138335,1.6670923496509311,False
coinbase,BTC-USD,185825484,91168.52,1.205183,2026-05-08 23:08:08.625000+00:00,sell,2026-05-08T23:14:50.682808+00:00,match,109874.75043916,-1.3825964843988068,-0.2134789417336083,False
coinbase,BTC-USD,185825120,92650.13,1.844835,2026-05-08 23:08:08.821000+00:00,sell,2026-05-08T23:14:50.681705+00:00,match,170924.20257855,-0.5759785326198467,0.7261128800381929,False
coinbase,BTC-USD,185827402,95242.36,1.155162,2026-05-08 23:08:09.263000+00:00,sell,2026-05-08T23:14:50.688769+00:00,match,110020.35506232,0.7996217756893591,-0.20785948243054675,False
coinbase,BTC-USD,185825660,91265.03,2.004758,2026-05-08 23:08:09.953000+00:00,sell,2026-05-08T23:14:50.683314+00:00,match,182964.29901273997,-1.305430529009392,0.9242510297532487,False
coinbase,BTC-USD,185824764,94822.64,1.976574,2026-05-08 23:08:21.153000+00:00,buy,2026-05-08T23:14:50.680616+00:00,match,187423.96483536,0.5693563778411653,0.9781056389546041,False
coinbase,BTC-USD,185825506,91310.49,0.821666,2026-05-08 23:08:25.339000+00:00,sell,2026-05-08T23:14:50.682868+00:00,match,75026.72507634001,-1.3035157729652052,-0.7826945544992323,False
coinbase,BTC-USD,185825024,93706.42,0.077359,2026-05-08 23:08:28.657000+00:00,sell,2026-05-08T23:14:50.681403+00:00,match,7249.03494478,-0.030728739757548133,-1.7982274996873435,False
coinbase,BTC-USD,185825656,91103.79,1.100669,2026-05-08 23:08:31.965000+00:00,buy,2026-05-08T23:14:50.683303+00:00,match,100275.11743550998,-1.3967641205227854,-0.35682877367025717,False
coinbase,BTC-USD,185827242,95267.66,0.025501,2026-05-08 23:08:37.113000+00:00,sell,2026-05-08T23:14:50.688280+00:00,match,2429.42059766,0.7929438079449458,-1.8275780277860574,False
coinbase,BTC-USD,185825470,91193.83,0.185266,2026-05-08 23:08:39.921000+00:00,buy,2026-05-08T23:14:50.682765+00:00,match,16895.11610878,-1.3297311959115845,-1.5681552299886148,False
coinbase,BTC-USD,185825286,92584.0,1.56545,2026-05-08 23:08:41.049000+00:00,sell,2026-05-08T23:14:50.682225+00:00,match,144935.6228,-0.5867706914993766,0.3880466656971489,False
coinbase,BTC-USD,185827330,95732.99,1.556095,2026-05-08 23:08:41.799000+00:00,buy,2026-05-08T23:14:50.688548+00:00,match,148969.62707405002,1.0888034043901855,0.4526853973626097,False
coinbase,BTC-USD,185825216,92697.9,0.099459,2026-05-08 23:08:49.293000+00:00,buy,2026-05-08T23:14:50.681993+00:00,match,9219.6404361,-0.526458040187989,-1.642897597557514,False
coinbase,BTC-USD,185824886,95007.38,1.669939,2026-05-08 23:08:56.561000+00:00,buy,2026-05-08T23:14:50.680982+00:00,match,158656.52914982,0.6867642530028315,0.6234592360445287,False
coinbase,BTC-USD,185825044,93500.78,0.806268,2026-05-08 23:08:58.561000+00:00,buy,2026-05-08T23:14:50.681462+00:00,match,75386.68688904,-0.13256902349164745,-0.6457415121854974,False
coinbase,BTC-USD,185824782,94817.39,1.137615,2026-05-08 23:08:59.943000+00:00,sell,2026-05-08T23:14:50.680670+00:00,match,107865.68512485,0.5679847110805742,-0.16250095817856208,False
coinbase,BTC-USD,185827340,95769.46,2.478586,2026-05-08 23:09:03.153000+00:00,buy,2026-05-08T23:14:50.688578+00:00,match,237372.84278356,1.0723154457725055,1.7730703550525082,False
coinbase,BTC-USD,185824862,94608.1,1.281247,2026-05-08 23:09:06.723000+00:00,sell,2026-05-08T23:14:50.680910+00:00,match,121216.34430070002,0.4370778867168247,0.016083486448709185,False
coinbase,BTC-USD,185826210,93417.6,1.448951,2026-05-08 23:09:09.357000+00:00,sell,2026-05-08T23:14:50.685049+00:00,match,135357.5249376,-0.21809566740744077,0.21571237987494626,False
coinbase,BTC-USD,185826698,94439.5,1.475348,2026-05-08 23:09:16.605000+00:00,sell,2026-05-08T23:14:50.686586+00:00,match,139331.127446,0.3223204686310637,0.2789921065796087,False
coinbase,BTC-USD,185824962,93949.72,1.132017,2026-05-08 23:09:17.223000+00:00,sell,2026-05-08T23:14:50.681218+00:00,match,106352.68018524,0.044763968196393195,-0.22629216597077362,False
coinbase,BTC-USD,185827312,95449.81,0.724813,2026-05-08 23:09:23.873000+00:00,sell,2026-05-08T23:14:50.688502+00:00,match,69183.26313553,0.9062743108073164,-0.7784501873152075,False
coinbase,BTC-USD,185824630,95612.32,0.707671,2026-05-08 23:09:24.441000+00:00,buy,2026-05-08T23:14:50.680199+00:00,match,67662.06610672001,0.9923718887078538,-0.8023793658964985,False
coinbase,BTC-USD,185825000,93826.83,1.00679,2026-05-08 23:09:27.081000+00:00,sell,2026-05-08T23:14:50.681330+00:00,match,94463.9141757,0.007508571516545144,-0.3831552074610567,False
coinbase,BTC-USD,185826488,93799.0,0.125843,2026-05-08 23:09:27.777000+00:00,buy,2026-05-08T23:14:50.685930+00:00,match,11803.947557,-0.0040210263051979585,-1.6309393047140381,False
coinbase,BTC-USD,185825994,93265.68,1.924492,2026-05-08 23:09:28.203000+00:00,sell,2026-05-08T23:14:50.684366+00:00,match,179489.05503456,-0.3227615000998351,0.9541392555250616,False
coinbase,BTC-USD,185824772,94911.53,1.72032,2026-05-08 23:09:28.713000+00:00,sell,2026-05-08T23:14:50.680637+00:00,match,163278.2032896,0.6179597396697303,0.7223309536100814,False
coinbase,BTC-USD,185824696,95657.4,1.287577,2026-05-08 23:09:30.497000+00:00,buy,2026-05-08T23:14:50.680414+00:00,match,123166.2681198,1.0316253957227985,0.10181157115237072,False
coinbase,BTC-USD,185824914,94610.26,0.978467,2026-05-08 23:09:33.297000+00:00,sell,2026-05-08T23:14:50.681062+00:00,match,92573.01727142,0.42989828327727314,-0.3800023299722391,False
coinbase,BTC-USD,185826154,92979.33,0.751492,2026-05-08 23:09:36.149000+00:00,buy,2026-05-08T23:14:50.684860+00:00,match,69873.22266036,-0.5143055678676619,-0.719952015328975,False
coinbase,BTC-USD,185824620,95660.94,2.122834,2026-05-08 23:09:38.385000+00:00,buy,2026-05-08T23:14:50.680171+00:00,match,203072.29590396,1.0719848927060758,1.368162826336313,False
coinbase,BTC-USD,185826016,92487.31,1.393248,2026-05-08 23:09:44.729000+00:00,buy,2026-05-08T23:14:50.684425+00:00,match,128857.75968288,-0.8213487583959416,0.20450539014196964,False
coinbase,BTC-USD,185824958,94108.6,0.695193,2026-05-08 23:09:45.197000+00:00,buy,2026-05-08T23:14:50.681205+00:00,match,65423.6399598,0.15799251160422567,-0.7771304825895909,False
coinbase,BTC-USD,185824826,94366.22,0.389803,2026-05-08 23:09:45.783000+00:00,buy,2026-05-08T23:14:50.680810+00:00,match,36784.23565466,0.30254956676507455,-1.2102551519597686,False
coinbase,BTC-USD,185824702,95585.81,0.283172,2026-05-08 23:09:48.273000+00:00,buy,2026-05-08T23:14:50.680431+00:00,match,27067.22498932,1.0183228765609145,-1.3352614756775414,False
coinbase,BTC-USD,185825792,91537.98,1.044372,2026-05-08 23:09:49.553000+00:00,sell,2026-05-08T23:14:50.683685+00:00,match,95599.70324856,-1.381736829072555,-0.26430596721452176,False
coinbase,BTC-USD,185825606,91179.49,0.02938,2026-05-08 23:09:53.269000+00:00,sell,2026-05-08T23:14:50.683165+00:00,match,2678.8534162,-1.5645103540246317,-1.6975321750875063,False
coinbase,BTC-USD,185825786,91447.33,2.246452,2026-05-08 23:09:57.193000+00:00,sell,2026-05-08T23:14:50.683666+00:00,match,205432.03737316,-1.374282110813218,1.439273258904492,False
coinbase,BTC-USD,185827256,94889.32,0.621728,2026-05-08 23:10:03.969000+00:00,sell,2026-05-08T23:14:50.688326+00:00,match,58995.34714496,0.6700376062994219,-0.8365986729290151,False
coinbase,BTC-USD,185826120,92696.09,0.288929,2026-05-08 23:10:05.625000+00:00,sell,2026-05-08T23:14:50.684742+00:00,match,26782.588587609996,-0.6357045451131073,-1.3207399858669582,False
coinbase,BTC-USD,185825570,90917.64,0.524174,2026-05-08 23:10:09.731000+00:00,sell,2026-05-08T23:14:50.683059+00:00,match,47656.66302936,-1.6675936624520789,-0.9807276741077235,False
coinbase,BTC-USD,185825368,91632.29,2.413093,2026-05-08 23:10:10.261000+00:00,buy,2026-05-08T23:14:50.682455+00:00,match,221117.23757297,-1.2213315175887065,1.6468026165250447,False
coinbase,BTC-USD,185826568,94613.49,0.978109,2026-05-08 23:10:11.317000+00:00,buy,2026-05-08T23:14:50.686183+00:00,match,92542.30609041,0.5333694085864521,-0.28818146772752945,False
coinbase,BTC-USD,185825508,91266.98,1.694639,2026-05-08 23:10:34.353000+00:00,sell,2026-05-08T23:14:50.682873+00:00,match,154664.58372022,-1.429078652189299,0.6556933693248473,False
coinbase,BTC-USD,185826126,92689.71,1.158302,2026-05-08 23:10:36.987000+00:00,buy,2026-05-08T23:14:50.684764+00:00,match,107362.67647242,-0.5806629562433615,-0.06941572946000032,False
coinbase,BTC-USD,185825490,91243.89,2.380075,2026-05-08 23:10:42.615000+00:00,buy,2026-05-08T23:14:50.682824+00:00,match,217167.30149175003,-1.4066105672054767,1.6209252866748165,False
coinbase,BTC-USD,185826684,94569.27,0.476972,2026-05-08 23:10:44.193000+00:00,sell,2026-05-08T23:14:50.686546+00:00,match,45106.89385044,0.5199971245380708,-1.004962525528452,False
coinbase,BTC-USD,185826206,93252.06,0.83158,2026-05-08 23:10:44.569000+00:00,buy,2026-05-08T23:14:50.685034+00:00,match,77546.54805479999,-0.26131950534550896,-0.505291053026646,False
coinbase,BTC-USD,185827396,95437.11,2.471158,2026-05-08 23:10:44.905000+00:00,buy,2026-05-08T23:14:50.688751+00:00,match,235840.17787338,1.0212302231095307,1.877540070372934,False
coinbase,BTC-USD,185824724,95257.81,1.250052,2026-05-08 23:10:45.385000+00:00,buy,2026-05-08T23:14:50.680491+00:00,match,119077.21590612,0.9131105116624869,0.09864420504786732,False
coinbase,BTC-USD,185825232,92850.83,0.168246,2026-05-08 23:10:52.113000+00:00,buy,2026-05-08T23:14:50.682045+00:00,match,15621.78074418,-0.5116954623762859,-1.4633895414390181,False
coinbase,BTC-USD,185827134,95685.96,1.000822,2026-05-08 23:10:57.459000+00:00,sell,2026-05-08T23:14:50.687957+00:00,match,95764.61385912,1.141574641248676,-0.23828998029558818,False
coinbase,BTC-USD,185825710,91263.93,0.953289,2026-05-08 23:10:57.931000+00:00,buy,2026-05-08T23:14:50.683453+00:00,match,87000.90056577,-1.4696431288007916,-0.3718500108914244,False
coinbase,BTC-USD,185826092,92254.54,1.113374,2026-05-08 23:11:08.913000+00:00,buy,2026-05-08T23:14:50.684653+00:00,match,102713.80621796,-0.8668521577557432,-0.14091931225949697,False
coinbase,BTC-USD,185825648,91275.4,1.782768,2026-05-08 23:11:09.057000+00:00,buy,2026-05-08T23:14:50.683281+00:00,match,162722.86230719998,-1.4204076138572221,0.7594260662249802,False
coinbase,BTC-USD,185826502,93691.65,0.408541,2026-05-08 23:11:13.103000+00:00,buy,2026-05-08T23:14:50.685978+00:00,match,38276.88038264999,0.010898202106743408,-1.1428772218699834,False
coinbase,BTC-USD,185827138,95667.31,2.340134,2026-05-08 23:11:14.489000+00:00,buy,2026-05-08T23:14:50.687969+00:00,match,223874.32481954,1.1608299258320791,1.6665709904655244,False
coinbase,BTC-USD,185826408,92997.03,0.81867,2026-05-08 23:11:15.285000+00:00,buy,2026-05-08T23:14:50.685671+00:00,match,76133.8785501,-0.41953162460496984,-0.5529419986012206,False
coinbase,BTC-USD,185825510,91131.86,2.233429,2026-05-08 23:11:16.787000+00:00,sell,2026-05-08T23:14:50.682878+00:00,match,203536.53894794,-1.4875226430894668,1.3567351886132362,False
coinbase,BTC-USD,185825934,92729.12,1.129179,2026-05-08 23:11:18.837000+00:00,sell,2026-05-08T23:14:50.684190+00:00,match,104707.77499248,-0.5633392946052275,-0.13252285062111735,False
coinbase,BTC-USD,185826774,95205.31,0.355935,2026-05-08 23:11:24.309000+00:00,buy,2026-05-08T23:14:50.686820+00:00,match,33886.90201485,0.899216750631427,-1.1832476488361072,False
coinbase,BTC-USD,185825460,91021.18,1.015926,2026-05-08 23:11:26.145000+00:00,sell,2026-05-08T23:14:50.682736+00:00,match,92470.78331268,-1.5432586869837315,-0.28606122055589617,False
coinbase,BTC-USD,185825650,91166.96,1.952327,2026-05-08 23:11:27.335000+00:00,sell,2026-05-08T23:14:50.683286+00:00,match,177987.71751592,-1.4271640830618564,1.0066989513073825,False
coinbase,BTC-USD,185825480,91043.42,1.802876,2026-05-08 23:11:30.017000+00:00,sell,2026-05-08T23:14:50.682798+00:00,match,164139.99687591998,-1.4646260546139283,0.8009822907853412,False
coinbase,BTC-USD,185824756,94793.55,0.993795,2026-05-08 23:11:34.161000+00:00,buy,2026-05-08T23:14:50.680590+00:00,match,94205.35602225,0.6864426658047318,-0.27287661959980486,False
coinbase,BTC-USD,185825184,92850.58,0.487639,2026-05-08 23:11:34.689000+00:00,sell,2026-05-08T23:14:50.681892+00:00,match,45277.56398062,-0.4347095189555255,-1.008607419383424,False
coinbase,BTC-USD,185826992,95873.71,2.226503,2026-05-08 23:11:42.773000+00:00,buy,2026-05-08T23:14:50.687497+00:00,match,213463.10293613,1.3399044283098818,1.5292657646866512,False
coinbase,BTC-USD,185826494,93920.21,2.065032,2026-05-08 23:11:47.307000+00:00,buy,2026-05-08T23:14:50.685951+00:00,match,193948.23909672,0.20543812553922422,1.2381599925980107,False
coinbase,BTC-USD,185825218,92615.34,2.354521,2026-05-08 23:11:51.187000+00:00,sell,2026-05-08T23:14:50.681998+00:00,match,218064.76295214,-0.5770176895508106,1.564029335216285,False
coinbase,BTC-USD,185827320,95766.41,1.494372,2026-05-08 23:11:56.457000+00:00,sell,2026-05-08T23:14:50.688522+00:00,match,143110.64164452002,1.285625484717985,0.43145289408562393,False
coinbase,BTC-USD,185827304,95279.5,0.445589,2026-05-08 23:11:59.965000+00:00,buy,2026-05-08T23:14:50.688480+00:00,match,42455.4971255,1.0063776476607753,-1.0601434072093425,False
coinbase,BTC-USD,185825644,91298.12,2.124929,2026-05-08 23:12:03.057000+00:00,sell,2026-05-08T23:14:50.683270+00:00,match,194002.02283348,-1.3339646456559666,1.212800848643511,False
coinbase,BTC-USD,185825482,91067.22,1.252788,2026-05-08 23:12:12.143000+00:00,sell,2026-05-08T23:14:50.682803+00:00,match,114087.92040936,-1.465403882557739,0.016625826497303035,False
coinbase,BTC-USD,185826480,93883.23,2.268357,2026-05-08 23:12:16.269000+00:00,buy,2026-05-08T23:14:50.685905+00:00,match,212960.68195311,0.19042874808340687,1.46934334728727,False
coinbase,BTC-USD,185825488,91209.3,2.11438,2026-05-08 23:12:25.021000+00:00,buy,2026-05-08T23:14:50.682819+00:00,match,192851.119734,-1.3864359384354088,1.165699101932078,False
coinbase,BTC-USD,185826546,94074.02,1.33054,2026-05-08 23:12:30.831000+00:00,buy,2026-05-08T23:14:50.686118+00:00,match,125169.2465708,0.3008302095654474,0.16225927090847167,False
coinbase,BTC-USD,185825738,91294.02,0.803854,2026-05-08 23:12:33.039000+00:00,sell,2026-05-08T23:14:50.683535+00:00,match,73387.06315308,-1.3241406122497568,-0.5945089283637399,False
coinbase,BTC-USD,185825954,92827.6,1.81205,2026-05-08 23:12:48.917000+00:00,sell,2026-05-08T23:14:50.684250+00:00,match,168208.25258,-0.41436619821811194,0.8180838836002315,False
coinbase,BTC-USD,185827094,95208.03,0.502613,2026-05-08 23:12:49.399000+00:00,buy,2026-05-08T23:14:50.687829+00:00,match,47852.79358239,1.007787825829633,-0.9542318472998644,False
coinbase,BTC-USD,185825026,93745.42,2.413636,2026-05-08 23:12:55.135000+00:00,sell,2026-05-08T23:14:50.681409+00:00,match,226267.32054712,0.15067359134767358,1.6497394532039302,False
coinbase,BTC-USD,185826310,92668.82,0.512478,2026-05-08 23:12:55.485000+00:00,buy,2026-05-08T23:14:50.685354+00:00,match,47490.73153596,-0.4850359419385421,-0.9594263898326413,False
coinbase,BTC-USD,185827326,95753.22,0.292652,2026-05-08 23:12:59.613000+00:00,sell,2026-05-08T23:14:50.688538+00:00,match,28022.371339440004,1.3760844993671328,-1.249320623795129,False
coinbase,BTC-USD,185826122,92612.3,0.040202,2026-05-08 23:13:01.783000+00:00,buy,2026-05-08T23:14:50.684749+00:00,match,3723.1996846,-0.5074391936297844,-1.5710893953489895,False
coinbase,BTC-USD,185827216,95809.0,0.084533,2026-05-08 23:13:03.181000+00:00,buy,2026-05-08T23:14:50.688210+00:00,match,8099.022196999999,1.4125213286021454,-1.49793981571723,False
coinbase,BTC-USD,185825818,91790.93,1.182085,2026-05-08 23:13:05.229000+00:00,buy,2026-05-08T23:14:50.683758+00:00,match,108504.68148905,-0.9971283330967619,-0.03660541742946267,False
coinbase,BTC-USD,185827228,95575.8,0.620109,2026-05-08 23:13:07.089000+00:00,sell,2026-05-08T23:14:50.688243+00:00,match,59267.413762200005,1.2839711143773944,-0.7591637732064425,False
coinbase,BTC-USD,185826258,92725.06,0.10194,2026-05-08 23:13:10.533000+00:00,buy,2026-05-08T23:14:50.685200+00:00,match,9452.3926164,-0.427270205144843,-1.4557165881135323,False
coinbase,BTC-USD,185826962,96009.6,0.113605,2026-05-08 23:13:14.173000+00:00,sell,2026-05-08T23:14:50.687402+00:00,match,10907.170608,1.5284567814068082,-1.4253121074694797,False
coinbase,BTC-USD,185824880,94863.31,1.311992,2026-05-08 23:13:17.701000+00:00,sell,2026-05-08T23:14:50.680963+00:00,match,124459.90381352,0.829534052225273,0.20832735181458453,False
coinbase,BTC-USD,185827016,95728.89,0.401784,2026-05-08 23:13:18.921000+00:00,buy,2026-05-08T23:14:50.687577+00:00,match,38462.33633976,1.3198073180267318,-1.0342112310415021,False
coinbase,BTC-USD,185825618,91483.6,2.214072,2026-05-08 23:13:24.449000+00:00,buy,2026-05-08T23:14:50.683197+00:00,match,202551.2772192,-1.2196098213866475,1.327166205770366,False
coinbase,BTC-USD,185827084,95228.64,1.418925,2026-05-08 23:13:33.361000+00:00,buy,2026-05-08T23:14:50.687798+00:00,match,135122.29801199998,1.0023025938667833,0.33706670613681217,False
coinbase,BTC-USD,185825514,90968.37,0.763529,2026-05-08 23:13:34.545000+00:00,sell,2026-05-08T23:14:50.682890+00:00,match,69456.98857773,-1.5291139167728902,-0.6114907976408314,False
coinbase,BTC-USD,185826496,93996.03,0.658938,2026-05-08 23:13:35.165000+00:00,sell,2026-05-08T23:14:50.685960+00:00,match,61937.55601614,0.27062831755121264,-0.719028862833918,False
coinbase,BTC-USD,185827272,94743.22,0.040703,2026-05-08 23:13:39.033000+00:00,sell,2026-05-08T23:14:50.688376+00:00,match,3856.33328366,0.7011673260737866,-1.5414690837012421,False
coinbase,BTC-USD,185825204,92759.85,0.019559,2026-05-08 23:13:39.761000+00:00,sell,2026-05-08T23:14:50.681955+00:00,match,1814.28990615,-0.4625506157942028,-1.5412819925106045,False
coinbase,BTC-USD,185826918,95715.91,2.202961,2026-05-08 23:13:43.377000+00:00,sell,2026-05-08T23:14:50.687266+00:00,match,210858.41680951003,1.3013799855923947,1.448321290564242,False
coinbase,BTC-USD,185827132,95663.78,1.027364,2026-05-08 23:13:45.953000+00:00,buy,2026-05-08T23:14:50.687950+00:00,match,98281.52367592,1.2503442475279516,-0.14821601804803639,False
coinbase,BTC-USD,185825338,92121.56,1.740761,2026-05-08 23:13:48.207000+00:00,sell,2026-05-08T23:14:50.682376+00:00,match,160361.61890716,-0.8452644825652275,0.7443231605136889,False
coinbase,BTC-USD,185824864,94540.79,2.188854,2026-05-08 23:13:58.717000+00:00,buy,2026-05-08T23:14:50.680916+00:00,match,206935.98635466,0.5990328981144554,1.4295833678431222,False
coinbase,BTC-USD,185825022,93746.59,1.714492,2026-05-08 23:14:00.273000+00:00,buy,2026-05-08T23:14:50.681397+00:00,match,160727.77858227998,0.11103255892737293,0.7481634551848209,False
coinbase,BTC-USD,185826820,94979.33,0.606367,2026-05-08 23:14:03.521000+00:00,sell,2026-05-08T23:14:50.686960+00:00,match,57592.33139411,0.8381742974920287,-0.731743974371103,False
coinbase,BTC-USD,185827314,95452.27,1.450319,2026-05-08 23:14:14.427000+00:00,buy,2026-05-08T23:14:50.688507+00:00,match,138436.24077413,1.1198299120351318,0.4374510081891974,False
coinbase,BTC-USD,185825162,92967.25,0.198959,2026-05-08 23:14:22.923000+00:00,sell,2026-05-08T23:14:50.681828+00:00,match,18496.67109275,-0.3864499820794279,-1.2753703916451478,False
coinbase,BTC-USD,185826234,93110.08,0.973257,2026-05-08 23:14:24.243000+00:00,buy,2026-05-08T23:14:50.685121+00:00,match,90620.03713056,-0.29017066187958224,-0.21917485597772554,False
coinbase,BTC-USD,185826302,92587.78,0.765915,2026-05-08 23:14:29.473000+00:00,sell,2026-05-08T23:14:50.685329+00:00,match,70914.3695187,-0.6201687392160058,-0.5055217494433826,False
coinbase,BTC-USD,185826964,95927.04,2.204133,2026-05-08 23:14:33.097000+00:00,sell,2026-05-08T23:14:50.687408+00:00,match,211435.95445632,1.3972153670753655,1.509625139735289,False
coinbase,BTC-USD,185825702,91202.01,1.424686,2026-05-08 23:14:36.773000+00:00,sell,2026-05-08T23:14:50.683429+00:00,match,129934.22681885998,-1.4695760828641575,0.3195061524502428,False
coinbase,BTC-USD,185826830,94926.01,0.249877,2026-05-08 23:14:38.089000+00:00,sell,2026-05-08T23:14:50.686986+00:00,match,23719.826600769997,0.7939527215849189,-1.2333821656929755,False
coinbase,BTC-USD,185825156,93187.24,0.986564,2026-05-08 23:14:45.313000+00:00,sell,2026-05-08T23:14:50.681807+00:00,match,91935.17624336,-0.2783487149620305,-0.2503160828588123,False
coinbase,BTC-USD,185825060,93278.27,2.237641,2026-05-08 23:14:51.953000+00:00,buy,2026-05-08T23:14:50.681513+00:00,match,208723.28136107,-0.22709535378376056,1.4473804732869746,False
coinbase,BTC-USD,185824884,95127.87,1.092016,2026-05-08 23:15:22.041000+00:00,sell,2026-05-08T23:14:50.680976+00:00,match,103881.15608592,0.9194130379201361,-0.07647205308296069,False
coinbase,BTC-USD,185825878,92719.54,2.129008,2026-05-08 23:15:23.041000+00:00,buy,2026-05-08T23:14:50.683948+00:00,match,197400.64241631996,-0.5699724522330418,1.266797366688515,False
coinbase,BTC-USD,185826042,92416.63,0.983229,2026-05-08 23:15:24.303000+00:00,sell,2026-05-08T23:14:50.684500+00:00,match,90866.71069827,-0.741894168272432,-0.2857284860659177,False
coinbase,BTC-USD,185825366,91526.14,1.935204,2026-05-08 23:15:30.001000+00:00,sell,2026-05-08T23:14:50.682450+00:00,match,177121.75223256,-1.2702637368953271,0.9632343411928862,False
coinbase,BTC-USD,185825622,91558.5,1.734267,2026-05-08 23:15:40.443000+00:00,buy,2026-05-08T23:14:50.683207+00:00,match,158786.8851195,-1.224467852158118,0.6856910695271176,False
coinbase,BTC-USD,185825592,91201.04,2.140365,2026-05-08 23:15:44.493000+00:00,sell,2026-05-08T23:14:50.683128+00:00,match,195203.5139796,-1.4135856990205549,1.235571063210121,False
coinbase,BTC-USD,185826284,92755.06,2.372863,2026-05-08 23:15:49.713000+00:00,buy,2026-05-08T23:14:50.685269+00:00,match,220095.04993678,-0.4544249101569472,1.5681878562712275,False
coinbase,BTC-USD,185824872,94571.98,1.215789,2026-05-08 23:15:51.153000+00:00,sell,2026-05-08T23:14:50.680939+00:00,match,114979.57299222,0.6473324974399887,0.04042204193070974,False
coinbase,BTC-USD,185825210,92615.51,1.437887,2026-05-08 23:15:56.053000+00:00,sell,2026-05-08T23:14:50.681974+00:00,match,133170.63782737,-0.5345593904957611,0.30647547295897376,False
coinbase,BTC-USD,185826192,93336.52,2.15645,2026-05-08 23:15:57.273000+00:00,buy,2026-05-08T23:14:50.684991+00:00,match,201275.538554,-0.09115209368474829,1.2746470097104456,False
coinbase,BTC-USD,185825100,92715.82,1.82497,2026-05-08 23:15:59.793000+00:00,sell,2026-05-08T23:14:50.681641+00:00,match,169203.59002540002,-0.45600536778563333,0.7956607710093362,False
coinbase,BTC-USD,185825418,91055.42,0.122173,2026-05-08 23:16:10.017000+00:00,sell,2026-05-08T23:14:50.682602+00:00,match,11124.51382766,-1.4448300358853583,-1.4655313831537788,False
coinbase,BTC-USD,185824896,94628.29,2.169409,2026-05-08 23:16:11.961000+00:00,sell,2026-05-08T23:14:50.681011+00:00,match,205287.46398061,0.7380304904877416,1.2868274882775177,False
coinbase,BTC-USD,185825474,91017.87,2.200438,2026-05-08 23:16:17.321000+00:00,sell,2026-05-08T23:14:50.682778+00:00,match,200279.17982706,-1.4371451556245156,1.1933525165174514,False
coinbase,BTC-USD,185827080,95122.08,2.010474,2026-05-08 23:16:23.061000+00:00,sell,2026-05-08T23:14:50.687787+00:00,match,191240.46866592,1.0291849168028753,1.0611413074813347,False
coinbase,BTC-USD,185826436,93014.73,2.118595,2026-05-08 23:16:28.729000+00:00,buy,2026-05-08T23:14:50.685761+00:00,match,197060.54190435,-0.22841454569717248,1.1341702589937162,False
coinbase,BTC-USD,185826916,95821.5,1.423417,2026-05-08 23:16:32.961000+00:00,buy,2026-05-08T23:14:50.687258+00:00,match,136393.9520655,1.4641359286092812,0.2730318701877969,False
coinbase,BTC-USD,185827278,94793.16,1.52422,2026-05-08 23:16:33.699000+00:00,sell,2026-05-08T23:14:50.688395+00:00,match,144485.6303352,0.8419352306217155,0.3801928145205514,False
coinbase,BTC-USD,185824940,94322.88,0.549481,2026-05-08 23:16:36.721000+00:00,buy,2026-05-08T23:14:50.681147+00:00,match,51828.63042528,0.5497121610264634,-0.9269541091419665,False
coinbase,BTC-USD,185825080,92911.18,0.378592,2026-05-08 23:16:47.197000+00:00,sell,2026-05-08T23:14:50.681579+00:00,match,35175.42945855999,-0.2861484293541503,-1.1394570760338358,False
coinbase,BTC-USD,185826128,92632.83,0.132893,2026-05-08 23:16:54.105000+00:00,sell,2026-05-08T23:14:50.684770+00:00,match,12310.254677190002,-0.45632367945461494,-1.4313124994971385,False
coinbase,BTC-USD,185825492,91372.66,0.140031,2026-05-08 23:16:57.473000+00:00,buy,2026-05-08T23:14:50.682829+00:00,match,12795.00495246,-1.1978752431319124,-1.4061979670352982,False
coinbase,BTC-USD,185825914,92618.92,1.784189,2026-05-08 23:17:07.307000+00:00,buy,2026-05-08T23:14:50.684061+00:00,match,165249.65825588,-0.43515332049347977,0.6950432449396386,False
coinbase,BTC-USD,185827096,95343.44,0.466729,2026-05-08 23:17:08.505000+00:00,buy,2026-05-08T23:14:50.687836+00:00,match,44499.548407760005,1.2154142588135315,-0.9923698369896093,False
coinbase,BTC-USD,185826890,95423.0,0.473458,2026-05-08 23:17:09.803000+00:00,buy,2026-05-08T23:14:50.687176+00:00,match,45178.782734,1.2378492499312017,-0.971511618058589,False
coinbase,BTC-USD,185825446,90704.35,0.245898,2026-05-08 23:17:26.765000+00:00,sell,2026-05-08T23:14:50.682699+00:00,match,22304.0182563,-1.604885355543115,-1.2975015005621555,False
coinbase,BTC-USD,185826290,92730.71,1.610661,2026-05-08 23:17:32.333000+00:00,buy,2026-05-08T23:14:50.685289+00:00,match,149357.73809931,-0.3952590455384818,0.4877713482917918,False
coinbase,BTC-USD,185825070,93211.96,0.725161,2026-05-08 23:17:37.059000+00:00,buy,2026-05-08T23:14:50.681547+00:00,match,67593.67812555999,-0.09404357939046958,-0.663661686543155,False
coinbase,BTC-USD,185825324,92305.15,2.318944,2026-05-08 23:17:38.801000+00:00,sell,2026-05-08T23:14:50.682340+00:00,match,214050.4737616,-0.6423551328521603,1.3686286240643846,False
coinbase,BTC-USD,185827062,95114.66,0.258178,2026-05-08 23:17:51.123000+00:00,buy,2026-05-08T23:14:50.687725+00:00,match,24556.51268948,1.0446963297057754,-1.285387700100137,False
coinbase,BTC-USD,185825548,91111.84,1.836111,2026-05-08 23:17:55.825000+00:00,buy,2026-05-08T23:14:50.682996+00:00,match,167291.45165424,-1.3920376640334262,0.7259663273441899,False
coinbase,BTC-USD,185825010,93879.91,2.131425,2026-05-08 23:17:58.557000+00:00,buy,2026-05-08T23:14:50.681357+00:00,match,200097.98717175,0.2975259162848168,1.1662924013091318,False
coinbase,BTC-USD,185826580,94791.33,0.536248,2026-05-08 23:17:59.385000+00:00,sell,2026-05-08T23:14:50.686221+00:00,match,50831.661129839995,0.8361643654676717,-0.9098382497831272,False
coinbase,BTC-USD,185826004,92948.36,1.745572,2026-05-08 23:18:00.233000+00:00,buy,2026-05-08T23:14:50.684393+00:00,match,162248.05466192,-0.29540432763371505,0.6392707025834106,False
coinbase,BTC-USD,185825304,92416.62,1.84319,2026-05-08 23:18:02.085000+00:00,sell,2026-05-08T23:14:50.682281+00:00,match,170341.3898178,-0.6333171612088008,0.7642362969042995,False
coinbase,BTC-USD,185825006,93774.1,0.549799,2026-05-08 23:18:13.477000+00:00,sell,2026-05-08T23:14:50.681345+00:00,match,51556.90640590001,0.2107762286550115,-0.907198058940989,False
coinbase,BTC-USD,185826786,94956.41,1.277658,2026-05-08 23:18:16.053000+00:00,sell,2026-05-08T23:14:50.686855+00:00,match,121321.81688778,0.9283024084285268,0.0682748981842376,False
coinbase,BTC-USD,185826044,92515.16,1.174833,2026-05-08 23:18:17.009000+00:00,sell,2026-05-08T23:14:50.684506+00:00,match,108689.86296828,-0.5622438139372467,-0.09314235536408118,False
coinbase,BTC-USD,185825742,91340.17,1.848169,2026-05-08 23:18:20.193000+00:00,buy,2026-05-08T23:14:50.683545+00:00,match,168812.07064873,-1.264825977217827,0.7571069630508875,False
coinbase,BTC-USD,185826010,92775.41,1.707615,2026-05-08 23:18:24.553000+00:00,buy,2026-05-08T23:14:50.684409+00:00,match,158424.68174715005,-0.37538632114446047,0.5938115840407163,False
coinbase,BTC-USD,185825180,92890.74,0.375272,2026-05-08 23:18:27.745000+00:00,buy,2026-05-08T23:14:50.681881+00:00,match,34859.29378128,-0.28956081945711465,-1.1666633970617595,False
coinbase,BTC-USD,185826130,92592.47,1.281453,2026-05-08 23:18:29.059000+00:00,buy,2026-05-08T23:14:50.684775+00:00,match,118652.89845891,-0.4881260902128148,0.02595938611720876,False
coinbase,BTC-USD,185826046,92506.65,0.22756,2026-05-08 23:18:33.641000+00:00,sell,2026-05-08T23:14:50.684514+00:00,match,21050.813274,-0.5443486760753196,-1.34569785559815,False
coinbase,BTC-USD,185825536,91216.95,1.474562,2026-05-08 23:18:37.573000+00:00,buy,2026-05-08T23:14:50.682951+00:00,match,134505.04822589998,-1.3569717308572864,0.2664134701505696,False
coinbase,BTC-USD,185825678,91117.55,0.102028,2026-05-08 23:18:38.425000+00:00,buy,2026-05-08T23:14:50.683365+00:00,match,9296.5413914,-1.3898154359683046,-1.4988769533246376,False
coinbase,BTC-USD,185826286,92833.37,2.084242,2026-05-08 23:18:42.059000+00:00,sell,2026-05-08T23:14:50.685275+00:00,match,193487.20875554,-0.3037802551405657,1.1125726303887233,False
coinbase,BTC-USD,185827290,94944.59,0.125211,2026-05-08 23:18:44.781000+00:00,buy,2026-05-08T23:14:50.688435+00:00,match,11888.10705849,1.0109931395505531,-1.4439524895165436,False
coinbase,BTC-USD,185825248,93059.44,0.547449,2026-05-08 23:18:47.781000+00:00,buy,2026-05-08T23:14:50.682091+00:00,match,50945.29736856,-0.18644576352311976,-0.8765012549867444,False
coinbase,BTC-USD,185825794,91583.39,0.332873,2026-05-08 23:18:49.243000+00:00,buy,2026-05-08T23:14:50.683691+00:00,match,30485.63777947,-1.108762028364181,-1.147403744515108,False
coinbase,BTC-USD,185826852,95112.05,2.252936,2026-05-08 23:18:51.273000+00:00,buy,2026-05-08T23:14:50.687053+00:00,match,214281.3614788,1.1172022704100357,1.4014867007449754,False
coinbase,BTC-USD,185825992,93194.97,2.442536,2026-05-08 23:18:52.013000+00:00,sell,2026-05-08T23:14:50.684361+00:00,match,227632.06924392,-0.10711352332326864,1.5505965491102935,False
coinbase,BTC-USD,185826064,92433.35,1.570319,2026-05-08 23:18:52.577000+00:00,buy,2026-05-08T23:14:50.684572+00:00,match,145149.84573865,-0.6059541011852967,0.416886478611363,False
coinbase,BTC-USD,185827364,95367.76,0.004877,2026-05-08 23:18:58.377000+00:00,buy,2026-05-08T23:14:50.688656+00:00,match,465.10856552,1.2577650900787773,-1.5494797648377983,False
coinbase,BTC-USD,185826188,93383.51,0.524509,2026-05-08 23:18:58.417000+00:00,buy,2026-05-08T23:14:50.684978+00:00,match,48980.49144659,-0.013735219829311623,-0.8746635879981108,False
coinbase,BTC-USD,185827322,95714.38,0.426324,2026-05-08 23:19:00.113000+00:00,buy,2026-05-08T23:14:50.688528+00:00,match,40805.33733912,1.4627613872695278,-0.9852117049736083,False
coinbase,BTC-USD,185827390,95393.37,1.529128,2026-05-08 23:19:03.645000+00:00,buy,2026-05-08T23:14:50.688732+00:00,match,145868.67308136,1.265561309757239,0.46318844890599,False
coinbase,BTC-USD,185825088,93089.84,1.248635,2026-05-08 23:19:06.789000+00:00,sell,2026-05-08T23:14:50.681603+00:00,match,116235.2323684,-0.2128720565198099,0.06601830598772866,False
coinbase,BTC-USD,185825880,92749.53,0.35378,2026-05-08 23:19:07.089000+00:00,sell,2026-05-08T23:14:50.683953+00:00,match,32812.9287234,-0.43317457857041874,-1.0709570243535953,False
coinbase,BTC-USD,185826784,95007.36,1.187828,2026-05-08 23:19:15.521000+00:00,buy,2026-05-08T23:14:50.686848+00:00,match,112852.40241408002,1.0335203345068713,0.04931092387311912,False
coinbase,BTC-USD,185825440,90538.72,0.54446,2026-05-08 23:19:17.429000+00:00,sell,2026-05-08T23:14:50.682678+00:00,match,49294.7114912,-1.8167310492701472,-0.8395260056209742,False
coinbase,BTC-USD,185825420,90994.46,1.678632,2026-05-08 23:19:24.977000+00:00,sell,2026-05-08T23:14:50.682609+00:00,match,152746.21237872,-1.5177375770369068,0.6147097912158952,False
coinbase,BTC-USD,185825596,91143.38,1.871822,2026-05-08 23:19:31.969000+00:00,buy,2026-05-08T23:14:50.683138+00:00,match,170604.18383836,-1.4238367056467855,0.8543906778572973,False
coinbase,BTC-USD,185826734,94657.12,1.712921,2026-05-08 23:19:36.151000+00:00,sell,2026-05-08T23:14:50.686700+00:00,match,162140.16864751998,0.8214839009049164,0.7489886022574144,False
coinbase,BTC-USD,185825728,91213.87,2.321523,2026-05-08 23:19:37.025000+00:00,sell,2026-05-08T23:14:50.683504+00:00,match,211755.09712401,-1.3797000334066187,1.4409618704504998,False
coinbase,BTC-USD,185825030,93773.69,1.448834,2026-05-08 23:19:43.639000+00:00,sell,2026-05-08T23:14:50.681422+00:00,match,135862.51037745998,0.25882982094602897,0.3727290193865629,False
coinbase,BTC-USD,185826808,94890.08,0.786039,2026-05-08 23:20:07.509000+00:00,buy,2026-05-08T23:14:50.686920+00:00,match,74587.30359312,0.954190781344753,-0.4882258764457587,False
coinbase,BTC-USD,185827086,95140.01,2.116289,2026-05-08 23:20:12.159000+00:00,buy,2026-05-08T23:14:50.687804+00:00,match,201343.75662289,1.093955193989799,1.2814869854655453,False
coinbase,BTC-USD,185825658,91150.0,0.064199,2026-05-08 23:20:21.579000+00:00,buy,2026-05-08T23:14:50.683308+00:00,match,5851.738850000001,-1.4244941264485596,-1.4356363959924041,False
coinbase,BTC-USD,185825716,91238.61,0.152346,2026-05-08 23:20:22.433000+00:00,buy,2026-05-08T23:14:50.683472+00:00,match,13899.83727906,-1.3400355134037043,-1.3008221888967255,False
coinbase,BTC-USD,185825150,93098.51,1.38328,2026-05-08 23:20:27.917000+00:00,sell,2026-05-08T23:14:50.681792+00:00,match,128781.3069128,-0.16942594251765286,0.2916919143475094,False
coinbase,BTC-USD,185825410,91032.52,1.145131,2026-05-08 23:20:30.045000+00:00,buy,2026-05-08T23:14:50.682576+00:00,match,104244.16066012,-1.4455561521549822,-0.062813009346612,False
coinbase,BTC-USD,185826174,93187.33,2.060495,2026-05-08 23:20:55.821000+00:00,buy,2026-05-08T23:14:50.684932+00:00,match,192012.02752835,-0.08733053089569463,1.1521361483853383,False
coinbase,BTC-USD,185825154,93232.68,0.701822,2026-05-08 23:20:58.347000+00:00,sell,2026-05-08T23:14:50.681802+00:00,match,65432.74594295999,-0.04288254024193501,-0.6526429749125323,False
coinbase,BTC-USD,185826528,93935.12,0.837694,2026-05-08 23:21:06.729000+00:00,buy,2026-05-08T23:14:50.686061+00:00,match,78688.88641328,0.39506670166213276,-0.4586970695180524,False
coinbase,BTC-USD,185825240,93120.39,0.81356,2026-05-08 23:21:06.841000+00:00,sell,2026-05-08T23:14:50.682067+00:00,match,75759.0244884,-0.11452226579244149,-0.5035618270804891,False
coinbase,BTC-USD,185826236,93017.21,1.552726,2026-05-08 23:21:07.633000+00:00,buy,2026-05-08T23:14:50.685128+00:00,match,144430.24041446002,-0.1836207787026627,0.46217240214989946,False
coinbase,BTC-USD,185825172,92966.14,2.072862,2026-05-08 23:21:16.113000+00:00,sell,2026-05-08T23:14:50.681859+00:00,match,192705.97889268,-0.20020920691716682,1.137014939039785,False
coinbase,BTC-USD,185825852,92668.2,0.658228,2026-05-08 23:21:21.073000+00:00,buy,2026-05-08T23:14:50.683879+00:00,match,60996.8039496,-0.384566183443711,-0.7590591263041945,False
coinbase,BTC-USD,185826460,93387.71,1.600635,2026-05-08 23:21:22.001000+00:00,sell,2026-05-08T23:14:50.685840+00:00,match,149479.63719585002,0.1105617716965151,0.5050793291067176,False
coinbase,BTC-USD,185825800,91622.49,0.543024,2026-05-08 23:21:25.125000+00:00,buy,2026-05-08T23:14:50.683707+00:00,match,49753.21100976,-1.0808609134441278,-0.923419724916982,False
coinbase,BTC-USD,185825698,91267.34,1.7972,2026-05-08 23:21:26.449000+00:00,sell,2026-05-08T23:14:50.683418+00:00,match,164025.66344799998,-1.294692910225903,0.7353997736118798,False
coinbase,BTC-USD,185825166,92792.73,0.096351,2026-05-08 23:21:26.727000+00:00,sell,2026-05-08T23:14:50.681840+00:00,match,8940.67232823,-0.2804731390316732,-1.4957533729898516,False
coinbase,BTC-USD,185826608,94607.61,1.593341,2026-05-08 23:21:29.461000+00:00,sell,2026-05-08T23:14:50.686312+00:00,match,150742.18392501,0.9511552525423689,0.5338348042126857,False
coinbase,BTC-USD,185825898,92876.52,1.511967,2026-05-08 23:21:32.601000+00:00,buy,2026-05-08T23:14:50.684007+00:00,match,140426.23331484,-0.21518718449288646,0.36993229094641367,False
coinbase,BTC-USD,185826118,92601.1,1.019255,2026-05-08 23:21:33.153000+00:00,sell,2026-05-08T23:14:50.684735+00:00,match,94384.1341805,-0.40235814255041946,-0.3198741705929346,False
coinbase,BTC-USD,185825236,92977.34,2.18761,2026-05-08 23:21:35.105000+00:00,sell,2026-05-08T23:14:50.682055+00:00,match,203398.15875739997,-0.12830735754957473,1.296017806913374,False
coinbase,BTC-USD,185825448,90736.7,0.346516,2026-05-08 23:21:35.157000+00:00,buy,2026-05-08T23:14:50.682704+00:00,match,31441.7183372,-1.6525332666216606,-1.2327336717839845,False
coinbase,BTC-USD,185827146,95770.21,1.295292,2026-05-08 23:21:54.573000+00:00,buy,2026-05-08T23:14:50.687995+00:00,match,124050.38685132,1.796836475310499,0.13488231757124852,False
coinbase,BTC-USD,185826540,94324.91,0.708986,2026-05-08 23:21:55.473000+00:00,sell,2026-05-08T23:14:50.686100+00:00,match,66875.04064126,0.8085076309779895,-0.6920073732225052,False
coinbase,BTC-USD,185827174,96071.78,1.640259,2026-05-08 23:22:04.087000+00:00,buy,2026-05-08T23:14:50.688080+00:00,match,157582.60179102,1.954248735676877,0.6550029865304529,False
coinbase,BTC-USD,185827316,95555.41,1.534663,2026-05-08 23:22:06.665000+00:00,sell,2026-05-08T23:14:50.688512+00:00,match,146645.35217683003,1.5937743557796031,0.4805170990090907,False
coinbase,BTC-USD,185827218,95800.46,0.094184,2026-05-08 23:22:07.713000+00:00,sell,2026-05-08T23:14:50.688215+00:00,match,9022.87052464,1.7488486386655953,-1.5307273547060163,False
coinbase,BTC-USD,185825450,90766.59,0.416231,2026-05-08 23:22:14.251000+00:00,sell,2026-05-08T23:14:50.682709+00:00,match,37779.86852229,-1.5753772081270132,-1.1144696868315729,False
coinbase,BTC-USD,185826132,92551.49,0.483779,2026-05-08 23:22:14.313000+00:00,buy,2026-05-08T23:14:50.684780+00:00,match,44774.46728071001,-0.395383120240469,-0.9998531803917791,False
coinbase,BTC-USD,185825406,91143.49,0.811649,2026-05-08 23:22:18.561000+00:00,buy,2026-05-08T23:14:50.682563+00:00,match,73976.52251501,-1.3023234860270707,-0.5712237462746713,False
coinbase,BTC-USD,185825684,91129.06,2.119777,2026-05-08 23:22:24.681000+00:00,sell,2026-05-08T23:14:50.683382+00:00,match,193173.28541962,-1.2915241201186711,1.1882289740812921,False
coinbase,BTC-USD,185826054,92492.8,1.15678,2026-05-08 23:22:31.503000+00:00,buy,2026-05-08T23:14:50.684540+00:00,match,106993.821184,-0.4045394044395803,-0.08003209210822178,False
coinbase,BTC-USD,185827006,96059.58,0.083241,2026-05-08 23:22:31.769000+00:00,sell,2026-05-08T23:14:50.687544+00:00,match,7996.09549878,1.9312416002642323,-1.5337990800854335,False
coinbase,BTC-USD,185825132,92756.58,0.514732,2026-05-08 23:22:34.353000+00:00,sell,2026-05-08T23:14:50.681737+00:00,match,47744.77993656,-0.23137310455641957,-0.9387404500012859,False
coinbase,BTC-USD,185826720,94451.64,2.224102,2026-05-08 23:22:37.425000+00:00,buy,2026-05-08T23:14:50.686655+00:00,match,210070.08142728,0.8686448855509862,1.438929223459412,False
coinbase,BTC-USD,185825136,92755.14,2.251073,2026-05-08 23:22:40.329000+00:00,sell,2026-05-08T23:14:50.681748+00:00,match,208798.59126522,-0.2255298117054167,1.3910954020924016,False
coinbase,BTC-USD,185826956,96005.64,1.304805,2026-05-08 23:22:42.097000+00:00,buy,2026-05-08T23:14:50.687386+00:00,match,125268.6391002,1.8603988552945274,0.19157598476887583,False
coinbase,BTC-USD,185826838,94929.79,1.596521,2026-05-08 23:22:42.593000+00:00,buy,2026-05-08T23:14:50.687009+00:00,match,151557.40326058998,1.1415912178187058,0.5662049630088355,False
coinbase,BTC-USD,185827160,95801.77,0.311791,2026-05-08 23:22:58.701000+00:00,buy,2026-05-08T23:14:50.688043+00:00,match,29870.12967007,1.660745363368331,-1.185228905412906,False
coinbase,BTC-USD,185827102,95444.74,1.990185,2026-05-08 23:23:00.353000+00:00,sell,2026-05-08T23:14:50.687855+00:00,match,189952.68987690005,1.4018612807952135,1.1357233610652422,False
coinbase,BTC-USD,185825620,91547.66,0.884906,2026-05-08 23:23:16.913000+00:00,buy,2026-05-08T23:14:50.683202+00:00,match,81011.07361996,-1.0779563907958876,-0.4297499220519447,False
coinbase,BTC-USD,185827064,95091.24,2.215851,2026-05-08 23:23:18.389000+00:00,sell,2026-05-08T23:14:50.687731+00:00,match,210708.01924524,1.1560124689108784,1.4672552729426205,False
coinbase,BTC-USD,185826180,93365.91,0.896944,2026-05-08 23:23:25.329000+00:00,sell,2026-05-08T23:14:50.684950+00:00,match,83743.99277904,0.07233897450707967,-0.38447893394765503,False
coinbase,BTC-USD,185827182,95879.61,0.717131,2026-05-08 23:23:46.263000+00:00,buy,2026-05-08T23:14:50.688100+00:00,match,68758.24059891,1.6264568835158748,-0.5933194803614497,False
coinbase,BTC-USD,185825332,92129.89,1.007992,2026-05-08 23:23:48.313000+00:00,buy,2026-05-08T23:14:50.682361+00:00,match,92866.19208088,-0.714311423787022,-0.22769345786507805,False
coinbase,BTC-USD,185825372,91648.6,1.151523,2026-05-08 23:23:48.753000+00:00,buy,2026-05-08T23:14:50.682465+00:00,match,105535.4708178,-1.0039326903999406,-0.03187741828255607,False
coinbase,BTC-USD,185825674,91161.49,0.226446,2026-05-08 23:24:06.461000+00:00,sell,2026-05-08T23:14:50.683354+00:00,match,20643.15476454,-1.308890113567342,-1.2910762948341064,False
coinbase,BTC-USD,185827370,95426.59,1.254054,2026-05-08 23:24:10.435000+00:00,buy,2026-05-08T23:14:50.688672+00:00,match,119670.09689586,1.335337663372346,0.19075414622330583,False
coinbase,BTC-USD,185827346,95575.75,1.939868,2026-05-08 23:24:14.969000+00:00,sell,2026-05-08T23:14:50.688597+00:00,match,185404.339001,1.3994243880718842,1.1806484147358305,False
coinbase,BTC-USD,185827088,95273.78,0.63939,2026-05-08 23:24:16.989000+00:00,buy,2026-05-08T23:14:50.687809+00:00,match,60917.1021942,1.2101019220543838,-0.6731561750410989,False
coinbase,BTC-USD,185825654,91063.6,1.773292,2026-05-08 23:24:19.885000+00:00,sell,2026-05-08T23:14:50.683296+00:00,match,161482.3533712,-1.369753406765255,0.8566030782680576,False
coinbase,BTC-USD,185827342,95701.12,1.343131,2026-05-08 23:24:26.383000+00:00,sell,2026-05-08T23:14:50.688584+00:00,match,128539.14100672,1.4749491205141843,0.3572783892999717,False
coinbase,BTC-USD,185827172,96155.13,2.39589,2026-05-08 23:24:34.713000+00:00,buy,2026-05-08T23:14:50.688075+00:00,match,230377.1144157,1.725875300347862,1.8624365795127316,False
coinbase,BTC-USD,185825638,91175.29,0.312249,2026-05-08 23:24:41.247000+00:00,sell,2026-05-08T23:14:50.683254+00:00,match,28469.39312721,-1.2687151933835006,-1.1511133111062464,False
coinbase,BTC-USD,185826020,92525.95,1.115311,2026-05-08 23:25:04.817000+00:00,sell,2026-05-08T23:14:50.684436+00:00,match,103195.20982045,-0.45164252647294667,-0.04729951469045031,False
coinbase,BTC-USD,185826636,94948.5,1.811993,2026-05-08 23:25:06.225000+00:00,sell,2026-05-08T23:14:50.686394+00:00,match,172046.0173605,0.9897291098742798,0.9664567664219986,False
coinbase,BTC-USD,185825314,92444.53,1.972434,2026-05-08 23:25:07.279000+00:00,buy,2026-05-08T23:14:50.682309+00:00,match,182340.73408602,-0.5217374340128937,1.1009348354235844,False
coinbase,BTC-USD,185825382,91553.65,0.867233,2026-05-08 23:25:11.043000+00:00,buy,2026-05-08T23:14:50.682496+00:00,match,79398.34655044999,-1.0477180435444364,-0.44617369426664766,False
coinbase,BTC-USD,185825608,91166.39,0.537169,2026-05-08 23:25:15.785000+00:00,sell,2026-05-08T23:14:50.683170+00:00,match,48971.75854991,-1.2546962019906411,-0.9094228785275957,False
coinbase,BTC-USD,185827118,95466.01,2.243162,2026-05-08 23:25:26.073000+00:00,buy,2026-05-08T23:14:50.687906+00:00,match,214145.72592362,1.3249970856399997,1.5621925236789524,False
coinbase,BTC-USD,185826294,92588.47,2.371294,2026-05-08 23:25:33.699000+00:00,buy,2026-05-08T23:14:50.685303+00:00,match,219554.48338018,-0.4173217029371424,1.6071503076810671,False
coinbase,BTC-USD,185825262,92818.39,1.261324,2026-05-08 23:25:37.173000+00:00,sell,2026-05-08T23:14:50.682156+00:00,match,117074.06294836,-0.27840348054011266,0.07376134559023226,False
coinbase,BTC-USD,185825682,91153.04,2.41148,2026-05-08 23:25:51.483000+00:00,sell,2026-05-08T23:14:50.683377+00:00,match,219813.7328992,-1.265997079210908,1.5786934036532851,False
coinbase,BTC-USD,185826618,94594.77,1.33133,2026-05-08 23:25:59.763000+00:00,sell,2026-05-08T23:14:50.686343+00:00,match,125936.8551441,0.7903784458155638,0.1975110232088057,False
coinbase,BTC-USD,185825666,91317.47,0.834475,2026-05-08 23:25:59.921000+00:00,buy,2026-05-08T23:14:50.683332+00:00,match,76202.14577825,-1.1554923728243107,-0.5627023486394319,False
coinbase,BTC-USD,185825888,92806.95,1.387534,2026-05-08 23:26:13.105000+00:00,sell,2026-05-08T23:14:50.683976+00:00,match,128772.7985613,-0.27334962708948596,0.2407383443803172,False
coinbase,BTC-USD,185826818,95000.67,0.073058,2026-05-08 23:26:13.305000+00:00,sell,2026-05-08T23:14:50.686953+00:00,match,6940.55894886,1.0428582381826454,-1.5763750956624683,False
coinbase,BTC-USD,185825946,92577.19,0.953614,2026-05-08 23:26:17.415000+00:00,buy,2026-05-08T23:14:50.684226+00:00,match,88282.90446466,-0.40526277030773356,-0.35118290632333515,False
coinbase,BTC-USD,185826850,95126.1,0.483953,2026-05-08 23:26:17.781000+00:00,sell,2026-05-08T23:14:50.687046+00:00,match,46036.5614733,1.115566620280809,-0.9740112458034027,False
coinbase,BTC-USD,185827328,95827.18,1.752858,2026-05-08 23:26:22.341000+00:00,buy,2026-05-08T23:14:50.688543+00:00,match,167971.43908044,1.5007754950459478,0.8770188860277331,False
coinbase,BTC-USD,185826708,94535.73,1.760789,2026-05-08 23:26:22.377000+00:00,buy,2026-05-08T23:14:50.686618+00:00,match,166457.47349096998,0.7266005985191366,0.8369897432890304,False
coinbase,BTC-USD,185826060,92312.53,2.416288,2026-05-08 23:26:24.369000+00:00,sell,2026-05-08T23:14:50.684559+00:00,match,223053.65848864,-0.5785544631569182,1.6575466831415682,False
coinbase,BTC-USD,185826362,92415.63,1.172239,2026-05-08 23:26:28.273000+00:00,sell,2026-05-08T23:14:50.685522+00:00,match,108333.20569557,-0.5164485996515903,-0.06030052378060954,False
coinbase,BTC-USD,185826826,94920.41,2.408201,2026-05-08 23:26:34.323000+00:00,sell,2026-05-08T23:14:50.686975+00:00,match,228587.42628241,0.9547010942320642,1.7116846108012418,False
coinbase,BTC-USD,185826574,94783.79,0.283081,2026-05-08 23:26:38.343000+00:00,sell,2026-05-08T23:14:50.686202+00:00,match,26831.49005699,0.8584732542016784,-1.2483298377452157,False
coinbase,BTC-USD,185827224,95497.99,0.40284,2026-05-08 23:26:42.225000+00:00,buy,2026-05-08T23:14:50.688232+00:00,match,38470.4102916,1.257674391277847,-1.0781864788999211,False
coinbase,BTC-USD,185826266,92751.37,0.013316,2026-05-08 23:26:51.007000+00:00,sell,2026-05-08T23:14:50.685222+00:00,match,1235.07724292,-0.3633193106470595,-1.5885216985764208,False
coinbase,BTC-USD,185827240,95400.09,1.57578,2026-05-08 23:26:51.733000+00:00,sell,2026-05-08T23:14:50.688274+00:00,match,150329.5538202,1.1755719731606276,0.5641607465507128,False
coinbase,BTC-USD,185826876,95567.28,0.261725,2026-05-08 23:27:00.753000+00:00,buy,2026-05-08T23:14:50.687132+00:00,match,25012.346358,1.2486137402560384,-1.2453140276741699,False
coinbase,BTC-USD,185826516,93844.17,1.365358,2026-05-08 23:27:04.497000+00:00,sell,2026-05-08T23:14:50.686020+00:00,match,128130.88826286,0.22349433716488182,0.2386169928064682,False
coinbase,BTC-USD,185825322,92204.69,2.489345,2026-05-08 23:27:12.393000+00:00,sell,2026-05-08T23:14:50.682333+00:00,match,229529.28402805,-0.742330841878001,1.7097947904526538,False
coinbase,BTC-USD,185826620,94676.19,2.249639,2026-05-08 23:27:17.537000+00:00,sell,2026-05-08T23:14:50.686348+00:00,match,212987.24939541004,0.7210460048451122,1.4398211114627644,False
coinbase,BTC-USD,185826422,92995.68,1.51646,2026-05-08 23:27:21.523000+00:00,buy,2026-05-08T23:14:50.685715+00:00,match,141024.2288928,-0.2731483951135008,0.378547025415041,False
coinbase,BTC-USD,185825578,91160.26,0.686863,2026-05-08 23:27:23.923000+00:00,sell,2026-05-08T23:14:50.683090+00:00,match,62614.60966438,-1.3526083729812874,-0.7775787798988053,False
coinbase,BTC-USD,185826040,92452.82,1.043349,2026-05-08 23:27:24.273000+00:00,buy,2026-05-08T23:14:50.684493+00:00,match,96460.55729418002,-0.5762250668067322,-0.2652330471471799,False
coinbase,BTC-USD,185827082,95166.61,1.102494,2026-05-08 23:27:27.783000+00:00,sell,2026-05-08T23:14:50.687793+00:00,match,104920.61652534,1.0130097985767732,-0.12303348738306995,False
coinbase,BTC-USD,185826522,94073.67,0.152816,2026-05-08 23:27:51.933000+00:00,buy,2026-05-08T23:14:50.686039+00:00,match,14375.96195472,0.36024654164443554,-1.4547096109827204,False
coinbase,BTC-USD,185826512,93830.26,2.262616,2026-05-08 23:28:09.973000+00:00,buy,2026-05-08T23:14:50.686009+00:00,match,212301.84756016,0.22723222681579375,1.4744672495945643,False
coinbase,BTC-USD,185826722,94545.35,1.748723,2026-05-08 23:28:15.493000+00:00,buy,2026-05-08T23:14:50.686661+00:00,match,165333.62808805003,0.6431412249066152,0.7547940227330218,False
coinbase,BTC-USD,185826688,94560.5,1.535666,2026-05-08 23:28:19.229000+00:00,buy,2026-05-08T23:14:50.686557+00:00,match,145213.344793,0.6635180762093607,0.4394496308262039,False
coinbase,BTC-USD,185826606,94622.09,1.549944,2026-05-08 23:28:31.149000+00:00,buy,2026-05-08T23:14:50.686306+00:00,match,146658.94066296,0.7078951554288127,0.46112284619839294,False
coinbase,BTC-USD,185826974,95946.44,0.983745,2026-05-08 23:28:31.251000+00:00,sell,2026-05-08T23:14:50.687439+00:00,match,94386.8306178,1.4675086200080436,-0.3242836969892041,False
coinbase,BTC-USD,185826942,95711.48,0.654618,2026-05-08 23:28:31.953000+00:00,buy,2026-05-08T23:14:50.687345+00:00,match,62654.45761464,1.3006814040638401,-0.811234024421545,False
coinbase,BTC-USD,185826058,92381.11,1.792632,2026-05-08 23:28:33.271000+00:00,sell,2026-05-08T23:14:50.684553+00:00,match,165605.33398152,-0.6418603341016601,0.7389153941133146,False
coinbase,BTC-USD,185825806,91732.57,2.332557,2026-05-08 23:28:36.449000+00:00,buy,2026-05-08T23:14:50.683725+00:00,match,213971.44828149,-1.0409044298045569,1.4372950207599242,False
coinbase,BTC-USD,185825652,91041.72,0.269583,2026-05-08 23:28:36.513000+00:00,buy,2026-05-08T23:14:50.683291+00:00,match,24543.300002760003,-1.4525153285098982,-1.3793148012300274,False
coinbase,BTC-USD,185827066,95152.65,1.487217,2026-05-08 23:28:36.627000+00:00,sell,2026-05-08T23:14:50.687738+00:00,match,141512.63867505,0.973671675883246,0.36953029658544395,False
coinbase,BTC-USD,185826592,94724.34,0.419058,2026-05-08 23:28:37.293000+00:00,sell,2026-05-08T23:14:50.686260+00:00,match,39694.99247172,0.7170122888613918,-1.1290254000168545,False
coinbase,BTC-USD,185825378,91472.1,2.078384,2026-05-08 23:28:47.809000+00:00,buy,2026-05-08T23:14:50.682484+00:00,match,190114.1490864,-1.2307583726986573,1.1173371733426787,False
coinbase,BTC-USD,185825754,91680.41,1.77546,2026-05-08 23:29:02.217000+00:00,sell,2026-05-08T23:14:50.683583+00:00,match,162774.9007386,-1.0869803319707487,0.7033205218799276,False
coinbase,BTC-USD,185825796,91706.48,1.823294,2026-05-08 23:29:07.401000+00:00,sell,2026-05-08T23:14:50.683696+00:00,match,167207.87474512,-1.050211100954054,0.7548607863254027,False
coinbase,BTC-USD,185826848,95228.97,0.713089,2026-05-08 23:29:13.289000+00:00,sell,2026-05-08T23:14:50.687040+00:00,match,67906.73098833,1.0411327653910583,-0.7086580430667255,False
coinbase,BTC-USD,185825814,91634.12,1.33081,2026-05-08 23:29:27.705000+00:00,sell,2026-05-08T23:14:50.683748+00:00,match,121947.6032372,-1.0999663532052286,0.08478260020530914,False
coinbase,BTC-USD,185825664,91219.87,2.158721,2026-05-08 23:29:28.677000+00:00,sell,2026-05-08T23:14:50.683326+00:00,match,196918.24898627,-1.3464803170448507,1.2019966783592921,False
coinbase,BTC-USD,185826922,95806.22,2.351869,2026-05-08 23:29:33.613000+00:00,sell,2026-05-08T23:14:50.687278+00:00,match,225323.67882518,1.3571603171093407,1.5998844148278735,False
coinbase,BTC-USD,185826374,92803.19,0.632113,2026-05-08 23:29:35.657000+00:00,buy,2026-05-08T23:14:50.685562+00:00,match,58662.102840470005,-0.43024816432847784,-0.9013605489248492,False
coinbase,BTC-USD,185826412,92874.37,2.094008,2026-05-08 23:29:38.673000+00:00,buy,2026-05-08T23:14:50.685681+00:00,match,194479.67377496,-0.38572729449753745,1.1366296837896186,False
coinbase,BTC-USD,185826378,92804.2,1.909656,2026-05-08 23:29:40.185000+00:00,buy,2026-05-08T23:14:50.685573+00:00,match,177224.0973552,-0.4246630437078075,0.8604841219686289,False
coinbase,BTC-USD,185825692,91337.76,1.79394,2026-05-08 23:29:44.273000+00:00,buy,2026-05-08T23:14:50.683403+00:00,match,163854.4611744,-1.2721827432361368,0.6470750797141386,False
coinbase,BTC-USD,185826102,92499.95,1.5524,2026-05-08 23:29:59.853000+00:00,buy,2026-05-08T23:14:50.684686+00:00,match,143596.92238,-0.581131532332988,0.3337332833149617,False
coinbase,BTC-USD,185826804,95015.92,1.718663,2026-05-08 23:30:05.649000+00:00,sell,2026-05-08T23:14:50.686908+00:00,match,163300.34611496,0.8878599242932274,0.6259916177489061,False
coinbase,BTC-USD,185827358,95372.14,2.187971,2026-05-08 23:30:11.317000+00:00,sell,2026-05-08T23:14:50.688636+00:00,match,208671.47652794,1.07718975809961,1.3004426710363455,False
coinbase,BTC-USD,185826392,92766.95,2.399933,2026-05-08 23:30:11.953000+00:00,buy,2026-05-08T23:14:50.685618+00:00,match,222634.46461434997,-0.4462558927286983,1.4747643738750644,False
coinbase,BTC-USD,185826158,93045.33,0.999687,2026-05-08 23:30:23.333000+00:00,sell,2026-05-08T23:14:50.684875+00:00,match,93016.20681171,-0.2813909696993441,-0.44196857969905723,False
coinbase,BTC-USD,185827028,95543.5,2.308832,2026-05-08 23:30:32.817000+00:00,sell,2026-05-08T23:14:50.687619+00:00,match,220593.890192,1.15517800958688,1.4209155330530798,False
coinbase,BTC-USD,185826062,92300.0,2.477135,2026-05-08 23:30:34.923000+00:00,sell,2026-05-08T23:14:50.684566+00:00,match,228639.5605,-0.7503718771860907,1.514936283195196,False
coinbase,BTC-USD,185826712,94597.02,2.384723,2026-05-08 23:30:35.773000+00:00,sell,2026-05-08T23:14:50.686630+00:00,match,225587.68932546003,0.5890647255216271,1.44463523286658,False
coinbase,BTC-USD,185827014,95870.38,0.981637,2026-05-08 23:30:37.449000+00:00,sell,2026-05-08T23:14:50.687570+00:00,match,94109.91221206,1.3202672822706143,-0.4792369106866199,False
coinbase,BTC-USD,185825860,92582.76,1.832312,2026-05-08 23:30:38.585000+00:00,sell,2026-05-08T23:14:50.683900+00:00,match,169640.50214111997,-0.5952162383052712,0.6248759231181402,False
coinbase,BTC-USD,185826682,94670.98,1.736432,2026-05-08 23:30:42.493000+00:00,buy,2026-05-08T23:14:50.686540+00:00,match,164389.71914335998,0.6096443857454537,0.5374517358626246,False
coinbase,BTC-USD,185826980,95859.78,2.491954,2026-05-08 23:30:44.969000+00:00,sell,2026-05-08T23:14:50.687458+00:00,match,238878.16221012,1.2757833497669877,1.6126375574480543,False
coinbase,BTC-USD,185826792,95118.63,1.175169,2026-05-08 23:30:50.253000+00:00,buy,2026-05-08T23:14:50.686872+00:00,match,111780.46529847,0.8311074500885042,-0.25141315517614515,False
coinbase,BTC-USD,185825628,91505.61,1.770882,2026-05-08 23:30:50.961000+00:00,sell,2026-05-08T23:14:50.683227+00:00,match,162045.63764802,-1.2560778037857832,0.4813056521362667,False
coinbase,BTC-USD,185826840,94845.46,0.628146,2026-05-08 23:30:51.513000+00:00,sell,2026-05-08T23:14:50.687015+00:00,match,59576.796317160006,0.6917157769589896,-1.0210270369083663,False
coinbase,BTC-USD,185825970,93175.51,1.079335,2026-05-08 23:30:55.587000+00:00,sell,2026-05-08T23:14:50.684298+00:00,match,100567.58908585,-0.2683987873340003,-0.4114659314805896,False
coinbase,BTC-USD,185826696,94476.09,1.013909,2026-05-08 23:30:57.417000+00:00,sell,2026-05-08T23:14:50.686580+00:00,match,95790.15793581,0.507004492260817,-0.47370432595510126,False
coinbase,BTC-USD,185825538,91232.46,2.043293,2026-05-08 23:31:00.885000+00:00,buy,2026-05-08T23:14:50.682958+00:00,match,186414.64689078,-1.3855726190981477,0.8386134623043343,False
coinbase,BTC-USD,185826194,93380.87,2.395167,2026-05-08 23:31:06.893000+00:00,buy,2026-05-08T23:14:50.684998+00:00,match,223662.77825528997,-0.13189317367605283,1.3636779830328984,False
coinbase,BTC-USD,185826938,95697.71,0.340117,2026-05-08 23:31:10.985000+00:00,buy,2026-05-08T23:14:50.687330+00:00,match,32548.418032070003,1.2323192684508761,-1.4661570696187545,False
coinbase,BTC-USD,185827114,95605.49,0.598899,2026-05-08 23:31:29.229000+00:00,sell,2026-05-08T23:14:50.687892+00:00,match,57258.03235551,1.1558835698717953,-1.09535012306715,False
coinbase,BTC-USD,185825772,91612.5,0.501703,2026-05-08 23:31:30.513000+00:00,buy,2026-05-08T23:14:50.683630+00:00,match,45962.2660875,-1.2450459372255178,-1.235914057236489,False
coinbase,BTC-USD,185826588,94805.46,0.324527,2026-05-08 23:31:36.801000+00:00,sell,2026-05-08T23:14:50.686246+00:00,match,30766.93151742,0.6626059987179854,-1.43378553179642,False
coinbase,BTC-USD,185826012,92682.01,0.330084,2026-05-08 23:32:11.073000+00:00,buy,2026-05-08T23:14:50.684414+00:00,match,30592.848588839996,-0.6003869994093097,-1.4473416368613914,False
coinbase,BTC-USD,185825782,91466.87,0.184903,2026-05-08 23:32:14.533000+00:00,sell,2026-05-08T23:14:50.683655+00:00,match,16912.49866361,-1.3204703214548272,-1.6325886965001764,False
coinbase,BTC-USD,185826402,92782.09,1.968454,2026-05-08 23:32:15.033000+00:00,buy,2026-05-08T23:14:50.685652+00:00,match,182637.27618886,-0.5177111104207808,0.7853503696429684,False
coinbase,BTC-USD,185825732,91283.58,2.30282,2026-05-08 23:32:18.673000+00:00,buy,2026-05-08T23:14:50.683519+00:00,match,210209.6536956,-1.3995724426685483,1.1875491883815075,False
coinbase,BTC-USD,185825580,91058.52,0.38948,2026-05-08 23:32:37.137000+00:00,sell,2026-05-08T23:14:50.683095+00:00,match,35465.4723696,-1.5025875489488454,-1.338476455820211,False
coinbase,BTC-USD,185825542,91311.83,1.694204,2026-05-08 23:32:37.503000+00:00,sell,2026-05-08T23:14:50.682974+00:00,match,154700.86763332,-1.3223651052866234,0.38605575441010065,False
coinbase,BTC-USD,185827368,95317.35,1.143526,2026-05-08 23:32:44.181000+00:00,buy,2026-05-08T23:14:50.688666+00:00,match,108997.8679761,1.0603399494269388,-0.28936123110533546,False
coinbase,BTC-USD,185826172,93076.46,0.097452,2026-05-08 23:32:44.353000+00:00,buy,2026-05-08T23:14:50.684926+00:00,match,9070.48717992,-0.26117741297941377,-1.7041113428004353,False
coinbase,BTC-USD,185826616,94638.77,2.213717,2026-05-08 23:32:53.929000+00:00,buy,2026-05-08T23:14:50.686337+00:00,match,209503.45400809,0.6594131746224878,1.1681912692404988,False
coinbase,BTC-USD,185825938,92757.96,0.136013,2026-05-08 23:33:07.305000+00:00,buy,2026-05-08T23:14:50.684204+00:00,match,12616.28841348,-0.4602987965029987,-1.624549916456573,False
coinbase,BTC-USD,185826304,92634.96,2.401639,2026-05-08 23:33:08.317000+00:00,sell,2026-05-08T23:14:50.685335+00:00,match,222475.73269944,-0.5294417976875099,1.3445557782812467,False
coinbase,BTC-USD,185825828,92133.65,0.417288,2026-05-08 23:33:21.337000+00:00,buy,2026-05-08T23:14:50.683787+00:00,match,38446.2665412,-0.8149957046939048,-1.2558261989956052,False
coinbase,BTC-USD,185827258,94752.31,0.580054,2026-05-08 23:33:25.831000+00:00,sell,2026-05-08T23:14:50.688332+00:00,match,54961.45642474,0.7601959894900169,-1.0131593081530252,False
coinbase,BTC-USD,185826952,95811.61,0.011608,2026-05-08 23:33:32.273000+00:00,sell,2026-05-08T23:14:50.687375+00:00,match,1112.18116888,1.374262550539133,-1.7295782679102067,False
coinbase,BTC-USD,185826754,95243.24,1.10094,2026-05-08 23:33:34.769000+00:00,sell,2026-05-08T23:14:50.686760+00:00,match,104857.0926456,1.010753136082724,-0.30721974321742124,False
coinbase,BTC-USD,185826702,94509.96,1.993168,2026-05-08 23:33:42.543000+00:00,buy,2026-05-08T23:14:50.686597+00:00,match,188374.22795328003,0.5724030501757799,0.8492797207408487,False
coinbase,BTC-USD,185826256,92654.93,1.372386,2026-05-08 23:33:46.481000+00:00,sell,2026-05-08T23:14:50.685195+00:00,match,127158.32876298,-0.5485029225364231,0.003526241774534909,False
coinbase,BTC-USD,185826366,92468.88,1.013018,2026-05-08 23:34:07.335000+00:00,buy,2026-05-08T23:14:50.685534+00:00,match,93672.63987984,-0.6481805853157698,-0.4712295295123483,False
coinbase,BTC-USD,185827296,94944.48,1.56804,2026-05-08 23:34:07.689000+00:00,buy,2026-05-08T23:14:50.688454+00:00,match,148876.7424192,0.8649835759038297,0.3058688925344865,False
coinbase,BTC-USD,185826524,94035.6,0.005728,2026-05-08 23:34:08.257000+00:00,buy,2026-05-08T23:14:50.686047+00:00,match,538.6359168,0.31172552015713234,-1.7332222549767662,False
coinbase,BTC-USD,185826270,92738.03,1.476966,2026-05-08 23:34:11.445000+00:00,sell,2026-05-08T23:14:50.685233+00:00,match,136970.91721698,-0.48859150826268266,0.16885935375299838,False
coinbase,BTC-USD,185827354,95477.46,2.156766,2026-05-08 23:34:14.761000+00:00,buy,2026-05-08T23:14:50.688623+00:00,match,205922.53949436004,1.2323919816042934,1.111462379552794,False
coinbase,BTC-USD,185825830,92006.64,1.875019,2026-05-08 23:34:15.365000+00:00,sell,2026-05-08T23:14:50.683792+00:00,match,172514.19812616,-0.9790974595804554,0.6322787638573668,False
coinbase,BTC-USD,185827384,95452.35,1.167775,2026-05-08 23:34:23.793000+00:00,sell,2026-05-08T23:14:50.688713+00:00,match,111466.86802125,1.2090028698967121,-0.21447057770632158,False
coinbase,BTC-USD,185826470,93547.8,0.66517,2026-05-08 23:34:26.939000+00:00,sell,2026-05-08T23:14:50.685873+00:00,match,62225.19012600001,-0.007379437646423808,-0.8875576616952363,False
coinbase,BTC-USD,185826274,92691.17,2.036134,2026-05-08 23:34:31.829000+00:00,buy,2026-05-08T23:14:50.685243+00:00,match,188731.64273678,-0.5637346439497585,0.8686005978775722,False
coinbase,BTC-USD,185827276,94714.77,1.069498,2026-05-08 23:34:36.849000+00:00,sell,2026-05-08T23:14:50.688389+00:00,match,101297.25708546,0.7173259414510809,-0.36395128901235674,False
coinbase,BTC-USD,185827246,95063.35,0.287085,2026-05-08 23:35:00.503000+00:00,sell,2026-05-08T23:14:50.688294+00:00,match,27291.26183475,0.9481840161293232,-1.3758289225279905,False
coinbase,BTC-USD,185825688,91196.63,0.192693,2026-05-08 23:35:03.117000+00:00,buy,2026-05-08T23:14:50.683393+00:00,match,17572.95222459,-1.5366429540741489,-1.4804901559875576,False
coinbase,BTC-USD,185826032,92328.67,1.883559,2026-05-08 23:35:08.893000+00:00,sell,2026-05-08T23:14:50.684467+00:00,match,173906.49733652998,-0.8045037882586327,0.699312390792212,False
coinbase,BTC-USD,185826934,95742.73,2.174122,2026-05-08 23:35:15.647000+00:00,buy,2026-05-08T23:14:50.687317+00:00,match,208156.37563306,1.3591800099492337,1.1818909275111509,False
coinbase,BTC-USD,185826260,92605.1,2.372465,2026-05-08 23:35:16.065000+00:00,buy,2026-05-08T23:14:50.685206+00:00,match,219702.3585715,-0.6457846575093321,1.318559262428421,False
coinbase,BTC-USD,185825744,91467.37,0.131183,2026-05-08 23:35:25.405000+00:00,sell,2026-05-08T23:14:50.683550+00:00,match,11998.963998709998,-1.3802422054093992,-1.539107408410753,False
coinbase,BTC-USD,185825672,91243.99,2.272085,2026-05-08 23:35:28.513000+00:00,sell,2026-05-08T23:14:50.683349+00:00,match,207314.10101915,-1.4986176483283655,1.1260501214544845,False
coinbase,BTC-USD,185825844,92471.82,0.827319,2026-05-08 23:35:33.225000+00:00,buy,2026-05-08T23:14:50.683831+00:00,match,76503.69365058001,-0.7010482287283376,-0.6763491190191878,False
coinbase,BTC-USD,185826796,95011.98,0.677248,2026-05-08 23:35:48.145000+00:00,buy,2026-05-08T23:14:50.686885+00:00,match,64346.67343103999,0.9030714728601206,-0.8389299199369941,False
coinbase,BTC-USD,185826070,92106.06,0.844081,2026-05-08 23:35:48.497000+00:00,sell,2026-05-08T23:14:50.684591+00:00,match,77744.97523086,-0.9292539383761803,-0.6613606287738386,False
coinbase,BTC-USD,185825872,92780.54,0.034974,2026-05-08 23:35:51.973000+00:00,buy,2026-05-08T23:14:50.683933+00:00,match,3244.9066059599995,-0.4845759579112869,-1.6480338205239091,False
coinbase,BTC-USD,185826692,94439.41,2.150041,2026-05-08 23:35:57.033000+00:00,buy,2026-05-08T23:14:50.686568+00:00,match,203048.60351581,0.5836099656292623,1.0706919277921696,False
coinbase,BTC-USD,185826472,93666.64,0.541659,2026-05-08 23:36:02.673000+00:00,sell,2026-05-08T23:14:50.685879+00:00,match,50735.37855576,0.07773364292352362,-0.9812334190540796,False
coinbase,BTC-USD,185826612,94656.3,0.432267,2026-05-08 23:36:11.073000+00:00,buy,2026-05-08T23:14:50.686324+00:00,match,40916.7948321,0.702409861302925,-1.0994874344917587,False
coinbase,BTC-USD,185825784,91453.06,1.870199,2026-05-08 23:36:13.329000+00:00,sell,2026-05-08T23:14:50.683661+00:00,match,171035.42135894,-1.336777209032326,0.6804111189875767,False
coinbase,BTC-USD,185826314,92623.91,0.701099,2026-05-08 23:36:27.683000+00:00,sell,2026-05-08T23:14:50.685369+00:00,match,64938.530677090006,-0.5716829608579578,-0.781567211178364,False
coinbase,BTC-USD,185825962,93098.14,2.025904,2026-05-08 23:36:33.223000+00:00,buy,2026-05-08T23:14:50.684276+00:00,match,188607.89421856,-0.2531355530226345,0.9024538401827037,False
coinbase,BTC-USD,185826452,93295.32,1.591979,2026-05-08 23:36:35.233000+00:00,buy,2026-05-08T23:14:50.685814+00:00,match,148524.19023828002,-0.12890103621810112,0.3336053554237609,False
coinbase,BTC-USD,185826454,93371.54,2.218357,2026-05-08 23:36:45.745000+00:00,buy,2026-05-08T23:14:50.685821+00:00,match,207131.40935978,-0.06675656478657845,1.139115250024739,False
coinbase,BTC-USD,185825762,91767.25,1.787587,2026-05-08 23:37:05.223000+00:00,sell,2026-05-08T23:14:50.683604+00:00,match,164041.94312575,-1.095703862430954,0.524764392270274,False
coinbase,BTC-USD,185827148,95791.93,1.577956,2026-05-08 23:37:05.585000+00:00,buy,2026-05-08T23:14:50.688002+00:00,match,151155.45069507998,1.51727022861405,0.34048921484061606,False
coinbase,BTC-USD,185826448,93180.81,1.494666,2026-05-08 23:37:06.701000+00:00,sell,2026-05-08T23:14:50.685802+00:00,match,139274.18855946,-0.18496018695933603,0.18847961325034998,False
coinbase,BTC-USD,185825734,91396.37,1.407535,2026-05-08 23:37:13.809000+00:00,sell,2026-05-08T23:14:50.683524+00:00,match,128643.58964795,-1.3182655443537554,0.05015218108607111,False
coinbase,BTC-USD,185825722,91036.26,2.228603,2026-05-08 23:37:22.433000+00:00,buy,2026-05-08T23:14:50.683488+00:00,match,202883.68214478,-1.5211315713356899,1.0953214840751762,False
coinbase,BTC-USD,185826632,94998.55,0.590757,2026-05-08 23:37:37.613000+00:00,buy,2026-05-08T23:14:50.686384+00:00,match,56121.05840235,0.9964398597570251,-0.9869972237428508,False
coinbase,BTC-USD,185826334,92402.46,0.393577,2026-05-08 23:37:39.847000+00:00,buy,2026-05-08T23:14:50.685434+00:00,match,36367.48299942,-0.6744161329846341,-1.2497631954546051,False
coinbase,BTC-USD,185827178,95833.06,0.590863,2026-05-08 23:37:46.377000+00:00,sell,2026-05-08T23:14:50.688090+00:00,match,56624.20933078,1.5207356471574363,-0.9535448423076562,False
coinbase,BTC-USD,185826316,92510.96,0.625867,2026-05-08 23:37:48.273000+00:00,buy,2026-05-08T23:14:50.685375+00:00,match,57899.55700232,-0.5948207082587889,-0.9490691556080447,False
coinbase,BTC-USD,185826750,95110.47,1.827419,2026-05-08 23:37:59.373000+00:00,sell,2026-05-08T23:14:50.686746+00:00,match,173806.67997693,1.0533305246047342,0.6985569092812692,False
coinbase,BTC-USD,185826134,92429.29,1.273816,2026-05-08 23:38:01.875000+00:00,sell,2026-05-08T23:14:50.684785+00:00,match,117737.90847064,-0.6384936702359525,-0.0916584230843978,False
coinbase,BTC-USD,185826008,92819.95,0.96832,2026-05-08 23:38:05.517000+00:00,buy,2026-05-08T23:14:50.684403+00:00,match,89879.413984,-0.37961397879325925,-0.48000977944702145,False
coinbase,BTC-USD,185826586,94870.45,1.30935,2026-05-08 23:38:15.299000+00:00,buy,2026-05-08T23:14:50.686240+00:00,match,124218.6237075,0.9244926010527672,0.011665787356279857,False
coinbase,BTC-USD,185826504,93588.31,1.239421,2026-05-08 23:38:19.281000+00:00,sell,2026-05-08T23:14:50.685984+00:00,match,115995.31676851,0.12505466225132633,-0.10853866491815153,False
coinbase,BTC-USD,185826912,95641.95,1.395119,2026-05-08 23:38:28.173000+00:00,buy,2026-05-08T23:14:50.687245+00:00,match,133431.90164204998,1.4511607999417273,0.13024362558610464,False
coinbase,BTC-USD,185826140,92412.9,1.09971,2026-05-08 23:38:43.473000+00:00,sell,2026-05-08T23:14:50.684803+00:00,match,101627.390259,-0.6334008096226117,-0.31575896163382544,False
coinbase,BTC-USD,185826230,93148.57,2.277309,2026-05-08 23:38:50.433000+00:00,buy,2026-05-08T23:14:50.685108+00:00,match,212128.07679813,-0.16858990493812043,1.2669146996284066,False
coinbase,BTC-USD,185827106,95540.23,1.820361,2026-05-08 23:39:15.499000+00:00,sell,2026-05-08T23:14:50.687867+00:00,match,173917.70862303,1.3587241366783718,0.7038047694375063,False
coinbase,BTC-USD,185825884,92741.89,0.933449,2026-05-08 23:39:19.793000+00:00,buy,2026-05-08T23:14:50.683964+00:00,match,86569.82447861,-0.44975340012778825,-0.548379417896286,False
coinbase,BTC-USD,185826414,92808.58,0.709195,2026-05-08 23:39:33.213000+00:00,buy,2026-05-08T23:14:50.685687+00:00,match,65819.38089310001,-0.39470601355653107,-0.8546686239182094,False
coinbase,BTC-USD,185826116,92594.58,1.166604,2026-05-08 23:39:43.673000+00:00,sell,2026-05-08T23:14:50.684729+00:00,match,108021.20740632,-0.5462332831232657,-0.2329791699355377,False
coinbase,BTC-USD,185827194,95703.36,2.167206,2026-05-08 23:39:48.285000+00:00,buy,2026-05-08T23:14:50.688137+00:00,match,207408.89601216,1.4750100081368167,1.1982814001898185,False
coinbase,BTC-USD,185827128,95738.5,0.440628,2026-05-08 23:40:07.533000+00:00,sell,2026-05-08T23:14:50.687938+00:00,match,42185.063778,1.4653910557992043,-1.1656213436490956,False
coinbase,BTC-USD,185825952,92935.61,1.860677,2026-05-08 23:40:09.513000+00:00,buy,2026-05-08T23:14:50.684243+00:00,match,172923.15200797,-0.357964499903954,0.6997647716632528,False
coinbase,BTC-USD,185826622,94671.6,0.947336,2026-05-08 23:40:22.663000+00:00,buy,2026-05-08T23:14:50.686354+00:00,match,89685.8148576,0.769583129902726,-0.4927921164599999,False
coinbase,BTC-USD,185825972,93161.75,1.348076,2026-05-08 23:40:27.753000+00:00,buy,2026-05-08T23:14:50.684304+00:00,match,125589.119293,-0.24567558415935553,0.03366979369210799,False
coinbase,BTC-USD,185827158,95941.6,0.302071,2026-05-08 23:40:40.083000+00:00,buy,2026-05-08T23:14:50.688036+00:00,match,28981.1750536,1.6128519004375843,-1.3369979201322266,False
coinbase,BTC-USD,185826514,93936.71,2.235676,2026-05-08 23:40:42.785000+00:00,buy,2026-05-08T23:14:50.686015+00:00,match,210012.04806596003,0.2646855747280202,1.258005156626405,False
coinbase,BTC-USD,185826450,93273.14,1.604409,2026-05-08 23:40:55.275000+00:00,sell,2026-05-08T23:14:50.685808+00:00,match,149648.26527426,-0.18229069597461878,0.3954965763860354,False
coinbase,BTC-USD,185826966,96033.91,0.378545,2026-05-08 23:40:59.463000+00:00,buy,2026-05-08T23:14:50.687414+00:00,match,36353.156460950006,1.6252484549307245,-1.220773513953419,False
coinbase,BTC-USD,185826214,93209.01,2.171378,2026-05-08 23:41:01.393000+00:00,sell,2026-05-08T23:14:50.685064+00:00,match,202391.99371577997,-0.25905721068914916,1.1637788296687377,False
coinbase,BTC-USD,185826244,92889.53,2.027092,2026-05-08 23:41:26.865000+00:00,sell,2026-05-08T23:14:50.685154+00:00,match,188295.62314676,-0.47614093206241265,0.9510432036490046,False
coinbase,BTC-USD,185826654,94805.17,2.0367,2026-05-08 23:41:27.123000+00:00,sell,2026-05-08T23:14:50.686442+00:00,match,193089.689739,0.8098175855082337,1.0118382102242172,False
coinbase,BTC-USD,185826444,93123.25,1.734949,2026-05-08 23:41:31.953000+00:00,buy,2026-05-08T23:14:50.685786+00:00,match,161564.08946425002,-0.30551377045089156,0.5728273736901462,False
coinbase,BTC-USD,185826634,95056.25,0.611378,2026-05-08 23:41:32.177000+00:00,buy,2026-05-08T23:14:50.686389+00:00,match,58115.3000125,0.9813091920779388,-0.8928068496260595,False
coinbase,BTC-USD,185826590,94781.6,2.38887,2026-05-08 23:41:32.283000+00:00,sell,2026-05-08T23:14:50.686253+00:00,match,226420.920792,0.7828384163380718,1.5009977152871523,False
coinbase,BTC-USD,185827040,95028.06,2.26727,2026-05-08 23:41:32.545000+00:00,buy,2026-05-08T23:14:50.687653+00:00,match,215454.26959619997,0.9555605913615443,1.3465198490693595,False
coinbase,BTC-USD,185827056,94877.19,2.311394,2026-05-08 23:41:50.529000+00:00,buy,2026-05-08T23:14:50.687702+00:00,match,219298.56770286,0.8368207231702415,1.4055907946018575,False
coinbase,BTC-USD,185826282,92757.87,0.503952,2026-05-08 23:41:55.173000+00:00,buy,2026-05-08T23:14:50.685264+00:00,match,46745.51410223999,-0.5803870564693656,-1.0462701450443344,False
coinbase,BTC-USD,185826814,95057.81,0.685002,2026-05-08 23:42:09.053000+00:00,sell,2026-05-08T23:14:50.686941+00:00,match,65114.789965619995,0.9837627311196615,-0.775579967826565,False
coinbase,BTC-USD,185826594,94736.09,0.848907,2026-05-08 23:42:14.901000+00:00,sell,2026-05-08T23:14:50.686267+00:00,match,80422.12995362999,0.7502491244927796,-0.5433999895301886,False
coinbase,BTC-USD,185826640,94983.24,1.117122,2026-05-08 23:42:21.849000+00:00,sell,2026-05-08T23:14:50.686404+00:00,match,106107.86703528,0.9144006516587039,-0.1657554132502999,False
coinbase,BTC-USD,185825982,93185.08,1.13419,2026-05-08 23:42:22.143000+00:00,buy,2026-05-08T23:14:50.684332+00:00,match,105689.5858852,-0.28988780578330725,-0.15499987427946188,False
coinbase,BTC-USD,185827380,95324.57,2.239143,2026-05-08 23:42:31.785000+00:00,sell,2026-05-08T23:14:50.688699+00:00,match,213445.34364351,1.1739466579824067,1.3945848027135435,False
coinbase,BTC-USD,185825984,93183.73,2.289618,2026-05-08 23:42:32.229000+00:00,sell,2026-05-08T23:14:50.684340+00:00,match,213355.14551513997,-0.3063710781673423,1.37535636750854,False
coinbase,BTC-USD,185826854,95108.99,0.07686,2026-05-08 23:42:38.885000+00:00,sell,2026-05-08T23:14:50.687061+00:00,match,7310.0769714,1.0217134893683193,-1.5684460627783547,False
coinbase,BTC-USD,185826138,92368.39,1.284978,2026-05-08 23:42:39.237000+00:00,buy,2026-05-08T23:14:50.684797+00:00,match,118691.34904542,-0.8622241763874067,0.017582325374763952,False
coinbase,BTC-USD,185827206,95685.63,0.471021,2026-05-08 23:42:39.279000+00:00,sell,2026-05-08T23:14:50.688177+00:00,match,45069.941128230006,1.400691021779543,-1.0205652800297775,False
coinbase,BTC-USD,185826894,95523.08,1.877713,2026-05-08 23:42:45.987000+00:00,buy,2026-05-08T23:14:50.687189+00:00,match,179364.92911604,1.2675761745184844,0.8879732413708789,False
coinbase,BTC-USD,185826014,92548.7,1.312986,2026-05-08 23:43:05.613000+00:00,sell,2026-05-08T23:14:50.684420+00:00,match,121515.1474182,-0.7660251075308192,0.0813283286534164,False
coinbase,BTC-USD,185826202,93397.89,0.831362,2026-05-08 23:43:09.093000+00:00,sell,2026-05-08T23:14:50.685021+00:00,match,77647.45662618,-0.17073564019044296,-0.5592301115748614,False
coinbase,BTC-USD,185826482,93763.54,1.670821,2026-05-08 23:43:13.883000+00:00,sell,2026-05-08T23:14:50.685911+00:00,match,156662.09166633998,0.09561709397535752,0.5704487650157098,False
coinbase,BTC-USD,185827152,95807.4,1.53991,2026-05-08 23:43:14.733000+00:00,buy,2026-05-08T23:14:50.688016+00:00,match,147534.77333399997,1.4904393913481346,0.4253699849122516,False
coinbase,BTC-USD,185826346,92421.54,0.551348,2026-05-08 23:43:33.375000+00:00,buy,2026-05-08T23:14:50.685474+00:00,match,50956.43123591999,-0.8518113375193752,-0.9871016903564634,False
coinbase,BTC-USD,185826068,92241.7,0.239817,2026-05-08 23:43:33.809000+00:00,sell,2026-05-08T23:14:50.684585+00:00,match,22121.1277689,-0.9715243865737554,-1.404770085236409,False
coinbase,BTC-USD,185826148,92674.08,0.414093,2026-05-08 23:43:41.945000+00:00,sell,2026-05-08T23:14:50.684828+00:00,match,38375.68780944,-0.6859312613441105,-1.1757683324456676,False
coinbase,BTC-USD,185826352,92260.41,1.855521,2026-05-08 23:43:45.433000+00:00,buy,2026-05-08T23:14:50.685495+00:00,match,171191.12822361,-0.9695172679653972,0.7723009810543171,False
coinbase,BTC-USD,185827024,95530.45,0.014146,2026-05-08 23:43:46.757000+00:00,sell,2026-05-08T23:14:50.687604+00:00,match,1351.3737457,1.294250746114835,-1.6793158895472982,False
coinbase,BTC-USD,185827198,95553.89,1.41603,2026-05-08 23:44:15.779000+00:00,sell,2026-05-08T23:14:50.688150+00:00,match,135307.1748567,1.2909370501085877,0.2623588998400587,False
coinbase,BTC-USD,185826762,95543.99,1.880416,2026-05-08 23:44:18.573000+00:00,sell,2026-05-08T23:14:50.686786+00:00,match,179662.44749984003,1.2628226435795304,0.9078326751022433,False
coinbase,BTC-USD,185827008,96030.13,1.07124,2026-05-08 23:44:32.589000+00:00,buy,2026-05-08T23:14:50.687550+00:00,match,102871.3164612,1.5940638010026797,-0.21628049655806053,False
coinbase,BTC-USD,185826240,92894.73,0.888618,2026-05-08 23:44:51.981000+00:00,sell,2026-05-08T23:14:50.685139+00:00,match,82547.92918314,-0.6292848509774893,-0.5308888049151839,False
coinbase,BTC-USD,185826880,95530.87,0.588741,2026-05-08 23:45:10.357000+00:00,buy,2026-05-08T23:14:50.687145+00:00,match,56242.939934669994,1.226607763035013,-0.9027092768388886,False
coinbase,BTC-USD,185826340,92476.26,0.986578,2026-05-08 23:45:11.313000+00:00,buy,2026-05-08T23:14:50.685452+00:00,match,91235.04363828,-0.9234150585536306,-0.3977363227962295,False
coinbase,BTC-USD,185827176,95946.89,1.619421,2026-05-08 23:45:12.105000+00:00,buy,2026-05-08T23:14:50.688085+00:00,match,155378.40855069,1.4841547542995883,0.5856292369236877,False
coinbase,BTC-USD,185826910,95630.49,1.814066,2026-05-08 23:45:15.261000+00:00,sell,2026-05-08T23:14:50.687240+00:00,match,173480.02047234,1.2378924770945317,0.8440584622449295,False
coinbase,BTC-USD,185827234,95701.2,0.65956,2026-05-08 23:45:20.245000+00:00,buy,2026-05-08T23:14:50.688259+00:00,match,63120.683472,1.272524486653902,-0.8463806667272094,False
coinbase,BTC-USD,185826296,92641.22,0.679603,2026-05-08 23:45:20.505000+00:00,sell,2026-05-08T23:14:50.685309+00:00,match,62959.25103566,-0.8318737633653903,-0.8694359396620384,False
coinbase,BTC-USD,185827164,96036.43,1.905136,2026-05-08 23:45:22.209000+00:00,sell,2026-05-08T23:14:50.688054+00:00,match,182962.46010448,1.5196902892339745,0.9755607634918404,False
coinbase,BTC-USD,185827202,95608.38,1.738663,2026-05-08 23:45:32.113000+00:00,sell,2026-05-08T23:14:50.688163+00:00,match,166230.75279594,1.2078840313831627,0.7228412203847466,False
coinbase,BTC-USD,185826418,92864.32,2.177117,2026-05-08 23:45:34.827000+00:00,sell,2026-05-08T23:14:50.685702+00:00,match,202176.48976544003,-0.6825082586564926,1.2578072764112653,False
coinbase,BTC-USD,185826812,95005.82,0.746854,2026-05-08 23:45:37.873000+00:00,sell,2026-05-08T23:14:50.686934+00:00,match,70955.47669028,0.7764440689619629,-0.7533444226734801,False
coinbase,BTC-USD,185826596,94644.52,0.322329,2026-05-08 23:46:03.345000+00:00,buy,2026-05-08T23:14:50.686273+00:00,match,30506.67348708,0.529932737047548,-1.344196182625592,False
coinbase,BTC-USD,185826442,93136.79,0.529981,2026-05-08 23:46:55.803000+00:00,sell,2026-05-08T23:14:50.685780+00:00,match,49360.72910099,-0.5048747147732697,-1.076542807184832,False
coinbase,BTC-USD,185826218,93231.14,0.500723,2026-05-08 23:47:00.791000+00:00,sell,2026-05-08T23:14:50.685075+00:00,match,46682.97611422,-0.4441090868830721,-1.0974331233956254,False
coinbase,BTC-USD,185826572,94662.72,0.485479,2026-05-08 23:47:28.433000+00:00,buy,2026-05-08T23:14:50.686196+00:00,match,45956.76264288,0.5540390272586986,-1.087475875453484,False
coinbase,BTC-USD,185826732,94631.48,0.987561,2026-05-08 23:47:47.793000+00:00,sell,2026-05-08T23:14:50.686693+00:00,match,93454.35902028,0.517818510385919,-0.34823433296812245,False
coinbase,BTC-USD,185826782,95083.63,1.888752,2026-05-08 23:47:55.533000+00:00,buy,2026-05-08T23:14:50.686842+00:00,match,179589.39632976,0.8389179979832531,0.961417882007642,False
coinbase,BTC-USD,185827156,95858.81,2.268504,2026-05-08 23:47:59.105000+00:00,sell,2026-05-08T23:14:50.688029+00:00,match,217456.09392024,1.354083488152157,1.5049996209232122,False
coinbase,BTC-USD,185826668,94640.33,0.104724,2026-05-08 23:48:03.057000+00:00,buy,2026-05-08T23:14:50.686484+00:00,match,9911.11391892,0.4946975024049009,-1.6069080045197177,False
coinbase,BTC-USD,185826740,94816.76,2.279933,2026-05-08 23:48:37.073000+00:00,sell,2026-05-08T23:14:50.686716+00:00,match,216175.86007708,0.6166747941779753,1.4681033573409414,False
coinbase,BTC-USD,185827044,95112.42,2.201823,2026-05-08 23:48:38.553000+00:00,sell,2026-05-08T23:14:50.687666+00:00,match,209420.71394166,0.8220495607115128,1.3403891456350951,False
coinbase,BTC-USD,185827020,95695.21,1.653763,2026-05-08 23:48:41.649000+00:00,buy,2026-05-08T23:14:50.687590+00:00,match,158257.19757523,1.2101958716263876,0.562409012567206,False
coinbase,BTC-USD,185826670,94763.1,0.494959,2026-05-08 23:48:52.523000+00:00,buy,2026-05-08T23:14:50.686490+00:00,match,46903.8492129,0.5394862277818026,-1.092640478931858,False
coinbase,BTC-USD,185826464,93569.28,1.300569,2026-05-08 23:49:07.265000+00:00,buy,2026-05-08T23:14:50.685853+00:00,match,121693.30492032,-0.2926696032471077,0.044074076228786764,False
coinbase,BTC-USD,185826550,94186.97,0.001736,2026-05-08 23:49:07.319000+00:00,buy,2026-05-08T23:14:50.686129+00:00,match,163.50857992,0.13736103653684525,-1.7577474506598163,False
coinbase,BTC-USD,185826770,95454.91,0.707672,2026-05-08 23:49:07.357000+00:00,sell,2026-05-08T23:14:50.686810+00:00,match,67550.76706951999,1.0295701390774104,-0.7562507407987082,False
coinbase,BTC-USD,185826906,95703.63,2.04488,2026-05-08 23:49:17.607000+00:00,sell,2026-05-08T23:14:50.687230+00:00,match,195702.4389144,1.19423381191761,1.202422400447991,False
coinbase,BTC-USD,185826748,94978.68,1.710897,2026-05-08 23:49:26.497000+00:00,sell,2026-05-08T23:14:50.686739+00:00,match,162498.73867596,0.6458861172255803,0.6815177984812705,False
coinbase,BTC-USD,185826300,92696.66,0.818509,2026-05-08 23:49:34.929000+00:00,sell,2026-05-08T23:14:50.685322+00:00,match,75873.05047994001,-1.0207083450703076,-0.6445037697393262,False
coinbase,BTC-USD,185827162,95914.7,1.395734,2026-05-08 23:49:36.423000+00:00,buy,2026-05-08T23:14:50.688049+00:00,match,133871.4078898,1.3252061124138512,0.23452175612710732,False
coinbase,BTC-USD,185826874,95470.62,1.910859,2026-05-08 23:49:44.185000+00:00,buy,2026-05-08T23:14:50.687125+00:00,match,182430.89346258,0.9775793864224097,0.9620783011331377,False
coinbase,BTC-USD,185826308,92567.03,1.406132,2026-05-08 23:49:46.625000+00:00,buy,2026-05-08T23:14:50.685348+00:00,match,130161.46302796,-1.1451754671118475,0.1646073640853719,False
coinbase,BTC-USD,185827120,95528.56,0.139686,2026-05-08 23:49:47.353000+00:00,sell,2026-05-08T23:14:50.687912+00:00,match,13344.00243216,1.0091409299650034,-1.6420435789311887,False
coinbase,BTC-USD,185826388,92635.72,1.971669,2026-05-08 23:49:48.281000+00:00,sell,2026-05-08T23:14:50.685605+00:00,match,182646.97741668,-1.082793358294542,0.963570996118744,False
coinbase,BTC-USD,185827404,95308.95,1.341133,2026-05-08 23:49:51.537000+00:00,buy,2026-05-08T23:14:50.688776+00:00,match,127821.97804035,0.8443212887075412,0.1182421587951967,False
coinbase,BTC-USD,185826278,92871.98,1.79312,2026-05-08 23:49:53.023000+00:00,buy,2026-05-08T23:14:50.685254+00:00,match,166530.6047776,-0.9579925637883968,0.7069668865756147,False
coinbase,BTC-USD,185826380,92704.39,1.000267,2026-05-08 23:49:56.657000+00:00,sell,2026-05-08T23:14:50.685579+00:00,match,92729.14207213,-1.0760574940961396,-0.43251740080717244,False
coinbase,BTC-USD,185827170,96247.92,1.675915,2026-05-08 23:50:43.095000+00:00,buy,2026-05-08T23:14:50.688069+00:00,match,161303.3328468,1.5010258093505138,0.6406352376679016,False
coinbase,BTC-USD,185827372,95465.24,2.208194,2026-05-08 23:50:44.273000+00:00,sell,2026-05-08T23:14:50.688677+00:00,match,210805.77017656004,0.9117994571396152,1.4147107649525212,False
coinbase,BTC-USD,185826614,94571.17,0.358117,2026-05-08 23:50:51.615000+00:00,buy,2026-05-08T23:14:50.686330+00:00,match,33867.54368689,0.24376681226476568,-1.3267195255931599,False
coinbase,BTC-USD,185827112,95504.22,2.349884,2026-05-08 23:51:06.973000+00:00,sell,2026-05-08T23:14:50.687886+00:00,match,224423.83851048,0.9390174432392525,1.6064537470003437,False
coinbase,BTC-USD,185827220,95679.48,2.206842,2026-05-08 23:51:38.737000+00:00,sell,2026-05-08T23:14:50.688221+00:00,match,211149.49500216,1.0479613123769842,1.3784749552436049,False
coinbase,BTC-USD,185826552,94242.21,2.207563,2026-05-08 23:51:59.793000+00:00,sell,2026-05-08T23:14:50.686134+00:00,match,208045.61583423,-0.03818914098698736,1.3076695241268583,False
coinbase,BTC-USD,185827244,95167.17,1.527385,2026-05-08 23:52:17.393000+00:00,buy,2026-05-08T23:14:50.688286+00:00,match,145356.90795045,0.6508628592588217,0.37280796093004487,False
coinbase,BTC-USD,185826868,95188.53,1.187831,2026-05-08 23:52:43.681000+00:00,buy,2026-05-08T23:14:50.687107+00:00,match,113067.88677843,0.6654722024234782,-0.1272653433827278,False
coinbase,BTC-USD,185827262,94892.27,2.242976,2026-05-08 23:53:03.423000+00:00,sell,2026-05-08T23:14:50.688346+00:00,match,212841.08419552003,0.41936726007225655,1.3684411826782514,False
coinbase,BTC-USD,185826680,94776.7,0.165137,2026-05-08 23:53:47.461000+00:00,buy,2026-05-08T23:14:50.686522+00:00,match,15651.1399079,0.3386685062753609,-1.6208679518897395,False
coinbase,BTC-USD,185826642,94886.95,0.827841,2026-05-08 23:54:36.123000+00:00,sell,2026-05-08T23:14:50.686410+00:00,match,78551.30757495,0.41148445949557905,-0.6738460203091927,False
coinbase,BTC-USD,185827002,95959.51,0.7498,2026-05-08 23:54:45.213000+00:00,buy,2026-05-08T23:14:50.687531+00:00,match,71950.440598,1.2568950649519908,-0.7586246229933282,False
coinbase,BTC-USD,185827344,95569.8,0.970729,2026-05-08 23:54:52.917000+00:00,sell,2026-05-08T23:14:50.688591+00:00,match,92772.3763842,0.9287747653131806,-0.4384453587591176,False
coinbase,BTC-USD,185827048,94955.21,2.447726,2026-05-08 23:54:58.929000+00:00,buy,2026-05-08T23:14:50.687679+00:00,match,232424.33635246,0.4209988325706616,1.636256282130502,False
coinbase,BTC-USD,185826566,94596.49,1.519883,2026-05-08 23:55:34.743000+00:00,sell,2026-05-08T23:14:50.686177+00:00,match,143775.59701067003,0.13290412918141079,0.30615276117509316,False
coinbase,BTC-USD,185826646,94779.06,0.070293,2026-05-08 23:55:53.761000+00:00,buy,2026-05-08T23:14:50.686420+00:00,match,6662.304464579999,0.27167741856513933,-1.7033505410803302,False
coinbase,BTC-USD,185826742,94925.82,2.120319,2026-05-08 23:56:01.333000+00:00,buy,2026-05-08T23:14:50.686721+00:00,match,201273.01973658,0.3981989728239466,1.1476146738497954,False
coinbase,BTC-USD,185826666,94523.14,1.928465,2026-05-08 23:56:09.639000+00:00,buy,2026-05-08T23:14:50.686478+00:00,match,182284.5671801,0.05362653213693153,0.8549780697468436,False
coinbase,BTC-USD,185827222,95595.06,1.736834,2026-05-08 23:56:15.323000+00:00,sell,2026-05-08T23:14:50.688226+00:00,match,166032.75044004,0.9207717405294497,0.6286087406890677,False
coinbase,BTC-USD,185826768,95397.1,2.147497,2026-05-08 23:56:20.361000+00:00,sell,2026-05-08T23:14:50.686804+00:00,match,204864.9860587,0.758832544332255,1.189273234926268,False
coinbase,BTC-USD,185826706,94401.43,2.030859,2026-05-08 23:56:36.741000+00:00,sell,2026-05-08T23:14:50.686611+00:00,match,191715.99372836997,-0.0807721001199675,0.978231181904446,False
coinbase,BTC-USD,185826892,95545.68,1.624724,2026-05-08 23:56:36.913000+00:00,buy,2026-05-08T23:14:50.687182+00:00,match,155235.35939231998,0.8601863278501605,0.4346515517155406,False
coinbase,BTC-USD,185826520,94079.79,0.057394,2026-05-08 23:56:47.485000+00:00,sell,2026-05-08T23:14:50.686032+00:00,match,5399.61546726,-0.39306576640507024,-1.7148013235512551,False
coinbase,BTC-USD,185827386,95410.07,1.483593,2026-05-08 23:57:18.537000+00:00,buy,2026-05-08T23:14:50.688719+00:00,match,141549.71198151002,0.7470301328238625,0.2571908610637418,False
coinbase,BTC-USD,185826664,94632.39,0.295286,2026-05-08 23:58:01.585000+00:00,sell,2026-05-08T23:14:50.686473+00:00,match,27943.61991354,0.09144847166103913,-1.3845717105407511,False
coinbase,BTC-USD,185827058,94934.43,1.682848,2026-05-08 23:58:08.437000+00:00,buy,2026-05-08T23:14:50.687711+00:00,match,159760.21565663998,0.33717318790736683,0.5244775536864509,False
coinbase,BTC-USD,185826610,94569.66,1.288334,2026-05-08 23:59:09.891000+00:00,buy,2026-05-08T23:14:50.686318+00:00,match,121837.30834644,0.02134746469620528,-0.029362975667807316,False
coinbase,BTC-USD,185827268,94817.51,2.037685,2026-05-08 23:59:53.761000+00:00,sell,2026-05-08T23:14:50.688365+00:00,match,193208.21786435,0.22377548649752693,0.9906030584303838,False
coinbase,BTC-USD,185827324,95726.65,0.354486,2026-05-09 00:00:17.329000+00:00,buy,2026-05-08T23:14:50.688533+00:00,match,33933.7572519,1.02290092610916,-1.309021797454379,False
coinbase,BTC-USD,185827398,95300.14,0.009718,2026-05-09 00:00:17.907000+00:00,sell,2026-05-08T23:14:50.688756+00:00,match,926.12676052,0.6368091015516556,-1.741643059277591,False
coinbase,BTC-USD,185826650,94643.36,0.526543,2026-05-09 00:00:18.007000+00:00,sell,2026-05-08T23:14:50.686432+00:00,match,49833.79870448,0.04985498983009908,-1.021991030126629,False
coinbase,BTC-USD,185826870,95229.02,1.627312,2026-05-09 00:00:25.491000+00:00,sell,2026-05-08T23:14:50.687113+00:00,match,154967.32699424002,0.5771991079825327,0.4633523824135423,False
coinbase,BTC-USD,185827378,95351.45,0.467169,2026-05-09 00:00:37.221000+00:00,buy,2026-05-08T23:14:50.688693+00:00,match,44545.24154505,0.6704020781887563,-1.0994824430771728,False
coinbase,BTC-USD,185827226,95530.67,2.290421,2026-05-09 00:00:49.967000+00:00,sell,2026-05-08T23:14:50.688237+00:00,match,218805.45271207,0.8137673057134457,1.3913826597553725,False
coinbase,BTC-USD,185826766,95373.91,0.710365,2026-05-09 00:01:09.283000+00:00,buy,2026-05-08T23:14:50.686799+00:00,match,67750.28757715001,0.6661199104885701,-0.7505879867116866,False
coinbase,BTC-USD,185827168,96230.53,1.270945,2026-05-09 00:01:46.517000+00:00,buy,2026-05-08T23:14:50.688064+00:00,match,122303.71095085,1.4065918177766434,0.03640922709787193,False
coinbase,BTC-USD,185827406,95241.82,0.790161,2026-05-09 00:02:02.945000+00:00,buy,2026-05-08T23:14:50.688782+00:00,match,75256.37173302,0.5171412154488717,-0.6422836122410555,False
coinbase,BTC-USD,185827376,95394.57,0.5641,2026-05-09 00:02:04.017000+00:00,buy,2026-05-08T23:14:50.688688+00:00,match,53812.076937000005,0.6472906055665016,-0.9328284149977268,False
coinbase,BTC-USD,185827130,95608.85,1.2431,2026-05-09 00:02:15.461000+00:00,buy,2026-05-08T23:14:50.687944+00:00,match,118851.361435,0.831363071785701,0.023502266648404383,False
coinbase,BTC-USD,185827394,95459.14,1.448371,2026-05-09 00:02:17.381000+00:00,buy,2026-05-08T23:14:50.688745+00:00,match,138260.25006094002,0.6910046484989237,0.32291462650817887,False
coinbase,BTC-USD,185827366,95413.53,1.411432,2026-05-09 00:02:20.781000+00:00,buy,2026-05-08T23:14:50.688661+00:00,match,134669.70947496,0.63505389585289,0.258098611017317,False
coinbase,BTC-USD,185827248,94975.03,1.455917,2026-05-09 00:02:31.569000+00:00,sell,2026-05-08T23:14:50.688301+00:00,match,138275.76075251,0.24029203348489686,0.3016342799710159,False
coinbase,BTC-USD,185826996,95991.35,2.283647,2026-05-09 00:02:52.449000+00:00,buy,2026-05-08T23:14:50.687511+00:00,match,219210.35845345003,1.1383551648750314,1.4734955379375407,False
coinbase,BTC-USD,185826824,94979.08,0.134342,2026-05-09 00:03:05.137000+00:00,sell,2026-05-08T23:14:50.686970+00:00,match,12759.679565359998,0.23111757064257904,-1.5427962513255216,False
coinbase,BTC-USD,185826862,95023.31,2.14461,2026-05-09 00:04:50.023000+00:00,buy,2026-05-08T23:14:50.687087+00:00,match,203787.9408591,0.25669355943561967,1.2208967086833822,False
coinbase,BTC-USD,185827362,95353.5,0.009722,2026-05-09 00:05:38.523000+00:00,buy,2026-05-08T23:14:50.688650+00:00,match,927.026727,0.5551010770787805,-1.6776164627672403,False
coinbase,BTC-USD,185827264,95002.19,1.634581,2026-05-09 00:05:57.321000+00:00,sell,2026-05-08T23:14:50.688352+00:00,match,155288.77473239,0.22304876202046903,0.5595385287746119,False
coinbase,BTC-USD,185827186,95932.91,2.341965,2026-05-09 00:06:19.047000+00:00,buy,2026-05-08T23:14:50.688111+00:00,match,224671.51756815,1.060348171999285,1.537313657136023,False
coinbase,BTC-USD,185827382,95417.66,0.417704,2026-05-09 00:06:40.173000+00:00,buy,2026-05-08T23:14:50.688705+00:00,match,39856.33825264,0.577517316035266,-1.1311672217143567,False
coinbase,BTC-USD,185827090,95207.06,0.378349,2026-05-09 00:07:06.993000+00:00,buy,2026-05-08T23:14:50.687816+00:00,match,36021.49594394,0.38712595641560693,-1.1835077321839813,False
coinbase,BTC-USD,185826936,95780.68,0.548971,2026-05-09 00:07:20.481000+00:00,sell,2026-05-08T23:14:50.687324+00:00,match,52580.81568027999,0.9179829703984385,-0.9259994699925314,False
coinbase,BTC-USD,185827212,95632.78,0.773036,2026-05-09 00:07:48.273000+00:00,sell,2026-05-08T23:14:50.688198+00:00,match,73927.58172008,0.7666206792522835,-0.6101942280892851,False
coinbase,BTC-USD,185827188,95811.31,1.916091,2026-05-09 00:08:30.801000+00:00,sell,2026-05-08T23:14:50.688117+00:00,match,183583.18878921,0.9179404252318415,0.9498058831519314,False
coinbase,BTC-USD,185827356,95499.05,1.317162,2026-05-09 00:08:53.169000+00:00,buy,2026-05-08T23:14:50.688630+00:00,match,125787.7196961,0.605534623573448,0.1251746634531762,False
coinbase,BTC-USD,185827150,95885.97,2.149531,2026-05-09 00:09:11.297000+00:00,buy,2026-05-08T23:14:50.688010+00:00,match,206109.86498007,0.9747326439784789,1.2618721819328953,False
coinbase,BTC-USD,185827332,95768.46,0.067767,2026-05-09 00:11:12.153000+00:00,sell,2026-05-08T23:14:50.688554+00:00,match,6489.94122882,0.8512871669066077,-1.5670964441465205,False
coinbase,BTC-USD,185827204,95734.79,1.712376,2026-05-09 00:13:02.833000+00:00,sell,2026-05-08T23:14:50.688170+00:00,match,163933.95676103997,0.8099884804897143,0.6457120527967212,False
coinbase,BTC-USD,185827232,95593.07,0.606221,2026-05-09 00:14:56.573000+00:00,sell,2026-05-08T23:14:50.688254+00:00,match,57950.52648847001,0.6530462499918973,-0.8703273236163389,False
coinbase,ETH-USD,185822413,3496.22,0.256328,2026-05-08 22:14:51.839000+00:00,buy,2026-05-08T23:14:50.673365+00:00,match,896.1790801599999,0.0,0.0,False
coinbase,ETH-USD,185822419,3497.67,0.841553,2026-05-08 22:14:52.346000+00:00,sell,2026-05-08T23:14:50.673385+00:00,match,2943.47468151,0.0,0.0,False
coinbase,ETH-USD,185822425,3509.45,2.138309,2026-05-08 22:14:54.001000+00:00,sell,2026-05-08T23:14:50.673402+00:00,match,7504.28852005,0.0,0.0,False
coinbase,ETH-USD,185822415,3493.41,1.505087,2026-05-08 22:14:54.270000+00:00,buy,2026-05-08T23:14:50.673373+00:00,match,5257.88597667,0.0,0.0,False
coinbase,ETH-USD,185822515,3518.08,1.771992,2026-05-08 22:14:56.132000+00:00,buy,2026-05-08T23:14:50.673654+00:00,match,6234.00961536,0.0,0.0,False
coinbase,ETH-USD,185822437,3506.34,0.117886,2026-05-08 22:14:57.523000+00:00,buy,2026-05-08T23:14:50.673436+00:00,match,413.34839724000005,0.0,0.0,False
coinbase,ETH-USD,185822449,3511.79,2.195036,2026-05-08 22:14:58.480000+00:00,buy,2026-05-08T23:14:50.673468+00:00,match,7708.50547444,0.0,0.0,False
coinbase,ETH-USD,185822463,3509.18,2.159605,2026-05-08 22:14:58.833000+00:00,buy,2026-05-08T23:14:50.673506+00:00,match,7578.4426739,0.0,0.0,False
coinbase,ETH-USD,185822423,3504.35,1.546338,2026-05-08 22:14:59.363000+00:00,buy,2026-05-08T23:14:50.673397+00:00,match,5418.9095703,0.0,0.0,False
coinbase,ETH-USD,185822427,3508.09,0.523847,2026-05-08 22:14:59.613000+00:00,buy,2026-05-08T23:14:50.673408+00:00,match,1837.70242223,0.0,0.0,False
coinbase,ETH-USD,185822447,3516.46,1.221565,2026-05-08 22:15:00.438000+00:00,sell,2026-05-08T23:14:50.673463+00:00,match,4295.5844599,0.0,0.0,False
coinbase,ETH-USD,185822421,3500.89,1.824356,2026-05-08 22:15:01.005000+00:00,buy,2026-05-08T23:14:50.673391+00:00,match,6386.8696768400005,0.0,0.0,False
coinbase,ETH-USD,185822527,3514.91,0.497905,2026-05-08 22:15:02.173000+00:00,buy,2026-05-08T23:14:50.673686+00:00,match,1750.09126355,0.0,0.0,False
coinbase,ETH-USD,185822633,3532.05,1.269393,2026-05-08 22:15:02.828000+00:00,sell,2026-05-08T23:14:50.673974+00:00,match,4483.5595456500005,0.0,0.0,False
coinbase,ETH-USD,185822493,3520.95,0.627878,2026-05-08 22:15:03.147000+00:00,buy,2026-05-08T23:14:50.673593+00:00,match,2210.7270441,0.0,0.0,False
coinbase,ETH-USD,185822455,3511.74,1.293988,2026-05-08 22:15:03.444000+00:00,buy,2026-05-08T23:14:50.673484+00:00,match,4544.149419119999,0.0,0.0,False
coinbase,ETH-USD,185822467,3509.17,2.139932,2026-05-08 22:15:04.423000+00:00,buy,2026-05-08T23:14:50.673520+00:00,match,7509.38517644,0.0,0.0,False
coinbase,ETH-USD,185822483,3519.78,2.322553,2026-05-08 22:15:04.731000+00:00,buy,2026-05-08T23:14:50.673565+00:00,match,8174.875598340001,0.0,0.0,False
coinbase,ETH-USD,185822445,3515.41,1.269206,2026-05-08 22:15:05.754000+00:00,buy,2026-05-08T23:14:50.673457+00:00,match,4461.77946446,0.0,0.0,False
coinbase,ETH-USD,185822431,3511.08,2.012634,2026-05-08 22:15:07.222000+00:00,sell,2026-05-08T23:14:50.673419+00:00,match,7066.518984719999,0.07900149543753125,0.9045832334357037,False
coinbase,ETH-USD,185822441,3507.04,1.342472,2026-05-08 22:15:07.957000+00:00,sell,2026-05-08T23:14:50.673447+00:00,match,4708.1030028800005,-0.3494773383631769,-0.049763671327420295,False
coinbase,ETH-USD,185822465,3505.93,1.340761,2026-05-08 22:15:08.534000+00:00,sell,2026-05-08T23:14:50.673512+00:00,match,4700.61421273,-0.4597144698401048,-0.051715892983536155,False
coinbase,ETH-USD,185822443,3511.81,2.189645,2026-05-08 22:15:08.932000+00:00,buy,2026-05-08T23:14:50.673452+00:00,match,7689.61720745,0.20003828526676345,1.1569948053068826,False
coinbase,ETH-USD,185822469,3513.66,2.121754,2026-05-08 22:15:12.903000+00:00,sell,2026-05-08T23:14:50.673527+00:00,match,7455.12215964,0.4039062697032749,1.0123915964999135,False
coinbase,ETH-USD,185822429,3507.69,0.674943,2026-05-08 22:15:13.793000+00:00,buy,2026-05-08T23:14:50.673414+00:00,match,2367.49081167,-0.2922688048345215,-1.0799648837436493,False
coinbase,ETH-USD,185822485,3520.18,1.264761,2026-05-08 22:15:14.106000+00:00,sell,2026-05-08T23:14:50.673570+00:00,match,4452.18637698,1.1507245952192535,-0.20209763074030593,False
coinbase,ETH-USD,185822651,3548.36,0.748735,2026-05-08 22:15:16.724000+00:00,buy,2026-05-08T23:14:50.674024+00:00,match,2656.7813246,3.3143851487425846,-0.9353517692476142,True
coinbase,ETH-USD,185822439,3505.13,1.489761,2026-05-08 22:15:17.889000+00:00,sell,2026-05-08T23:14:50.673441+00:00,match,5221.80597393,-0.6020455537931066,0.1601802712973717,False
coinbase,ETH-USD,185822477,3519.66,0.200371,2026-05-08 22:15:18.623000+00:00,buy,2026-05-08T23:14:50.673549+00:00,match,705.2377938599999,0.7158810483405159,-1.6836377968540597,False
coinbase,ETH-USD,185822435,3510.65,1.071142,2026-05-08 22:15:19.308000+00:00,sell,2026-05-08T23:14:50.673430+00:00,match,3760.4046623,-0.1184608276275825,-0.39213233503073885,False
coinbase,ETH-USD,185822433,3508.05,1.248128,2026-05-08 22:15:19.359000+00:00,sell,2026-05-08T23:14:50.673425+00:00,match,4378.4954304,-0.357498503339929,-0.12645218772519112,False
coinbase,ETH-USD,185822567,3515.22,1.653837,2026-05-08 22:15:20.278000+00:00,sell,2026-05-08T23:14:50.673795+00:00,match,5813.6008991399995,0.3241118182798998,0.4864521971635127,False
coinbase,ETH-USD,185822517,3519.38,1.658502,2026-05-08 22:15:22.698000+00:00,sell,2026-05-08T23:14:50.673660+00:00,match,5836.89876876,0.7120399982040123,0.4874611093917424,False
coinbase,ETH-USD,185822803,3560.57,0.6342,2026-05-08 22:15:23.126000+00:00,sell,2026-05-08T23:14:50.674431+00:00,match,2258.113494,3.606872101011701,-1.0676984104180716,True
coinbase,ETH-USD,185822593,3519.58,1.194375,2026-05-08 22:15:23.796000+00:00,sell,2026-05-08T23:14:50.673865+00:00,match,4203.698362499999,0.4553413222645215,-0.2023864469265119,False
coinbase,ETH-USD,185822533,3513.4,0.623071,2026-05-08 22:15:26.731000+00:00,sell,2026-05-08T23:14:50.673703+00:00,match,2189.0976514000004,-0.023904335961009854,-1.0744056797050572,False
coinbase,ETH-USD,185822573,3519.45,2.076844,2026-05-08 22:15:27.220000+00:00,sell,2026-05-08T23:14:50.673812+00:00,match,7309.3486158,0.4451843561055562,1.1809428734983842,False
coinbase,ETH-USD,185822479,3515.65,2.225729,2026-05-08 22:15:27.791000+00:00,buy,2026-05-08T23:14:50.673554+00:00,match,7824.88415885,0.14073680002151084,1.356453812226779,False
coinbase,ETH-USD,185823059,3565.45,1.073939,2026-05-08 22:15:28.846000+00:00,buy,2026-05-08T23:14:50.675329+00:00,match,3829.07580755,3.4043563006035065,-0.3959699158939745,True
coinbase,ETH-USD,185823029,3574.04,0.33881,2026-05-08 22:15:29.544000+00:00,sell,2026-05-08T23:14:50.675213+00:00,match,1210.9204924,3.3188154075745806,-1.4958661202408428,True
coinbase,ETH-USD,185822881,3567.99,0.749546,2026-05-08 22:15:30.069000+00:00,sell,2026-05-08T23:14:50.674674+00:00,match,2674.37263254,2.6550445320942835,-0.8379427513760015,False
coinbase,ETH-USD,185822701,3549.15,2.363545,2026-05-08 22:15:30.555000+00:00,sell,2026-05-08T23:14:50.674157+00:00,match,8388.57573675,1.583991024336138,1.5971648038562718,False
coinbase,ETH-USD,185822461,3510.11,1.182485,2026-05-08 22:15:33.940000+00:00,buy,2026-05-08T23:14:50.673500+00:00,match,4150.65242335,-0.44016876902331725,-0.22235352294131583,False
coinbase,ETH-USD,185822737,3546.08,2.154425,2026-05-08 22:15:34.873000+00:00,sell,2026-05-08T23:14:50.674254+00:00,match,7639.763403999999,1.398756611630459,1.256422784135718,False
coinbase,ETH-USD,185822451,3507.88,1.188258,2026-05-08 22:15:36.498000+00:00,buy,2026-05-08T23:14:50.673473+00:00,match,4168.26647304,-0.5745278205695789,-0.23952765091290018,False
coinbase,ETH-USD,185822519,3521.47,1.386076,2026-05-08 22:15:37.967000+00:00,sell,2026-05-08T23:14:50.673665+00:00,match,4881.02505172,0.13446953505263723,0.07077448979564775,False
coinbase,ETH-USD,185822481,3520.23,0.510728,2026-05-08 22:15:38.490000+00:00,buy,2026-05-08T23:14:50.673559+00:00,match,1797.8800274399998,0.06819938665908368,-1.2539526225628472,False
coinbase,ETH-USD,185822615,3523.93,1.229365,2026-05-08 22:15:38.581000+00:00,sell,2026-05-08T23:14:50.673925+00:00,match,4332.19620445,0.2630068700501228,-0.14152904699272703,False
coinbase,ETH-USD,185822825,3560.07,2.373673,2026-05-08 22:15:38.581000+00:00,buy,2026-05-08T23:14:50.674491+00:00,match,8450.44203711,2.087513462696587,1.6188494914405465,False
coinbase,ETH-USD,185822495,3519.19,0.327136,2026-05-08 22:15:39.311000+00:00,buy,2026-05-08T23:14:50.673599+00:00,match,1151.25373984,-0.036244336000926136,-1.5044328816538926,False
coinbase,ETH-USD,185823153,3583.43,1.382773,2026-05-08 22:15:39.579000+00:00,sell,2026-05-08T23:14:50.675619+00:00,match,4955.07025139,2.987996760554534,0.12635939363527385,False
coinbase,ETH-USD,185822507,3511.18,1.988384,2026-05-08 22:15:39.693000+00:00,buy,2026-05-08T23:14:50.673632+00:00,match,6981.57413312,-0.4714507452758343,0.9853066081976024,False
coinbase,ETH-USD,185822459,3512.82,0.696265,2026-05-08 22:15:39.741000+00:00,buy,2026-05-08T23:14:50.673495+00:00,match,2445.8536173,-0.38797322866874695,-0.9624306249124035,False
coinbase,ETH-USD,185822491,3520.9,0.388704,2026-05-08 22:15:40.206000+00:00,buy,2026-05-08T23:14:50.673588+00:00,match,1368.5879136,0.0056937429197275475,-1.3899561538523157,False
coinbase,ETH-USD,185822471,3510.12,0.005488,2026-05-08 22:15:40.764000+00:00,sell,2026-05-08T23:14:50.673533+00:00,match,19.263538559999997,-0.5185946129979073,-1.8853575299684366,False
coinbase,ETH-USD,185822585,3508.33,0.481541,2026-05-08 22:15:41.535000+00:00,buy,2026-05-08T23:14:50.673844+00:00,match,1689.40473653,-0.5998977015434633,-1.160692289815234,False
coinbase,ETH-USD,185822529,3514.01,1.57445,2026-05-08 22:15:43.089000+00:00,sell,2026-05-08T23:14:50.673692+00:00,match,5532.6330445,-0.3138993629020973,0.4387385578991395,False
coinbase,ETH-USD,185822673,3555.28,1.170882,2026-05-08 22:15:43.917000+00:00,buy,2026-05-08T23:14:50.674084+00:00,match,4162.81335696,1.6984416112346903,-0.13595394015001508,False
coinbase,ETH-USD,185822523,3520.1,1.105455,2026-05-08 22:15:44.730000+00:00,sell,2026-05-08T23:14:50.673676+00:00,match,3891.3121455,-0.037368904047111795,-0.2488552565872678,False
coinbase,ETH-USD,185822763,3553.5,1.697276,2026-05-08 22:15:45.780000+00:00,sell,2026-05-08T23:14:50.674323+00:00,match,6031.270266,1.576994304963528,0.658123967224901,False
coinbase,ETH-USD,185822511,3519.65,0.288443,2026-05-08 22:15:48.489000+00:00,buy,2026-05-08T23:14:50.673643+00:00,match,1015.21840495,-0.08500678485293055,-1.4576984306981418,False
coinbase,ETH-USD,185822453,3512.39,1.888187,2026-05-08 22:15:50.615000+00:00,buy,2026-05-08T23:14:50.673479+00:00,match,6632.04913693,-0.44034887512897425,0.9175390224131275,False
coinbase,ETH-USD,185822509,3515.02,2.417226,2026-05-08 22:15:50.910000+00:00,sell,2026-05-08T23:14:50.673637+00:00,match,8496.597734519999,-0.30655296645755836,1.6594122878985924,False
coinbase,ETH-USD,185822627,3523.34,2.480644,2026-05-08 22:15:51.303000+00:00,sell,2026-05-08T23:14:50.673958+00:00,match,8740.15223096,0.11048819113553064,1.7064647880317212,False
coinbase,ETH-USD,185822911,3563.74,2.094028,2026-05-08 22:15:52.549000+00:00,sell,2026-05-08T23:14:50.674771+00:00,match,7462.571344719999,2.0657691082811986,1.157527452238742,False
coinbase,ETH-USD,185822543,3511.88,1.039494,2026-05-08 22:15:52.636000+00:00,sell,2026-05-08T23:14:50.673730+00:00,match,3650.57818872,-0.48483417382737004,-0.4081871439062825,False
coinbase,ETH-USD,185822951,3564.23,0.252332,2026-05-08 22:15:54.275000+00:00,sell,2026-05-08T23:14:50.674892+00:00,match,899.36928436,2.026951026032433,-1.5095479928189162,False
coinbase,ETH-USD,185823531,3677.81,1.009951,2026-05-08 22:15:56.694000+00:00,sell,2026-05-08T23:14:50.676838+00:00,match,3714.40788731,5.49611751287856,-0.3520799470575102,True
coinbase,ETH-USD,185822503,3516.83,0.062063,2026-05-08 22:15:57.103000+00:00,sell,2026-05-08T23:14:50.673621+00:00,match,218.26502029,-0.2760019331435945,-1.7417671909477286,False
coinbase,ETH-USD,185822997,3573.13,2.145562,2026-05-08 22:15:57.363000+00:00,buy,2026-05-08T23:14:50.675066+00:00,match,7666.37194906,1.7071031146852433,1.2610031288548942,False
coinbase,ETH-USD,185822457,3512.67,0.018076,2026-05-08 22:15:58.128000+00:00,buy,2026-05-08T23:14:50.673489+00:00,match,63.49502292,-0.4410855659969085,-1.7611801904796074,False
coinbase,ETH-USD,185822753,3549.73,0.87992,2026-05-08 22:15:59.214000+00:00,sell,2026-05-08T23:14:50.674297+00:00,match,3123.4784216000003,0.8747114929544634,-0.537807103442592,False
coinbase,ETH-USD,185822499,3514.36,0.104668,2026-05-08 22:15:59.925000+00:00,buy,2026-05-08T23:14:50.673610+00:00,match,367.84103248,-0.39042773779530565,-1.5999104795795187,False
coinbase,ETH-USD,185822513,3520.67,0.864283,2026-05-08 22:16:00.565000+00:00,sell,2026-05-08T23:14:50.673648+00:00,match,3042.85522961,-0.1617152884611391,-0.5367155091540574,False
coinbase,ETH-USD,185823507,3662.46,1.772901,2026-05-08 22:16:00.753000+00:00,buy,2026-05-08T23:14:50.676759+00:00,match,6493.17899646,4.285817362390254,0.8258711832760883,True
coinbase,ETH-USD,185822473,3512.19,1.82629,2026-05-08 22:16:03.141000+00:00,sell,2026-05-08T23:14:50.673538+00:00,match,6414.2774751,-0.46326850805342434,0.7859563937293109,False
coinbase,ETH-USD,185822521,3520.47,2.08433,2026-05-08 22:16:03.921000+00:00,sell,2026-05-08T23:14:50.673671+00:00,match,7337.821235099999,-0.19866625692987858,1.137533300035454,False
coinbase,ETH-USD,185823395,3655.83,1.056024,2026-05-08 22:16:05.381000+00:00,buy,2026-05-08T23:14:50.676417+00:00,match,3860.64421992,3.7149316525228047,-0.24698474064162854,True
coinbase,ETH-USD,185823599,3673.77,1.49255,2026-05-08 22:16:06.641000+00:00,sell,2026-05-08T23:14:50.677062+00:00,match,5483.2854135,3.7966132259756966,0.4009201657662712,True
coinbase,ETH-USD,185822857,3558.3,0.182525,2026-05-08 22:16:07.213000+00:00,buy,2026-05-08T23:14:50.674589+00:00,match,649.4787075,0.7364318586476762,-1.516049076770992,False
coinbase,ETH-USD,185822505,3513.24,1.753225,2026-05-08 22:16:08.142000+00:00,buy,2026-05-08T23:14:50.673627+00:00,match,6159.500199,-0.4549840317285186,0.6808528261109645,False
coinbase,ETH-USD,185822501,3512.81,1.399753,2026-05-08 22:16:09.171000+00:00,buy,2026-05-08T23:14:50.673616+00:00,match,4917.06633593,-0.4630037995423608,0.18127739899989526,False
coinbase,ETH-USD,185822475,3514.8,0.143007,2026-05-08 22:16:09.171000+00:00,sell,2026-05-08T23:14:50.673543+00:00,match,502.6410036,-0.4068529074351422,-1.566526996938759,False
coinbase,ETH-USD,185822703,3552.85,1.065741,2026-05-08 22:16:09.534000+00:00,sell,2026-05-08T23:14:50.674164+00:00,match,3786.41791185,0.6122472403275357,-0.25181840528031246,False
coinbase,ETH-USD,185823283,3571.1,1.023827,2026-05-08 22:16:09.934000+00:00,buy,2026-05-08T23:14:50.676056+00:00,match,3656.1885997,1.0909660553998188,-0.30225113750145627,False
coinbase,ETH-USD,185822643,3538.81,1.142374,2026-05-08 22:16:10.368000+00:00,sell,2026-05-08T23:14:50.674002+00:00,match,4042.64453494,0.21832021484668043,-0.14512905811746218,False
coinbase,ETH-USD,185822755,3545.22,2.160639,2026-05-08 22:16:10.935000+00:00,sell,2026-05-08T23:14:50.674302+00:00,match,7659.94059558,0.3896827341605648,1.305182840549366,False
coinbase,ETH-USD,185822539,3515.24,0.193801,2026-05-08 22:16:11.318000+00:00,buy,2026-05-08T23:14:50.673719+00:00,match,681.25702724,-0.4250555074578342,-1.492640631646042,False
coinbase,ETH-USD,185822793,3569.65,0.013227,2026-05-08 22:16:11.445000+00:00,buy,2026-05-08T23:14:50.674405+00:00,match,47.21576055,1.0531008875650025,-1.708398271484585,False
coinbase,ETH-USD,185822555,3517.07,2.079828,2026-05-08 22:16:11.611000+00:00,buy,2026-05-08T23:14:50.673763+00:00,match,7314.90066396,-0.3841651399986247,1.1646734695341965,False
coinbase,ETH-USD,185823367,3635.3,1.863123,2026-05-08 22:16:12.803000+00:00,buy,2026-05-08T23:14:50.676323+00:00,match,6773.0110419,2.7309813699154684,0.9398732225932905,False
coinbase,ETH-USD,185822889,3574.21,1.83962,2026-05-08 22:16:15.102000+00:00,buy,2026-05-08T23:14:50.674698+00:00,match,6575.1882002,1.0996637614556581,0.853250504814426,False
coinbase,ETH-USD,185823185,3591.89,0.987557,2026-05-08 22:16:15.703000+00:00,sell,2026-05-08T23:14:50.675730+00:00,match,3547.19611273,1.5385426681690615,-0.34810922853875326,False
coinbase,ETH-USD,185822841,3562.62,2.058366,2026-05-08 22:16:16.902000+00:00,buy,2026-05-08T23:14:50.674538+00:00,match,7333.175878919999,0.7637905132766619,1.149364260638077,False
coinbase,ETH-USD,185823701,3653.98,1.636929,2026-05-08 22:16:17.036000+00:00,buy,2026-05-08T23:14:50.677377+00:00,match,5981.30582742,2.994791921978852,0.6060835141391424,False
coinbase,ETH-USD,185822599,3519.97,1.850249,2026-05-08 22:16:19.498000+00:00,buy,2026-05-08T23:14:50.673881+00:00,match,6512.820972529999,-0.3719187455406131,0.8115871887326571,False
coinbase,ETH-USD,185822695,3554.0,2.460072,2026-05-08 22:16:20.101000+00:00,sell,2026-05-08T23:14:50.674142+00:00,match,8743.095888,0.4843849736328395,1.6713757800745062,False
coinbase,ETH-USD,185822581,3513.11,1.011062,2026-05-08 22:16:23.285000+00:00,sell,2026-05-08T23:14:50.673833+00:00,match,3551.97202282,-0.5487331416868979,-0.3863076719276109,False
coinbase,ETH-USD,185822631,3527.46,0.36169,2026-05-08 22:16:27.033000+00:00,buy,2026-05-08T23:14:50.673969+00:00,match,1275.8470074000002,-0.1826175039261429,-1.2761782173306868,False
coinbase,ETH-USD,185822833,3551.27,1.783453,2026-05-08 22:16:27.082000+00:00,sell,2026-05-08T23:14:50.674512+00:00,match,6333.52313531,0.4237818058884541,0.7273516196042549,False
coinbase,ETH-USD,185823623,3665.22,1.085461,2026-05-08 22:16:27.553000+00:00,buy,2026-05-08T23:14:50.677138+00:00,match,3978.45336642,3.1505060644655414,-0.2250095570980772,True
coinbase,ETH-USD,185823277,3573.86,0.30977,2026-05-08 22:16:27.553000+00:00,buy,2026-05-08T23:14:50.676034+00:00,match,1107.0746122,0.8969486148446776,-1.3627159671677682,False
coinbase,ETH-USD,185822671,3552.04,2.283726,2026-05-08 22:16:30.647000+00:00,sell,2026-05-08T23:14:50.674079+00:00,match,8111.88610104,0.35298463754934173,1.4277121585235282,False
coinbase,ETH-USD,185823753,3646.71,1.913513,2026-05-08 22:16:31.248000+00:00,sell,2026-05-08T23:14:50.677523+00:00,match,6978.02699223,2.5624594402908847,0.9652955854989778,False
coinbase,ETH-USD,185822735,3550.64,1.076694,2026-05-08 22:16:32.095000+00:00,sell,2026-05-08T23:14:50.674249+00:00,match,3822.95278416,0.2656161739328227,-0.2762089905424957,False
coinbase,ETH-USD,185822577,3515.4,1.490428,2026-05-08 22:16:32.148000+00:00,buy,2026-05-08T23:14:50.673823+00:00,match,5239.4505912,-0.5779538895944866,0.2707325302920494,False
coinbase,ETH-USD,185823251,3569.56,2.134864,2026-05-08 22:16:32.192000+00:00,buy,2026-05-08T23:14:50.675948+00:00,match,7620.52513984,0.7018202670635073,1.229920586724197,False
coinbase,ETH-USD,185822899,3568.9,2.388289,2026-05-08 22:16:33.430000+00:00,sell,2026-05-08T23:14:50.674729+00:00,match,8523.564612099999,0.6721274928600994,1.5812193337638356,False
coinbase,ETH-USD,185822611,3519.73,0.06476,2026-05-08 22:16:33.755000+00:00,buy,2026-05-08T23:14:50.673914+00:00,match,227.9377148,-0.5076742999266369,-1.6958456612786532,False
coinbase,ETH-USD,185824363,3627.02,0.334401,2026-05-08 22:16:36.027000+00:00,sell,2026-05-08T23:14:50.679390+00:00,match,1212.87911502,1.9983611050173211,-1.3006996230076262,False
coinbase,ETH-USD,185824381,3615.25,2.207767,2026-05-08 22:16:36.999000+00:00,sell,2026-05-08T23:14:50.679445+00:00,match,7981.629646750001,1.6766841320691008,1.336932272518862,False
coinbase,ETH-USD,185823151,3585.28,2.010865,2026-05-08 22:16:37.089000+00:00,sell,2026-05-08T23:14:50.675613+00:00,match,7209.5140672,0.9607926034033633,1.0296489270387792,False
coinbase,ETH-USD,185822723,3551.68,0.453596,2026-05-08 22:16:37.346000+00:00,sell,2026-05-08T23:14:50.674216+00:00,match,1611.0278412799998,0.17163081858065227,-1.1466346547837292,False
coinbase,ETH-USD,185822489,3518.34,1.38655,2026-05-08 22:16:39.089000+00:00,buy,2026-05-08T23:14:50.673582+00:00,match,4878.354327,-0.6009512556639055,0.12186848615990428,False
coinbase,ETH-USD,185822545,3515.64,1.91401,2026-05-08 22:16:40.930000+00:00,sell,2026-05-08T23:14:50.673735+00:00,match,6728.9701164,-0.6620246008418618,0.8242790995287543,False
coinbase,ETH-USD,185822487,3516.57,2.084379,2026-05-08 22:16:42.423000+00:00,sell,2026-05-08T23:14:50.673576+00:00,match,7329.864660030001,-0.6420383810523314,1.0413838464320286,False
coinbase,ETH-USD,185822587,3513.39,2.081588,2026-05-08 22:16:45.473000+00:00,buy,2026-05-08T23:14:50.673850+00:00,match,7313.43046332,-0.7175384090991942,1.03663672434799,False
coinbase,ETH-USD,185823325,3604.91,1.626386,2026-05-08 22:16:45.711000+00:00,sell,2026-05-08T23:14:50.676186+00:00,match,5862.97515526,1.3818520483821128,0.4881374187190892,False
coinbase,ETH-USD,185822985,3580.69,2.097687,2026-05-08 22:16:46.419000+00:00,buy,2026-05-08T23:14:50.675029+00:00,match,7511.16686403,0.8067846154252225,1.1126874643259408,False
coinbase,ETH-USD,185822909,3564.62,0.148001,2026-05-08 22:16:46.474000+00:00,buy,2026-05-08T23:14:50.674764+00:00,match,527.5673246199999,0.42471910997530743,-1.5588810722833049,False
coinbase,ETH-USD,185822575,3517.73,1.235817,2026-05-08 22:16:47.218000+00:00,buy,2026-05-08T23:14:50.673817+00:00,match,4347.27053541,-0.6632738235620305,-0.08736502498342284,False
coinbase,ETH-USD,185823143,3591.51,1.277004,2026-05-08 22:16:49.826000+00:00,sell,2026-05-08T23:14:50.675586+00:00,match,4586.3726360400005,1.0253192406752587,0.0050977803074476686,False
coinbase,ETH-USD,185822549,3514.87,1.672217,2026-05-08 22:16:50.959000+00:00,buy,2026-05-08T23:14:50.673747+00:00,match,5877.62536679,-0.7498196624183138,0.5121322967419779,False
coinbase,ETH-USD,185822751,3548.76,1.568081,2026-05-08 22:16:52.374000+00:00,sell,2026-05-08T23:14:50.674291+00:00,match,5564.743129560001,0.02703745178368742,0.40055965256887416,False
coinbase,ETH-USD,185824593,3595.32,1.650605,2026-05-08 22:16:52.809000+00:00,sell,2026-05-08T23:14:50.680089+00:00,match,5934.453168600001,1.0865630320447368,0.5318095283810246,False
coinbase,ETH-USD,185822595,3515.91,2.027874,2026-05-08 22:16:53.649000+00:00,buy,2026-05-08T23:14:50.673871+00:00,match,7129.82247534,-0.753720272515913,0.9830023074559542,False
coinbase,ETH-USD,185822869,3564.07,0.020543,2026-05-08 22:16:54.063000+00:00,sell,2026-05-08T23:14:50.674629+00:00,match,73.21669001,0.35862051297892084,-1.7256129336665382,False
coinbase,ETH-USD,185822583,3512.33,1.864864,2026-05-08 22:16:54.990000+00:00,sell,2026-05-08T23:14:50.673838+00:00,match,6550.01777312,-0.8427649934148332,0.7512921547596332,False
coinbase,ETH-USD,185822497,3515.1,2.362633,2026-05-08 22:16:55.198000+00:00,buy,2026-05-08T23:14:50.673604+00:00,match,8304.8912583,-0.7768465042708632,1.3953739479184852,False
coinbase,ETH-USD,185823009,3581.93,1.723307,2026-05-08 22:16:56.043000+00:00,sell,2026-05-08T23:14:50.675106+00:00,match,6172.765042509999,0.7565511159193197,0.5688505596501183,False
coinbase,ETH-USD,185823041,3577.85,1.972713,2026-05-08 22:16:57.102000+00:00,sell,2026-05-08T23:14:50.675271+00:00,match,7058.071207049999,0.6473356905822094,0.8937495050611262,False
coinbase,ETH-USD,185824421,3616.47,0.460693,2026-05-08 22:16:57.240000+00:00,sell,2026-05-08T23:14:50.679568+00:00,match,1666.08241371,1.50948668650389,-1.1387726766398072,False
coinbase,ETH-USD,185822655,3547.6,1.457935,2026-05-08 22:16:58.248000+00:00,sell,2026-05-08T23:14:50.674035+00:00,match,5172.170206,-0.08602032084186834,0.1924091784090043,False
coinbase,ETH-USD,185822999,3574.59,1.757143,2026-05-08 22:16:59.226000+00:00,sell,2026-05-08T23:14:50.675072+00:00,match,6281.06579637,0.534392666848465,0.5991251220042797,False
coinbase,ETH-USD,185823205,3590.79,0.095006,2026-05-08 22:17:01.518000+00:00,buy,2026-05-08T23:14:50.675793+00:00,match,341.14659473999995,0.8910556404648836,-1.6222922766277956,False
coinbase,ETH-USD,185822967,3572.99,2.117849,2026-05-08 22:17:03.318000+00:00,buy,2026-05-08T23:14:50.674966+00:00,match,7567.05329851,0.46799906664963675,1.0662890349516094,False
coinbase,ETH-USD,185822693,3556.38,1.912917,2026-05-08 22:17:03.867000+00:00,buy,2026-05-08T23:14:50.674136+00:00,match,6803.05976046,0.07529196358128282,0.7833495745897161,False
coinbase,ETH-USD,185822913,3558.49,1.419948,2026-05-08 22:17:05.442000+00:00,sell,2026-05-08T23:14:50.674778+00:00,match,5052.87075852,0.11476128293021741,0.13806858095069396,False
coinbase,ETH-USD,185824037,3555.72,1.83242,2026-05-08 22:17:08.798000+00:00,sell,2026-05-08T23:14:50.678382+00:00,match,6515.572442399999,0.052506208454536525,0.6792490835860039,False
coinbase,ETH-USD,185822659,3553.32,1.06083,2026-05-08 22:17:09.487000+00:00,sell,2026-05-08T23:14:50.674045+00:00,match,3769.4684556,0.0013955256496116747,-0.36895776204345987,False
coinbase,ETH-USD,185823271,3572.09,2.167986,2026-05-08 22:17:12.408000+00:00,buy,2026-05-08T23:14:50.676014+00:00,match,7744.24111074,0.43830011713987765,1.1193908721266248,False
coinbase,ETH-USD,185823645,3645.28,0.479122,2026-05-08 22:17:12.468000+00:00,sell,2026-05-08T23:14:50.677196+00:00,match,1746.5338441600002,2.0761187953822806,-1.1318304939491894,False
coinbase,ETH-USD,185823617,3671.14,1.107458,2026-05-08 22:17:12.863000+00:00,buy,2026-05-08T23:14:50.677122+00:00,match,4065.63336212,2.5535377938762394,-0.2499591900075804,False
coinbase,ETH-USD,185823711,3656.15,2.196705,2026-05-08 22:17:13.563000+00:00,sell,2026-05-08T23:14:50.677408+00:00,match,8031.482985750001,2.1453833557006727,1.2536964209932406,False
coinbase,ETH-USD,185824697,3598.28,1.540755,2026-05-08 22:17:16.913000+00:00,sell,2026-05-08T23:14:50.680417+00:00,match,5544.067901400001,0.8756131343718389,0.3046420870286772,False
coinbase,ETH-USD,185822619,3527.24,0.786361,2026-05-08 22:17:18.057000+00:00,buy,2026-05-08T23:14:50.673935+00:00,match,2773.6839736399997,-0.6658459207638281,-0.7361965293674428,False
coinbase,ETH-USD,185822717,3548.43,1.444839,2026-05-08 22:17:18.598000+00:00,buy,2026-05-08T23:14:50.674200+00:00,match,5126.910052769999,-0.2129847196794035,0.14225542935414484,False
coinbase,ETH-USD,185824477,3600.72,0.921694,2026-05-08 22:17:19.353000+00:00,buy,2026-05-08T23:14:50.679734+00:00,match,3318.76201968,0.9069766739673275,-0.5413591962338022,False
coinbase,ETH-USD,185822525,3517.82,1.659668,2026-05-08 22:17:19.607000+00:00,sell,2026-05-08T23:14:50.673681+00:00,match,5838.41328376,-0.881894658037039,0.4302603252276514,False
coinbase,ETH-USD,185823779,3630.04,1.422347,2026-05-08 22:17:19.676000+00:00,buy,2026-05-08T23:14:50.677600+00:00,match,5163.17650388,1.5109361492929658,0.15730704993730443,False
coinbase,ETH-USD,185822559,3515.44,0.596439,2026-05-08 22:17:20.466000+00:00,buy,2026-05-08T23:14:50.673773+00:00,match,2096.7455181600003,-0.9321996415847692,-1.0139565536416708,False
coinbase,ETH-USD,185822757,3549.57,1.429185,2026-05-08 22:17:20.748000+00:00,sell,2026-05-08T23:14:50.674307+00:00,match,5072.99220045,-0.21095755676668715,0.14063153760477487,False
coinbase,ETH-USD,185822949,3567.38,0.689197,2026-05-08 22:17:21.570000+00:00,buy,2026-05-08T23:14:50.674886+00:00,match,2458.6275938599997,0.16129383323556365,-0.8705275412880809,False
coinbase,ETH-USD,185822747,3548.32,0.366196,2026-05-08 22:17:22.763000+00:00,buy,2026-05-08T23:14:50.674281+00:00,match,1299.38059072,-0.25762357763265986,-1.3181381012256794,False
coinbase,ETH-USD,185822697,3548.83,1.974983,2026-05-08 22:17:23.718000+00:00,sell,2026-05-08T23:14:50.674147+00:00,match,7008.878919889999,-0.2564202714491908,0.8736425277341937,False
coinbase,ETH-USD,185823413,3645.4,0.806643,2026-05-08 22:17:24.827000+00:00,sell,2026-05-08T23:14:50.676476+00:00,match,2940.5363922,1.8023247337502615,-0.72846616319011,False
coinbase,ETH-USD,185823371,3643.78,0.90842,2026-05-08 22:17:25.072000+00:00,buy,2026-05-08T23:14:50.676336+00:00,match,3310.0826276000003,1.7222330897812737,-0.5735400098664986,False
coinbase,ETH-USD,185822733,3550.67,0.753618,2026-05-08 22:17:25.395000+00:00,buy,2026-05-08T23:14:50.674244+00:00,match,2675.84882406,-0.2680042387807302,-0.8144993797459498,False
coinbase,ETH-USD,185822569,3514.52,0.905534,2026-05-08 22:17:26.260000+00:00,buy,2026-05-08T23:14:50.673802+00:00,match,3182.51735368,-1.0385317278161097,-0.6123338305866007,False
coinbase,ETH-USD,185823181,3585.1,0.647126,2026-05-08 22:17:26.780000+00:00,buy,2026-05-08T23:14:50.675719+00:00,match,2320.0114226,0.4616546545016635,-0.932431514470604,False
coinbase,ETH-USD,185822657,3551.84,1.163187,2026-05-08 22:17:27.228000+00:00,buy,2026-05-08T23:14:50.674040+00:00,match,4131.45411408,-0.2559689698399411,-0.24033517313398786,False
coinbase,ETH-USD,185824685,3604.58,0.319018,2026-05-08 22:17:27.510000+00:00,buy,2026-05-08T23:14:50.680381+00:00,match,1149.92590244,0.8564214594860268,-1.3844008877740233,False
coinbase,ETH-USD,185822875,3566.08,0.914079,2026-05-08 22:17:30.408000+00:00,buy,2026-05-08T23:14:50.674651+00:00,match,3259.67884032,0.018604332409680964,-0.5433640884176584,False
coinbase,ETH-USD,185824011,3582.71,0.292279,2026-05-08 22:17:30.573000+00:00,sell,2026-05-08T23:14:50.678313+00:00,match,1047.15089609,0.36635680165860945,-1.3928458944356277,False
coinbase,ETH-USD,185822535,3518.15,2.228576,2026-05-08 22:17:31.065000+00:00,sell,2026-05-08T23:14:50.673708+00:00,match,7840.4646544,-1.0180845323127006,1.2991367937076763,False
coinbase,ETH-USD,185823837,3626.48,0.705595,2026-05-08 22:17:31.698000+00:00,buy,2026-05-08T23:14:50.677787+00:00,match,2558.8261556,1.2912443328149494,-0.7866747443461937,False
coinbase,ETH-USD,185824251,3586.42,0.151856,2026-05-08 22:17:32.505000+00:00,sell,2026-05-08T23:14:50.679046+00:00,match,544.61939552,0.4236367617066425,-1.577751428617876,False
coinbase,ETH-USD,185823017,3584.23,0.791764,2026-05-08 22:17:32.813000+00:00,buy,2026-05-08T23:14:50.675135+00:00,match,2837.86428172,0.40839509867171336,-0.6689591425351424,False
coinbase,ETH-USD,185822905,3565.28,0.251452,2026-05-08 22:17:33.856000+00:00,buy,2026-05-08T23:14:50.674750+00:00,match,896.49678656,-0.022130486545712532,-1.441842112076504,False
coinbase,ETH-USD,185825061,3602.71,0.777296,2026-05-08 22:17:37.560000+00:00,sell,2026-05-08T23:14:50.681517+00:00,match,2800.37207216,0.8026553434202881,-0.6737733544971694,False
coinbase,ETH-USD,185824769,3592.97,0.143253,2026-05-08 22:17:38.020000+00:00,sell,2026-05-08T23:14:50.680629+00:00,match,514.7037314099999,0.5717513103559841,-1.5888252223853012,False
coinbase,ETH-USD,185822601,3520.52,0.391416,2026-05-08 22:17:38.127000+00:00,sell,2026-05-08T23:14:50.673886+00:00,match,1377.98785632,-1.0350785407789718,-1.2300120652477589,False
coinbase,ETH-USD,185823163,3579.48,0.931293,2026-05-08 22:17:38.146000+00:00,buy,2026-05-08T23:14:50.675652+00:00,match,3333.54466764,0.26294535799473845,-0.4729333146225838,False
coinbase,ETH-USD,185822669,3551.71,0.225424,2026-05-08 22:17:38.751000+00:00,sell,2026-05-08T23:14:50.674072+00:00,match,800.64067504,-0.3673443894725431,-1.4664228717507135,False
coinbase,ETH-USD,185823049,3567.83,0.061504,2026-05-08 22:17:38.841000+00:00,sell,2026-05-08T23:14:50.675300+00:00,match,219.43581632,0.01691936659973897,-1.6543477302246874,False
coinbase,ETH-USD,185822537,3517.62,1.879467,2026-05-08 22:17:40.048000+00:00,sell,2026-05-08T23:14:50.673714+00:00,match,6611.25070854,-1.142350915498481,0.8573867626904614,False
coinbase,ETH-USD,185822817,3557.55,1.506173,2026-05-08 22:17:40.368000+00:00,sell,2026-05-08T23:14:50.674470+00:00,match,5358.28575615,-0.2312661905315274,0.3750942726579038,False
coinbase,ETH-USD,185822863,3561.39,1.045395,2026-05-08 22:17:40.700000+00:00,sell,2026-05-08T23:14:50.674610+00:00,match,3723.05929905,-0.1229417797946202,-0.2706929748479087,False
coinbase,ETH-USD,185822547,3516.04,1.836612,2026-05-08 22:17:44.148000+00:00,buy,2026-05-08T23:14:50.673742+00:00,match,6457.601256479999,-1.1921352866973631,0.804289445169401,False
coinbase,ETH-USD,185825279,3589.01,1.496865,2026-05-08 22:17:45.560000+00:00,sell,2026-05-08T23:14:50.682205+00:00,match,5372.26345365,0.576292352512317,0.36159677552536607,False
coinbase,ETH-USD,185825717,3663.59,0.238816,2026-05-08 22:17:45.838000+00:00,buy,2026-05-08T23:14:50.683474+00:00,match,874.92390944,2.307070327186307,-1.3987904812856018,False
coinbase,ETH-USD,185824783,3597.59,1.316994,2026-05-08 22:17:46.127000+00:00,buy,2026-05-08T23:14:50.680672+00:00,match,4738.00444446,0.717759590532723,0.12960585684375323,False
coinbase,ETH-USD,185822811,3559.41,1.883252,2026-05-08 22:17:46.632000+00:00,sell,2026-05-08T23:14:50.674454+00:00,match,6703.266001319999,-0.21013611838798488,0.889683156115432,False
coinbase,ETH-USD,185822597,3518.81,0.951007,2026-05-08 22:17:47.533000+00:00,sell,2026-05-08T23:14:50.673876+00:00,match,3346.41294167,-1.1757511142101655,-0.4469567276418257,False
coinbase,ETH-USD,185822965,3568.47,1.393261,2026-05-08 22:17:49.845000+00:00,sell,2026-05-08T23:14:50.674959+00:00,match,4971.81008067,0.017617793945317588,0.19564509071322564,False
coinbase,ETH-USD,185824743,3622.44,0.242308,2026-05-08 22:17:50.160000+00:00,buy,2026-05-08T23:14:50.680551+00:00,match,877.74619152,1.2860338413902008,-1.4096323625681961,False
coinbase,ETH-USD,185822705,3554.0,0.164299,2026-05-08 22:17:50.282000+00:00,sell,2026-05-08T23:14:50.674169+00:00,match,583.918646,-0.35034619166213404,-1.4928234301683585,False
coinbase,ETH-USD,185823735,3653.9,1.129079,2026-05-08 22:17:50.601000+00:00,buy,2026-05-08T23:14:50.677474+00:00,match,4125.5417581,1.9798893554657908,-0.11435691164720162,False
coinbase,ETH-USD,185822591,3514.93,1.435203,2026-05-08 22:17:51.642000+00:00,sell,2026-05-08T23:14:50.673860+00:00,match,5044.63808079,-1.277703472474888,0.2348524156625696,False
coinbase,ETH-USD,185825077,3607.85,1.14593,2026-05-08 22:17:51.893000+00:00,buy,2026-05-08T23:14:50.681570+00:00,match,4134.3435505,0.8799940491406871,-0.12071778202776043,False
coinbase,ETH-USD,185822809,3562.05,0.504057,2026-05-08 22:17:52.499000+00:00,buy,2026-05-08T23:14:50.674447+00:00,match,1795.47623685,-0.18135023117024912,-1.0503041749891464,False
coinbase,ETH-USD,185823053,3564.27,0.75073,2026-05-08 22:17:53.358000+00:00,buy,2026-05-08T23:14:50.675312+00:00,match,2675.8044171,-0.12618587086831345,-0.67808582290565,False
coinbase,ETH-USD,185824921,3604.32,0.064198,2026-05-08 22:17:53.830000+00:00,buy,2026-05-08T23:14:50.681086+00:00,match,231.39013536,0.8216749631290982,-1.637124840237886,False
coinbase,ETH-USD,185822773,3556.13,1.215729,2026-05-08 22:17:55.866000+00:00,buy,2026-05-08T23:14:50.674351+00:00,match,4323.29036877,-0.32041639129770944,0.017817683935569782,False
coinbase,ETH-USD,185822563,3519.08,2.322225,2026-05-08 22:17:56.252000+00:00,sell,2026-05-08T23:14:50.673784+00:00,match,8172.095553,-1.1834881415283294,1.5502704831394463,False
coinbase,ETH-USD,185824335,3621.9,1.228733,2026-05-08 22:17:57.204000+00:00,sell,2026-05-08T23:14:50.679305+00:00,match,4450.3480527,1.2633686973542348,0.06828411310518778,False
coinbase,ETH-USD,185822603,3518.28,0.706868,2026-05-08 22:17:57.662000+00:00,buy,2026-05-08T23:14:50.673892+00:00,match,2486.9595470400004,-1.208830936499559,-0.7059437224802871,False
coinbase,ETH-USD,185822621,3528.9,1.35653,2026-05-08 22:17:57.937000+00:00,buy,2026-05-08T23:14:50.673940+00:00,match,4787.058717,-0.963438814919861,0.22707848220940552,False
coinbase,ETH-USD,185822639,3538.58,1.182493,2026-05-08 22:17:59.083000+00:00,sell,2026-05-08T23:14:50.673991+00:00,match,4184.34607994,-0.7358648496345398,-0.030841533250488756,False
coinbase,ETH-USD,185822885,3573.54,1.45885,2026-05-08 22:17:59.400000+00:00,sell,2026-05-08T23:14:50.674685+00:00,match,5213.258828999999,0.09855938239848924,0.3977220529498785,False
coinbase,ETH-USD,185823901,3607.23,0.002269,2026-05-08 22:17:59.776000+00:00,sell,2026-05-08T23:14:50.677979+00:00,match,8.18480487,0.9440954093274991,-1.7052709051965085,False
coinbase,ETH-USD,185823067,3570.65,0.596508,2026-05-08 22:17:59.968000+00:00,buy,2026-05-08T23:14:50.675350+00:00,match,2129.9212902000004,0.044828815068322196,-0.851799059143914,False
coinbase,ETH-USD,185822541,3511.43,0.578231,2026-05-08 22:18:00.432000+00:00,buy,2026-05-08T23:14:50.673724+00:00,match,2030.41768033,-1.389722063662149,-0.8755078024897092,False
coinbase,ETH-USD,185822719,3552.11,0.918966,2026-05-08 22:18:01.013000+00:00,buy,2026-05-08T23:14:50.674205+00:00,match,3264.26831826,-0.3815770669445484,-0.3546883603103305,False
coinbase,ETH-USD,185825399,3595.5,0.200115,2026-05-08 22:18:01.841000+00:00,sell,2026-05-08T23:14:50.682542+00:00,match,719.5134825,0.6837356461947864,-1.3820907630583907,False
coinbase,ETH-USD,185822561,3518.25,0.419556,2026-05-08 22:18:03.330000+00:00,buy,2026-05-08T23:14:50.673779+00:00,match,1476.102897,-1.2335182267535492,-1.0516054618302169,False
coinbase,ETH-USD,185822729,3558.24,1.105166,2026-05-08 22:18:03.726000+00:00,buy,2026-05-08T23:14:50.674232+00:00,match,3932.44586784,-0.2381827193922371,-0.03416378322557359,False
coinbase,ETH-USD,185822925,3564.92,1.163541,2026-05-08 22:18:04.074000+00:00,sell,2026-05-08T23:14:50.674818+00:00,match,4147.93058172,-0.07145816856498985,0.07415009432320514,False
coinbase,ETH-USD,185822891,3574.49,0.78445,2026-05-08 22:18:04.189000+00:00,sell,2026-05-08T23:14:50.674704+00:00,match,2804.0086804999996,0.15348834737229425,-0.5071736695529337,False
coinbase,ETH-USD,185825459,3609.19,2.406189,2026-05-08 22:18:05.681000+00:00,buy,2026-05-08T23:14:50.682733+00:00,match,8684.39327691,1.0308626595504606,1.9365217312474423,False
coinbase,ETH-USD,185822661,3549.13,0.953473,2026-05-08 22:18:06.138000+00:00,sell,2026-05-08T23:14:50.674051+00:00,match,3383.9996284900003,-0.4646758418536124,-0.2732062106760473,False
coinbase,ETH-USD,185822551,3519.16,1.479773,2026-05-08 22:18:06.246000+00:00,buy,2026-05-08T23:14:50.673752+00:00,match,5207.5579506799995,-1.1980906583227724,0.5155352575653279,False
coinbase,ETH-USD,185823231,3572.68,2.245321,2026-05-08 22:18:07.233000+00:00,sell,2026-05-08T23:14:50.675880+00:00,match,8021.81343028,0.14136008643482842,1.6799332903145987,False
coinbase,ETH-USD,185823567,3684.15,1.726389,2026-05-08 22:18:09.333000+00:00,buy,2026-05-08T23:14:50.676954+00:00,match,6360.27603435,2.8046895940909335,0.9632874666103803,False
coinbase,ETH-USD,185823737,3654.08,1.576658,2026-05-08 22:18:09.423000+00:00,buy,2026-05-08T23:14:50.677480+00:00,match,5761.23446464,2.0149092711687873,0.7165041397828101,False
coinbase,ETH-USD,185824387,3616.88,2.200258,2026-05-08 22:18:10.148000+00:00,buy,2026-05-08T23:14:50.679464+00:00,match,7958.06915504,1.1008086043466014,1.640717754723343,False
coinbase,ETH-USD,185822557,3514.16,0.171639,2026-05-08 22:18:11.353000+00:00,buy,2026-05-08T23:14:50.673768+00:00,match,603.16690824,-1.369841860406578,-1.4421819300403045,False
coinbase,ETH-USD,185825293,3582.37,2.073537,2026-05-08 22:18:12.343000+00:00,sell,2026-05-08T23:14:50.682245+00:00,match,7428.17674269,0.27707914224339664,1.426127229734541,False
coinbase,ETH-USD,185822609,3518.63,1.25123,2026-05-08 22:18:19.690000+00:00,sell,2026-05-08T23:14:50.673908+00:00,match,4402.6154149,-1.2362974144827672,0.17126247413578788,False
coinbase,ETH-USD,185822589,3511.01,2.43574,2026-05-08 22:18:20.064000+00:00,sell,2026-05-08T23:14:50.673855+00:00,match,8551.907497400001,-1.392070738865445,1.883885496194686,False
coinbase,ETH-USD,185823091,3593.28,2.167632,2026-05-08 22:18:20.484000+00:00,buy,2026-05-08T23:14:50.675418+00:00,match,7788.908712959999,0.5438602358882562,1.5295312632530895,False
coinbase,ETH-USD,185822675,3560.26,2.011489,2026-05-08 22:18:20.810000+00:00,buy,2026-05-08T23:14:50.674089+00:00,match,7161.423827140001,-0.23669524780009787,1.247893180349237,False
coinbase,ETH-USD,185823943,3576.35,0.399483,2026-05-08 22:18:21.951000+00:00,buy,2026-05-08T23:14:50.678097+00:00,match,1428.6910270499998,0.1340594777111958,-1.0970397042743503,False
coinbase,ETH-USD,185824723,3615.83,2.394201,2026-05-08 22:18:25.596000+00:00,buy,2026-05-08T23:14:50.680488+00:00,match,8657.023801829999,1.064483020893056,1.8355530010776289,False
coinbase,ETH-USD,185822653,3547.62,0.610569,2026-05-08 22:18:25.886000+00:00,buy,2026-05-08T23:14:50.674029+00:00,match,2166.06679578,-0.5604248982649702,-0.778318975029689,False
coinbase,ETH-USD,185823229,3572.18,0.652893,2026-05-08 22:18:26.361000+00:00,buy,2026-05-08T23:14:50.675873+00:00,match,2332.25131674,0.015432280617160678,-0.6952904774612966,False
coinbase,ETH-USD,185823463,3658.05,2.215851,2026-05-08 22:18:27.179000+00:00,buy,2026-05-08T23:14:50.676632+00:00,match,8105.69375055,2.027800940286644,1.6222266447083298,False
coinbase,ETH-USD,185822689,3565.36,2.444609,2026-05-08 22:18:27.841000+00:00,buy,2026-05-08T23:14:50.674126+00:00,match,8715.911144239999,-0.18323125156351253,1.8386115924388278,False
coinbase,ETH-USD,185822917,3565.12,1.620749,2026-05-08 22:18:28.328000+00:00,buy,2026-05-08T23:14:50.674793+00:00,match,5778.164674879999,-0.20291237004195123,0.6759991490237973,False
coinbase,ETH-USD,185826299,3647.26,2.443632,2026-05-08 22:18:28.345000+00:00,buy,2026-05-08T23:14:50.685319+00:00,match,8912.56124832,1.7400453654038806,1.9106082524731414,False
coinbase,ETH-USD,185824313,3616.35,1.138635,2026-05-08 22:18:31.189000+00:00,buy,2026-05-08T23:14:50.679240+00:00,match,4117.70268225,0.9900986978737667,0.0011563974562670543,False
coinbase,ETH-USD,185822945,3566.29,0.86949,2026-05-08 22:18:31.868000+00:00,sell,2026-05-08T23:14:50.674872+00:00,match,3100.8534921,-0.1846953849956767,-0.416648091093027,False
coinbase,ETH-USD,185822565,3514.88,1.931225,2026-05-08 22:18:32.676000+00:00,buy,2026-05-08T23:14:50.673790+00:00,match,6788.024128,-1.3895713938486098,1.06548494562225,False
coinbase,ETH-USD,185823071,3572.27,1.224156,2026-05-08 22:18:32.756000+00:00,buy,2026-05-08T23:14:50.675361+00:00,match,4373.01575412,-0.03374371897012127,0.09986017117061308,False
coinbase,ETH-USD,185822649,3551.91,1.866941,2026-05-08 22:18:32.979000+00:00,buy,2026-05-08T23:14:50.674019+00:00,match,6631.20640731,-0.5051287403450718,0.9952657689078769,False
coinbase,ETH-USD,185822613,3522.51,0.438059,2026-05-08 22:18:34.185000+00:00,sell,2026-05-08T23:14:50.673919+00:00,match,1543.06720809,-1.178727670971954,-1.0581209919550583,False
coinbase,ETH-USD,185826415,3640.12,2.269851,2026-05-08 22:18:34.841000+00:00,buy,2026-05-08T23:14:50.685690+00:00,match,8262.53002212,1.5401669305454835,1.6715255182474762,False
coinbase,ETH-USD,185823783,3634.16,2.035435,2026-05-08 22:18:35.517000+00:00,sell,2026-05-08T23:14:50.677610+00:00,match,7397.0964596,1.3720538517607617,1.3003601074798479,False
coinbase,ETH-USD,185822785,3565.14,1.907816,2026-05-08 22:18:37.457000+00:00,sell,2026-05-08T23:14:50.674384+00:00,match,6801.6311342399995,-0.21490203815648828,1.0582579399812624,False
coinbase,ETH-USD,185826465,3665.04,2.452344,2026-05-08 22:18:37.641000+00:00,sell,2026-05-08T23:14:50.685857+00:00,match,8987.93885376,2.0141269862939004,1.881707893214849,False
coinbase,ETH-USD,185823643,3649.59,1.308049,2026-05-08 22:18:39.639000+00:00,buy,2026-05-08T23:14:50.677191+00:00,match,4773.84254991,1.6263598319263313,0.23184252192241706,False
coinbase,ETH-USD,185822635,3535.92,1.116424,2026-05-08 22:18:42.816000+00:00,sell,2026-05-08T23:14:50.673979+00:00,match,3947.58595008,-0.8818486644278988,-0.10684880483758964,False
coinbase,ETH-USD,185825159,3581.45,1.109577,2026-05-08 22:18:44.168000+00:00,sell,2026-05-08T23:14:50.681818+00:00,match,3973.89454665,0.16183911426784575,-0.09593947751339951,False
coinbase,ETH-USD,185824395,3617.59,0.151811,2026-05-08 22:18:44.667000+00:00,sell,2026-05-08T23:14:50.679490+00:00,match,549.18995549,1.0128539861595955,-1.43984052274718,False
coinbase,ETH-USD,185824877,3603.5,0.528811,2026-05-08 22:18:47.313000+00:00,sell,2026-05-08T23:14:50.680955+00:00,match,1905.5704385,0.6836510699637864,-0.879094094780842,False
coinbase,ETH-USD,185822607,3513.97,0.769099,2026-05-08 22:18:47.598000+00:00,sell,2026-05-08T23:14:50.673903+00:00,match,2702.59081303,-1.3871095341751665,-0.5597512466393098,False
coinbase,ETH-USD,185823241,3578.41,1.183979,2026-05-08 22:18:47.767000+00:00,sell,2026-05-08T23:14:50.675912+00:00,match,4236.762293389999,0.09689171713988956,0.0577441385057347,False
coinbase,ETH-USD,185824963,3582.39,0.591131,2026-05-08 22:18:47.916000+00:00,sell,2026-05-08T23:14:50.681221+00:00,match,2117.66178309,0.19370903039591764,-0.7840147739892727,False
coinbase,ETH-USD,185823119,3591.12,1.073529,2026-05-08 22:18:48.225000+00:00,buy,2026-05-08T23:14:50.675508+00:00,match,3855.17146248,0.3824107868578657,-0.08230821224000624,False
coinbase,ETH-USD,185826375,3620.05,2.288096,2026-05-08 22:18:48.453000+00:00,sell,2026-05-08T23:14:50.685564+00:00,match,8283.0219248,1.0647183291300906,1.6561567790784415,False
coinbase,ETH-USD,185822681,3566.02,0.755545,2026-05-08 22:18:49.007000+00:00,buy,2026-05-08T23:14:50.674105+00:00,match,2694.2885809,-0.2171640010938393,-0.5555450784821703,False
coinbase,ETH-USD,185824221,3576.92,1.0651,2026-05-08 22:18:49.461000+00:00,sell,2026-05-08T23:14:50.678950+00:00,match,3809.777492,0.034706200900658464,-0.109116092224343,False
coinbase,ETH-USD,185823647,3640.35,0.551885,2026-05-08 22:18:51.498000+00:00,buy,2026-05-08T23:14:50.677201+00:00,match,2009.0545597499995,1.5058006867830944,-0.819473644148709,False
coinbase,ETH-USD,185822791,3570.21,0.344085,2026-05-08 22:18:52.096000+00:00,sell,2026-05-08T23:14:50.674399+00:00,match,1228.45570785,-0.14573082392507128,-1.127604493559968,False
coinbase,ETH-USD,185822711,3552.53,1.662803,2026-05-08 22:18:54.657000+00:00,buy,2026-05-08T23:14:50.674184+00:00,match,5907.157541590001,-0.5626896984486864,0.7298706112932487,False
coinbase,ETH-USD,185822579,3515.28,1.895436,2026-05-08 22:18:55.161000+00:00,sell,2026-05-08T23:14:50.673828+00:00,match,6662.98826208,-1.413249370888341,1.0109419975249705,False
coinbase,ETH-USD,185822713,3548.2,0.241501,2026-05-08 22:18:55.386000+00:00,buy,2026-05-08T23:14:50.674190+00:00,match,856.8938482,-0.6206642610202613,-1.2653099074469585,False
coinbase,ETH-USD,185822971,3581.9,0.038433,2026-05-08 22:18:56.074000+00:00,buy,2026-05-08T23:14:50.674980+00:00,match,137.66316270000002,0.1770217585376936,-1.5216438878681189,False
coinbase,ETH-USD,185822685,3562.85,1.816525,2026-05-08 22:18:56.100000+00:00,buy,2026-05-08T23:14:50.674115+00:00,match,6472.006096249999,-0.29315503090004813,0.9217524901396651,False
coinbase,ETH-USD,185822647,3546.62,1.567035,2026-05-08 22:18:57.188000+00:00,buy,2026-05-08T23:14:50.674014+00:00,match,5557.677671699999,-0.6746597165638115,0.5559788212905025,False
coinbase,ETH-USD,185822641,3538.53,0.092645,2026-05-08 22:18:57.535000+00:00,sell,2026-05-08T23:14:50.673997+00:00,match,327.82711185000005,-0.8645540848746919,-1.438647911563349,False
coinbase,ETH-USD,185822623,3531.66,0.508975,2026-05-08 22:18:58.387000+00:00,buy,2026-05-08T23:14:50.673946+00:00,match,1797.5266484999995,-1.0097259575185846,-0.8803707834552862,False
coinbase,ETH-USD,185823327,3605.93,0.119996,2026-05-08 22:18:58.638000+00:00,buy,2026-05-08T23:14:50.676194+00:00,match,432.69717628,0.7609253869285107,-1.3807251041333863,False
coinbase,ETH-USD,185826933,3626.59,1.264543,2026-05-08 22:18:59.328000+00:00,buy,2026-05-08T23:14:50.687314+00:00,match,4585.97899837,1.2353795328312749,0.18719092724381725,False
coinbase,ETH-USD,185826241,3677.03,1.038893,2026-05-08 22:18:59.558000+00:00,sell,2026-05-08T23:14:50.685144+00:00,match,3820.04072779,2.34877959941852,-0.09170577938583974,False
coinbase,ETH-USD,185826167,3671.52,1.990506,2026-05-08 22:19:02.258000+00:00,buy,2026-05-08T23:14:50.684912+00:00,match,7308.182589120001,2.171435386737108,1.2324070162711929,False
coinbase,ETH-USD,185823835,3630.73,2.131278,2026-05-08 22:19:02.544000+00:00,sell,2026-05-08T23:14:50.677781+00:00,match,7738.09497294,1.2190188860540891,1.37010121567184,False
coinbase,ETH-USD,185825989,3695.25,1.653996,2026-05-08 22:19:04.640000+00:00,sell,2026-05-08T23:14:50.684353+00:00,match,6111.9287190000005,2.5684207029633677,0.7309471620477289,False
coinbase,ETH-USD,185822795,3565.49,0.720325,2026-05-08 22:19:05.751000+00:00,buy,2026-05-08T23:14:50.674410+00:00,match,2568.3115842499997,-0.27809327312850973,-0.6407302419780974,False
coinbase,ETH-USD,185823161,3577.33,2.431401,2026-05-08 22:19:06.082000+00:00,sell,2026-05-08T23:14:50.675645+00:00,match,8697.92373933,-0.012814608464082566,1.683633181878451,False
coinbase,ETH-USD,185826479,3680.69,0.559414,2026-05-08 22:19:06.894000+00:00,sell,2026-05-08T23:14:50.685902+00:00,match,2059.02951566,2.1846775885166605,-0.8609606060082794,False
coinbase,ETH-USD,185826999,3622.22,1.447488,2026-05-08 22:19:07.545000+00:00,sell,2026-05-08T23:14:50.687521+00:00,match,5243.11998336,0.9127278156096578,0.3493678351607509,False
coinbase,ETH-USD,185822769,3549.8,1.608769,2026-05-08 22:19:08.427000+00:00,buy,2026-05-08T23:14:50.674339+00:00,match,5710.8081962,-0.6380526970085957,0.5205742929364856,False
coinbase,ETH-USD,185823585,3685.97,1.310005,2026-05-08 22:19:08.733000+00:00,buy,2026-05-08T23:14:50.677017+00:00,match,4828.63912985,2.2047562387010364,0.1659511477512656,False
coinbase,ETH-USD,185823253,3574.62,2.021171,2026-05-08 22:19:09.701000+00:00,buy,2026-05-08T23:14:50.675955+00:00,match,7224.918280019999,-0.13220222823003222,1.0812665534776427,False
coinbase,ETH-USD,185822759,3545.35,2.247827,2026-05-08 22:19:11.964000+00:00,buy,2026-05-08T23:14:50.674313+00:00,match,7969.33345445,-0.7567586802787573,1.360353645635497,False
coinbase,ETH-USD,185822939,3561.34,2.041151,2026-05-08 22:19:12.065000+00:00,buy,2026-05-08T23:14:50.674856+00:00,match,7269.232702340001,-0.42016734742183454,1.0736960348133404,False
coinbase,ETH-USD,185823671,3654.48,0.543671,2026-05-08 22:19:12.545000+00:00,sell,2026-05-08T23:14:50.677280+00:00,match,1986.83479608,1.5105555365234447,-0.9677244431793717,False
coinbase,ETH-USD,185826717,3668.81,0.301329,2026-05-08 22:19:13.278000+00:00,sell,2026-05-08T23:14:50.686646+00:00,match,1105.51884849,1.7667271147772274,-1.280929211393178,False
coinbase,ETH-USD,185824017,3577.48,1.278938,2026-05-08 22:19:13.893000+00:00,sell,2026-05-08T23:14:50.678328+00:00,match,4575.375116239999,-0.12660862625738964,0.05716520151587291,False
coinbase,ETH-USD,185823305,3585.87,0.48644,2026-05-08 22:19:14.108000+00:00,sell,2026-05-08T23:14:50.676120+00:00,match,1744.3106028,0.0645845142372363,-1.0403457078001415,False
coinbase,ETH-USD,185825881,3686.38,1.040922,2026-05-08 22:19:14.317000+00:00,sell,2026-05-08T23:14:50.683956+00:00,match,3837.23404236,2.113284643028082,-0.22777315540138196,False
coinbase,ETH-USD,185822687,3564.88,0.543252,2026-05-08 22:19:14.673000+00:00,buy,2026-05-08T23:14:50.674121+00:00,match,1936.62818976,-0.38842751807687986,-0.9433491650957669,False
coinbase,ETH-USD,185825251,3605.74,1.349464,2026-05-08 22:19:14.700000+00:00,sell,2026-05-08T23:14:50.682101+00:00,match,4865.81632336,0.4385613880021536,0.18231961065916363,False
coinbase,ETH-USD,185826609,3730.0,0.374347,2026-05-08 22:19:15.084000+00:00,buy,2026-05-08T23:14:50.686316+00:00,match,1396.31431,2.859094565124071,-1.137549453868806,False
coinbase,ETH-USD,185822605,3517.49,1.361451,2026-05-08 22:19:16.241000+00:00,buy,2026-05-08T23:14:50.673897+00:00,match,4788.89027799,-1.3373282967235367,0.15169762445995832,False
coinbase,ETH-USD,185822709,3553.32,2.220239,2026-05-08 22:19:17.082000+00:00,sell,2026-05-08T23:14:50.674179+00:00,match,7889.21964348,-0.6292617570881246,1.3278180516152807,False
coinbase,ETH-USD,185823429,3656.11,1.060581,2026-05-08 22:19:17.127000+00:00,buy,2026-05-08T23:14:50.676528+00:00,match,3877.60079991,1.4000597931475491,-0.22928230853976483,False
coinbase,ETH-USD,185822893,3575.67,0.480741,2026-05-08 22:19:17.147000+00:00,sell,2026-05-08T23:14:50.674711+00:00,match,1718.97117147,-0.20200449353186065,-1.0489583450713538,False
coinbase,ETH-USD,185822861,3557.51,1.166235,2026-05-08 22:19:18.726000+00:00,sell,2026-05-08T23:14:50.674604+00:00,match,4148.89267485,-0.5536765935699723,-0.11047744711392353,False
coinbase,ETH-USD,185827041,3618.95,2.274661,2026-05-08 22:19:19.155000+00:00,sell,2026-05-08T23:14:50.687656+00:00,match,8231.88442595,0.6583761100561245,1.434112787593973,False
coinbase,ETH-USD,185824531,3600.42,0.511043,2026-05-08 22:19:19.786000+00:00,buy,2026-05-08T23:14:50.679907+00:00,match,1839.96943806,0.28255569027600874,-1.0157048049561974,False
coinbase,ETH-USD,185825619,3630.22,1.701468,2026-05-08 22:19:20.061000+00:00,buy,2026-05-08T23:14:50.683200+00:00,match,6176.70316296,0.8680065592934784,0.6304800715165804,False
coinbase,ETH-USD,185823209,3583.83,1.466564,2026-05-08 22:19:21.653000+00:00,buy,2026-05-08T23:14:50.675806+00:00,match,5255.91606012,-0.05838322642116511,0.2698112103579168,False
coinbase,ETH-USD,185823187,3589.46,1.115084,2026-05-08 22:19:25.023000+00:00,buy,2026-05-08T23:14:50.675735+00:00,match,4002.54941464,0.03994629382071336,-0.20175022379087149,False
coinbase,ETH-USD,185825051,3601.78,2.281404,2026-05-08 22:19:25.129000+00:00,sell,2026-05-08T23:14:50.681484+00:00,match,8217.115299120002,0.29185085028253527,1.4182950246848638,False
coinbase,ETH-USD,185822847,3572.88,1.297293,2026-05-08 22:19:25.158000+00:00,buy,2026-05-08T23:14:50.674557+00:00,match,4635.072213840001,-0.303213911841317,0.022506320521501415,False
coinbase,ETH-USD,185823057,3565.99,1.012678,2026-05-08 22:19:26.088000+00:00,buy,2026-05-08T23:14:50.675323+00:00,match,3611.19962122,-0.453479434096569,-0.3705888773775189,False
coinbase,ETH-USD,185822625,3527.65,2.43287,2026-05-08 22:19:26.721000+00:00,buy,2026-05-08T23:14:50.673952+00:00,match,8582.3138555,-1.2314579582818692,1.524749210446272,False
coinbase,ETH-USD,185824533,3596.47,0.793915,2026-05-08 22:19:28.524000+00:00,sell,2026-05-08T23:14:50.679914+00:00,match,2855.29148005,0.16643974308092888,-0.6628344634747454,False
coinbase,ETH-USD,185823169,3585.63,1.461812,2026-05-08 22:19:29.249000+00:00,buy,2026-05-08T23:14:50.675673+00:00,match,5241.51696156,-0.05017630712248351,0.23475819426870526,False
coinbase,ETH-USD,185824407,3614.14,0.344268,2026-05-08 22:19:29.973000+00:00,buy,2026-05-08T23:14:50.679527+00:00,match,1244.23274952,0.5221941904826609,-1.3117991109904175,False
coinbase,ETH-USD,185824149,3561.53,1.655592,2026-05-08 22:19:30.330000+00:00,buy,2026-05-08T23:14:50.678727+00:00,match,5896.44057576,-0.5667835866429807,0.47800299900728815,False
coinbase,ETH-USD,185825825,3677.73,1.998314,2026-05-08 22:19:30.539000+00:00,sell,2026-05-08T23:14:50.683778+00:00,match,7349.25934722,1.7785731176738009,1.0234460327042536,False
coinbase,ETH-USD,185823005,3580.97,0.78628,2026-05-08 22:19:31.755000+00:00,buy,2026-05-08T23:14:50.675092+00:00,match,2815.6450916,-0.18640685656710118,-0.7489724084482937,False
coinbase,ETH-USD,185824839,3602.67,1.596009,2026-05-08 22:19:32.205000+00:00,buy,2026-05-08T23:14:50.680846+00:00,match,5749.893744030001,0.24028302589751094,0.38536003782214784,False
coinbase,ETH-USD,185822771,3551.36,1.058574,2026-05-08 22:19:34.642000+00:00,buy,2026-05-08T23:14:50.674344+00:00,match,3759.37736064,-0.812141776533093,-0.39865484885204194,False
coinbase,ETH-USD,185823317,3601.6,0.86094,2026-05-08 22:19:34.843000+00:00,buy,2026-05-08T23:14:50.676158+00:00,match,3100.761504,0.2121982166930123,-0.652909951620604,False
coinbase,ETH-USD,185822725,3554.3,0.537911,2026-05-08 22:19:35.190000+00:00,sell,2026-05-08T23:14:50.674222+00:00,match,1911.8970673,-0.7543452836112163,-1.1134196261007092,False
coinbase,ETH-USD,185822743,3551.02,1.309954,2026-05-08 22:19:35.333000+00:00,sell,2026-05-08T23:14:50.674270+00:00,match,4651.67285308,-0.8075621689368062,-0.02356584576758103,False
coinbase,ETH-USD,185825073,3608.76,1.06214,2026-05-08 22:19:35.400000+00:00,sell,2026-05-08T23:14:50.681557+00:00,match,3833.0083464,0.362545870883764,-0.35060873153686184,False
coinbase,ETH-USD,185826313,3638.46,0.091636,2026-05-08 22:19:35.446000+00:00,sell,2026-05-08T23:14:50.685366+00:00,match,333.41392056,0.9537324603677054,-1.6964363979033583,False
coinbase,ETH-USD,185822855,3560.46,1.567947,2026-05-08 22:19:35.522000+00:00,sell,2026-05-08T23:14:50.674583+00:00,match,5582.61257562,-0.653902399772759,0.37110016531449647,False
coinbase,ETH-USD,185822987,3576.05,0.377659,2026-05-08 22:19:36.448000+00:00,sell,2026-05-08T23:14:50.675036+00:00,match,1350.5274669500002,-0.3157327272001791,-1.271895320376695,False
coinbase,ETH-USD,185825217,3595.27,2.081278,2026-05-08 22:19:36.783000+00:00,sell,2026-05-08T23:14:50.681996+00:00,match,7482.756355060001,0.10124842422656376,1.1212563938878106,False
coinbase,ETH-USD,185822953,3566.81,1.005723,2026-05-08 22:19:36.862000+00:00,buy,2026-05-08T23:14:50.674898+00:00,match,3587.2228536299995,-0.49151497730545546,-0.3849611619702604,False
coinbase,ETH-USD,185822805,3563.47,1.837994,2026-05-08 22:19:37.563000+00:00,buy,2026-05-08T23:14:50.674436+00:00,match,6549.63647918,-0.5794965597825057,0.764297065714154,False
coinbase,ETH-USD,185823583,3682.98,0.992674,2026-05-08 22:19:37.568000+00:00,buy,2026-05-08T23:14:50.677011+00:00,match,3655.99848852,1.9253207054125927,-0.37207917119441614,False
coinbase,ETH-USD,185824905,3608.79,1.258453,2026-05-08 22:19:39.861000+00:00,sell,2026-05-08T23:14:50.681034+00:00,match,4541.49260187,0.3490622067983367,-0.018949977984442725,False
coinbase,ETH-USD,185823323,3606.35,1.817949,2026-05-08 22:19:40.371000+00:00,buy,2026-05-08T23:14:50.676178+00:00,match,6556.16037615,0.28104833619120506,0.801447765773278,False
coinbase,ETH-USD,185822777,3560.21,0.109327,2026-05-08 22:19:41.213000+00:00,buy,2026-05-08T23:14:50.674362+00:00,match,389.22707867,-0.707221982264206,-1.6470402555541965,False
coinbase,ETH-USD,185822845,3568.09,1.295304,2026-05-08 22:19:41.649000+00:00,buy,2026-05-08T23:14:50.674551+00:00,match,4621.76124936,-0.539606834041157,0.061404775173540684,False
coinbase,ETH-USD,185825449,3608.05,1.830397,2026-05-08 22:19:42.225000+00:00,sell,2026-05-08T23:14:50.682707+00:00,match,6604.163895850001,0.3159712282272206,0.8438858270035517,False
coinbase,ETH-USD,185822839,3559.75,0.21563,2026-05-08 22:19:42.314000+00:00,sell,2026-05-08T23:14:50.674531+00:00,match,767.5888924999999,-0.7134368059745786,-1.4934278095316158,False
coinbase,ETH-USD,185825451,3610.05,2.37962,2026-05-08 22:19:42.417000+00:00,sell,2026-05-08T23:14:50.682712+00:00,match,8590.547181,0.35877494373690555,1.6437974978262728,False
coinbase,ETH-USD,185823561,3683.72,1.715061,2026-05-08 22:19:42.519000+00:00,sell,2026-05-08T23:14:50.676934+00:00,match,6317.80450692,1.8955729705138211,0.7138906762312432,False
coinbase,ETH-USD,185823263,3573.57,0.688608,2026-05-08 22:19:43.417000+00:00,sell,2026-05-08T23:14:50.675988+00:00,match,2460.7888905600003,-0.4327033424469875,-0.8237514346104609,False
coinbase,ETH-USD,185825435,3602.43,1.038541,2026-05-08 22:19:43.904000+00:00,sell,2026-05-08T23:14:50.682661+00:00,match,3741.271254629999,0.17862695981570953,-0.2880112836981316,False
coinbase,ETH-USD,185822699,3549.11,1.864189,2026-05-08 22:19:44.848000+00:00,sell,2026-05-08T23:14:50.674152+00:00,match,6616.211821790001,-0.9608458446985982,0.890734644392874,False
coinbase,ETH-USD,185824125,3560.24,1.816565,2026-05-08 22:19:45.309000+00:00,buy,2026-05-08T23:14:50.678650+00:00,match,6467.4073756,-0.7066572675835872,0.851263137095384,False
coinbase,ETH-USD,185824101,3548.41,0.711165,2026-05-08 22:19:46.248000+00:00,buy,2026-05-08T23:14:50.678571+00:00,match,2523.50499765,-0.9434563172643661,-0.7829145839125984,False
coinbase,ETH-USD,185822739,3546.87,1.773776,2026-05-08 22:19:46.608000+00:00,sell,2026-05-08T23:14:50.674259+00:00,match,6291.352881119999,-0.9691971415796319,0.7677486475882821,False
coinbase,ETH-USD,185823073,3577.11,1.211574,2026-05-08 22:19:47.462000+00:00,sell,2026-05-08T23:14:50.675367+00:00,match,4333.93347114,-0.3406931582841821,-0.034077904281814154,False
coinbase,ETH-USD,185823919,3600.07,0.582541,2026-05-08 22:19:47.552000+00:00,buy,2026-05-08T23:14:50.678033+00:00,match,2097.18837787,0.150888671328438,-0.9523619447676388,False
coinbase,ETH-USD,185823705,3657.8,1.492806,2026-05-08 22:19:48.063000+00:00,buy,2026-05-08T23:14:50.677391+00:00,match,5460.3857868000005,1.372154917193443,0.449190260521403,False
coinbase,ETH-USD,185822617,3527.71,0.824576,2026-05-08 22:19:52.023000+00:00,sell,2026-05-08T23:14:50.673930+00:00,match,2908.86500096,-1.4367793047826898,-0.6217711791378034,False
coinbase,ETH-USD,185823051,3566.2,0.857732,2026-05-08 22:19:52.920000+00:00,sell,2026-05-08T23:14:50.675307+00:00,match,3058.8438584,-0.5912921393728524,-0.5437480044283964,False
coinbase,ETH-USD,185825543,3615.77,1.869151,2026-05-08 22:19:54.380000+00:00,buy,2026-05-08T23:14:50.682978+00:00,match,6758.42011127,0.48831305180510326,1.0289030627880393,False
coinbase,ETH-USD,185823001,3578.83,2.297889,2026-05-08 22:19:56.953000+00:00,buy,2026-05-08T23:14:50.675078+00:00,match,8223.75408987,-0.3178781308762651,1.6320165479982158,False
coinbase,ETH-USD,185824847,3608.03,2.172044,2026-05-08 22:19:57.483000+00:00,sell,2026-05-08T23:14:50.680867+00:00,match,7836.799913320001,0.33395935371559027,1.4863485040407407,False
coinbase,ETH-USD,185822789,3567.09,2.486314,2026-05-08 22:19:58.682000+00:00,buy,2026-05-08T23:14:50.674394+00:00,match,8868.905806260002,-0.5531099566414754,1.8734103892943537,False
coinbase,ETH-USD,185822645,3541.8,0.66263,2026-05-08 22:19:59.631000+00:00,sell,2026-05-08T23:14:50.674008+00:00,match,2346.902934,-1.1167559088817889,-0.8390057506748221,False
coinbase,ETH-USD,185824739,3624.87,0.118986,2026-05-08 22:20:00.164000+00:00,buy,2026-05-08T23:14:50.680539+00:00,match,431.30878182,0.716217723873507,-1.5999160770640355,False
coinbase,ETH-USD,185827033,3616.05,2.205775,2026-05-08 22:20:00.280000+00:00,buy,2026-05-08T23:14:50.687634+00:00,match,7976.19268875,0.5212943836127384,1.4687612653886832,False
coinbase,ETH-USD,185827109,3615.46,1.744384,2026-05-08 22:20:00.675000+00:00,sell,2026-05-08T23:14:50.687877+00:00,match,6306.75057664,0.5050681150500702,0.7662897392470703,False
coinbase,ETH-USD,185824127,3563.92,1.02571,2026-05-08 22:20:01.088000+00:00,buy,2026-05-08T23:14:50.678657+00:00,match,3655.548383199999,-0.6554528942192904,-0.3307110062640491,False
coinbase,ETH-USD,185823013,3586.11,1.12643,2026-05-08 22:20:01.390000+00:00,sell,2026-05-08T23:14:50.675119+00:00,match,4039.5018873,-0.15946444402225224,-0.17134606361091445,False
coinbase,ETH-USD,185822683,3561.91,0.587077,2026-05-08 22:20:02.323000+00:00,buy,2026-05-08T23:14:50.674110+00:00,match,2091.1154370699996,-0.6964546962351095,-0.9755215264130148,False
coinbase,ETH-USD,185823789,3638.54,0.678816,2026-05-08 22:20:03.252000+00:00,sell,2026-05-08T23:14:50.677631+00:00,match,2469.89916864,1.0037530105576875,-0.8109586449385934,False
coinbase,ETH-USD,185822859,3559.44,0.781525,2026-05-08 22:20:04.914000+00:00,sell,2026-05-08T23:14:50.674597+00:00,match,2781.791346,-0.744184320204044,-0.6670259056735465,False
coinbase,ETH-USD,185824087,3550.31,1.844522,2026-05-08 22:20:07.248000+00:00,sell,2026-05-08T23:14:50.678528+00:00,match,6548.62490182,-0.9413182643130574,0.882475801891652,False
coinbase,ETH-USD,185823225,3581.61,1.831488,2026-05-08 22:20:07.743000+00:00,sell,2026-05-08T23:14:50.675858+00:00,match,6559.67573568,-0.24774059633479947,0.8725263755937854,False
coinbase,ETH-USD,185827237,3582.57,0.394318,2026-05-08 22:20:09.123000+00:00,sell,2026-05-08T23:14:50.688267+00:00,match,1412.67183726,-0.2147746887063239,-1.2516497722782867,False
coinbase,ETH-USD,185824397,3612.84,2.005988,2026-05-08 22:20:12.243000+00:00,sell,2026-05-08T23:14:50.679497+00:00,match,7247.313685919999,0.45154109125370406,1.1342787959255987,False
coinbase,ETH-USD,185822629,3527.91,0.729725,2026-05-08 22:20:14.871000+00:00,sell,2026-05-08T23:14:50.673963+00:00,match,2574.40412475,-1.4300578446479837,-0.784099533598908,False
coinbase,ETH-USD,185823215,3586.19,1.472416,2026-05-08 22:20:19.100000+00:00,sell,2026-05-08T23:14:50.675827+00:00,match,5280.36353504,-0.15516802081685369,0.3407563814866801,False
coinbase,ETH-USD,185823339,3612.19,1.672588,2026-05-08 22:20:19.758000+00:00,buy,2026-05-08T23:14:50.676238+00:00,match,6041.70564772,0.41777308572338195,0.6409305152064151,False
coinbase,ETH-USD,185823655,3643.42,1.395398,2026-05-08 22:20:21.311000+00:00,sell,2026-05-08T23:14:50.677228+00:00,match,5084.02098116,1.1037268359770236,0.22318745266596074,False
coinbase,ETH-USD,185825839,3682.43,2.239558,2026-05-08 22:20:23.092000+00:00,buy,2026-05-08T23:14:50.683817+00:00,match,8247.01556594,1.9217710716427046,1.5483705934934184,False
coinbase,ETH-USD,185822637,3540.51,2.174017,2026-05-08 22:20:23.223000+00:00,buy,2026-05-08T23:14:50.673985+00:00,match,7697.128928670001,-1.2135335050025953,1.297172080258976,False
coinbase,ETH-USD,185823279,3574.8,0.874465,2026-05-08 22:20:23.601000+00:00,sell,2026-05-08T23:14:50.676041+00:00,match,3126.037482,-0.4676738111645766,-0.6376062523662706,False
coinbase,ETH-USD,185822731,3555.92,1.696248,2026-05-08 22:20:24.347000+00:00,sell,2026-05-08T23:14:50.674238+00:00,match,6031.72218816,-0.8985767507847306,0.5820770623367876,False
coinbase,ETH-USD,185823015,3581.65,1.546578,2026-05-08 22:20:24.735000+00:00,buy,2026-05-08T23:14:50.675129+00:00,match,5539.3010937,-0.31728223757491375,0.35564847889616513,False
coinbase,ETH-USD,185825827,3677.88,2.455093,2026-05-08 22:20:25.343000+00:00,sell,2026-05-08T23:14:50.683784+00:00,match,9029.53744284,1.79808297319237,1.820539677892188,False
coinbase,ETH-USD,185826091,3697.95,0.898865,2026-05-08 22:20:25.462000+00:00,sell,2026-05-08T23:14:50.684650+00:00,match,3323.95782675,2.2154404965417744,-0.6122866083168578,False
coinbase,ETH-USD,185825139,3587.3,1.969871,2026-05-08 22:20:26.094000+00:00,buy,2026-05-08T23:14:50.681756+00:00,match,7066.5182383,-0.18633766694901724,0.9857050003824381,False
coinbase,ETH-USD,185823311,3593.84,0.421598,2026-05-08 22:20:26.899000+00:00,sell,2026-05-08T23:14:50.676140+00:00,match,1515.15575632,-0.03340191757474316,-1.355944307588943,False
coinbase,ETH-USD,185822927,3566.95,1.596814,2026-05-08 22:20:27.483000+00:00,sell,2026-05-08T23:14:50.674823+00:00,match,5695.755697299999,-0.6169028802373971,0.4288041013831523,False
coinbase,ETH-USD,185824041,3557.51,1.324078,2026-05-08 22:20:27.876000+00:00,buy,2026-05-08T23:14:50.678395+00:00,match,4710.420725780001,-0.8287728308606515,-0.0008706722454129992,False
coinbase,ETH-USD,185822665,3547.87,0.880867,2026-05-08 22:20:32.982000+00:00,buy,2026-05-08T23:14:50.674062+00:00,match,3125.2016032899996,-1.0361807688698113,-0.6648787004022175,False
coinbase,ETH-USD,185824055,3549.98,1.960096,2026-05-08 22:20:34.060000+00:00,buy,2026-05-08T23:14:50.678437+00:00,match,6958.30159808,-0.9736761847707389,0.9794896113855297,False
coinbase,ETH-USD,185823795,3645.09,0.358323,2026-05-08 22:20:37.806000+00:00,buy,2026-05-08T23:14:50.677651+00:00,match,1306.11958407,1.1992465427454964,-1.445862064222329,False
coinbase,ETH-USD,185824841,3603.36,1.975585,2026-05-08 22:20:38.020000+00:00,buy,2026-05-08T23:14:50.680851+00:00,match,7118.7439656,0.23454246628257497,1.044397895048954,False
coinbase,ETH-USD,185824115,3555.52,2.118351,2026-05-08 22:20:38.085000+00:00,buy,2026-05-08T23:14:50.678618+00:00,match,7531.83934752,-0.8505971483186787,1.2008513866321753,False
coinbase,ETH-USD,185823027,3574.49,0.192396,2026-05-08 22:20:38.148000+00:00,buy,2026-05-08T23:14:50.675206+00:00,match,687.71757804,-0.40627612932189555,-1.6670567436801593,False
coinbase,ETH-USD,185825357,3568.48,1.645796,2026-05-08 22:20:41.128000+00:00,sell,2026-05-08T23:14:50.682426+00:00,match,5872.99011008,-0.5549456175399687,0.5323604791511894,False
coinbase,ETH-USD,185822867,3566.36,0.53794,2026-05-08 22:20:41.933000+00:00,buy,2026-05-08T23:14:50.674622+00:00,match,1918.4876984,-0.6064826873267286,-1.1265452994251326,False
coinbase,ETH-USD,185822679,3561.65,1.178745,2026-05-08 22:20:42.579000+00:00,sell,2026-05-08T23:14:50.674100+00:00,match,4198.27712925,-0.7015315118909119,-0.16747452154564274,False
coinbase,ETH-USD,185824389,3613.59,0.823129,2026-05-08 22:20:42.579000+00:00,buy,2026-05-08T23:14:50.679471+00:00,match,2974.45072311,0.5538919814069156,-0.7053214917691938,False
coinbase,ETH-USD,185823933,3584.21,0.448614,2026-05-08 22:20:43.545000+00:00,sell,2026-05-08T23:14:50.678071+00:00,match,1607.92678494,-0.15681894428469909,-1.2717640168733855,False
coinbase,ETH-USD,185823351,3631.3,0.14671,2026-05-08 22:20:43.737000+00:00,buy,2026-05-08T23:14:50.676273+00:00,match,532.7480230000001,0.9645325033417157,-1.713697692818226,False
coinbase,ETH-USD,185824119,3557.99,0.868356,2026-05-08 22:20:44.022000+00:00,sell,2026-05-08T23:14:50.678630+00:00,match,3089.60196444,-0.7850348675802589,-0.6233702095754309,False
coinbase,ETH-USD,185823551,3684.73,1.875448,2026-05-08 22:20:46.041000+00:00,buy,2026-05-08T23:14:50.676903+00:00,match,6910.51950904,2.249823324734615,0.9777482506601151,False
coinbase,ETH-USD,185823243,3574.02,1.360361,2026-05-08 22:20:46.341000+00:00,sell,2026-05-08T23:14:50.675919+00:00,match,4861.95742122,-0.4019919556582493,0.10752047610406643,False
coinbase,ETH-USD,185823687,3658.36,1.440088,2026-05-08 22:20:47.673000+00:00,sell,2026-05-08T23:14:50.677332+00:00,match,5268.36033568,1.7169345293430303,0.26616066203762895,False
coinbase,ETH-USD,185823581,3686.18,2.135544,2026-05-08 22:20:48.387000+00:00,buy,2026-05-08T23:14:50.677004+00:00,match,7871.999581919999,2.3462000743124616,1.3563602251616205,False
coinbase,ETH-USD,185823987,3584.05,2.209959,2026-05-08 22:20:49.773000+00:00,buy,2026-05-08T23:14:50.678236+00:00,match,7920.603553950001,-0.19923765602392268,1.3766157120379738,False
coinbase,ETH-USD,185825489,3627.35,0.908964,2026-05-08 22:20:50.682000+00:00,sell,2026-05-08T23:14:50.682821+00:00,match,3297.1305654,0.8964413259587252,-0.5835341153185603,False
coinbase,ETH-USD,185823171,3586.02,2.41159,2026-05-08 22:20:51.198000+00:00,sell,2026-05-08T23:14:50.675681+00:00,match,8648.0099718,-0.14692644384317122,1.6467948715605476,False
coinbase,ETH-USD,185822921,3558.28,0.351616,2026-05-08 22:20:53.081000+00:00,buy,2026-05-08T23:14:50.674807+00:00,match,1251.14818048,-0.846240191489762,-1.4445463119222361,False
coinbase,ETH-USD,185826089,3697.15,2.194339,2026-05-08 22:20:54.696000+00:00,buy,2026-05-08T23:14:50.684645+00:00,match,8112.80043385,2.550948057835548,1.4199917222004235,False
coinbase,ETH-USD,185824023,3569.34,1.467991,2026-05-08 22:20:54.759000+00:00,buy,2026-05-08T23:14:50.678344+00:00,match,5239.75899594,-0.5603596400160861,0.2076387508650825,False
coinbase,ETH-USD,185822745,3551.13,0.285155,2026-05-08 22:20:54.975000+00:00,buy,2026-05-08T23:14:50.674276+00:00,match,1012.62247515,-0.9843474480514993,-1.532558150855651,False
coinbase,ETH-USD,185826911,3626.32,1.517372,2026-05-08 22:20:55.092000+00:00,buy,2026-05-08T23:14:50.687243+00:00,match,5502.47643104,0.834075751844963,0.3352438181442981,False
coinbase,ETH-USD,185822787,3569.92,0.555173,2026-05-08 22:20:55.548000+00:00,sell,2026-05-08T23:14:50.674389+00:00,match,1981.92319616,-0.5296743865484719,-1.1147096141609283,False
coinbase,ETH-USD,185822663,3546.73,1.414866,2026-05-08 22:20:55.627000+00:00,buy,2026-05-08T23:14:50.674056+00:00,match,5018.14768818,-1.0724998631685312,0.15619596689566675,False
coinbase,ETH-USD,185823609,3676.36,0.705358,2026-05-08 22:20:56.955000+00:00,sell,2026-05-08T23:14:50.677095+00:00,match,2593.14993688,1.9882940947763421,-0.8463204049359293,False
coinbase,ETH-USD,185823309,3591.03,1.577619,2026-05-08 22:21:00.237000+00:00,sell,2026-05-08T23:14:50.676133+00:00,match,5665.277157570001,-0.03489491538081711,0.4252150425629624,False
coinbase,ETH-USD,185825285,3585.53,2.429793,2026-05-08 22:21:01.290000+00:00,sell,2026-05-08T23:14:50.682223+00:00,match,8712.095695290001,-0.18104306831868944,1.692670688654656,False
coinbase,ETH-USD,185822779,3560.58,0.773739,2026-05-08 22:21:01.343000+00:00,buy,2026-05-08T23:14:50.674367+00:00,match,2754.95960862,-0.7682642965438199,-0.7865977723168105,False
coinbase,ETH-USD,185825407,3596.73,0.893175,2026-05-08 22:21:02.053000+00:00,sell,2026-05-08T23:14:50.682567+00:00,match,3212.5093177500003,0.09312690414763247,-0.5868894061252673,False
coinbase,ETH-USD,185823345,3621.4,1.658421,2026-05-08 22:21:02.940000+00:00,sell,2026-05-08T23:14:50.676257+00:00,match,6005.8058094,0.6803892889954272,0.5588820266605837,False
coinbase,ETH-USD,185823397,3652.54,1.875488,2026-05-08 22:21:03.988000+00:00,sell,2026-05-08T23:14:50.676424+00:00,match,6850.29493952,1.3923031776303911,0.9062453404462067,False
coinbase,ETH-USD,185823675,3659.69,1.085818,2026-05-08 22:21:04.521000+00:00,buy,2026-05-08T23:14:50.677293+00:00,match,3973.75727642,1.578273529168006,-0.2835610866305905,False
coinbase,ETH-USD,185822819,3555.48,1.506594,2026-05-08 22:21:05.927000+00:00,buy,2026-05-08T23:14:50.674475+00:00,match,5356.66483512,-0.9022648308612355,0.28794336140630056,False
coinbase,ETH-USD,185825995,3699.9,1.712152,2026-05-08 22:21:06.888000+00:00,sell,2026-05-08T23:14:50.684369+00:00,match,6334.791184799999,2.4359425785941373,0.6968039907319266,False
coinbase,ETH-USD,185826897,3630.96,1.932759,2026-05-08 22:21:07.413000+00:00,sell,2026-05-08T23:14:50.687199+00:00,match,7017.77061864,0.8277521033595562,0.9666848419104015,False
coinbase,ETH-USD,185823745,3651.05,0.308948,2026-05-08 22:21:07.912000+00:00,sell,2026-05-08T23:14:50.677502+00:00,match,1127.9845954,1.2702597955472121,-1.480983351982433,False
coinbase,ETH-USD,185822677,3559.78,1.682104,2026-05-08 22:21:08.563000+00:00,sell,2026-05-08T23:14:50.674094+00:00,match,5987.9201771200005,-0.8244270792913259,0.524245836932689,False
coinbase,ETH-USD,185822813,3556.99,1.998376,2026-05-08 22:21:09.217000+00:00,sell,2026-05-08T23:14:50.674459+00:00,match,7108.2034482399995,-0.8910161588906318,0.9772179688096495,False
coinbase,ETH-USD,185823411,3649.19,0.660673,2026-05-08 22:21:09.294000+00:00,sell,2026-05-08T23:14:50.676469+00:00,match,2410.92130487,1.2101199880529476,-0.9658015962617049,False
coinbase,ETH-USD,185822691,3560.99,0.530343,2026-05-08 22:21:09.834000+00:00,buy,2026-05-08T23:14:50.674131+00:00,match,1888.54611957,-0.7862678909612607,-1.2003646035508242,False
coinbase,ETH-USD,185823719,3658.09,1.393395,2026-05-08 22:21:12.317000+00:00,buy,2026-05-08T23:14:50.677430+00:00,match,5097.16431555,1.401257270677449,0.14353396576891414,False
coinbase,ETH-USD,185825603,3626.37,1.448463,2026-05-08 22:21:13.593000+00:00,sell,2026-05-08T23:14:50.683157+00:00,match,5252.66276931,0.6689376458743009,0.1942504194362056,False
coinbase,ETH-USD,185822783,3567.44,0.130544,2026-05-08 22:21:14.287000+00:00,sell,2026-05-08T23:14:50.674379+00:00,match,465.70788736,-0.6594813039056432,-1.781978568712226,False
coinbase,ETH-USD,185823123,3591.92,0.136517,2026-05-08 22:21:14.613000+00:00,sell,2026-05-08T23:14:50.675523+00:00,match,490.35814264,-0.11157765039666222,-1.7335257843831324,False
coinbase,ETH-USD,185826001,3693.02,1.688139,2026-05-08 22:21:14.696000+00:00,sell,2026-05-08T23:14:50.684385+00:00,match,6234.33108978,2.108318342282615,0.6382364172771845,False
coinbase,ETH-USD,185823179,3584.21,2.075948,2026-05-08 22:21:18.008000+00:00,buy,2026-05-08T23:14:50.675711+00:00,match,7440.63358108,-0.2927242796348013,1.1146764327374123,False
coinbase,ETH-USD,185823135,3591.05,1.093771,2026-05-08 22:21:19.647000+00:00,buy,2026-05-08T23:14:50.675560+00:00,match,3927.786349550001,-0.13399579640804052,-0.3254355477013492,False
coinbase,ETH-USD,185825831,3681.86,0.832364,2026-05-08 22:21:20.439000+00:00,buy,2026-05-08T23:14:50.683795+00:00,match,3064.64771704,1.8701175817998785,-0.6658550856459919,False
coinbase,ETH-USD,185823605,3668.96,0.171253,2026-05-08 22:21:23.170000+00:00,sell,2026-05-08T23:14:50.677081+00:00,match,628.32040688,1.5455791001512054,-1.6704609767621368,False
coinbase,ETH-USD,185823157,3577.73,1.025149,2026-05-08 22:21:23.288000+00:00,sell,2026-05-08T23:14:50.675632+00:00,match,3667.70633177,-0.467248519627488,-0.41554184405874106,False
coinbase,ETH-USD,185824519,3597.54,0.922513,2026-05-08 22:21:24.682000+00:00,buy,2026-05-08T23:14:50.679868+00:00,match,3318.77741802,-0.027912505480803176,-0.5464028007719353,False
coinbase,ETH-USD,185824817,3596.87,2.069572,2026-05-08 22:21:25.093000+00:00,buy,2026-05-08T23:14:50.680781+00:00,match,7443.98143964,-0.05108002260856332,1.13233138640751,False
coinbase,ETH-USD,185823773,3629.82,1.563689,2026-05-08 22:21:26.724000+00:00,buy,2026-05-08T23:14:50.677584+00:00,match,5675.90960598,0.6729899021274713,0.41665732718955645,False
coinbase,ETH-USD,185822973,3580.79,0.598403,2026-05-08 22:21:27.861000+00:00,sell,2026-05-08T23:14:50.674987+00:00,match,2142.75547837,-0.3947875798579537,-1.045457296300564,False
coinbase,ETH-USD,185824525,3606.92,1.66596,2026-05-08 22:21:27.917000+00:00,sell,2026-05-08T23:14:50.679888+00:00,match,6008.984443200001,0.1856147130239477,0.5587951570434092,False
coinbase,ETH-USD,185822781,3563.46,1.945332,2026-05-08 22:21:28.824000+00:00,sell,2026-05-08T23:14:50.674373+00:00,match,6932.1127687200005,-0.7819436951083528,0.9292859864023042,False
coinbase,ETH-USD,185823471,3665.61,0.351013,2026-05-08 22:21:28.857000+00:00,buy,2026-05-08T23:14:50.676659+00:00,match,1286.6767629300002,1.4778801506805441,-1.39858764367513,False
coinbase,ETH-USD,185822879,3565.75,0.796393,2026-05-08 22:21:29.491000+00:00,sell,2026-05-08T23:14:50.674667+00:00,match,2839.7383397500003,-0.7549005362997485,-0.7388564587161474,False
coinbase,ETH-USD,185822897,3573.81,1.691588,2026-05-08 22:21:31.768000+00:00,sell,2026-05-08T23:14:50.674723+00:00,match,6045.41411028,-0.5832342756816755,0.5787302426223969,False
coinbase,ETH-USD,185823911,3605.49,0.975323,2026-05-08 22:21:32.405000+00:00,sell,2026-05-08T23:14:50.678008+00:00,match,3516.51732327,0.11637507136825095,-0.4625588708361684,False
coinbase,ETH-USD,185823575,3684.84,1.159434,2026-05-08 22:21:33.071000+00:00,buy,2026-05-08T23:14:50.676984+00:00,match,4272.32878056,1.857206505224998,-0.1474104573501167,False
coinbase,ETH-USD,185824117,3558.77,1.561468,2026-05-08 22:21:36.463000+00:00,buy,2026-05-08T23:14:50.678623+00:00,match,5556.90547436,-0.9363255751179943,0.37520111732889455,False
coinbase,ETH-USD,185826981,3621.68,2.465702,2026-05-08 22:21:37.314000+00:00,buy,2026-05-08T23:14:50.687462+00:00,match,8929.983619359999,0.469379792318058,1.746133746657015,False
coinbase,ETH-USD,185824059,3543.69,0.02578,2026-05-08 22:21:37.482000+00:00,buy,2026-05-08T23:14:50.678448+00:00,match,91.3563282,-1.2817579703484434,-1.8585184024946673,False
coinbase,ETH-USD,185823093,3593.16,1.443606,2026-05-08 22:21:39.273000+00:00,sell,2026-05-08T23:14:50.675425+00:00,match,5187.107334959999,-0.17826527727432928,0.20288280793437014,False
coinbase,ETH-USD,185825561,3620.09,1.333602,2026-05-08 22:21:40.043000+00:00,buy,2026-05-08T23:14:50.683031+00:00,match,4827.75926418,0.42665900685314384,0.06473531931150889,False
coinbase,ETH-USD,185823563,3679.8,2.397874,2026-05-08 22:21:40.429000+00:00,sell,2026-05-08T23:14:50.676940+00:00,match,8823.696745199999,1.7227629989322533,1.687768326136302,False
coinbase,ETH-USD,185823457,3663.25,2.396651,2026-05-08 22:21:43.448000+00:00,buy,2026-05-08T23:14:50.676614+00:00,match,8779.53177575,1.3313204974936952,1.6565183545477495,False
coinbase,ETH-USD,185822797,3560.81,2.091736,2026-05-08 22:21:43.778000+00:00,buy,2026-05-08T23:14:50.674415+00:00,match,7448.27446616,-0.9180621962771432,1.1330221288082118,False
coinbase,ETH-USD,185825207,3608.32,1.233284,2026-05-08 22:21:44.333000+00:00,sell,2026-05-08T23:14:50.681965+00:00,match,4450.08332288,0.11147973629967532,-0.09892456851034716,False
coinbase,ETH-USD,185824089,3546.61,1.554955,2026-05-08 22:21:44.892000+00:00,buy,2026-05-08T23:14:50.678536+00:00,match,5514.81895255,-1.2303381440877212,0.32138679348239685,False
coinbase,ETH-USD,185822727,3558.39,0.389034,2026-05-08 22:21:44.898000+00:00,buy,2026-05-08T23:14:50.674227+00:00,match,1384.33469526,-0.9543247526012467,-1.369214931897114,False
coinbase,ETH-USD,185823683,3655.66,0.326025,2026-05-08 22:21:45.019000+00:00,sell,2026-05-08T23:14:50.677319+00:00,match,1191.8365515,1.161336798205544,-1.4166345888400642,False
coinbase,ETH-USD,185826483,3689.77,2.05833,2026-05-08 22:21:45.915000+00:00,buy,2026-05-08T23:14:50.685915+00:00,match,7594.764284100001,1.850292225587761,1.201005343039066,False
coinbase,ETH-USD,185825165,3584.0,1.544911,2026-05-08 22:21:46.376000+00:00,buy,2026-05-08T23:14:50.681837+00:00,match,5536.961024,-0.4200695707969481,0.35129824769220913,False
coinbase,ETH-USD,185824065,3549.83,1.342863,2026-05-08 22:21:47.229000+00:00,buy,2026-05-08T23:14:50.678467+00:00,match,4766.935363289999,-1.1479052856542413,0.0249471773993369,False
coinbase,ETH-USD,185824293,3623.17,2.202449,2026-05-08 22:21:48.255000+00:00,buy,2026-05-08T23:14:50.679178+00:00,match,7979.84714333,0.42634964104053186,1.3202839113944889,False
coinbase,ETH-USD,185823723,3658.44,0.469915,2026-05-08 22:21:48.882000+00:00,buy,2026-05-08T23:14:50.677441+00:00,match,1719.1558326000002,1.1589432690724197,-1.2381328828693032,False
coinbase,ETH-USD,185823613,3671.66,1.876449,2026-05-08 22:21:49.822000+00:00,buy,2026-05-08T23:14:50.677109+00:00,match,6889.682735339999,1.4110665284125656,0.8710960138838354,False
coinbase,ETH-USD,185823105,3601.65,0.754734,2026-05-08 22:21:54.096000+00:00,buy,2026-05-08T23:14:50.675461+00:00,match,2718.2877111000003,-0.08645102862018401,-0.8143741935951558,False
coinbase,ETH-USD,185824047,3556.64,2.276979,2026-05-08 22:21:54.138000+00:00,buy,2026-05-08T23:14:50.678414+00:00,match,8098.394590559999,-1.0376497893822727,1.3516323189111075,False
coinbase,ETH-USD,185824111,3555.52,0.806121,2026-05-08 22:21:55.423000+00:00,sell,2026-05-08T23:14:50.678605+00:00,match,2866.17933792,-1.0435629405828755,-0.7650906252910632,False
coinbase,ETH-USD,185825655,3640.79,1.795751,2026-05-08 22:21:55.506000+00:00,sell,2026-05-08T23:14:50.683300+00:00,match,6537.95228329,0.743891689635198,0.7197601517021508,False
coinbase,ETH-USD,185823379,3637.52,2.061403,2026-05-08 22:21:56.153000+00:00,sell,2026-05-08T23:14:50.676361+00:00,match,7498.394640559999,0.6621297183575279,1.0970375149594367,False
coinbase,ETH-USD,185823077,3574.08,0.562186,2026-05-08 22:21:56.938000+00:00,buy,2026-05-08T23:14:50.675377+00:00,match,2009.29773888,-0.6826439807218259,-1.1131283317095442,False
coinbase,ETH-USD,185823245,3571.48,1.162698,2026-05-08 22:21:58.002000+00:00,sell,2026-05-08T23:14:50.675925+00:00,match,4152.55265304,-0.7231048875331317,-0.2421257165746624,False
coinbase,ETH-USD,185823335,3604.13,2.078764,2026-05-08 22:21:58.022000+00:00,sell,2026-05-08T23:14:50.676222+00:00,match,7492.13569532,-0.010685213368795724,1.1162280332544767,False
coinbase,ETH-USD,185822715,3550.01,1.027081,2026-05-08 22:21:58.509000+00:00,sell,2026-05-08T23:14:50.674195+00:00,match,3646.14782081,-1.1855675562645465,-0.43198698481600134,False
coinbase,ETH-USD,185826917,3631.42,0.591945,2026-05-08 22:21:58.648000+00:00,buy,2026-05-08T23:14:50.687261+00:00,match,2149.6009119,0.5666276219445401,-1.0361737529293003,False
coinbase,ETH-USD,185822815,3562.05,1.240558,2026-05-08 22:22:01.077000+00:00,sell,2026-05-08T23:14:50.674465+00:00,match,4418.9296239000005,-0.9400013405932339,-0.10533917325245756,False
coinbase,ETH-USD,185823409,3651.61,1.706679,2026-05-08 22:22:01.377000+00:00,buy,2026-05-08T23:14:50.676462+00:00,match,6232.12610319,0.9856276790577966,0.6306424499158658,False
coinbase,ETH-USD,185822887,3570.22,1.102652,2026-05-08 22:22:01.498000+00:00,buy,2026-05-08T23:14:50.674691+00:00,match,3936.710223439999,-0.7589030447242106,-0.2882378263002293,False
coinbase,ETH-USD,185824183,3570.21,0.640638,2026-05-08 22:22:04.568000+00:00,buy,2026-05-08T23:14:50.678829+00:00,match,2287.2121939800004,-0.7449903167883319,-0.9634897331979116,False
coinbase,ETH-USD,185823595,3672.84,1.030568,2026-05-08 22:22:06.017000+00:00,sell,2026-05-08T23:14:50.677050+00:00,match,3785.11137312,1.5029175806627584,-0.333570935409024,False
coinbase,ETH-USD,185823191,3590.99,1.993015,2026-05-08 22:22:06.913000+00:00,buy,2026-05-08T23:14:50.675747+00:00,match,7156.8969348499995,-0.2976938526042284,1.0433674738941852,False
coinbase,ETH-USD,185822707,3554.06,1.075555,2026-05-08 22:22:09.338000+00:00,buy,2026-05-08T23:14:50.674174+00:00,match,3822.5870033,-1.1043905480732898,-0.33471699914926706,False
coinbase,ETH-USD,185822983,3580.44,1.831957,2026-05-08 22:22:10.914000+00:00,buy,2026-05-08T23:14:50.675022+00:00,match,6559.2121210800005,-0.5326866414701679,0.7928392440766849,False
coinbase,ETH-USD,185825817,3666.79,0.242763,2026-05-08 22:22:13.323000+00:00,buy,2026-05-08T23:14:50.683756+00:00,match,890.16094077,1.3417717983081514,-1.5318080610695421,False
coinbase,ETH-USD,185823939,3576.76,0.589174,2026-05-08 22:22:13.503000+00:00,buy,2026-05-08T23:14:50.678086+00:00,match,2107.33399624,-0.6486876851374768,-1.0119752849789054,False
coinbase,ETH-USD,185824837,3602.11,1.353966,2026-05-08 22:22:14.448000+00:00,buy,2026-05-08T23:14:50.680841+00:00,match,4877.13446826,-0.07855933097897036,0.11014040641853212,False
coinbase,ETH-USD,185823577,3688.69,0.178453,2026-05-08 22:22:14.538000+00:00,sell,2026-05-08T23:14:50.676991+00:00,match,658.25779657,1.7952510589824056,-1.5967684296162843,False
coinbase,ETH-USD,185822919,3561.65,2.140381,2026-05-08 22:22:16.833000+00:00,sell,2026-05-08T23:14:50.674800+00:00,match,7623.28798865,-0.9823863989369594,1.2626462264537097,False
coinbase,ETH-USD,185822837,3558.56,0.591917,2026-05-08 22:22:21.598000+00:00,buy,2026-05-08T23:14:50.674525+00:00,match,2106.37215952,-1.043287398643392,-1.0155572162069924,False
coinbase,ETH-USD,185822761,3550.57,1.310219,2026-05-08 22:22:23.675000+00:00,buy,2026-05-08T23:14:50.674318+00:00,match,4652.024274830001,-1.2087624875711533,0.04256600136742793,False
coinbase,ETH-USD,185822721,3553.27,1.644612,2026-05-08 22:22:24.903000+00:00,sell,2026-05-08T23:14:50.674211+00:00,match,5843.75048124,-1.1439746051976212,0.5224505548488527,False
coinbase,ETH-USD,185823223,3582.84,0.663105,2026-05-08 22:22:25.644000+00:00,buy,2026-05-08T23:14:50.675851+00:00,match,2375.7991182000005,-0.5099061270950279,-0.9096572397126855,False
coinbase,ETH-USD,185825913,3679.67,1.891253,2026-05-08 22:22:25.803000+00:00,buy,2026-05-08T23:14:50.684056+00:00,match,6959.18692651,1.5604198553753161,0.9711879150910818,False
coinbase,ETH-USD,185827307,3586.78,0.454552,2026-05-08 22:22:25.908000+00:00,sell,2026-05-08T23:14:50.688489+00:00,match,1630.37802256,-0.43388050648252674,-1.2321950352047641,False
coinbase,ETH-USD,185824667,3607.29,1.55582,2026-05-08 22:22:26.183000+00:00,sell,2026-05-08T23:14:50.680322+00:00,match,5612.293927799999,0.011595878826745575,0.3987859413214621,False
coinbase,ETH-USD,185825247,3611.83,0.651822,2026-05-08 22:22:27.108000+00:00,sell,2026-05-08T23:14:50.682088+00:00,match,2354.27025426,0.09816826432622903,-0.9617227633365475,False
coinbase,ETH-USD,185824461,3606.91,1.153557,2026-05-08 22:22:31.698000+00:00,sell,2026-05-08T23:14:50.679688+00:00,match,4160.776278869999,0.008756087841690229,-0.19555328074947206,False
coinbase,ETH-USD,185824097,3545.83,0.972762,2026-05-08 22:22:32.363000+00:00,sell,2026-05-08T23:14:50.678558+00:00,match,3449.24868246,-1.3164452006489784,-0.4879301946357024,False
coinbase,ETH-USD,185827035,3613.41,2.45826,2026-05-08 22:22:32.973000+00:00,buy,2026-05-08T23:14:50.687640+00:00,match,8882.7012666,0.16739780050664466,1.7493134706928117,False
coinbase,ETH-USD,185825789,3666.47,0.749714,2026-05-08 22:22:33.322000+00:00,sell,2026-05-08T23:14:50.683675+00:00,match,2748.80388958,1.3448701268796408,-0.7682551845240265,False
coinbase,ETH-USD,185822829,3557.81,0.465202,2026-05-08 22:22:33.543000+00:00,sell,2026-05-08T23:14:50.674501+00:00,match,1655.10032762,-1.0447318816095303,-1.1997325844242046,False
coinbase,ETH-USD,185823113,3592.85,0.918967,2026-05-08 22:22:34.735000+00:00,buy,2026-05-08T23:14:50.675487+00:00,match,3301.71058595,-0.2668465828362107,-0.5136667173405036,False
coinbase,ETH-USD,185824069,3548.9,0.568963,2026-05-08 22:22:36.290000+00:00,sell,2026-05-08T23:14:50.678479+00:00,match,2019.1927907,-1.217707722847214,-1.0304540841493097,False
coinbase,ETH-USD,185825621,3630.9,1.326451,2026-05-08 22:22:39.187000+00:00,sell,2026-05-08T23:14:50.683205+00:00,match,4816.210935900001,0.56101821551451,0.13266125590380787,False
coinbase,ETH-USD,185824549,3598.29,1.06855,2026-05-08 22:22:40.813000+00:00,sell,2026-05-08T23:14:50.679965+00:00,match,3844.9527795,-0.1355925402922789,-0.26481903009226404,False
coinbase,ETH-USD,185822827,3562.88,1.434847,2026-05-08 22:22:41.283000+00:00,sell,2026-05-08T23:14:50.674496+00:00,match,5112.18767936,-0.9264244403793388,0.28036333952854625,False
coinbase,ETH-USD,185824049,3555.76,2.290086,2026-05-08 22:22:42.129000+00:00,buy,2026-05-08T23:14:50.678419+00:00,match,8142.99619536,-1.0880972602375136,1.550712610275676,False
coinbase,ETH-USD,185826329,3631.51,0.428521,2026-05-08 22:22:44.630000+00:00,buy,2026-05-08T23:14:50.685418+00:00,match,1556.17829671,0.6075933758818939,-1.2513783806691727,False
coinbase,ETH-USD,185822877,3561.15,1.784008,2026-05-08 22:22:44.973000+00:00,sell,2026-05-08T23:14:50.674658+00:00,match,6353.120089200001,-0.9642430155020618,0.7769983453806829,False
coinbase,ETH-USD,185823749,3654.25,1.64886,2026-05-08 22:22:47.982000+00:00,buy,2026-05-08T23:14:50.677513+00:00,match,6025.346655,1.0953609837089444,0.6314285500851369,False
coinbase,ETH-USD,185822775,3557.85,2.190994,2026-05-08 22:22:48.018000+00:00,buy,2026-05-08T23:14:50.674356+00:00,match,7795.228002899999,-1.045776729837629,1.356371709741259,False
coinbase,ETH-USD,185825113,3593.41,1.658374,2026-05-08 22:22:48.750000+00:00,buy,2026-05-08T23:14:50.681682+00:00,match,5959.21771534,-0.24363035012164488,0.5759645040334687,False
coinbase,ETH-USD,185823955,3573.87,0.505607,2026-05-08 22:22:49.003000+00:00,buy,2026-05-08T23:14:50.678136+00:00,match,1806.97368909,-0.6811531004876995,-1.1650688803927352,False
coinbase,ETH-USD,185823543,3683.45,1.434324,2026-05-08 22:22:50.217000+00:00,buy,2026-05-08T23:14:50.676877+00:00,match,5283.260737799999,1.742578895981795,0.3114574369638023,False
coinbase,ETH-USD,185822741,3550.07,1.545351,2026-05-08 22:22:51.671000+00:00,sell,2026-05-08T23:14:50.674265+00:00,match,5486.10422457,-1.2126359985177189,0.38902618589163673,False
coinbase,ETH-USD,185826707,3684.97,0.370416,2026-05-08 22:22:51.713000+00:00,buy,2026-05-08T23:14:50.686615+00:00,match,1364.97184752,1.7336825863615455,-1.3492582637599975,False
coinbase,ETH-USD,185823813,3622.86,2.368626,2026-05-08 22:22:52.617000+00:00,sell,2026-05-08T23:14:50.677710+00:00,match,8581.20039036,0.3872850858763349,1.6996816892571158,False
coinbase,ETH-USD,185822865,3561.37,1.286861,2026-05-08 22:22:55.836000+00:00,sell,2026-05-08T23:14:50.674617+00:00,match,4582.98815957,-0.9411676763774304,0.011194516423073696,False
coinbase,ETH-USD,185824145,3553.84,1.749074,2026-05-08 22:22:57.646000+00:00,sell,2026-05-08T23:14:50.678714+00:00,match,6215.929144160001,-1.1058283538161904,0.6950237806587064,False
coinbase,ETH-USD,185824337,3620.62,0.227654,2026-05-08 22:22:57.698000+00:00,buy,2026-05-08T23:14:50.679310+00:00,match,824.24862548,0.38691782064346664,-1.5372134028670783,False
coinbase,ETH-USD,185823195,3586.39,2.026742,2026-05-08 22:23:00.048000+00:00,buy,2026-05-08T23:14:50.675760+00:00,match,7268.68724138,-0.37234657361007834,1.148232539135306,False
coinbase,ETH-USD,185826209,3659.55,2.228794,2026-05-08 22:23:00.486000+00:00,buy,2026-05-08T23:14:50.685045+00:00,match,8156.383082700001,1.2681036167788673,1.487028738919096,False
coinbase,ETH-USD,185824797,3596.39,0.704607,2026-05-08 22:23:01.983000+00:00,sell,2026-05-08T23:14:50.680717+00:00,match,2534.0415687299997,-0.15799288189765143,-0.8365672389868668,False
coinbase,ETH-USD,185822765,3551.2,1.809362,2026-05-08 22:23:02.755000+00:00,buy,2026-05-08T23:14:50.674329+00:00,match,6425.4063344,-1.1736899095155395,0.7846064806306197,False
coinbase,ETH-USD,185823843,3627.2,1.621008,2026-05-08 22:23:02.937000+00:00,sell,2026-05-08T23:14:50.677806+00:00,match,5879.7202176,0.5441730302636465,0.5442798490058157,False
coinbase,ETH-USD,185825245,3612.64,1.957091,2026-05-08 22:23:03.615000+00:00,sell,2026-05-08T23:14:50.682082+00:00,match,7070.265230239999,0.20436006726403264,1.0208384339831584,False
coinbase,ETH-USD,185824273,3605.51,0.105019,2026-05-08 22:23:03.838000+00:00,buy,2026-05-08T23:14:50.679119+00:00,match,378.64705469,0.05487585163941053,-1.7296330676486829,False
coinbase,ETH-USD,185822961,3566.24,0.796904,2026-05-08 22:23:05.871000+00:00,sell,2026-05-08T23:14:50.674945+00:00,match,2841.9509209599996,-0.8280867310037936,-0.7042568323243671,False
coinbase,ETH-USD,185823043,3578.32,1.976823,2026-05-08 22:23:06.639000+00:00,buy,2026-05-08T23:14:50.675278+00:00,match,7073.705277360001,-0.5557167210661759,1.0161591442567608,False
coinbase,ETH-USD,185822849,3568.87,0.757131,2026-05-08 22:23:09.727000+00:00,buy,2026-05-08T23:14:50.674563+00:00,match,2702.10211197,-0.7645114495780994,-0.8149554488056647,False
coinbase,ETH-USD,185822767,3549.17,1.640171,2026-05-08 22:23:09.803000+00:00,sell,2026-05-08T23:14:50.674334+00:00,match,5821.245708070001,-1.1987670500019811,0.49577144296022563,False
coinbase,ETH-USD,185824569,3606.69,1.83486,2026-05-08 22:23:11.097000+00:00,buy,2026-05-08T23:14:50.680018+00:00,match,6617.7712134,0.12777314236795173,0.8366512022108407,False
coinbase,ETH-USD,185823415,3648.51,0.794716,2026-05-08 22:23:12.173000+00:00,buy,2026-05-08T23:14:50.676482+00:00,match,2899.52927316,1.0771775383823345,-0.7243026011390175,False
coinbase,ETH-USD,185824953,3583.87,0.894426,2026-05-08 22:23:13.791000+00:00,buy,2026-05-08T23:14:50.681188+00:00,match,3205.50650862,-0.39592189591758264,-0.5964637580659079,False
coinbase,ETH-USD,185826113,3685.59,1.515066,2026-05-08 22:23:14.009000+00:00,buy,2026-05-08T23:14:50.684719+00:00,match,5583.912098940001,1.9694660428305335,0.38845771754765024,False
coinbase,ETH-USD,185823793,3642.07,2.262399,2026-05-08 22:23:14.738000+00:00,buy,2026-05-08T23:14:50.677644+00:00,match,8239.81552593,0.9391621885498038,1.4860632182990055,False
coinbase,ETH-USD,185824835,3604.47,0.271091,2026-05-08 22:23:17.080000+00:00,sell,2026-05-08T23:14:50.680835+00:00,match,977.13937677,0.06544682341806392,-1.5526656427794172,False
coinbase,ETH-USD,185822977,3582.68,0.926825,2026-05-08 22:23:17.478000+00:00,buy,2026-05-08T23:14:50.675002+00:00,match,3320.517391,-0.43628251395305195,-0.559786176194939,False
coinbase,ETH-USD,185822907,3566.91,2.201631,2026-05-08 22:23:17.553000+00:00,sell,2026-05-08T23:14:50.674757+00:00,match,7853.019630209999,-0.7863971974491448,1.3228354287889377,False
coinbase,ETH-USD,185823159,3572.38,1.643294,2026-05-08 22:23:17.886000+00:00,buy,2026-05-08T23:14:50.675639+00:00,match,5870.47061972,-0.6570861598595283,0.48402346398324725,False
coinbase,ETH-USD,185822895,3577.87,1.725631,2026-05-08 22:23:18.306000+00:00,sell,2026-05-08T23:14:50.674717+00:00,match,6174.08338597,-0.5227296935722838,0.6100739544995801,False
coinbase,ETH-USD,185826541,3718.28,1.877961,2026-05-08 22:23:18.540000+00:00,sell,2026-05-08T23:14:50.686104+00:00,match,6982.7848270800005,2.599939033111157,0.9477757662206737,False
coinbase,ETH-USD,185822843,3564.55,0.861353,2026-05-08 22:23:18.822000+00:00,buy,2026-05-08T23:14:50.674544+00:00,match,3070.3358361500004,-0.8219598183671738,-0.700715818789621,False
coinbase,ETH-USD,185826275,3663.63,0.622025,2026-05-08 22:23:20.589000+00:00,buy,2026-05-08T23:14:50.685246+00:00,match,2278.8694507500004,1.3787338268959162,-1.0296213539276653,False
coinbase,ETH-USD,185824603,3605.12,1.649397,2026-05-08 22:23:21.176000+00:00,buy,2026-05-08T23:14:50.680120+00:00,match,5946.27411264,0.06250944785480565,0.5129508461874929,False
coinbase,ETH-USD,185823897,3609.87,1.230194,2026-05-08 22:23:21.513000+00:00,sell,2026-05-08T23:14:50.677966+00:00,match,4440.84041478,0.1680181021041749,-0.1242256231981664,False
coinbase,ETH-USD,185823265,3568.73,1.188098,2026-05-08 22:23:22.473000+00:00,sell,2026-05-08T23:14:50.675994+00:00,match,4240.000975540001,-0.739308363153945,-0.20865515839019402,False
coinbase,ETH-USD,185827201,3600.64,0.97357,2026-05-08 22:23:23.096000+00:00,sell,2026-05-08T23:14:50.688160+00:00,match,3505.4750848,-0.022723445787887694,-0.5089470910456401,False
coinbase,ETH-USD,185823291,3567.65,2.153743,2026-05-08 22:23:24.009000+00:00,sell,2026-05-08T23:14:50.676082+00:00,match,7683.80121395,-0.7633094989320957,1.2646276092238664,False
coinbase,ETH-USD,185822943,3564.64,2.228345,2026-05-08 22:23:24.681000+00:00,sell,2026-05-08T23:14:50.674867+00:00,match,7943.2477208,-0.8411637555012674,1.355464353553278,False
coinbase,ETH-USD,185824427,3605.55,0.654545,2026-05-08 22:23:28.528000+00:00,buy,2026-05-08T23:14:50.679584+00:00,match,2359.9947247500004,0.09461187493021324,-1.0203682237024603,False
coinbase,ETH-USD,185825693,3654.22,1.43569,2026-05-08 22:23:29.071000+00:00,sell,2026-05-08T23:14:50.683406+00:00,match,5246.327111799999,1.1958791749858135,0.20862623583766018,False
coinbase,ETH-USD,185823133,3593.09,0.388527,2026-05-08 22:23:29.072000+00:00,sell,2026-05-08T23:14:50.675553+00:00,match,1396.01247843,-0.18100412470204189,-1.4087608715431863,False
coinbase,ETH-USD,185823061,3568.66,1.342269,2026-05-08 22:23:29.224000+00:00,sell,2026-05-08T23:14:50.675334+00:00,match,4790.10168954,-0.7310478108247178,0.06414746495906294,False
coinbase,ETH-USD,185823101,3601.58,1.213396,2026-05-08 22:23:29.490000+00:00,buy,2026-05-08T23:14:50.675446+00:00,match,4370.14276568,0.028555522092488555,-0.10615355377282418,False
coinbase,ETH-USD,185823303,3586.17,0.82836,2026-05-08 22:23:30.126000+00:00,sell,2026-05-08T23:14:50.676114+00:00,match,2970.6397812,-0.327645514248982,-0.7120059566893375,False
coinbase,ETH-USD,185823149,3588.74,0.620733,2026-05-08 22:23:30.258000+00:00,sell,2026-05-08T23:14:50.675606+00:00,match,2227.64934642,-0.27940066449817014,-1.0182578669118285,False
coinbase,ETH-USD,185825103,3596.17,1.563714,2026-05-08 22:23:35.418000+00:00,buy,2026-05-08T23:14:50.681651+00:00,match,5623.3813753800005,-0.11330596702653542,0.446957657868533,False
coinbase,ETH-USD,185825463,3612.45,2.069402,2026-05-08 22:23:35.445000+00:00,sell,2026-05-08T23:14:50.682744+00:00,match,7475.6112549,0.285994716079914,1.2382949639286784,False
coinbase,ETH-USD,185823433,3659.45,1.437448,2026-05-08 22:23:37.509000+00:00,sell,2026-05-08T23:14:50.676538+00:00,match,5260.2690836,1.4377478704318145,0.27319619785254384,False
coinbase,ETH-USD,185823167,3582.62,1.838409,2026-05-08 22:23:39.928000+00:00,sell,2026-05-08T23:14:50.675666+00:00,match,6586.32085158,-0.4263590180738077,0.8559987938574698,False
coinbase,ETH-USD,185825099,3600.18,1.420781,2026-05-08 22:23:40.012000+00:00,sell,2026-05-08T23:14:50.681638+00:00,match,5115.06734058,-0.012587620215080449,0.20173806874462002,False
coinbase,ETH-USD,185826549,3724.98,0.490464,2026-05-08 22:23:40.209000+00:00,sell,2026-05-08T23:14:50.686126+00:00,match,1826.96859072,2.8874665038463765,-1.2334902241503738,False
coinbase,ETH-USD,185823401,3651.95,1.40322,2026-05-08 22:23:40.777000+00:00,sell,2026-05-08T23:14:50.676435+00:00,match,5124.489278999999,1.1805724394050585,0.22063934202236818,False
coinbase,ETH-USD,185822823,3561.54,0.357034,2026-05-08 22:23:42.507000+00:00,sell,2026-05-08T23:14:50.674486+00:00,match,1271.59087236,-0.9242990310323222,-1.4741117048290016,False
coinbase,ETH-USD,185823035,3570.18,0.700822,2026-05-08 22:23:42.715000+00:00,sell,2026-05-08T23:14:50.675242+00:00,match,2502.0606879599995,-0.7102772257489468,-0.9235351118646089,False
coinbase,ETH-USD,185822947,3569.03,2.446229,2026-05-08 22:23:44.603000+00:00,sell,2026-05-08T23:14:50.674879+00:00,match,8730.664687870001,-0.7423322328850682,1.8404735005554502,False
coinbase,ETH-USD,185823787,3636.25,1.566314,2026-05-08 22:23:45.548000+00:00,sell,2026-05-08T23:14:50.677623+00:00,match,5695.5092825,0.8333117277026398,0.4827041571092861,False
coinbase,ETH-USD,185826003,3696.36,1.339204,2026-05-08 22:23:45.732000+00:00,sell,2026-05-08T23:14:50.684390+00:00,match,4950.18009744,2.201424818553723,0.15920106892238778,False
coinbase,ETH-USD,185823033,3572.04,0.444175,2026-05-08 22:23:47.838000+00:00,sell,2026-05-08T23:14:50.675226+00:00,match,1586.610867,-0.675946090532966,-1.3139104324275799,False
coinbase,ETH-USD,185822941,3565.99,0.172641,2026-05-08 22:23:48.137000+00:00,buy,2026-05-08T23:14:50.674862+00:00,match,615.6360795899999,-0.8138437402022936,-1.7250983710258818,False
coinbase,ETH-USD,185824403,3613.16,1.469575,2026-05-08 22:23:50.234000+00:00,buy,2026-05-08T23:14:50.679514+00:00,match,5309.809607,0.27405575729682485,0.34364698232051477,False
coinbase,ETH-USD,185825545,3619.0,2.079203,2026-05-08 22:23:52.682000+00:00,sell,2026-05-08T23:14:50.682987+00:00,match,7524.635657000001,0.40635294925143506,1.3213666840534213,False
coinbase,ETH-USD,185823631,3654.58,1.096853,2026-05-08 22:23:53.128000+00:00,buy,2026-05-08T23:14:50.677159+00:00,match,4008.53703674,1.2103327949944376,-0.23284007669656595,False
coinbase,ETH-USD,185822853,3560.48,1.60367,2026-05-08 22:23:53.544000+00:00,sell,2026-05-08T23:14:50.674577+00:00,match,5709.8349616,-0.961652091225027,0.5052142324551768,False
coinbase,ETH-USD,185823653,3642.78,1.329199,2026-05-08 22:23:54.231000+00:00,buy,2026-05-08T23:14:50.677220+00:00,match,4841.97953322,0.9310008596637348,0.11825821846376484,False
coinbase,ETH-USD,185822915,3562.65,0.335586,2026-05-08 22:23:54.919000+00:00,sell,2026-05-08T23:14:50.674786+00:00,match,1195.5754629,-0.9114502527701742,-1.4650303628728663,False
coinbase,ETH-USD,185826429,3637.13,0.04502,2026-05-08 22:23:56.985000+00:00,buy,2026-05-08T23:14:50.685738+00:00,match,163.7435926,0.8063627222145968,-1.8688834326786676,False
coinbase,ETH-USD,185823421,3642.5,0.865084,2026-05-08 22:23:57.551000+00:00,buy,2026-05-08T23:14:50.676504+00:00,match,3151.0684699999997,0.9132128259569806,-0.5830298674150451,False
coinbase,ETH-USD,185824693,3595.98,0.600168,2026-05-08 22:24:00.394000+00:00,buy,2026-05-08T23:14:50.680406+00:00,match,2158.19212464,-0.15179403582259687,-1.0017151519040912,False
coinbase,ETH-USD,185826425,3634.16,1.340309,2026-05-08 22:24:00.454000+00:00,sell,2026-05-08T23:14:50.685725+00:00,match,4870.89735544,0.735332631792464,0.17985317468369913,False
coinbase,ETH-USD,185823095,3593.33,0.695636,2026-05-08 22:24:00.488000+00:00,sell,2026-05-08T23:14:50.675430+00:00,match,2499.6497078800003,-0.23456191497461834,-0.8417057438436331,False
coinbase,ETH-USD,185823289,3566.15,1.484472,2026-05-08 22:24:01.429000+00:00,sell,2026-05-08T23:14:50.676076+00:00,match,5293.8498228,-0.8717254713765384,0.3749490104131945,False
coinbase,ETH-USD,185823621,3668.12,1.596336,2026-05-08 22:24:01.977000+00:00,sell,2026-05-08T23:14:50.677132+00:00,match,5855.55200832,1.5324020528430013,0.6036748971525621,False
coinbase,ETH-USD,185824631,3629.81,1.37007,2026-05-08 22:24:03.204000+00:00,buy,2026-05-08T23:14:50.680203+00:00,match,4973.093786699999,0.6167256108164413,0.20473344095639945,False
coinbase,ETH-USD,185824191,3581.15,0.110501,2026-05-08 22:24:03.942000+00:00,sell,2026-05-08T23:14:50.678854+00:00,match,395.72065615,-0.5248292524057928,-1.767407975640621,False
coinbase,ETH-USD,185824589,3594.06,2.182706,2026-05-08 22:24:05.808000+00:00,buy,2026-05-08T23:14:50.680076+00:00,match,7844.77632636,-0.20277253516083707,1.4420637431209655,False
coinbase,ETH-USD,185823741,3649.16,1.251694,2026-05-08 22:24:06.195000+00:00,buy,2026-05-08T23:14:50.677491+00:00,match,4567.63167704,1.0992831017931401,0.0272117379144596,False
coinbase,ETH-USD,185822821,3556.71,1.087408,2026-05-08 22:24:06.504000+00:00,buy,2026-05-08T23:14:50.674480+00:00,match,3867.59490768,-1.1192079728635094,-0.29005132034334336,False
coinbase,ETH-USD,185823039,3575.54,1.989163,2026-05-08 22:24:06.822000+00:00,sell,2026-05-08T23:14:50.675264+00:00,match,7112.33187302,-0.6773504027408728,1.1268223439832834,False
coinbase,ETH-USD,185823989,3580.45,0.28015,2026-05-08 22:24:07.354000+00:00,sell,2026-05-08T23:14:50.678242+00:00,match,1003.0630675,-0.5687598288501502,-1.52072806561373,False
coinbase,ETH-USD,185822903,3562.95,1.674618,2026-05-08 22:24:08.940000+00:00,buy,2026-05-08T23:14:50.674742+00:00,match,5966.580203099999,-0.9852572121192272,0.6238989552232869,False
coinbase,ETH-USD,185822871,3562.63,1.001514,2026-05-08 22:24:09.276000+00:00,buy,2026-05-08T23:14:50.674636+00:00,match,3568.02382182,-0.9769699497159824,-0.40898657364505636,False
coinbase,ETH-USD,185824003,3576.61,2.445059,2026-05-08 22:24:10.705000+00:00,sell,2026-05-08T23:14:50.678288+00:00,match,8745.02246999,-0.6311442133867889,1.8116676801639244,False
coinbase,ETH-USD,185824471,3608.03,0.470928,2026-05-08 22:24:10.721000+00:00,sell,2026-05-08T23:14:50.679718+00:00,match,1699.1223518400002,0.13751503201163945,-1.222620098085419,False
coinbase,ETH-USD,185825131,3582.69,1.64151,2026-05-08 22:24:10.787000+00:00,sell,2026-05-08T23:14:50.681735+00:00,match,5881.0214619,-0.4749879971809803,0.5676165298213025,False
coinbase,ETH-USD,185824045,3558.34,0.879138,2026-05-08 22:24:12.425000+00:00,buy,2026-05-08T23:14:50.678408+00:00,match,3128.27191092,-1.0524918379187287,-0.6176047808492122,False
coinbase,ETH-USD,185823183,3588.42,0.230037,2026-05-08 22:24:12.732000+00:00,buy,2026-05-08T23:14:50.675724+00:00,match,825.46937154,-0.3345404496484975,-1.5819335250633193,False
coinbase,ETH-USD,185823125,3592.22,2.444245,2026-05-08 22:24:13.230000+00:00,sell,2026-05-08T23:14:50.675529+00:00,match,8780.265773899999,-0.23616116353266872,1.8147733598696565,False
coinbase,ETH-USD,185825225,3606.67,1.282159,2026-05-08 22:24:16.086000+00:00,sell,2026-05-08T23:14:50.682022+00:00,match,4624.32440053,0.134709200171465,0.03182347315544873,False
coinbase,ETH-USD,185823019,3579.95,0.218334,2026-05-08 22:24:16.397000+00:00,sell,2026-05-08T23:14:50.675177+00:00,match,781.6248032999999,-0.5371862825911464,-1.6019396537062363,False
coinbase,ETH-USD,185822851,3565.35,1.561236,2026-05-08 22:24:16.544000+00:00,sell,2026-05-08T23:14:50.674570+00:00,match,5566.3527726,-0.8913396155612682,0.42732007972075614,False
coinbase,ETH-USD,185824187,3580.65,1.678188,2026-05-08 22:24:18.673000+00:00,buy,2026-05-08T23:14:50.678842+00:00,match,6009.0038622,-0.5225860185407111,0.601526952380105,False
coinbase,ETH-USD,185824189,3585.28,2.194754,2026-05-08 22:24:19.313000+00:00,buy,2026-05-08T23:14:50.678847+00:00,match,7868.80762112,-0.3959637802641534,1.3713229280975823,False
coinbase,ETH-USD,185823515,3665.16,1.648241,2026-05-08 22:24:24.233000+00:00,sell,2026-05-08T23:14:50.676785+00:00,match,6041.06698356,1.5719236978771935,0.5863984759826604,False
coinbase,ETH-USD,185824161,3571.76,1.977569,2026-05-08 22:24:24.345000+00:00,buy,2026-05-08T23:14:50.678760+00:00,match,7063.40185144,-0.7461670313533857,1.0060247416000483,False
coinbase,ETH-USD,185824061,3545.51,0.073245,2026-05-08 22:24:24.525000+00:00,sell,2026-05-08T23:14:50.678454+00:00,match,259.69087995,-1.3908101912645168,-1.8164407133494413,False
coinbase,ETH-USD,185827155,3608.1,1.268239,2026-05-08 22:24:24.576000+00:00,sell,2026-05-08T23:14:50.688026+00:00,match,4575.9331359,0.16431685572320429,-0.021653785152278972,False
coinbase,ETH-USD,185823505,3665.88,0.63637,2026-05-08 22:24:25.591000+00:00,buy,2026-05-08T23:14:50.676753+00:00,match,2332.8560556,1.5603277116323842,-0.9501136495002569,False
coinbase,ETH-USD,185824299,3613.16,1.891424,2026-05-08 22:24:26.208000+00:00,sell,2026-05-08T23:14:50.679195+00:00,match,6834.01753984,0.27421940117351673,0.941188203228069,False
coinbase,ETH-USD,185826373,3615.82,0.151873,2026-05-08 22:24:28.979000+00:00,buy,2026-05-08T23:14:50.685559+00:00,match,549.14543086,0.3277097087038178,-1.6620630536545773,False
coinbase,ETH-USD,185823333,3601.13,1.544283,2026-05-08 22:24:29.061000+00:00,buy,2026-05-08T23:14:50.676216+00:00,match,5561.163839790001,-0.040977402871826385,0.43645145008354763,False
coinbase,ETH-USD,185825575,3629.98,2.364335,2026-05-08 22:24:29.502000+00:00,sell,2026-05-08T23:14:50.683078+00:00,match,8582.4887633,0.6657327397411519,1.6602331766915552,False
coinbase,ETH-USD,185822807,3567.0,1.711738,2026-05-08 22:24:32.903000+00:00,sell,2026-05-08T23:14:50.674442+00:00,match,6105.769446,-0.8934360612231229,0.6268335212021119,False
coinbase,ETH-USD,185822959,3563.19,1.068059,2026-05-08 22:24:33.228000+00:00,buy,2026-05-08T23:14:50.674935+00:00,match,3805.69714821,-0.9974612537578751,-0.3203425753952476,False
coinbase,ETH-USD,185823319,3605.1,0.745576,2026-05-08 22:24:35.688000+00:00,sell,2026-05-08T23:14:50.676165+00:00,match,2687.8760376,0.09396931214133303,-0.7942812498463137,False
coinbase,ETH-USD,185824357,3623.79,0.988323,2026-05-08 22:24:36.118000+00:00,buy,2026-05-08T23:14:50.679370+00:00,match,3581.47500417,0.581502695776899,-0.40592398091350623,False
coinbase,ETH-USD,185822901,3565.71,1.346491,2026-05-08 22:24:37.962000+00:00,sell,2026-05-08T23:14:50.674736+00:00,match,4801.19642361,-0.9365195738562091,0.10911372887029454,False
coinbase,ETH-USD,185823363,3626.62,0.827304,2026-05-08 22:24:39.342000+00:00,buy,2026-05-08T23:14:50.676310+00:00,match,3000.3172324800003,0.6397203435958152,-0.6393491274487619,False
coinbase,ETH-USD,185823285,3568.14,1.520899,2026-05-08 22:24:39.948000+00:00,sell,2026-05-08T23:14:50.676063+00:00,match,5426.78055786,-0.8810677568451305,0.37243344784378146,False
coinbase,ETH-USD,185823487,3663.0,1.027307,2026-05-08 22:24:40.848000+00:00,buy,2026-05-08T23:14:50.676705+00:00,match,3763.025541,1.566462096476665,-0.3271324079759739,False
coinbase,ETH-USD,185826363,3628.2,0.110462,2026-05-08 22:24:43.323000+00:00,buy,2026-05-08T23:14:50.685525+00:00,match,400.7782284,0.6792345026081202,-1.737627523188177,False
coinbase,ETH-USD,185824741,3624.56,2.271214,2026-05-08 22:24:46.897000+00:00,sell,2026-05-08T23:14:50.680545+00:00,match,8232.15141584,0.5758411572699439,1.5878230309181753,False
coinbase,ETH-USD,185826259,3677.19,0.672694,2026-05-08 22:24:50.805000+00:00,buy,2026-05-08T23:14:50.685203+00:00,match,2473.62364986,1.8980429234637142,-0.8460656523812173,False
coinbase,ETH-USD,185826763,3673.49,0.125158,2026-05-08 22:24:51.111000+00:00,sell,2026-05-08T23:14:50.686789+00:00,match,459.76666141999993,1.765077413537157,-1.659248269125802,False
coinbase,ETH-USD,185822975,3578.23,1.28209,2026-05-08 22:24:51.957000+00:00,sell,2026-05-08T23:14:50.674993+00:00,match,4587.6129007,-0.6519702663735738,0.0865725800411703,False
coinbase,ETH-USD,185823999,3578.47,0.415991,2026-05-08 22:24:52.146000+00:00,sell,2026-05-08T23:14:50.678275+00:00,match,1488.61131377,-0.6376699983435169,-1.2375145640247753,False
coinbase,ETH-USD,185823069,3571.68,1.437058,2026-05-08 22:24:52.485000+00:00,buy,2026-05-08T23:14:50.675356+00:00,match,5132.711317439999,-0.8123544771071916,0.30540576521451795,False
coinbase,ETH-USD,185824941,3579.94,1.203989,2026-05-08 22:24:52.575000+00:00,sell,2026-05-08T23:14:50.681150+00:00,match,4310.20838066,-0.6030543316478794,-0.033973503884889886,False
coinbase,ETH-USD,185823257,3578.75,0.993448,2026-05-08 22:24:56.538000+00:00,sell,2026-05-08T23:14:50.675967+00:00,match,3555.30203,-0.6370376261567993,-0.36260373387205325,False
coinbase,ETH-USD,185826785,3659.84,2.452533,2026-05-08 22:24:58.520000+00:00,sell,2026-05-08T23:14:50.686852+00:00,match,8975.87837472,1.3994287118808886,1.9230921707171489,False
coinbase,ETH-USD,185823341,3613.76,1.141932,2026-05-08 22:25:00.097000+00:00,sell,2026-05-08T23:14:50.676245+00:00,match,4126.66818432,0.22437288073891395,-0.1180163796322781,False
coinbase,ETH-USD,185822933,3570.5,0.280611,2026-05-08 22:25:00.764000+00:00,buy,2026-05-08T23:14:50.674839+00:00,match,1001.9215755,-0.8590765806589526,-1.4253918945499864,False
coinbase,ETH-USD,185823867,3617.06,0.590566,2026-05-08 22:25:01.773000+00:00,buy,2026-05-08T23:14:50.677879+00:00,match,2136.11265596,0.3208609947262701,-0.9400135998890211,False
coinbase,ETH-USD,185822873,3565.46,0.699374,2026-05-08 22:25:01.959000+00:00,buy,2026-05-08T23:14:50.674643+00:00,match,2493.5900220400003,-0.9832995641085119,-0.7755676346933765,False
coinbase,ETH-USD,185827159,3606.74,0.499838,2026-05-08 22:25:03.036000+00:00,buy,2026-05-08T23:14:50.688040+00:00,match,1802.78570812,0.09920775179156355,-1.046659499583447,False
coinbase,ETH-USD,185823147,3591.71,1.179464,2026-05-08 22:25:03.663000+00:00,buy,2026-05-08T23:14:50.675599+00:00,match,4236.292643440001,-0.28996724727139084,-0.03236853069504753,False
coinbase,ETH-USD,185825859,3696.99,0.161727,2026-05-08 22:25:04.239000+00:00,sell,2026-05-08T23:14:50.683898+00:00,match,597.90310173,2.3624223608960606,-1.5556812556018433,False
coinbase,ETH-USD,185823221,3583.41,0.194609,2026-05-08 22:25:05.513000+00:00,sell,2026-05-08T23:14:50.675845+00:00,match,697.36383669,-0.5276127063263364,-1.4840206172972408,False
coinbase,ETH-USD,185823743,3648.66,2.241554,2026-05-08 22:25:06.926000+00:00,sell,2026-05-08T23:14:50.677497+00:00,match,8178.66841764,1.1117172899374164,1.644921698581238,False
coinbase,ETH-USD,185822831,3554.76,1.529732,2026-05-08 22:25:07.022000+00:00,sell,2026-05-08T23:14:50.674506+00:00,match,5437.83012432,-1.2598730471552795,0.5053959593562752,False
coinbase,ETH-USD,185823957,3577.64,1.146501,2026-05-08 22:25:08.673000+00:00,sell,2026-05-08T23:14:50.678142+00:00,match,4101.76783764,-0.6740505651388793,-0.04145687854136851,False
coinbase,ETH-USD,185827071,3606.01,2.162986,2026-05-08 22:25:10.320000+00:00,buy,2026-05-08T23:14:50.687756+00:00,match,7799.749145860001,0.06211352606307171,1.4802376694980983,False
coinbase,ETH-USD,185823129,3585.82,0.151266,2026-05-08 22:25:10.878000+00:00,sell,2026-05-08T23:14:50.675540+00:00,match,542.4126481200001,-0.45698540193436915,-1.5236583337556497,False
coinbase,ETH-USD,185825885,3686.17,2.42608,2026-05-08 22:25:12.340000+00:00,buy,2026-05-08T23:14:50.683966+00:00,match,8942.943313599999,2.1556987511603283,1.9035571910654174,False
coinbase,ETH-USD,185823037,3572.12,1.375293,2026-05-08 22:25:12.548000+00:00,buy,2026-05-08T23:14:50.675256+00:00,match,4912.71163116,-0.8127866738917281,0.26326397853283184,False
coinbase,ETH-USD,185823375,3644.56,1.58419,2026-05-08 22:25:13.734000+00:00,sell,2026-05-08T23:14:50.676348+00:00,match,5773.6755064,1.053113588580131,0.6057624400419761,False
coinbase,ETH-USD,185823085,3582.36,1.525693,2026-05-08 22:25:13.871000+00:00,buy,2026-05-08T23:14:50.675402+00:00,match,5465.58157548,-0.559269181810495,0.47254645388251976,False
coinbase,ETH-USD,185824967,3588.38,0.173728,2026-05-08 22:25:14.093000+00:00,sell,2026-05-08T23:14:50.681235+00:00,match,623.40208064,-0.4098053694282415,-1.459707107356321,False
coinbase,ETH-USD,185825551,3628.5,2.482375,2026-05-08 22:25:15.334000+00:00,sell,2026-05-08T23:14:50.683004+00:00,match,9007.2976875,0.6215531986320328,1.91571753040565,False
coinbase,ETH-USD,185824039,3559.75,0.33883,2026-05-08 22:25:15.441000+00:00,buy,2026-05-08T23:14:50.678388+00:00,match,1206.1500925,-1.1568880043696195,-1.2088336391978685,False
coinbase,ETH-USD,185822923,3563.12,0.754934,2026-05-08 22:25:15.626000+00:00,buy,2026-05-08T23:14:50.674813+00:00,match,2689.9204340799997,-1.0488307147396057,-0.6044955655749479,False
coinbase,ETH-USD,185824801,3598.86,0.717585,2026-05-08 22:25:16.591000+00:00,sell,2026-05-08T23:14:50.680730+00:00,match,2582.4879531,-0.11905968167246826,-0.6549521973462542,False
coinbase,ETH-USD,185824601,3602.38,1.115772,2026-05-08 22:25:16.727000+00:00,sell,2026-05-08T23:14:50.680115+00:00,match,4019.43473736,-0.036250156902731846,-0.07524415825678439,False
coinbase,ETH-USD,185823513,3661.27,1.387323,2026-05-08 22:25:17.142000+00:00,sell,2026-05-08T23:14:50.676778+00:00,match,5079.36408021,1.473031993465147,0.34714662919751527,False
coinbase,ETH-USD,185822835,3555.44,2.12842,2026-05-08 22:25:18.405000+00:00,buy,2026-05-08T23:14:50.674518+00:00,match,7567.4696048,-1.249703341673472,1.3166960674609847,False
coinbase,ETH-USD,185822937,3562.46,1.03862,2026-05-08 22:25:22.773000+00:00,buy,2026-05-08T23:14:50.674851+00:00,match,3700.0422052,-1.0572490271806478,-0.22946445784072902,False
coinbase,ETH-USD,185825863,3694.52,1.513807,2026-05-08 22:25:25.657000+00:00,sell,2026-05-08T23:14:50.683908+00:00,match,5592.79023764,2.236713871954842,0.5265063036416642,False
coinbase,ETH-USD,185823545,3680.21,0.506996,2026-05-08 22:25:26.286000+00:00,sell,2026-05-08T23:14:50.676883+00:00,match,1865.85174916,1.8313627419421659,-0.9430576446268198,False
coinbase,ETH-USD,185823809,3627.61,0.78117,2026-05-08 22:25:26.308000+00:00,buy,2026-05-08T23:14:50.677697+00:00,match,2833.7801037000004,0.5547044287074907,-0.5449581313851163,False
coinbase,ETH-USD,185823387,3640.49,2.408987,2026-05-08 22:25:26.373000+00:00,sell,2026-05-08T23:14:50.676390+00:00,match,8769.89308363,0.8564365104315977,1.8024895059079398,False
coinbase,ETH-USD,185823075,3579.09,1.039135,2026-05-08 22:25:26.490000+00:00,sell,2026-05-08T23:14:50.675372+00:00,match,3719.15768715,-0.6491043434346538,-0.19115198812568907,False
coinbase,ETH-USD,185824717,3615.6,1.773078,2026-05-08 22:25:26.853000+00:00,buy,2026-05-08T23:14:50.680471+00:00,match,6410.740816799999,0.28788122841951574,0.8571743509023202,False
coinbase,ETH-USD,185823083,3578.48,2.04184,2026-05-08 22:25:27.452000+00:00,buy,2026-05-08T23:14:50.675396+00:00,match,7306.6836032,-0.6516422064153116,1.1955054314801155,False
coinbase,ETH-USD,185823831,3622.4,1.444871,2026-05-08 22:25:29.223000+00:00,buy,2026-05-08T23:14:50.677768+00:00,match,5233.9007104,0.47095105689062267,0.3663637405989252,False
coinbase,ETH-USD,185823111,3597.13,2.470388,2026-05-08 22:25:29.559000+00:00,buy,2026-05-08T23:14:50.675481+00:00,match,8886.30678644,-0.19366308941978658,1.7640978336003315,False
coinbase,ETH-USD,185824195,3581.37,1.228238,2026-05-08 22:25:30.770000+00:00,sell,2026-05-08T23:14:50.678866+00:00,match,4398.77472606,-0.6096453989822631,0.027410236905799572,False
coinbase,ETH-USD,185825705,3662.05,1.936575,2026-05-08 22:25:32.808000+00:00,buy,2026-05-08T23:14:50.683437+00:00,match,7091.83447875,1.482452065302972,1.085480695183133,False
coinbase,ETH-USD,185826047,3708.92,1.540955,2026-05-08 22:25:37.703000+00:00,sell,2026-05-08T23:14:50.684517+00:00,match,5715.278818600001,2.673472937156329,0.5381051913909166,False
coinbase,ETH-USD,185823025,3574.66,0.752898,2026-05-08 22:25:39.840000+00:00,buy,2026-05-08T23:14:50.675199+00:00,match,2691.35436468,-0.7836005892827196,-0.6617866011903178,False
coinbase,ETH-USD,185827409,3532.96,2.402953,2026-05-08 22:25:40.283000+00:00,sell,2026-05-08T23:14:50.688792+00:00,match,8489.53683088,-1.8268036590795986,1.600344733650035,False
coinbase,ETH-USD,185822935,3566.39,0.513583,2026-05-08 22:25:41.285000+00:00,sell,2026-05-08T23:14:50.674845+00:00,match,1831.63727537,-0.9599626214237195,-1.0130332850753279,False
coinbase,ETH-USD,185824317,3609.99,1.214865,2026-05-08 22:25:42.183000+00:00,buy,2026-05-08T23:14:50.679251+00:00,match,4385.65050135,0.1468319964685802,0.004253848756804574,False
coinbase,ETH-USD,185824927,3597.37,1.448429,2026-05-08 22:25:47.088000+00:00,buy,2026-05-08T23:14:50.681105+00:00,match,5210.53503173,-0.15984900063959248,0.32642646614512094,False
coinbase,ETH-USD,185827005,3624.24,0.851235,2026-05-08 22:25:47.472000+00:00,sell,2026-05-08T23:14:50.687541+00:00,match,3085.0799363999995,0.5130577810157761,-0.5056328849571244,False
coinbase,ETH-USD,185823175,3584.6,2.421003,2026-05-08 22:25:47.616000+00:00,buy,2026-05-08T23:14:50.675698+00:00,match,8678.3273538,-0.4918776940632929,1.672171391692065,False
coinbase,ETH-USD,185822989,3577.76,0.039428,2026-05-08 22:25:47.876000+00:00,sell,2026-05-08T23:14:50.675043+00:00,match,141.06392128,-0.6743997872610928,-1.6497712466279437,False
coinbase,ETH-USD,185824341,3616.32,0.246951,2026-05-08 22:25:48.462000+00:00,sell,2026-05-08T23:14:50.679322+00:00,match,893.0538403200001,0.329486762935375,-1.366400343952043,False
coinbase,ETH-USD,185824079,3556.5,2.23108,2026-05-08 22:25:49.138000+00:00,buy,2026-05-08T23:14:50.678505+00:00,match,7934.83602,-1.1980097962293736,1.3507799414476285,False
coinbase,ETH-USD,185823103,3597.52,2.144143,2026-05-08 22:25:49.196000+00:00,sell,2026-05-08T23:14:50.675453+00:00,match,7713.59732536,-0.13619193641391086,1.2388614554817527,False
coinbase,ETH-USD,185822931,3566.04,1.700887,2026-05-08 22:25:49.803000+00:00,buy,2026-05-08T23:14:50.674834+00:00,match,6065.43107748,-0.9327801916132289,0.5980066761877032,False
coinbase,ETH-USD,185826725,3658.06,1.987779,2026-05-08 22:25:50.562000+00:00,sell,2026-05-08T23:14:50.686670+00:00,match,7271.41484874,1.4165896261260966,1.0410450387733081,False
coinbase,ETH-USD,185824245,3588.77,0.291235,2026-05-08 22:25:54.219000+00:00,sell,2026-05-08T23:14:50.679026+00:00,match,1045.17543095,-0.3650810221050564,-1.32083011030412,False
coinbase,ETH-USD,185823199,3592.31,2.456663,2026-05-08 22:25:55.688000+00:00,sell,2026-05-08T23:14:50.675773+00:00,match,8825.095061529999,-0.25822260269056246,1.6087092667782135,False
coinbase,ETH-USD,185824703,3607.91,2.126958,2026-05-08 22:25:57.354000+00:00,sell,2026-05-08T23:14:50.680433+00:00,match,7673.87303778,0.154642704809873,1.1579023848680754,False
coinbase,ETH-USD,185822929,3563.24,1.869362,2026-05-08 22:25:57.603000+00:00,sell,2026-05-08T23:14:50.674829+00:00,match,6660.98545288,-1.0046939683006966,0.763558398658094,False
coinbase,ETH-USD,185822955,3563.96,2.291001,2026-05-08 22:25:58.020000+00:00,sell,2026-05-08T23:14:50.674905+00:00,match,8165.03592396,-0.973563565324376,1.3273517909053976,False
coinbase,ETH-USD,185822981,3580.86,0.6144,2026-05-08 22:26:00.386000+00:00,sell,2026-05-08T23:14:50.675015+00:00,match,2200.080384,-0.5210907189355337,-0.9053529578229098,False
coinbase,ETH-USD,185824107,3554.05,0.286267,2026-05-08 22:26:03.588000+00:00,buy,2026-05-08T23:14:50.678592+00:00,match,1017.40723135,-1.2189169006925393,-1.3264724410700837,False
coinbase,ETH-USD,185825917,3682.6,1.031663,2026-05-08 22:26:03.633000+00:00,sell,2026-05-08T23:14:50.684070+00:00,match,3799.2021638,2.0629185175514553,-0.28151954300370324,False
coinbase,ETH-USD,185823117,3592.72,1.540228,2026-05-08 22:26:04.653000+00:00,buy,2026-05-08T23:14:50.675501+00:00,match,5533.607940159999,-0.23738860133001624,0.3517277676731489,False
coinbase,ETH-USD,185824765,3599.36,0.52501,2026-05-08 22:26:05.984000+00:00,buy,2026-05-08T23:14:50.680619+00:00,match,1889.6999936,-0.07720062416292138,-1.0003783683252363,False
coinbase,ETH-USD,185823691,3658.73,2.310541,2026-05-08 22:26:05.985000+00:00,buy,2026-05-08T23:14:50.677346+00:00,match,8453.64567293,1.417802261590085,1.427985215884122,False
coinbase,ETH-USD,185823389,3644.23,1.36956,2026-05-08 22:26:06.757000+00:00,buy,2026-05-08T23:14:50.676397+00:00,match,4990.9916388,1.0263633122386298,0.15837733467485612,False
coinbase,ETH-USD,185823615,3668.16,2.239258,2026-05-08 22:26:06.759000+00:00,sell,2026-05-08T23:14:50.677116+00:00,match,8213.95662528,1.6002825608353328,1.3404678628570212,False
coinbase,ETH-USD,185823661,3648.08,0.808695,2026-05-08 22:26:07.631000+00:00,buy,2026-05-08T23:14:50.677247+00:00,match,2950.1840556,1.0735607811729126,-0.6193256321207217,False
coinbase,ETH-USD,185823141,3591.56,0.073488,2026-05-08 22:26:07.914000+00:00,sell,2026-05-08T23:14:50.675580+00:00,match,263.93656128,-0.3538995400315187,-1.5951626538817185,False
coinbase,ETH-USD,185824455,3602.63,1.510125,2026-05-08 22:26:08.949000+00:00,sell,2026-05-08T23:14:50.679671+00:00,match,5440.42162875,-0.07825257932032417,0.30527640879933393,False
coinbase,ETH-USD,185823491,3671.46,1.819963,2026-05-08 22:26:10.443000+00:00,buy,2026-05-08T23:14:50.676716+00:00,match,6681.92135598,1.6188675221141313,0.7839225043926394,False
coinbase,ETH-USD,185823275,3572.41,1.141176,2026-05-08 22:26:10.717000+00:00,buy,2026-05-08T23:14:50.676028+00:00,match,4076.74855416,-0.8387872420010205,-0.19578960312845495,False
coinbase,ETH-USD,185826647,3720.68,0.910832,2026-05-08 22:26:12.508000+00:00,buy,2026-05-08T23:14:50.686422+00:00,match,3388.9144057599997,2.707934069656404,-0.4692376996787987,False
coinbase,ETH-USD,185823321,3609.3,2.488681,2026-05-08 22:26:13.332000+00:00,sell,2026-05-08T23:14:50.676171+00:00,match,8982.396333300001,0.03068422291791189,1.6243232392965357,False
coinbase,ETH-USD,185826935,3628.88,0.045253,2026-05-08 22:26:13.646000+00:00,buy,2026-05-08T23:14:50.687321+00:00,match,164.21770664000002,0.49084798675359387,-1.643974818140607,False
coinbase,ETH-USD,185826687,3703.69,2.475251,2026-05-08 22:26:14.673000+00:00,sell,2026-05-08T23:14:50.686554+00:00,match,9167.56237619,2.2110926368477326,1.6775934548666265,False
coinbase,ETH-USD,185824679,3611.18,1.956856,2026-05-08 22:26:15.307000+00:00,buy,2026-05-08T23:14:50.680361+00:00,match,7066.559250079999,0.04812791649837867,0.8978270984978146,False
coinbase,ETH-USD,185827207,3595.6,0.311811,2026-05-08 22:26:16.358000+00:00,buy,2026-05-08T23:14:50.688181+00:00,match,1121.1476316,-0.32837426059675007,-1.2583401796006362,False
coinbase,ETH-USD,185826101,3696.3,0.416655,2026-05-08 22:26:16.827000+00:00,buy,2026-05-08T23:14:50.684682+00:00,match,1540.0818765,2.014962629141069,-1.1169246408840026,False
coinbase,ETH-USD,185824499,3601.04,0.626589,2026-05-08 22:26:17.296000+00:00,sell,2026-05-08T23:14:50.679801+00:00,match,2256.3720525599997,-0.23086748578898394,-0.841696647350137,False
coinbase,ETH-USD,185822883,3571.16,1.813338,2026-05-08 22:26:17.862000+00:00,buy,2026-05-08T23:14:50.674679+00:00,match,6475.7201320799995,-0.9173306486296791,0.6910818130384153,False
coinbase,ETH-USD,185823557,3679.27,0.657196,2026-05-08 22:26:18.818000+00:00,sell,2026-05-08T23:14:50.676923+00:00,match,2418.00152692,1.6067257876249457,-0.7824211975811804,False
coinbase,ETH-USD,185823385,3642.96,1.501405,2026-05-08 22:26:20.530000+00:00,sell,2026-05-08T23:14:50.676384+00:00,match,5469.558358800001,0.7494336836512887,0.32341545402828115,False
coinbase,ETH-USD,185824265,3598.63,0.892674,2026-05-08 22:26:23.695000+00:00,buy,2026-05-08T23:14:50.679092+00:00,match,3212.40343662,-0.28338703201866094,-0.5051658855684007,False
coinbase,ETH-USD,185824409,3612.09,2.213066,2026-05-08 22:26:25.629000+00:00,buy,2026-05-08T23:14:50.679533+00:00,match,7993.793567940001,0.034558155513005846,1.2741069484851881,False
coinbase,ETH-USD,185823047,3569.49,0.64692,2026-05-08 22:26:25.998000+00:00,buy,2026-05-08T23:14:50.675293+00:00,match,2309.1744708,-0.9605560715572592,-0.8248903121491657,False
coinbase,ETH-USD,185823445,3658.67,2.367454,2026-05-08 22:26:26.915000+00:00,buy,2026-05-08T23:14:50.676577+00:00,match,8661.73292618,1.0992818585060915,1.4989595180340076,False
coinbase,ETH-USD,185824431,3607.89,0.163537,2026-05-08 22:26:27.228000+00:00,buy,2026-05-08T23:14:50.679595+00:00,match,590.0235069299999,-0.08701515528251795,-1.444986229139901,False
coinbase,ETH-USD,185822969,3577.0,0.470489,2026-05-08 22:26:28.594000+00:00,buy,2026-05-08T23:14:50.674973+00:00,match,1682.939153,-0.795134267561746,-1.0350716989880202,False
coinbase,ETH-USD,185826989,3619.64,1.74912,2026-05-08 22:26:30.954000+00:00,buy,2026-05-08T23:14:50.687487+00:00,match,6331.1847167999995,0.18619454213422484,0.6424576770175414,False
coinbase,ETH-USD,185822979,3580.11,2.336902,2026-05-08 22:26:31.485000+00:00,sell,2026-05-08T23:14:50.675009+00:00,match,8366.366219219999,-0.7269777582844988,1.348535752937372,False
coinbase,ETH-USD,185823347,3625.51,0.232469,2026-05-08 22:26:32.858000+00:00,buy,2026-05-08T23:14:50.676262+00:00,match,842.8186841900001,0.3219270675987801,-1.3233281549650895,False
coinbase,ETH-USD,185822995,3571.48,1.015128,2026-05-08 22:26:34.354000+00:00,buy,2026-05-08T23:14:50.675059+00:00,match,3625.50934944,-0.9277464342028139,-0.33278788672433746,False
coinbase,ETH-USD,185823669,3653.72,2.224074,2026-05-08 22:26:35.850000+00:00,buy,2026-05-08T23:14:50.677273+00:00,match,8126.143655279999,0.998410192853656,1.2448215725982994,False
coinbase,ETH-USD,185826029,3705.38,1.567612,2026-05-08 22:26:35.988000+00:00,buy,2026-05-08T23:14:50.684459+00:00,match,5808.59815256,2.139968722760692,0.429550352921229,False
coinbase,ETH-USD,185825853,3691.74,1.7572,2026-05-08 22:26:36.078000+00:00,buy,2026-05-08T23:14:50.683882+00:00,match,6487.125528,1.814132174788246,0.6596470533002672,False
coinbase,ETH-USD,185827351,3543.99,1.725474,2026-05-08 22:26:36.950000+00:00,sell,2026-05-08T23:14:50.688612+00:00,match,6115.06260126,-1.5187960642536251,0.5106918401444411,False
coinbase,ETH-USD,185824993,3591.79,2.190503,2026-05-08 22:26:40.448000+00:00,buy,2026-05-08T23:14:50.681311+00:00,match,7867.82677037,-0.4359589641805196,1.1287782083241908,False
coinbase,ETH-USD,185827059,3617.09,1.585146,2026-05-08 22:26:41.664000+00:00,sell,2026-05-08T23:14:50.687715+00:00,match,5733.61574514,0.13184481008888246,0.3445965004305977,False
coinbase,ETH-USD,185823055,3568.86,1.85125,2026-05-08 22:26:41.831000+00:00,buy,2026-05-08T23:14:50.675318+00:00,match,6606.852075000001,-0.9684063556900806,0.6554001193026576,False
coinbase,ETH-USD,185826615,3738.77,1.560207,2026-05-08 22:26:45.183000+00:00,sell,2026-05-08T23:14:50.686333+00:00,match,5833.255125389999,2.7662013779951287,0.36895265639925556,False
coinbase,ETH-USD,185824435,3609.76,0.735527,2026-05-08 22:26:46.815000+00:00,sell,2026-05-08T23:14:50.679608+00:00,match,2655.07594352,-0.07551943887546178,-0.7788810225284813,False
coinbase,ETH-USD,185826031,3705.13,2.474668,2026-05-08 22:26:47.235000+00:00,buy,2026-05-08T23:14:50.684465+00:00,match,9168.96664684,1.9857719326039576,1.5764047615831553,False
coinbase,ETH-USD,185824013,3580.85,1.520417,2026-05-08 22:26:49.522000+00:00,buy,2026-05-08T23:14:50.678318+00:00,match,5444.38521445,-0.70278273564623,0.22500726098985102,False
coinbase,ETH-USD,185823007,3578.81,1.409939,2026-05-08 22:26:50.623000+00:00,sell,2026-05-08T23:14:50.675099+00:00,match,5045.90379259,-0.7498905932586409,0.06695776043077614,False
coinbase,ETH-USD,185824285,3611.24,0.78708,2026-05-08 22:26:53.651000+00:00,sell,2026-05-08T23:14:50.679153+00:00,match,2842.3347792,-0.0454466010869282,-0.7419069794776971,False
coinbase,ETH-USD,185823127,3590.77,1.707387,2026-05-08 22:26:55.683000+00:00,buy,2026-05-08T23:14:50.675535+00:00,match,6130.83401799,-0.49691329765853665,0.44953691097182885,False
coinbase,ETH-USD,185823941,3576.37,1.566198,2026-05-08 22:26:58.477000+00:00,sell,2026-05-08T23:14:50.678092+00:00,match,5601.30354126,-0.8013317247610817,0.24279392197548766,False
coinbase,ETH-USD,185825851,3689.53,1.26901,2026-05-08 22:26:59.741000+00:00,buy,2026-05-08T23:14:50.683876+00:00,match,4682.0504653,1.6137866567446275,-0.09840709360025233,False
coinbase,ETH-USD,185823023,3578.54,1.812137,2026-05-08 22:27:00.818000+00:00,buy,2026-05-08T23:14:50.675193+00:00,match,6484.804739980001,-0.750563137847825,0.5523662848602258,False
coinbase,ETH-USD,185823099,3600.87,2.062137,2026-05-08 22:27:00.954000+00:00,sell,2026-05-08T23:14:50.675440+00:00,match,7425.487259189999,-0.2695791149743289,0.8871746643689356,False
coinbase,ETH-USD,185824633,3629.35,0.40932,2026-05-08 22:27:05.824000+00:00,sell,2026-05-08T23:14:50.680211+00:00,match,1485.565542,0.3554570918927916,-1.3264580495807499,False
coinbase,ETH-USD,185826039,3705.61,0.71914,2026-05-08 22:27:06.954000+00:00,sell,2026-05-08T23:14:50.684490+00:00,match,2664.8523754000003,1.9634436404449631,-0.8686319717903407,False
coinbase,ETH-USD,185823927,3597.35,2.411735,2026-05-08 22:27:06.963000+00:00,buy,2026-05-08T23:14:50.678055+00:00,match,8675.854902250001,-0.37655451502153403,1.3574236522269019,False
coinbase,ETH-USD,185823353,3627.82,0.949439,2026-05-08 22:27:08.417000+00:00,buy,2026-05-08T23:14:50.676278+00:00,match,3444.3937929800004,0.2774652991148954,-0.5739897327949133,False
coinbase,ETH-USD,185826119,3684.94,0.091138,2026-05-08 22:27:12.073000+00:00,sell,2026-05-08T23:14:50.684738+00:00,match,335.83806172,1.477086089375389,-1.7312989743915146,False
coinbase,ETH-USD,185823587,3683.86,0.618567,2026-05-08 22:27:12.098000+00:00,sell,2026-05-08T23:14:50.677023+00:00,match,2278.71422862,1.4555255560221174,-0.9883319617943489,False
coinbase,ETH-USD,185826545,3720.82,2.408813,2026-05-08 22:27:14.613000+00:00,sell,2026-05-08T23:14:50.686115+00:00,match,8962.75958666,2.17168044459391,1.4867858772731104,False
coinbase,ETH-USD,185823697,3660.24,1.308212,2026-05-08 22:27:14.688000+00:00,sell,2026-05-08T23:14:50.677365+00:00,match,4788.36989088,0.8936287719245667,-0.057752926758477825,False
coinbase,ETH-USD,185826613,3737.35,0.47614,2026-05-08 22:27:18.451000+00:00,buy,2026-05-08T23:14:50.686327+00:00,match,1779.501829,2.409276819633473,-1.1528158823205774,False
coinbase,ETH-USD,185824937,3585.49,0.636327,2026-05-08 22:27:25.648000+00:00,buy,2026-05-08T23:14:50.681138+00:00,match,2281.5440952299996,-0.6851322868536905,-0.981646999552023,False
coinbase,ETH-USD,185823261,3578.53,2.200351,2026-05-08 22:27:27.132000+00:00,sell,2026-05-08T23:14:50.675981+00:00,match,7874.02206403,-0.8141423935599289,1.106494564007063,False
coinbase,ETH-USD,185825469,3617.36,0.525291,2026-05-08 22:27:28.809000+00:00,sell,2026-05-08T23:14:50.682762+00:00,match,1900.16665176,-0.037511150153477384,-1.1317331362359075,False
coinbase,ETH-USD,185824907,3604.62,2.140871,2026-05-08 22:27:29.153000+00:00,sell,2026-05-08T23:14:50.681040+00:00,match,7717.02642402,-0.3085759882128541,1.0279608787135308,False
coinbase,ETH-USD,185823249,3570.69,2.046031,2026-05-08 22:27:29.832000+00:00,sell,2026-05-08T23:14:50.675940+00:00,match,7305.742431390001,-0.9971474884950994,0.8566848976298671,False
coinbase,ETH-USD,185823011,3583.06,1.534702,2026-05-08 22:27:30.804000+00:00,sell,2026-05-08T23:14:50.675112+00:00,match,5498.92934812,-0.7379748050312147,0.17499124585630985,False
coinbase,ETH-USD,185823045,3574.74,1.531733,2026-05-08 22:27:32.172000+00:00,sell,2026-05-08T23:14:50.675284+00:00,match,5475.54722442,-0.8902525450170407,0.16472873627542178,False
coinbase,ETH-USD,185824971,3587.6,2.417885,2026-05-08 22:27:33.255000+00:00,sell,2026-05-08T23:14:50.681247+00:00,match,8674.404226,-0.6378928571447895,1.3518410773100404,False
coinbase,ETH-USD,185824339,3618.52,1.01825,2026-05-08 22:27:33.765000+00:00,buy,2026-05-08T23:14:50.679315+00:00,match,3684.55799,-0.013067428169682548,-0.5075100155719312,False
coinbase,ETH-USD,185822957,3561.84,0.358237,2026-05-08 22:27:34.763000+00:00,buy,2026-05-08T23:14:50.674911+00:00,match,1275.98287608,-1.1668193287514048,-1.3757474348147645,False
coinbase,ETH-USD,185825667,3641.65,0.764657,2026-05-08 22:27:35.598000+00:00,sell,2026-05-08T23:14:50.683336+00:00,match,2784.6131640500003,0.5083654798331608,-0.8251168378687833,False
coinbase,ETH-USD,185825391,3584.76,0.865783,2026-05-08 22:27:36.276000+00:00,sell,2026-05-08T23:14:50.682520+00:00,match,3103.62426708,-0.6757073634572281,-0.7085119711914735,False
coinbase,ETH-USD,185822993,3572.84,0.602498,2026-05-08 22:27:37.012000+00:00,sell,2026-05-08T23:14:50.675053+00:00,match,2152.62895432,-0.9085627549467755,-1.0410478774537804,False
coinbase,ETH-USD,185823417,3648.98,1.008602,2026-05-08 22:27:39.498000+00:00,buy,2026-05-08T23:14:50.676489+00:00,match,3680.36852596,0.6679327754508153,-0.47213049409105223,False
coinbase,ETH-USD,185825413,3604.88,1.809553,2026-05-08 22:27:41.930000+00:00,sell,2026-05-08T23:14:50.682584+00:00,match,6523.22141864,-0.25173882861045044,0.5855653551093694,False
coinbase,ETH-USD,185823967,3587.82,1.016605,2026-05-08 22:27:41.953000+00:00,buy,2026-05-08T23:14:50.678174+00:00,match,3647.3957511,-0.611100818378572,-0.4724102709326279,False
coinbase,ETH-USD,185823667,3656.3,2.358375,2026-05-08 22:27:42.498000+00:00,buy,2026-05-08T23:14:50.677267+00:00,match,8622.9265125,0.8123534658170601,1.358951628518642,False
coinbase,ETH-USD,185823399,3649.29,1.352976,2026-05-08 22:27:44.481000+00:00,sell,2026-05-08T23:14:50.676429+00:00,match,4937.401787039999,0.6544045593303346,0.011133535785930262,False
coinbase,ETH-USD,185823269,3569.32,0.802239,2026-05-08 22:27:44.544000+00:00,buy,2026-05-08T23:14:50.676007+00:00,match,2863.44770748,-1.0068815179211863,-0.7562252051784224,False
coinbase,ETH-USD,185823021,3575.54,1.385594,2026-05-08 22:27:45.321000+00:00,sell,2026-05-08T23:14:50.675185+00:00,match,4954.24677076,-0.8600816096079975,0.031179368444030936,False
coinbase,ETH-USD,185823079,3574.86,0.669795,2026-05-08 22:27:45.727000+00:00,sell,2026-05-08T23:14:50.675385+00:00,match,2394.4233537,-0.8593612353382468,-0.910430213820444,False
coinbase,ETH-USD,185824175,3570.56,1.783938,2026-05-08 22:27:46.393000+00:00,sell,2026-05-08T23:14:50.678803+00:00,match,6369.65766528,-0.9485526661603931,0.5580942471216535,False
coinbase,ETH-USD,185826129,3681.74,2.180295,2026-05-08 22:27:47.526000+00:00,sell,2026-05-08T23:14:50.684772+00:00,match,8027.2793133,1.3743478985454651,1.1811445566004553,False
coinbase,ETH-USD,185827065,3606.99,0.007314,2026-05-08 22:27:47.724000+00:00,sell,2026-05-08T23:14:50.687734+00:00,match,26.38152486,-0.2223611165518709,-1.787257373475522,False
coinbase,ETH-USD,185823485,3661.39,1.036593,2026-05-08 22:27:49.671000+00:00,buy,2026-05-08T23:14:50.676699+00:00,match,3795.37124427,0.9241312156463748,-0.3888523125601915,False
coinbase,ETH-USD,185823155,3583.04,1.479268,2026-05-08 22:27:58.253000+00:00,buy,2026-05-08T23:14:50.675626+00:00,match,5300.27641472,-0.7371148287105452,0.1678560131575971,False
coinbase,ETH-USD,185823769,3635.09,2.11951,2026-05-08 22:27:59.090000+00:00,sell,2026-05-08T23:14:50.677574+00:00,match,7704.6096059,0.3648928546632663,1.0372144991041625,False
coinbase,ETH-USD,185824233,3585.71,0.662759,2026-05-08 22:27:59.166000+00:00,buy,2026-05-08T23:14:50.678988+00:00,match,2376.46157389,-0.6827084070291127,-0.9103628981607133,False
coinbase,ETH-USD,185823295,3576.25,0.64864,2026-05-08 22:28:11.554000+00:00,sell,2026-05-08T23:14:50.676093+00:00,match,2319.6988,-0.882801676530113,-0.949957261042852,False
coinbase,ETH-USD,185823189,3589.45,2.206958,2026-05-08 22:28:11.760000+00:00,buy,2026-05-08T23:14:50.675740+00:00,match,7921.7653931,-0.5961096250813168,1.130855082260194,False
coinbase,ETH-USD,185823637,3654.7,0.387648,2026-05-08 22:28:13.048000+00:00,sell,2026-05-08T23:14:50.677174+00:00,match,1416.7371455999998,0.7685489051636651,-1.294284914043773,False
coinbase,ETH-USD,185823959,3578.47,1.381934,2026-05-08 22:28:15.113000+00:00,buy,2026-05-08T23:14:50.678149+00:00,match,4945.2093609799995,-0.8477646198035271,0.04391917076285654,False
coinbase,ETH-USD,185824815,3599.65,2.123338,2026-05-08 22:28:15.678000+00:00,sell,2026-05-08T23:14:50.680775+00:00,match,7643.2736317,-0.4074934682536588,1.054231400814749,False
coinbase,ETH-USD,185825441,3601.56,0.908,2026-05-08 22:28:16.387000+00:00,sell,2026-05-08T23:14:50.682682+00:00,match,3270.21648,-0.35571271450797726,-0.5796663350254179,False
coinbase,ETH-USD,185826611,3734.69,0.719854,2026-05-08 22:28:16.881000+00:00,buy,2026-05-08T23:14:50.686321+00:00,match,2688.43153526,2.3950066587617016,-0.8112950338768967,False
coinbase,ETH-USD,185823593,3674.96,1.598857,2026-05-08 22:28:18.477000+00:00,sell,2026-05-08T23:14:50.677043+00:00,match,5875.73552072,1.128929782939494,0.4168617254766553,False
coinbase,ETH-USD,185826485,3685.12,1.574692,2026-05-08 22:28:21.200000+00:00,sell,2026-05-08T23:14:50.685920+00:00,match,5802.928983039999,1.3121709549479632,0.39823905911494223,False
coinbase,ETH-USD,185824781,3601.91,0.469701,2026-05-08 22:28:23.240000+00:00,buy,2026-05-08T23:14:50.680667+00:00,match,1691.8207289099998,-0.4074139120785108,-1.16741801910204,False
coinbase,ETH-USD,185824989,3592.58,0.264241,2026-05-08 22:28:25.005000+00:00,buy,2026-05-08T23:14:50.681301+00:00,match,949.30693178,-0.6094782058336431,-1.4235548327864365,False
coinbase,ETH-USD,185823139,3588.63,2.382545,2026-05-08 22:28:25.640000+00:00,sell,2026-05-08T23:14:50.675573+00:00,match,8550.07246335,-0.6940634631265017,1.465211445852511,False
coinbase,ETH-USD,185825919,3684.75,1.370289,2026-05-08 22:28:27.804000+00:00,buy,2026-05-08T23:14:50.684122+00:00,match,5049.172392750001,1.2813385549847738,0.11348920839140332,False
coinbase,ETH-USD,185824425,3609.06,2.213467,2026-05-08 22:28:27.951000+00:00,sell,2026-05-08T23:14:50.679579+00:00,match,7988.53521102,-0.2834415966670018,1.2232097698053972,False
coinbase,ETH-USD,185825211,3599.03,0.712049,2026-05-08 22:28:27.981000+00:00,sell,2026-05-08T23:14:50.681977+00:00,match,2562.6857124700005,-0.49581194676903523,-0.8422456934562477,False
coinbase,ETH-USD,185825659,3640.39,2.36488,2026-05-08 22:28:28.917000+00:00,sell,2026-05-08T23:14:50.683311+00:00,match,8609.0855032,0.36514893612606336,1.4356585135560382,False
coinbase,ETH-USD,185823611,3676.29,0.854848,2026-05-08 22:28:35.585000+00:00,sell,2026-05-08T23:14:50.677102+00:00,match,3142.66915392,1.1126138987370555,-0.6281348978452356,False
coinbase,ETH-USD,185823131,3587.99,0.206161,2026-05-08 22:28:36.085000+00:00,buy,2026-05-08T23:14:50.675546+00:00,match,739.70360639,-0.7250040059831302,-1.514908131987952,False
coinbase,ETH-USD,185822963,3563.47,0.563439,2026-05-08 22:28:36.622000+00:00,buy,2026-05-08T23:14:50.674953+00:00,match,2007.79797333,-1.2125981816329225,-1.014724323322048,False
coinbase,ETH-USD,185825195,3600.88,0.038879,2026-05-08 22:28:37.224000+00:00,sell,2026-05-08T23:14:50.681925+00:00,match,139.99861352,-0.42257047351790494,-1.6926358530352523,False
coinbase,ETH-USD,185822991,3572.58,2.032912,2026-05-08 22:28:38.643000+00:00,sell,2026-05-08T23:14:50.675048+00:00,match,7262.74075296,-1.0061216259324566,0.9639446456135831,False
coinbase,ETH-USD,185823063,3568.95,1.597808,2026-05-08 22:28:38.745000+00:00,sell,2026-05-08T23:14:50.675340+00:00,match,5702.4968616,-1.0691530673767173,0.37164824369510097,False
coinbase,ETH-USD,185823993,3575.99,0.157467,2026-05-08 22:28:40.698000+00:00,sell,2026-05-08T23:14:50.678256+00:00,match,563.1004173299999,-0.9049989750901098,-1.537389539040346,False
coinbase,ETH-USD,185823619,3670.84,1.703638,2026-05-08 22:28:42.296000+00:00,sell,2026-05-08T23:14:50.677127+00:00,match,6253.78251592,1.0404228634465444,0.5889342652094086,False
coinbase,ETH-USD,185823651,3640.32,1.835777,2026-05-08 22:28:43.281000+00:00,buy,2026-05-08T23:14:50.677213+00:00,match,6682.81572864,0.4339276683973864,0.736179747756113,False
coinbase,ETH-USD,185824627,3622.29,2.037549,2026-05-08 22:28:43.513000+00:00,buy,2026-05-08T23:14:50.680190+00:00,match,7380.593367209999,0.04951528241904793,1.0111843714176085,False
coinbase,ETH-USD,185824711,3609.12,1.285845,2026-05-08 22:28:47.509000+00:00,sell,2026-05-08T23:14:50.680455+00:00,match,4640.7689064,-0.22514448952272226,-0.039364056183972373,False
coinbase,ETH-USD,185823665,3653.32,2.483531,2026-05-08 22:28:47.677000+00:00,buy,2026-05-08T23:14:50.677260+00:00,match,9073.13347292,0.7312446778973883,1.6587636646739874,False
coinbase,ETH-USD,185824727,3613.8,0.619443,2026-05-08 22:28:48.703000+00:00,buy,2026-05-08T23:14:50.680501+00:00,match,2238.5431134,-0.1175504134747826,-0.9402472486102977,False
coinbase,ETH-USD,185823355,3632.4,0.282432,2026-05-08 22:28:51.829000+00:00,sell,2026-05-08T23:14:50.676283+00:00,match,1025.9059968,0.27405417008214644,-1.4034404175802422,False
coinbase,ETH-USD,185825355,3567.79,0.078717,2026-05-08 22:28:52.371000+00:00,buy,2026-05-08T23:14:50.682421+00:00,match,280.84572542999996,-1.0950740531742005,-1.6720119315853126,False
coinbase,ETH-USD,185826751,3665.55,1.270593,2026-05-08 22:28:52.439000+00:00,sell,2026-05-08T23:14:50.686750+00:00,match,4657.42217115,1.0034703415569277,-0.018097306997283104,False
coinbase,ETH-USD,185823589,3678.72,0.892167,2026-05-08 22:28:53.405000+00:00,sell,2026-05-08T23:14:50.677030+00:00,match,3282.03258624,1.2607800015994002,-0.5313137424055548,False
coinbase,ETH-USD,185823607,3671.16,1.230041,2026-05-08 22:28:54.343000+00:00,buy,2026-05-08T23:14:50.677088+00:00,match,4515.677317559999,1.102286637069727,-0.06833089733107614,False
coinbase,ETH-USD,185823801,3637.42,1.677843,2026-05-08 22:28:55.185000+00:00,buy,2026-05-08T23:14:50.677671+00:00,match,6103.01968506,0.3767361968770865,0.5373499035025169,False
coinbase,ETH-USD,185824803,3601.98,2.154299,2026-05-08 22:28:57.087000+00:00,buy,2026-05-08T23:14:50.680736+00:00,match,7759.74191202,-0.38807643551811555,1.1486520914585567,False
coinbase,ETH-USD,185823541,3686.56,1.871995,2026-05-08 22:28:57.423000+00:00,buy,2026-05-08T23:14:50.676870+00:00,match,6901.2218872,1.4055241312062223,0.8292412426271287,False
coinbase,ETH-USD,185823423,3647.05,2.362475,2026-05-08 22:28:59.913000+00:00,sell,2026-05-08T23:14:50.676510+00:00,match,8616.06444875,0.5480202417394883,1.4520727697829938,False
coinbase,ETH-USD,185825467,3614.15,1.449572,2026-05-08 22:28:59.963000+00:00,buy,2026-05-08T23:14:50.682755+00:00,match,5238.9706438,-0.14849264291167671,0.18277588857883975,False
coinbase,ETH-USD,185824473,3604.47,1.687246,2026-05-08 22:29:01.866000+00:00,buy,2026-05-08T23:14:50.679724+00:00,match,6081.6275896199995,-0.3559290585566919,0.4915588932799856,False
coinbase,ETH-USD,185823761,3641.37,0.403422,2026-05-08 22:29:03.241000+00:00,buy,2026-05-08T23:14:50.677550+00:00,match,1469.00876814,0.42546677171575065,-1.301303197906307,False
coinbase,ETH-USD,185824657,3611.19,0.515654,2026-05-08 22:29:03.773000+00:00,buy,2026-05-08T23:14:50.680290+00:00,match,1862.12456826,-0.2241823590734238,-1.1257609097168861,False
coinbase,ETH-USD,185823439,3657.24,2.316735,2026-05-08 22:29:04.110000+00:00,sell,2026-05-08T23:14:50.676556+00:00,match,8472.8559114,0.7539574072362011,1.430793370681623,False
coinbase,ETH-USD,185823239,3573.3,1.562765,2026-05-08 22:29:04.964000+00:00,buy,2026-05-08T23:14:50.675906+00:00,match,5584.2281745,-1.0427755107772303,0.2988619263814257,False
coinbase,ETH-USD,185823031,3572.27,2.038707,2026-05-08 22:29:06.750000+00:00,buy,2026-05-08T23:14:50.675220+00:00,match,7282.81185489,-1.0652749233625893,0.9456717623185061,False
coinbase,ETH-USD,185823377,3640.63,1.792169,2026-05-08 22:29:07.593000+00:00,buy,2026-05-08T23:14:50.676355+00:00,match,6524.6242264699995,0.40742106724696686,0.6604087088914171,False
coinbase,ETH-USD,185823003,3576.37,2.310406,2026-05-08 22:29:08.214000+00:00,sell,2026-05-08T23:14:50.675085+00:00,match,8262.86670622,-0.959638182382253,1.3215513637471528,False
coinbase,ETH-USD,185823087,3583.11,1.330749,2026-05-08 22:29:09.273000+00:00,buy,2026-05-08T23:14:50.675408+00:00,match,4768.22004939,-0.7964310928728688,-0.03112577614651833,False
coinbase,ETH-USD,185823689,3659.39,0.060615,2026-05-08 22:29:11.371000+00:00,buy,2026-05-08T23:14:50.677338+00:00,match,221.81392485,0.864556690567384,-1.7541642459892062,False
coinbase,ETH-USD,185825045,3605.39,0.498847,2026-05-08 22:29:11.664000+00:00,sell,2026-05-08T23:14:50.681465+00:00,match,1798.53798533,-0.33884538200573616,-1.1260432863907068,False
coinbase,ETH-USD,185824503,3600.19,1.517511,2026-05-08 22:29:12.165000+00:00,sell,2026-05-08T23:14:50.679813+00:00,match,5463.32792709,-0.4503481003389592,0.28356960155597877,False
coinbase,ETH-USD,185824277,3606.19,0.344517,2026-05-08 22:29:14.168000+00:00,sell,2026-05-08T23:14:50.679132+00:00,match,1242.39376023,-0.32728802735488455,-1.3104894810119447,False
coinbase,ETH-USD,185823709,3654.77,0.88851,2026-05-08 22:29:18.366000+00:00,buy,2026-05-08T23:14:50.677402+00:00,match,3247.2996927,0.8047264980202815,-0.5342940547418044,False
coinbase,ETH-USD,185823237,3569.83,1.374202,2026-05-08 22:29:21.048000+00:00,buy,2026-05-08T23:14:50.675900+00:00,match,4905.667525659999,-1.1434732229642217,0.09074804711648496,False
coinbase,ETH-USD,185826351,3630.54,1.807753,2026-05-08 22:29:21.192000+00:00,sell,2026-05-08T23:14:50.685492+00:00,match,6563.11957662,0.27436107801248705,0.7448956234352743,False
coinbase,ETH-USD,185823539,3687.68,1.031124,2026-05-08 22:29:21.844000+00:00,buy,2026-05-08T23:14:50.676864+00:00,match,3802.45535232,1.5749250611487728,-0.3195349885739339,False
coinbase,ETH-USD,185823707,3652.75,2.305683,2026-05-08 22:29:23.503000+00:00,sell,2026-05-08T23:14:50.677397+00:00,match,8422.08357825,0.7474199362114401,1.4437792413462402,False
coinbase,ETH-USD,185823525,3670.61,1.685094,2026-05-08 22:29:25.491000+00:00,buy,2026-05-08T23:14:50.676818+00:00,match,6185.32288734,1.1419783686141731,0.5730014147210527,False
coinbase,ETH-USD,185823109,3593.71,0.194939,2026-05-08 22:29:32.378000+00:00,buy,2026-05-08T23:14:50.675474+00:00,match,700.55423369,-0.6376772679168252,-1.4976858625152227,False
coinbase,ETH-USD,185826961,3629.91,1.926304,2026-05-08 22:29:33.179000+00:00,buy,2026-05-08T23:14:50.687399+00:00,match,6992.31015264,0.188625775478699,0.8865437425933965,False
coinbase,ETH-USD,185824291,3620.17,1.115528,2026-05-08 22:29:33.803000+00:00,sell,2026-05-08T23:14:50.679171+00:00,match,4038.400999760001,-0.022118159955620907,-0.23045249382436192,False
coinbase,ETH-USD,185823677,3654.79,1.311006,2026-05-08 22:29:39.968000+00:00,buy,2026-05-08T23:14:50.677300+00:00,match,4791.4516187399995,0.7773414454030895,0.06143486201332337,False
coinbase,ETH-USD,185825283,3586.2,0.193853,2026-05-08 22:29:40.683000+00:00,buy,2026-05-08T23:14:50.682217+00:00,match,695.1956286,-0.8369151206892333,-1.4611846967524496,False
coinbase,ETH-USD,185825081,3605.78,2.146674,2026-05-08 22:29:47.457000+00:00,sell,2026-05-08T23:14:50.681582+00:00,match,7740.43417572,-0.3698819151156537,1.1769491534855503,False
coinbase,ETH-USD,185826943,3618.67,2.484215,2026-05-08 22:29:47.811000+00:00,sell,2026-05-08T23:14:50.687348+00:00,match,8989.55429405,-0.04684549980397267,1.6078709906312831,False
coinbase,ETH-USD,185823475,3670.64,1.978672,2026-05-08 22:29:47.845000+00:00,sell,2026-05-08T23:14:50.676672+00:00,match,7262.99259008,1.1779486739059164,0.9741630679743111,False
coinbase,ETH-USD,185823863,3611.38,1.26404,2026-05-08 22:29:48.842000+00:00,sell,2026-05-08T23:14:50.677868+00:00,match,4564.9287752,-0.23436338044030197,-0.04533260677226178,False
coinbase,ETH-USD,185825039,3603.93,1.783021,2026-05-08 22:29:49.107000+00:00,buy,2026-05-08T23:14:50.681448+00:00,match,6425.88287253,-0.3974446630446534,0.6402310529254084,False
coinbase,ETH-USD,185824821,3599.13,1.484855,2026-05-08 22:29:49.230000+00:00,buy,2026-05-08T23:14:50.680794+00:00,match,5344.18617615,-0.498352192324559,0.2171818059332738,False
coinbase,ETH-USD,185825137,3584.88,0.508967,2026-05-08 22:29:49.923000+00:00,buy,2026-05-08T23:14:50.681751+00:00,match,1824.58561896,-0.8369008839286386,-1.110463328179685,False
coinbase,ETH-USD,185823467,3663.17,0.371668,2026-05-08 22:29:50.588000+00:00,buy,2026-05-08T23:14:50.676645+00:00,match,1361.48306756,1.1295721085853896,-1.2653063720907285,False
coinbase,ETH-USD,185823503,3666.7,2.00577,2026-05-08 22:29:56.203000+00:00,sell,2026-05-08T23:14:50.676747+00:00,match,7354.556859,1.2856767831060514,1.0056433706753087,False
coinbase,ETH-USD,185825671,3643.41,0.806967,2026-05-08 22:29:56.675000+00:00,buy,2026-05-08T23:14:50.683346+00:00,match,2940.11163747,0.6628971489495585,-0.6877913387600573,False
coinbase,ETH-USD,185824979,3589.84,0.7984,2026-05-08 22:29:56.824000+00:00,sell,2026-05-08T23:14:50.681274+00:00,match,2866.128256,-0.7436013533243506,-0.7004151980611109,False
coinbase,ETH-USD,185823177,3589.47,2.136518,2026-05-08 22:29:59.493000+00:00,buy,2026-05-08T23:14:50.675705+00:00,match,7668.96726546,-0.7438840455265814,1.1277257166157524,False
coinbase,ETH-USD,185823469,3662.78,1.276079,2026-05-08 22:30:01.807000+00:00,sell,2026-05-08T23:14:50.676653+00:00,match,4673.99663962,1.1514528207946506,-0.014230255685493309,False
coinbase,ETH-USD,185823569,3683.6,0.836708,2026-05-08 22:30:03.546000+00:00,sell,2026-05-08T23:14:50.676961+00:00,match,3082.0975888,1.6530848786853176,-0.6171590409262563,False
coinbase,ETH-USD,185823115,3588.2,1.408272,2026-05-08 22:30:03.870000+00:00,buy,2026-05-08T23:14:50.675494+00:00,match,5053.1615904,-0.8140223190015458,0.15146314016065263,False
coinbase,ETH-USD,185823365,3630.07,0.197169,2026-05-08 22:30:04.600000+00:00,sell,2026-05-08T23:14:50.676316+00:00,match,715.73727183,0.2564120656204178,-1.5013551060658532,False
coinbase,ETH-USD,185824577,3595.08,0.147549,2026-05-08 22:30:08.633000+00:00,buy,2026-05-08T23:14:50.680044+00:00,match,530.4504589200001,-0.6575996039280325,-1.541828283677843,False
coinbase,ETH-USD,185826849,3643.86,2.174689,2026-05-08 22:30:09.132000+00:00,buy,2026-05-08T23:14:50.687043+00:00,match,7924.26225954,0.6067032268114836,1.2785423331721173,False
coinbase,ETH-USD,185824413,3616.34,0.488598,2026-05-08 22:30:11.133000+00:00,buy,2026-05-08T23:14:50.679544+00:00,match,1766.93649132,-0.1252778457036818,-1.077866107404074,False
coinbase,ETH-USD,185824153,3563.71,2.340812,2026-05-08 22:30:16.885000+00:00,sell,2026-05-08T23:14:50.678739+00:00,match,8341.975132520001,-1.476661874376645,1.4071550424315022,False
coinbase,ETH-USD,185826431,3635.94,2.211361,2026-05-08 22:30:19.062000+00:00,buy,2026-05-08T23:14:50.685745+00:00,match,8040.37591434,0.3956390771475779,1.265570878327706,False
coinbase,ETH-USD,185823081,3580.11,0.256131,2026-05-08 22:30:19.245000+00:00,buy,2026-05-08T23:14:50.675391+00:00,match,916.97715441,-1.0703327131518823,-1.4104504455865599,False
coinbase,ETH-USD,185825379,3580.87,0.239653,2026-05-08 22:30:19.344000+00:00,sell,2026-05-08T23:14:50.682487+00:00,match,858.16623811,-1.029773792709861,-1.4084689168564883,False
coinbase,ETH-USD,185823559,3678.43,1.04779,2026-05-08 22:30:22.037000+00:00,sell,2026-05-08T23:14:50.676928+00:00,match,3854.2221697,1.4882297215041311,-0.2852686006686649,False
coinbase,ETH-USD,185823065,3572.65,1.543445,2026-05-08 22:30:23.810000+00:00,sell,2026-05-08T23:14:50.675345+00:00,match,5514.18877925,-1.241698143713853,0.32623892742940735,False
coinbase,ETH-USD,185824655,3615.22,1.497797,2026-05-08 22:30:28.247000+00:00,buy,2026-05-08T23:14:50.680284+00:00,match,5414.86567034,-0.133948357220449,0.3044848862083015,False
coinbase,ETH-USD,185824553,3599.31,0.48937,2026-05-08 22:30:28.431000+00:00,buy,2026-05-08T23:14:50.679975+00:00,match,1761.3943347000002,-0.533743262874284,-1.0538052500530242,False
coinbase,ETH-USD,185823373,3646.14,0.9083,2026-05-08 22:30:28.609000+00:00,buy,2026-05-08T23:14:50.676342+00:00,match,3311.788962,0.6650659676532853,-0.47520327184879846,False
coinbase,ETH-USD,185824453,3605.98,0.0958,2026-05-08 22:30:29.533000+00:00,sell,2026-05-08T23:14:50.679664+00:00,match,345.452884,-0.39365124866775547,-1.5508492545329533,False
coinbase,ETH-USD,185823819,3626.19,0.177403,2026-05-08 22:30:30.549000+00:00,sell,2026-05-08T23:14:50.677730+00:00,match,643.2969845700001,0.12468086668349654,-1.42371973543551,False
coinbase,ETH-USD,185826157,3684.01,0.38323,2026-05-08 22:30:30.668000+00:00,sell,2026-05-08T23:14:50.684872+00:00,match,1411.8231523000002,1.6180921960570247,-1.1183990727686453,False
coinbase,ETH-USD,185824355,3625.96,2.106112,2026-05-08 22:30:33.028000+00:00,sell,2026-05-08T23:14:50.679364+00:00,match,7636.67786752,0.10419257581396399,1.1645120448318877,False
coinbase,ETH-USD,185824105,3550.12,1.653134,2026-05-08 22:30:33.674000+00:00,buy,2026-05-08T23:14:50.678584+00:00,match,5868.82407608,-1.8716903058995296,0.5007517943371897,False
coinbase,ETH-USD,185823193,3591.46,1.21175,2026-05-08 22:30:34.121000+00:00,sell,2026-05-08T23:14:50.675753+00:00,match,4351.951655000001,-0.7711383215948021,-0.06472523475466192,False
coinbase,ETH-USD,185824539,3598.77,1.229157,2026-05-08 22:30:35.061000+00:00,buy,2026-05-08T23:14:50.679932+00:00,match,4423.45333689,-0.58499417550873,-0.03491600529737551,False
coinbase,ETH-USD,185825823,3676.6,2.291918,2026-05-08 22:30:35.520000+00:00,buy,2026-05-08T23:14:50.683773+00:00,match,8426.4657188,1.4427492285837091,1.4451611565815186,False
coinbase,ETH-USD,185823511,3662.69,2.479498,2026-05-08 22:30:39.110000+00:00,buy,2026-05-08T23:14:50.676771+00:00,match,9081.63252962,1.0579678112025388,1.6451842586915049,False
coinbase,ETH-USD,185823405,3652.35,1.952334,2026-05-08 22:30:40.974000+00:00,buy,2026-05-08T23:14:50.676450+00:00,match,7130.6070849,0.7717314366143619,0.9120244200429476,False
coinbase,ETH-USD,185823235,3570.98,1.385326,2026-05-08 22:30:42.061000+00:00,sell,2026-05-08T23:14:50.675893+00:00,match,4946.97143948,-1.3477209568781134,0.12428415801921906,False
coinbase,ETH-USD,185823203,3594.29,1.40906,2026-05-08 22:30:42.246000+00:00,buy,2026-05-08T23:14:50.675787+00:00,match,5064.5702673999995,-0.7252687441080148,0.15528946737277724,False
coinbase,ETH-USD,185825981,3693.05,1.719534,2026-05-08 22:30:43.596000+00:00,buy,2026-05-08T23:14:50.684329+00:00,match,6350.3250387,1.8018083920095203,0.6264365475159145,False
coinbase,ETH-USD,185824267,3596.88,0.285012,2026-05-08 22:30:44.143000+00:00,buy,2026-05-08T23:14:50.679098+00:00,match,1025.15396256,-0.6796023031688282,-1.3196362544013525,False
coinbase,ETH-USD,185824683,3604.83,1.879707,2026-05-08 22:30:44.493000+00:00,sell,2026-05-08T23:14:50.680374+00:00,match,6776.0241848099995,-0.47553723280727134,0.7920800580765063,False
coinbase,ETH-USD,185823527,3673.69,0.882884,2026-05-08 22:30:48.458000+00:00,sell,2026-05-08T23:14:50.676824+00:00,match,3243.44212196,1.3639283248810574,-0.5141218399244294,False
coinbase,ETH-USD,185826749,3660.85,2.243627,2026-05-08 22:30:49.150000+00:00,sell,2026-05-08T23:14:50.686742+00:00,match,8213.58190295,1.0293859845101725,1.3034895442149481,False
coinbase,ETH-USD,185823909,3607.67,1.901157,2026-05-08 22:30:53.244000+00:00,buy,2026-05-08T23:14:50.678002+00:00,match,6858.74707419,-0.3826115108528712,0.800969094994276,False
coinbase,ETH-USD,185823349,3629.16,1.724787,2026-05-08 22:30:54.846000+00:00,sell,2026-05-08T23:14:50.676267+00:00,match,6259.52798892,0.19514237837046552,0.5676016298906549,False
coinbase,ETH-USD,185823521,3670.01,1.811264,2026-05-08 22:30:55.503000+00:00,sell,2026-05-08T23:14:50.676805+00:00,match,6647.3569926400005,1.2807300727495177,0.6942681513090414,False
coinbase,ETH-USD,185823097,3595.82,1.146177,2026-05-08 22:30:56.523000+00:00,sell,2026-05-08T23:14:50.675434+00:00,match,4121.44618014,-0.7339644018231216,-0.22644627096939418,False
coinbase,ETH-USD,185823247,3567.04,0.859544,2026-05-08 22:30:57.603000+00:00,sell,2026-05-08T23:14:50.675932+00:00,match,3066.02782976,-1.4883542890277717,-0.6123907079238692,False
coinbase,ETH-USD,185824509,3596.53,0.943551,2026-05-08 22:31:01.584000+00:00,buy,2026-05-08T23:14:50.679834+00:00,match,3393.50947803,-0.6802882482826499,-0.47617566528440997,False
coinbase,ETH-USD,185826493,3691.41,1.388706,2026-05-08 22:31:01.951000+00:00,sell,2026-05-08T23:14:50.685947+00:00,match,5126.28321546,1.8456838363482575,0.16541548082046081,False
coinbase,ETH-USD,185824213,3566.18,0.637984,2026-05-08 22:31:05.014000+00:00,sell,2026-05-08T23:14:50.678924+00:00,match,2275.16578112,-1.4722118403995244,-0.8910644934884313,False
coinbase,ETH-USD,185823873,3613.98,0.996922,2026-05-08 22:31:05.160000+00:00,sell,2026-05-08T23:14:50.677897+00:00,match,3602.85616956,-0.19078110051919003,-0.38941570320732927,False
coinbase,ETH-USD,185824419,3619.67,1.166395,2026-05-08 22:31:06.075000+00:00,buy,2026-05-08T23:14:50.679563+00:00,match,4221.9649896500005,-0.047036765559759046,-0.16942385421468478,False
coinbase,ETH-USD,185823089,3587.98,1.286086,2026-05-08 22:31:06.230000+00:00,buy,2026-05-08T23:14:50.675413+00:00,match,4614.45084628,-0.9134589697296136,-0.028888997798952168,False
coinbase,ETH-USD,185823649,3640.0,1.597328,2026-05-08 22:31:06.666000+00:00,sell,2026-05-08T23:14:50.677207+00:00,match,5814.2739200000005,0.48683662594807786,0.4186154299703862,False
coinbase,ETH-USD,185823803,3634.22,0.87586,2026-05-08 22:31:07.155000+00:00,sell,2026-05-08T23:14:50.677677+00:00,match,3183.0679291999995,0.31606307114403276,-0.5983850563168892,False
coinbase,ETH-USD,185826257,3675.45,1.644783,2026-05-08 22:31:11.148000+00:00,sell,2026-05-08T23:14:50.685198+00:00,match,6045.31767735,1.4164677683858382,0.5251275702136708,False
coinbase,ETH-USD,185824459,3604.5,1.808367,2026-05-08 22:31:11.186000+00:00,sell,2026-05-08T23:14:50.679682+00:00,match,6518.2588515,-0.5386422008234124,0.6953107183675306,False
coinbase,ETH-USD,185823359,3633.9,1.816657,2026-05-08 22:31:11.765000+00:00,sell,2026-05-08T23:14:50.676296+00:00,match,6601.5498723,0.2850743354189124,0.7263540640587984,False
coinbase,ETH-USD,185824575,3598.47,1.760148,2026-05-08 22:31:14.838000+00:00,sell,2026-05-08T23:14:50.680037+00:00,match,6333.83977356,-0.687978160046465,0.6220736949130691,False
coinbase,ETH-USD,185823217,3588.65,2.371975,2026-05-08 22:31:15.188000+00:00,sell,2026-05-08T23:14:50.675834+00:00,match,8512.18808375,-0.9470873612303302,1.4746826768833523,False
coinbase,ETH-USD,185825385,3585.77,1.613979,2026-05-08 22:31:17.709000+00:00,sell,2026-05-08T23:14:50.682504+00:00,match,5787.35747883,-1.0156435737925624,0.3933359912575599,False
coinbase,ETH-USD,185825177,3581.69,0.727252,2026-05-08 22:31:17.778000+00:00,buy,2026-05-08T23:14:50.681873+00:00,match,2604.79121588,-1.1053362831226918,-0.84687481731523,False
coinbase,ETH-USD,185826353,3626.0,0.476136,2026-05-08 22:31:19.864000+00:00,sell,2026-05-08T23:14:50.685498+00:00,match,1726.469136,0.10793651394702403,-1.1927513337568627,False
coinbase,ETH-USD,185824709,3613.62,0.012986,2026-05-08 22:31:20.680000+00:00,sell,2026-05-08T23:14:50.680449+00:00,match,46.926469319999995,-0.22691885594211494,-1.8457271696115458,False
coinbase,ETH-USD,185825369,3580.37,1.420014,2026-05-08 22:31:21.268000+00:00,buy,2026-05-08T23:14:50.682458+00:00,match,5084.1755251800005,-1.1489032896783966,0.13055518457221502,False
coinbase,ETH-USD,185823121,3594.12,1.726221,2026-05-08 22:31:21.855000+00:00,sell,2026-05-08T23:14:50.675516+00:00,match,6204.24542052,-0.7531849454155325,0.5736653597668286,False
coinbase,ETH-USD,185824779,3599.88,2.358393,2026-05-08 22:31:22.446000+00:00,sell,2026-05-08T23:14:50.680659+00:00,match,8489.93179284,-0.5782243268960162,1.4567836936260752,False
coinbase,ETH-USD,185824541,3594.36,1.481617,2026-05-08 22:31:27.045000+00:00,buy,2026-05-08T23:14:50.679939+00:00,match,5325.46488012,-0.7169947579065267,0.19501013575987908,False
coinbase,ETH-USD,185823211,3586.03,1.655383,2026-05-08 22:31:29.423000+00:00,buy,2026-05-08T23:14:50.675813+00:00,match,5936.253099490001,-0.9348303029449261,0.43869841098070966,False
coinbase,ETH-USD,185823227,3577.33,1.198775,2026-05-08 22:31:35.568000+00:00,buy,2026-05-08T23:14:50.675865+00:00,match,4288.4137707499995,-1.166148514292234,-0.20435563548414176,False
coinbase,ETH-USD,185825107,3594.98,0.894827,2026-05-08 22:31:35.908000+00:00,sell,2026-05-08T23:14:50.681664+00:00,match,3216.88516846,-0.6569751931285616,-0.6197582661580571,False
coinbase,ETH-USD,185823431,3658.82,0.384471,2026-05-08 22:31:39.483000+00:00,sell,2026-05-08T23:14:50.676533+00:00,match,1406.7101842200002,1.1529731619158272,-1.3214155718082286,False
coinbase,ETH-USD,185827225,3586.66,0.587003,2026-05-08 22:31:41.403000+00:00,sell,2026-05-08T23:14:50.688234+00:00,match,2105.3801799800003,-0.8828829360181997,-1.0223512938751227,False
coinbase,ETH-USD,185824109,3554.77,2.253534,2026-05-08 22:31:42.085000+00:00,buy,2026-05-08T23:14:50.678598+00:00,match,8010.79505718,-1.7436049264851026,1.3249080880277002,False
coinbase,ETH-USD,185823509,3661.46,0.266547,2026-05-08 22:31:42.107000+00:00,sell,2026-05-08T23:14:50.676765+00:00,match,975.95117862,1.2142624410451466,-1.4655198989542577,False
coinbase,ETH-USD,185823825,3625.6,1.490229,2026-05-08 22:31:42.381000+00:00,buy,2026-05-08T23:14:50.677749+00:00,match,5402.9742624,0.21730473970877082,0.2770843022458215,False
coinbase,ETH-USD,185827337,3548.99,2.072106,2026-05-08 22:31:45.223000+00:00,sell,2026-05-08T23:14:50.688569+00:00,match,7353.883472939999,-1.8521024370598909,1.0657481222369403,False
coinbase,ETH-USD,185824379,3613.29,1.424801,2026-05-08 22:31:45.645000+00:00,sell,2026-05-08T23:14:50.679438+00:00,match,5148.21920529,-0.10415877577075365,0.18283293868977807,False
coinbase,ETH-USD,185825011,3582.35,1.703638,2026-05-08 22:31:46.882000+00:00,buy,2026-05-08T23:14:50.681360+00:00,match,6103.0275893,-0.962713381851016,0.5729596808089502,False
coinbase,ETH-USD,185823883,3625.45,2.483038,2026-05-08 22:31:47.134000+00:00,buy,2026-05-08T23:14:50.677923+00:00,match,9002.1301171,0.23357212000897332,1.7097562572445146,False
coinbase,ETH-USD,185826903,3633.37,0.747797,2026-05-08 22:31:50.130000+00:00,buy,2026-05-08T23:14:50.687222+00:00,match,2717.02318589,0.4395908818493538,-0.774873784063497,False
coinbase,ETH-USD,185825017,3590.23,1.31322,2026-05-08 22:31:51.833000+00:00,buy,2026-05-08T23:14:50.681380+00:00,match,4714.7618406,-0.765326619805692,0.026110745686932363,False
coinbase,ETH-USD,185824165,3567.36,1.837957,2026-05-08 22:31:52.672000+00:00,buy,2026-05-08T23:14:50.678772+00:00,match,6556.654283520001,-1.3739699250355246,0.7490421321215172,False
coinbase,ETH-USD,185823331,3601.0,0.25254,2026-05-08 22:31:55.358000+00:00,sell,2026-05-08T23:14:50.676208+00:00,match,909.39654,-0.43650952651655395,-1.5340735780360293,False
coinbase,ETH-USD,185823259,3574.59,0.374191,2026-05-08 22:31:55.543000+00:00,buy,2026-05-08T23:14:50.675974+00:00,match,1337.57940669,-1.1571758493112705,-1.3326979846638578,False
coinbase,ETH-USD,185823137,3592.26,0.137666,2026-05-08 22:31:55.823000+00:00,buy,2026-05-08T23:14:50.675566+00:00,match,494.53206516000006,-0.6635031575980346,-1.659961531745819,False
coinbase,ETH-USD,185823315,3599.51,1.892144,2026-05-08 22:31:57.384000+00:00,buy,2026-05-08T23:14:50.676152+00:00,match,6810.791249440001,-0.45028161110454146,0.843983632090355,False
coinbase,ETH-USD,185826801,3664.26,1.721754,2026-05-08 22:31:57.699000+00:00,sell,2026-05-08T23:14:50.686901+00:00,match,6308.95431204,1.3183683395493986,0.6372942014936661,False
coinbase,ETH-USD,185824493,3611.04,1.806051,2026-05-08 22:31:58.687000+00:00,sell,2026-05-08T23:14:50.679781+00:00,match,6521.72240304,-0.1513176610978305,0.7220853347468877,False
coinbase,ETH-USD,185823361,3628.57,2.335935,2026-05-08 22:32:00.338000+00:00,sell,2026-05-08T23:14:50.676303+00:00,match,8476.103662950001,0.35819204243314123,1.464810082890905,False
coinbase,ETH-USD,185823107,3596.81,1.564048,2026-05-08 22:32:00.663000+00:00,buy,2026-05-08T23:14:50.675467+00:00,match,5625.58348688,-0.5264212126071589,0.3584049268209835,False
coinbase,ETH-USD,185826011,3711.43,2.021065,2026-05-08 22:32:03.586000+00:00,buy,2026-05-08T23:14:50.684412+00:00,match,7501.04127295,2.6514867026333526,1.093368472845188,False
coinbase,ETH-USD,185823805,3630.64,0.778513,2026-05-08 22:32:05.672000+00:00,sell,2026-05-08T23:14:50.677684+00:00,match,2826.50043832,0.4027384888145952,-0.7715968014537485,False
coinbase,ETH-USD,185826581,3730.08,2.376562,2026-05-08 22:32:08.754000+00:00,buy,2026-05-08T23:14:50.686224+00:00,match,8864.76638496,2.9896506571204484,1.6179921654028853,False
coinbase,ETH-USD,185825765,3669.08,1.244968,2026-05-08 22:32:10.103000+00:00,buy,2026-05-08T23:14:50.683612+00:00,match,4567.88718944,1.3495098476758898,-0.084694830543379,False
coinbase,ETH-USD,185826877,3640.12,0.581455,2026-05-08 22:32:11.018000+00:00,sell,2026-05-08T23:14:50.687135+00:00,match,2116.5659746,0.5958023810711541,-1.038872957216653,False
coinbase,ETH-USD,185827093,3612.55,2.268609,2026-05-08 22:32:14.536000+00:00,sell,2026-05-08T23:14:50.687826+00:00,match,8195.46344295,-0.13672615094373697,1.3305244923596249,False
coinbase,ETH-USD,185826443,3651.72,0.31043,2026-05-08 22:32:14.702000+00:00,sell,2026-05-08T23:14:50.685783+00:00,match,1133.6034395999998,0.8817935916897719,-1.4299259486707048,False
coinbase,ETH-USD,185823273,3575.1,1.310763,2026-05-08 22:32:15.927000+00:00,buy,2026-05-08T23:14:50.676021+00:00,match,4686.1088013,-1.114636485493654,-0.013923397994723237,False
coinbase,ETH-USD,185826757,3667.42,1.183241,2026-05-08 22:32:17.818000+00:00,buy,2026-05-08T23:14:50.686769+00:00,match,4339.44170822,1.3001639231415445,-0.1414897682902311,False
coinbase,ETH-USD,185823145,3594.46,2.235682,2026-05-08 22:32:18.863000+00:00,buy,2026-05-08T23:14:50.675593+00:00,match,8036.069521720001,-0.6031153924298255,1.3174845149639167,False
coinbase,ETH-USD,185823219,3585.23,0.79561,2026-05-08 22:32:21.387000+00:00,buy,2026-05-08T23:14:50.675839+00:00,match,2852.4448403,-0.836824503390342,-0.7314719927076452,False
coinbase,ETH-USD,185824719,3619.95,0.400865,2026-05-08 22:32:24.972000+00:00,sell,2026-05-08T23:14:50.680476+00:00,match,1451.11125675,0.06193054085520873,-1.2636144738311639,False
coinbase,ETH-USD,185823299,3578.27,2.101613,2026-05-08 22:32:28.864000+00:00,buy,2026-05-08T23:14:50.676104+00:00,match,7520.13874951,-1.0212548123825744,1.1100223817361643,False
coinbase,ETH-USD,185823823,3629.8,1.088441,2026-05-08 22:32:28.923000+00:00,buy,2026-05-08T23:14:50.677743+00:00,match,3950.8231418,0.33080987718905874,-0.312101470228744,False
coinbase,ETH-USD,185823165,3580.47,0.155801,2026-05-08 22:32:29.391000+00:00,buy,2026-05-08T23:14:50.675659+00:00,match,557.84080647,-0.9430034043935673,-1.6230042640109323,False
coinbase,ETH-USD,185823495,3664.18,1.714009,2026-05-08 22:32:29.847000+00:00,buy,2026-05-08T23:14:50.676727+00:00,match,6280.43749762,1.2471728911716558,0.6245027199033935,False
coinbase,ETH-USD,185823383,3644.19,1.207382,2026-05-08 22:32:30.034000+00:00,buy,2026-05-08T23:14:50.676375+00:00,match,4399.92941058,0.7097901053923593,-0.12498187432534079,False
coinbase,ETH-USD,185824143,3553.48,0.437968,2026-05-08 22:32:30.045000+00:00,sell,2026-05-08T23:14:50.678708+00:00,match,1556.31052864,-1.6359184155809903,-1.2265187496315269,False
coinbase,ETH-USD,185823425,3647.21,1.271888,2026-05-08 22:32:30.271000+00:00,buy,2026-05-08T23:14:50.676516+00:00,match,4638.842632479999,0.7966105881200708,-0.005965765968166503,False
coinbase,ETH-USD,185825069,3604.7,1.643698,2026-05-08 22:32:30.816000+00:00,buy,2026-05-08T23:14:50.681544+00:00,match,5925.0381806000005,-0.2917408679923854,0.49236480490577045,False
coinbase,ETH-USD,185823281,3573.58,0.407352,2026-05-08 22:32:31.722000+00:00,buy,2026-05-08T23:14:50.676048+00:00,match,1455.70496016,-1.1049053460746434,-1.2541141343377846,False
coinbase,ETH-USD,185823233,3571.95,1.634123,2026-05-08 22:32:32.226000+00:00,sell,2026-05-08T23:14:50.675886+00:00,match,5837.00564985,-1.1259566253456894,0.4529411389182415,False
coinbase,ETH-USD,185823785,3630.98,1.713765,2026-05-08 22:32:33.375000+00:00,buy,2026-05-08T23:14:50.677616+00:00,match,6222.6464397,0.4076596954142548,0.5909023244873439,False
coinbase,ETH-USD,185825043,3603.41,1.492637,2026-05-08 22:32:33.597000+00:00,sell,2026-05-08T23:14:50.681460+00:00,match,5378.58309217,-0.3034250626378264,0.26353260146135504,False
coinbase,ETH-USD,185824133,3557.05,0.646066,2026-05-08 22:32:34.251000+00:00,buy,2026-05-08T23:14:50.678676+00:00,match,2298.0890653,-1.486032542278302,-0.9908122155403154,False
coinbase,ETH-USD,185825027,3593.6,2.190244,2026-05-08 22:32:37.593000+00:00,sell,2026-05-08T23:14:50.681413+00:00,match,7870.860838399999,-0.5506153645680478,1.2809172381394076,False
coinbase,ETH-USD,185823255,3579.95,1.568103,2026-05-08 22:32:39.597000+00:00,sell,2026-05-08T23:14:50.675961+00:00,match,5613.73033485,-0.8901219185333382,0.37363219595846636,False
coinbase,ETH-USD,185823817,3625.58,0.427087,2026-05-08 22:32:42.688000+00:00,buy,2026-05-08T23:14:50.677724+00:00,match,1548.43808546,0.2873015460810622,-1.3060477505994363,False
coinbase,ETH-USD,185823833,3626.95,2.341698,2026-05-08 22:32:43.528000+00:00,buy,2026-05-08T23:14:50.677775+00:00,match,8493.2215611,0.31214727182659074,1.531292145606238,False
coinbase,ETH-USD,185824537,3603.47,1.740725,2026-05-08 22:32:43.798000+00:00,sell,2026-05-08T23:14:50.679926+00:00,match,6272.65031575,-0.2879380895089692,0.6029079640343046,False
coinbase,ETH-USD,185826065,3695.74,0.967273,2026-05-08 22:32:44.655000+00:00,buy,2026-05-08T23:14:50.684575+00:00,match,3574.78951702,2.097708156594499,-0.5024134735892704,False
coinbase,ETH-USD,185824031,3559.44,0.385145,2026-05-08 22:32:45.689000+00:00,sell,2026-05-08T23:14:50.678366+00:00,match,1370.9005188,-1.4368908354517602,-1.3815990019466877,False
coinbase,ETH-USD,185825805,3666.13,1.171503,2026-05-08 22:32:46.254000+00:00,sell,2026-05-08T23:14:50.683722+00:00,match,4294.88229339,1.2963064733784622,-0.19875993897160177,False
coinbase,ETH-USD,185823663,3653.13,1.118805,2026-05-08 22:32:50.286000+00:00,buy,2026-05-08T23:14:50.677254+00:00,match,4087.14010965,0.9592327956608439,-0.2878808494304996,False
coinbase,ETH-USD,185827087,3605.22,2.085075,2026-05-08 22:32:50.598000+00:00,sell,2026-05-08T23:14:50.687806+00:00,match,7517.154091499999,-0.268668280650495,1.1087420536030597,False
coinbase,ETH-USD,185825473,3621.17,1.903331,2026-05-08 22:32:51.206000+00:00,sell,2026-05-08T23:14:50.682775+00:00,match,6892.28511727,0.14149254621285814,0.8325276636629573,False
coinbase,ETH-USD,185826277,3659.59,0.545417,2026-05-08 22:32:52.873000+00:00,buy,2026-05-08T23:14:50.685251+00:00,match,1996.0025990300005,1.1432919328727091,-1.2406015607544723,False
coinbase,ETH-USD,185825479,3629.96,1.458118,2026-05-08 22:32:53.324000+00:00,buy,2026-05-08T23:14:50.682795+00:00,match,5292.91001528,0.3754117928517337,0.16660466486037528,False
coinbase,ETH-USD,185827069,3608.19,2.476672,2026-05-08 22:32:55.754000+00:00,sell,2026-05-08T23:14:50.687749+00:00,match,8936.303143680001,-0.20572328489421562,1.6833073818170485,False
coinbase,ETH-USD,185823657,3639.78,0.451073,2026-05-08 22:32:56.313000+00:00,sell,2026-05-08T23:14:50.677236+00:00,match,1641.80648394,0.6108779549320539,-1.3597155846238491,False
coinbase,ETH-USD,185823763,3636.93,0.748306,2026-05-08 22:32:56.877000+00:00,sell,2026-05-08T23:14:50.677556+00:00,match,2721.53654058,0.5258784540861055,-0.899265566423599,False
coinbase,ETH-USD,185826795,3659.09,1.377927,2026-05-08 22:32:57.657000+00:00,sell,2026-05-08T23:14:50.686882+00:00,match,5041.95890643,1.1190426211528472,0.07852853365719972,False
coinbase,ETH-USD,185823307,3591.16,0.85674,2026-05-08 22:32:58.993000+00:00,sell,2026-05-08T23:14:50.676127+00:00,match,3076.6904183999995,-0.659599050955646,-0.7307303095193631,False
coinbase,ETH-USD,185825093,3604.98,2.101714,2026-05-08 22:32:59.159000+00:00,sell,2026-05-08T23:14:50.681619+00:00,match,7576.636935719999,-0.2813073382930183,1.178846910015228,False
coinbase,ETH-USD,185827297,3591.15,0.249414,2026-05-08 22:33:00.028000+00:00,buy,2026-05-08T23:14:50.688457+00:00,match,895.6830861,-0.6588087695055653,-1.617611913222193,False
coinbase,ETH-USD,185826789,3659.01,0.311511,2026-05-08 22:33:00.546000+00:00,sell,2026-05-08T23:14:50.686864+00:00,match,1139.82186411,1.1370054867939747,-1.4821756368887102,False
coinbase,ETH-USD,185827371,3539.34,1.209182,2026-05-08 22:33:01.653000+00:00,sell,2026-05-08T23:14:50.688675+00:00,match,4279.70621988,-2.0148943264491614,-0.17388520484098607,False
coinbase,ETH-USD,185823197,3591.49,0.250426,2026-05-08 22:33:05.748000+00:00,buy,2026-05-08T23:14:50.675766+00:00,match,899.4024747399999,-0.6212216649304791,-1.574770817773532,False
coinbase,ETH-USD,185823733,3653.67,0.104662,2026-05-08 22:33:05.782000+00:00,sell,2026-05-08T23:14:50.677467+00:00,match,382.40040954,1.018770053624798,-1.7417406380751228,False
coinbase,ETH-USD,185826455,3653.67,2.22636,2026-05-08 22:33:06.326000+00:00,buy,2026-05-08T23:14:50.685824+00:00,match,8134.3847412,1.0312284144199169,1.4023499123905023,False
coinbase,ETH-USD,185824605,3609.48,1.915795,2026-05-08 22:33:09.366000+00:00,sell,2026-05-08T23:14:50.680125+00:00,match,6915.0237366,-0.1367942994164046,0.9180157960857654,False
coinbase,ETH-USD,185823949,3570.03,1.867742,2026-05-08 22:33:12.702000+00:00,buy,2026-05-08T23:14:50.678116+00:00,match,6667.89497226,-1.1804874463286303,0.8183183222618932,False
coinbase,ETH-USD,185823871,3617.58,1.835929,2026-05-08 22:33:13.677000+00:00,buy,2026-05-08T23:14:50.677890+00:00,match,6641.62003182,0.09394569240931709,0.8050806771269938,False
coinbase,ETH-USD,185824665,3611.32,0.354254,2026-05-08 22:33:14.643000+00:00,buy,2026-05-08T23:14:50.680315+00:00,match,1279.32455528,-0.0585154366218192,-1.3558023181352372,False
coinbase,ETH-USD,185823213,3589.17,2.401659,2026-05-08 22:33:15.252000+00:00,sell,2026-05-08T23:14:50.675820+00:00,match,8619.96243303,-0.655566641616421,1.5867000694452529,False
coinbase,ETH-USD,185823437,3659.64,0.181566,2026-05-08 22:33:16.648000+00:00,buy,2026-05-08T23:14:50.676549+00:00,match,664.46619624,1.2252712089568858,-1.5764603715091055,False
coinbase,ETH-USD,185825215,3600.6,2.096991,2026-05-08 22:33:17.858000+00:00,buy,2026-05-08T23:14:50.681990+00:00,match,7550.4257946,-0.3729660443355711,1.1324578402901209,False
coinbase,ETH-USD,185824001,3574.83,0.292382,2026-05-08 22:33:19.795000+00:00,buy,2026-05-08T23:14:50.678281+00:00,match,1045.21594506,-1.0565488704465207,-1.4040237128087385,False
coinbase,ETH-USD,185823473,3670.44,0.101146,2026-05-08 22:33:22.601000+00:00,buy,2026-05-08T23:14:50.676666+00:00,match,371.25032424,1.5407246312869625,-1.6439836233041454,False
coinbase,ETH-USD,185823481,3663.29,2.169312,2026-05-08 22:33:29.916000+00:00,sell,2026-05-08T23:14:50.676688+00:00,match,7946.81895648,1.3192471181842362,1.260831200962667,False
coinbase,ETH-USD,185823925,3599.27,0.506683,2026-05-08 22:33:30.293000+00:00,sell,2026-05-08T23:14:50.678050+00:00,match,1823.68892141,-0.4149240438955945,-1.0753091214737942,False
coinbase,ETH-USD,185826735,3659.82,1.874792,2026-05-08 22:33:30.330000+00:00,sell,2026-05-08T23:14:50.686703+00:00,match,6861.40125744,1.204216479196612,0.8366800618399427,False
coinbase,ETH-USD,185823579,3689.86,0.988699,2026-05-08 22:33:32.160000+00:00,sell,2026-05-08T23:14:50.676998+00:00,match,3648.16089214,1.9672293982200248,-0.37771114539350814,False
coinbase,ETH-USD,185824491,3608.9,2.364224,2026-05-08 22:33:33.333000+00:00,buy,2026-05-08T23:14:50.679774+00:00,match,8532.2479936,-0.17573163541430045,1.4472255513222871,False
coinbase,ETH-USD,185826667,3709.78,0.956517,2026-05-08 22:33:33.993000+00:00,buy,2026-05-08T23:14:50.686480+00:00,match,3548.46763626,2.450625979005697,-0.42276263806512104,False
coinbase,ETH-USD,185823791,3638.81,0.437614,2026-05-08 22:33:35.937000+00:00,buy,2026-05-08T23:14:50.677637+00:00,match,1592.39419934,0.5891901805296483,-1.1373254182020518,False
coinbase,ETH-USD,185823293,3570.92,2.005929,2026-05-08 22:33:36.591000+00:00,sell,2026-05-08T23:14:50.676087+00:00,match,7163.011984680001,-1.1566807380164499,0.9515088567934411,False
coinbase,ETH-USD,185824943,3579.25,2.36587,2026-05-08 22:33:36.968000+00:00,sell,2026-05-08T23:14:50.681156+00:00,match,8468.0401975,-0.93267249403773,1.4210102516452365,False
coinbase,ETH-USD,185824625,3624.48,2.336089,2026-05-08 22:33:39.303000+00:00,buy,2026-05-08T23:14:50.680184+00:00,match,8467.107858719999,0.22627440916749172,1.4211751515662776,False
coinbase,ETH-USD,185824201,3574.14,0.509414,2026-05-08 22:33:39.532000+00:00,buy,2026-05-08T23:14:50.678891+00:00,match,1820.71695396,-1.0701733099610773,-1.0316323312644986,False
coinbase,ETH-USD,185825681,3652.49,2.028832,2026-05-08 22:33:45.016000+00:00,buy,2026-05-08T23:14:50.683374+00:00,match,7410.28859168,0.9325610830477019,1.0177592893797829,False
coinbase,ETH-USD,185824705,3610.49,1.422148,2026-05-08 22:33:45.708000+00:00,sell,2026-05-08T23:14:50.680439+00:00,match,5134.65113252,-0.1465298165709244,0.16560970445905085,False
coinbase,ETH-USD,185823173,3582.34,1.715169,2026-05-08 22:33:46.846000+00:00,buy,2026-05-08T23:14:50.675690+00:00,match,6144.31851546,-0.8612623332145795,0.5253835443793479,False
coinbase,ETH-USD,185826187,3674.19,1.088394,2026-05-08 22:33:46.948000+00:00,sell,2026-05-08T23:14:50.684975+00:00,match,3998.96635086,1.464738668466784,-0.27874397248263016,False
coinbase,ETH-USD,185823447,3657.72,1.614864,2026-05-08 22:33:48.138000+00:00,buy,2026-05-08T23:14:50.676583+00:00,match,5906.72035008,1.0244092534440365,0.4411822140819136,False
coinbase,ETH-USD,185825583,3625.95,2.340735,2026-05-08 22:33:52.233000+00:00,buy,2026-05-08T23:14:50.683103+00:00,match,8487.38807325,0.21011588513019092,1.4137690567602654,False
coinbase,ETH-USD,185825475,3623.49,0.766726,2026-05-08 22:33:56.235000+00:00,sell,2026-05-08T23:14:50.682782+00:00,match,2778.22399374,0.1403404267278725,-0.7264524222766237,False
coinbase,ETH-USD,185825845,3686.36,0.14051,2026-05-08 22:33:57.295000+00:00,buy,2026-05-08T23:14:50.683834+00:00,match,517.9704436,1.6976976447350387,-1.5385813595615396,False
coinbase,ETH-USD,185824581,3591.75,0.074264,2026-05-08 22:34:00.243000+00:00,sell,2026-05-08T23:14:50.680054+00:00,match,266.73772199999996,-0.6922067073185753,-1.5960335857407035,False
coinbase,ETH-USD,185823849,3621.03,1.365461,2026-05-08 22:34:01.710000+00:00,buy,2026-05-08T23:14:50.677823+00:00,match,4944.37524483,0.04147397073178897,0.11424959124468294,False
coinbase,ETH-USD,185825367,3575.53,0.410149,2026-05-08 22:34:03.123000+00:00,sell,2026-05-08T23:14:50.682453+00:00,match,1466.50005397,-1.0887793793124043,-1.1641274133461696,False
coinbase,ETH-USD,185823633,3658.95,1.213307,2026-05-08 22:34:05.739000+00:00,sell,2026-05-08T23:14:50.677164+00:00,match,4439.429647649999,1.0018904946347724,-0.08044840067826359,False
coinbase,ETH-USD,185825517,3625.81,1.964549,2026-05-08 22:34:08.838000+00:00,buy,2026-05-08T23:14:50.682897+00:00,match,7123.08140969,0.14893822710551832,0.916734490584943,False
coinbase,ETH-USD,185824535,3600.22,0.828243,2026-05-08 22:34:09.831000+00:00,buy,2026-05-08T23:14:50.679920+00:00,match,2981.8570134599995,-0.49281013574069893,-0.6295579158263264,False
coinbase,ETH-USD,185824677,3606.29,0.365909,2026-05-08 22:34:10.353000+00:00,sell,2026-05-08T23:14:50.680354+00:00,match,1319.57396761,-0.3315797026112842,-1.2257337369119132,False
coinbase,ETH-USD,185824529,3604.19,1.071302,2026-05-08 22:34:10.789000+00:00,buy,2026-05-08T23:14:50.679901+00:00,match,3861.17595538,-0.4062301151115739,-0.2723957340429356,False
coinbase,ETH-USD,185823357,3634.63,1.694855,2026-05-08 22:34:13.023000+00:00,buy,2026-05-08T23:14:50.676290+00:00,match,6160.17082865,0.3832119094252492,0.5789399917337192,False
coinbase,ETH-USD,185825025,3588.35,1.860938,2026-05-08 22:34:16.071000+00:00,sell,2026-05-08T23:14:50.681406+00:00,match,6677.6968723,-0.8278800281617729,0.7681038635194312,False
coinbase,ETH-USD,185823201,3589.47,0.795079,2026-05-08 22:34:16.815000+00:00,sell,2026-05-08T23:14:50.675780+00:00,match,2853.91221813,-0.7867730344870136,-0.6359907875247933,False
coinbase,ETH-USD,185823537,3684.36,2.155072,2026-05-08 22:34:17.298000+00:00,buy,2026-05-08T23:14:50.676857+00:00,match,7940.061073920001,1.651052067339826,1.247763131571797,False
coinbase,ETH-USD,185823729,3651.89,0.56576,2026-05-08 22:34:17.535000+00:00,buy,2026-05-08T23:14:50.677456+00:00,match,2066.0932864,0.799920877185946,-0.932166676285007,False
coinbase,ETH-USD,185823721,3662.26,1.035159,2026-05-08 22:34:18.301000+00:00,sell,2026-05-08T23:14:50.677435+00:00,match,3791.02139934,1.0464381887277634,-0.2811328763395982,False
coinbase,ETH-USD,185823427,3652.11,0.41857,2026-05-08 22:34:18.938000+00:00,buy,2026-05-08T23:14:50.676522+00:00,match,1528.6636827,0.769980780145768,-1.1299826364676626,False
coinbase,ETH-USD,185824831,3604.35,0.312921,2026-05-08 22:34:19.050000+00:00,sell,2026-05-08T23:14:50.680825+00:00,match,1127.87680635,-0.4719317962128591,-1.2777672450990678,False
coinbase,ETH-USD,185826767,3667.38,0.943529,2026-05-08 22:34:22.168000+00:00,sell,2026-05-08T23:14:50.686802+00:00,match,3460.2793840199997,1.1400975741493455,-0.4223858238180344,False
coinbase,ETH-USD,185824561,3604.83,1.839187,2026-05-08 22:34:24.027000+00:00,sell,2026-05-08T23:14:50.679997+00:00,match,6629.95647321,-0.47902735598979324,0.7754656316407841,False
coinbase,ETH-USD,185823497,3660.91,2.148993,2026-05-08 22:34:24.643000+00:00,sell,2026-05-08T23:14:50.676732+00:00,match,7867.269963629999,0.9738965788719481,1.2300995824856251,False
coinbase,ETH-USD,185826271,3659.54,1.541,2026-05-08 22:34:27.668000+00:00,sell,2026-05-08T23:14:50.685235+00:00,match,5639.35114,0.9223003481057248,0.3972158185417109,False
coinbase,ETH-USD,185823821,3626.71,2.434732,2026-05-08 22:34:28.597000+00:00,buy,2026-05-08T23:14:50.677736+00:00,match,8830.06689172,0.07574204354000558,1.593491460971439,False
coinbase,ETH-USD,185825235,3604.0,1.642387,2026-05-08 22:34:30.687000+00:00,sell,2026-05-08T23:14:50.682053+00:00,match,5919.162748,-0.5126591460284464,0.498817237821886,False
coinbase,ETH-USD,185824327,3617.75,2.225119,2026-05-08 22:34:34.143000+00:00,buy,2026-05-08T23:14:50.679283+00:00,match,8049.92426225,-0.13688901612229595,1.2934545228530394,False
coinbase,ETH-USD,185826643,3723.88,2.276668,2026-05-08 22:34:35.353000+00:00,buy,2026-05-08T23:14:50.686412+00:00,match,8478.03843184,2.5640878492113655,1.4209636884484487,False
coinbase,ETH-USD,185825203,3609.34,1.750314,2026-05-08 22:34:36.848000+00:00,buy,2026-05-08T23:14:50.681951+00:00,match,6317.47833276,-0.35419912298615747,0.6345997141087995,False
coinbase,ETH-USD,185824279,3609.81,1.184211,2026-05-08 22:34:39.952000+00:00,buy,2026-05-08T23:14:50.679137+00:00,match,4274.776709909999,-0.32828153846642993,-0.13109789612926032,False
coinbase,ETH-USD,185824135,3552.3,2.241274,2026-05-08 22:34:42.989000+00:00,sell,2026-05-08T23:14:50.678683+00:00,match,7961.677630200001,-1.8188988437356144,1.226936753635544,False
coinbase,ETH-USD,185824849,3612.93,0.579002,2026-05-08 22:34:47.240000+00:00,buy,2026-05-08T23:14:50.680873+00:00,match,2091.89369586,-0.21758222827782195,-0.9504990629062267,False
coinbase,ETH-USD,185826869,3644.44,1.960717,2026-05-08 22:34:49.606000+00:00,buy,2026-05-08T23:14:50.687110+00:00,match,7145.71546348,0.6174883017632983,0.9300082164586667,False
coinbase,ETH-USD,185823441,3653.25,0.977542,2026-05-08 22:34:51.516000+00:00,sell,2026-05-08T23:14:50.676563+00:00,match,3571.2053115,0.8332146844524468,-0.41450037907327186,False
coinbase,ETH-USD,185826143,3675.73,0.030386,2026-05-08 22:34:52.055000+00:00,buy,2026-05-08T23:14:50.684812+00:00,match,111.69073178,1.4238441379180775,-1.678566849519961,False
coinbase,ETH-USD,185826601,3732.4,2.193442,2026-05-08 22:34:52.916000+00:00,sell,2026-05-08T23:14:50.686289+00:00,match,8186.802920800001,2.779322245234104,1.3210668201638582,False
coinbase,ETH-USD,185826521,3689.5,2.317771,2026-05-08 22:34:54.610000+00:00,sell,2026-05-08T23:14:50.686035+00:00,match,8551.4161045,1.6443645643383165,1.4235640751134515,False
coinbase,ETH-USD,185824383,3614.51,2.487767,2026-05-08 22:34:54.954000+00:00,buy,2026-05-08T23:14:50.679451+00:00,match,8992.05869917,-0.24783546986811295,1.5501498930760482,False
coinbase,ETH-USD,185824225,3577.77,0.319562,2026-05-08 22:34:56.318000+00:00,buy,2026-05-08T23:14:50.678962+00:00,match,1143.31933674,-1.1750552684983304,-1.2983049937968243,False
coinbase,ETH-USD,185825007,3590.27,0.427656,2026-05-08 22:34:59.943000+00:00,sell,2026-05-08T23:14:50.681348+00:00,match,1535.40050712,-0.8465260522133328,-1.1391120205267966,False
coinbase,ETH-USD,185823889,3611.41,1.511754,2026-05-08 22:35:00.336000+00:00,buy,2026-05-08T23:14:50.677941+00:00,match,5459.5635131399995,-0.3244092828756375,0.2702552879234886,False
coinbase,ETH-USD,185824019,3576.26,0.030576,2026-05-08 22:35:05.565000+00:00,sell,2026-05-08T23:14:50.678333+00:00,match,109.34772576,-1.188804135185462,-1.649950539736439,False
coinbase,ETH-USD,185826713,3673.65,1.001603,2026-05-08 22:35:07.856000+00:00,buy,2026-05-08T23:14:50.686633+00:00,match,3679.53886095,1.253655425432254,-0.3530795483234364,False
coinbase,ETH-USD,185823679,3656.69,2.493419,2026-05-08 22:35:09.527000+00:00,buy,2026-05-08T23:14:50.677306+00:00,match,9117.66032311,0.812753793445919,1.5792917238423612,False
coinbase,ETH-USD,185823393,3651.69,1.405744,2026-05-08 22:35:10.056000+00:00,sell,2026-05-08T23:14:50.676411+00:00,match,5133.34130736,0.6841549746134108,0.14343400242456014,False
coinbase,ETH-USD,185825119,3589.0,0.138486,2026-05-08 22:35:11.530000+00:00,sell,2026-05-08T23:14:50.681702+00:00,match,497.026254,-0.9000785754705224,-1.4898484420118367,False
coinbase,ETH-USD,185824385,3618.68,0.561448,2026-05-08 22:35:11.960000+00:00,sell,2026-05-08T23:14:50.679458+00:00,match,2031.70064864,-0.16184344981297963,-0.9474195682222899,False
coinbase,ETH-USD,185823443,3658.27,0.027974,2026-05-08 22:35:13.439000+00:00,buy,2026-05-08T23:14:50.676570+00:00,match,102.33644498,0.8312716904654606,-1.595792180789417,False
coinbase,ETH-USD,185824315,3612.12,0.924028,2026-05-08 22:35:14.302000+00:00,buy,2026-05-08T23:14:50.679245+00:00,match,3337.7000193599997,-0.3483211678606556,-0.44530224865083146,False
coinbase,ETH-USD,185824793,3586.93,0.560859,2026-05-08 22:35:14.507000+00:00,sell,2026-05-08T23:14:50.680703+00:00,match,2011.76197287,-0.9870615842308987,-0.8977816990104416,False
coinbase,ETH-USD,185824371,3621.48,1.857887,2026-05-08 22:35:15.048000+00:00,sell,2026-05-08T23:14:50.679415+00:00,match,6728.30061276,-0.12200446931317253,0.7444967426425596,False
coinbase,ETH-USD,185826781,3656.11,0.184725,2026-05-08 22:35:18.362000+00:00,buy,2026-05-08T23:14:50.686839+00:00,match,675.37491975,0.7618967551757152,-1.354611620211617,False
coinbase,ETH-USD,185825813,3666.05,1.404763,2026-05-08 22:35:18.434000+00:00,buy,2026-05-08T23:14:50.683746+00:00,match,5149.93139615,1.0004045025698711,0.21602707966421406,False
coinbase,ETH-USD,185825663,3641.02,1.587055,2026-05-08 22:35:19.551000+00:00,buy,2026-05-08T23:14:50.683323+00:00,match,5778.4989961,0.34387763946009975,0.42368058335876974,False
coinbase,ETH-USD,185823301,3583.07,2.248988,2026-05-08 22:35:26.383000+00:00,buy,2026-05-08T23:14:50.676109+00:00,match,8058.281433160001,-1.1462669548206916,1.2312263894729283,False
coinbase,ETH-USD,185823499,3665.32,1.499575,2026-05-08 22:35:27.679000+00:00,buy,2026-05-08T23:14:50.676737+00:00,match,5496.422239,0.9628687225742423,0.32962006836318525,False
coinbase,ETH-USD,185826947,3622.2,2.214783,2026-05-08 22:35:28.728000+00:00,buy,2026-05-08T23:14:50.687361+00:00,match,8022.3869826,-0.13264312202200873,1.1990017176002201,False
coinbase,ETH-USD,185825339,3557.07,2.295036,2026-05-08 22:35:28.794000+00:00,buy,2026-05-08T23:14:50.682379+00:00,match,8163.603704520001,-1.8368223898362566,1.2234553902160477,False
coinbase,ETH-USD,185825453,3608.63,2.186638,2026-05-08 22:35:31.401000+00:00,sell,2026-05-08T23:14:50.682718+00:00,match,7890.76748594,-0.4740228328521366,1.1082007350347811,False
coinbase,ETH-USD,185825389,3581.47,2.387547,2026-05-08 22:35:32.082000+00:00,buy,2026-05-08T23:14:50.682515+00:00,match,8550.92795409,-1.1639101096291784,1.3114925432056028,False
coinbase,ETH-USD,185825111,3588.85,1.053572,2026-05-08 22:35:32.213000+00:00,sell,2026-05-08T23:14:50.681676+00:00,match,3781.1118722,-0.9633561522689166,-0.32590535698991185,False
coinbase,ETH-USD,185824867,3613.64,2.134588,2026-05-08 22:35:32.903000+00:00,sell,2026-05-08T23:14:50.680926+00:00,match,7713.63258032,-0.3146244563994512,1.0337105992842817,False
coinbase,ETH-USD,185823977,3587.37,2.275019,2026-05-08 22:35:34.848000+00:00,buy,2026-05-08T23:14:50.678203+00:00,match,8161.334910029999,-0.9798293129265775,1.1646025031927958,False
coinbase,ETH-USD,185824829,3599.19,1.254731,2026-05-08 22:35:35.428000+00:00,sell,2026-05-08T23:14:50.680819+00:00,match,4516.01526789,-0.6624830202185852,-0.09190266497412346,False
coinbase,ETH-USD,185823695,3663.49,0.278284,2026-05-08 22:35:36.466000+00:00,sell,2026-05-08T23:14:50.677358+00:00,match,1019.49065116,0.9904239936830758,-1.2753372708540793,False
coinbase,ETH-USD,185826123,3683.01,1.476116,2026-05-08 22:35:37.569000+00:00,sell,2026-05-08T23:14:50.684752+00:00,match,5436.54998916,1.4691680406868284,0.24220876730910307,False
coinbase,ETH-USD,185824985,3588.97,1.236565,2026-05-08 22:35:38.578000+00:00,buy,2026-05-08T23:14:50.681290+00:00,match,4437.994688049999,-0.9240657400241818,-0.1116764480777388,False
coinbase,ETH-USD,185824939,3582.44,0.91229,2026-05-08 22:35:39.011000+00:00,buy,2026-05-08T23:14:50.681145+00:00,match,3268.2241876000003,-1.0689646645141846,-0.5130673823672588,False
coinbase,ETH-USD,185825623,3629.54,0.250435,2026-05-08 22:35:39.752000+00:00,buy,2026-05-08T23:14:50.683211+00:00,match,908.9638499,0.12114090026767367,-1.3182588547719618,False
coinbase,ETH-USD,185825869,3692.1,1.161035,2026-05-08 22:35:42.107000+00:00,buy,2026-05-08T23:14:50.683925+00:00,match,4286.6573235,1.675468644588943,-0.13875409045760262,False
coinbase,ETH-USD,185823731,3654.72,0.165434,2026-05-08 22:35:42.404000+00:00,sell,2026-05-08T23:14:50.677462+00:00,match,604.61494848,0.717530120908925,-1.4161586287365926,False
coinbase,ETH-USD,185823449,3653.49,1.677478,2026-05-08 22:35:46.480000+00:00,buy,2026-05-08T23:14:50.676589+00:00,match,6128.649098219999,0.6885964551792795,0.4879613228953121,False
coinbase,ETH-USD,185823287,3565.49,1.166798,2026-05-08 22:35:47.173000+00:00,sell,2026-05-08T23:14:50.676070+00:00,match,4160.20660102,-1.5623339558901919,-0.19966106698620567,False
coinbase,ETH-USD,185824563,3606.97,1.613369,2026-05-08 22:35:49.008000+00:00,sell,2026-05-08T23:14:50.680002+00:00,match,5819.37358193,-0.5057359493794753,0.36616721225932186,False
coinbase,ETH-USD,185824181,3567.68,1.172257,2026-05-08 22:35:50.201000+00:00,sell,2026-05-08T23:14:50.678823+00:00,match,4182.23785376,-1.4792807183620573,-0.22709164520342306,False
coinbase,ETH-USD,185823951,3572.58,2.174729,2026-05-08 22:35:51.114000+00:00,buy,2026-05-08T23:14:50.678123+00:00,match,7769.39333082,-1.325342394309977,1.0557663260519254,False
coinbase,ETH-USD,185825843,3685.12,1.54369,2026-05-08 22:35:56.712000+00:00,sell,2026-05-08T23:14:50.683829+00:00,match,5688.6828927999995,1.4852228781858947,0.31734643372737015,False
coinbase,ETH-USD,185824113,3555.55,1.912283,2026-05-08 22:35:57.918000+00:00,buy,2026-05-08T23:14:50.678612+00:00,match,6799.21782065,-1.742724900948649,0.7144373793046078,False
coinbase,ETH-USD,185824909,3599.29,0.936672,2026-05-08 22:35:59.149000+00:00,sell,2026-05-08T23:14:50.681045+00:00,match,3371.35416288,-0.648870756643475,-0.5017825149496874,False
coinbase,ETH-USD,185824483,3610.05,1.712121,2026-05-08 22:36:02.267000+00:00,buy,2026-05-08T23:14:50.679750+00:00,match,6180.84241605,-0.38137568406308053,0.4909568643337593,False
coinbase,ETH-USD,185825641,3628.05,1.064834,2026-05-08 22:36:02.899000+00:00,sell,2026-05-08T23:14:50.683262+00:00,match,3863.2709937,0.05603241785973982,-0.3312313689323062,False
coinbase,ETH-USD,185824505,3602.04,0.028125,2026-05-08 22:36:05.310000+00:00,buy,2026-05-08T23:14:50.679819+00:00,match,101.307375,-0.5790657179217462,-1.6936131455851466,False
coinbase,ETH-USD,185824157,3570.3,2.31625,2026-05-08 22:36:06.268000+00:00,sell,2026-05-08T23:14:50.678750+00:00,match,8269.707375000002,-1.353991484138188,1.2649446504941257,False
coinbase,ETH-USD,185823565,3685.27,2.12349,2026-05-08 22:36:08.197000+00:00,sell,2026-05-08T23:14:50.676947+00:00,match,7825.6339923,1.4639134677745185,1.0833283229079471,False
coinbase,ETH-USD,185823407,3655.15,1.366583,2026-05-08 22:36:09.248000+00:00,buy,2026-05-08T23:14:50.676456+00:00,match,4995.06585245,0.725937323584506,0.03926154387914983,False
coinbase,ETH-USD,185823997,3578.94,0.567032,2026-05-08 22:36:16.108000+00:00,sell,2026-05-08T23:14:50.678268+00:00,match,2029.37350608,-1.1403249677574516,-1.0316800061733018,False
coinbase,ETH-USD,185823807,3626.34,0.134594,2026-05-08 22:36:18.258000+00:00,sell,2026-05-08T23:14:50.677690+00:00,match,488.08360596,0.02573907726372078,-1.5840835302180283,False
coinbase,ETH-USD,185823297,3574.57,1.783452,2026-05-08 22:36:18.348000+00:00,sell,2026-05-08T23:14:50.676098+00:00,match,6375.074015640001,-1.2316121645415177,0.5731696868244313,False
coinbase,ETH-USD,185825171,3582.62,0.193718,2026-05-08 22:36:19.126000+00:00,sell,2026-05-08T23:14:50.681856+00:00,match,694.01798116,-1.0146575601186751,-1.482380267802636,False
coinbase,ETH-USD,185823751,3652.15,1.825431,2026-05-08 22:36:20.130000+00:00,sell,2026-05-08T23:14:50.677518+00:00,match,6666.74782665,0.7042288279889853,0.695383048687715,False
coinbase,ETH-USD,185824585,3590.34,2.467243,2026-05-08 22:36:21.435000+00:00,sell,2026-05-08T23:14:50.680065+00:00,match,8858.24123262,-0.8185316031491189,1.461686101682629,False
coinbase,ETH-USD,185823841,3632.52,0.900784,2026-05-08 22:36:22.489000+00:00,buy,2026-05-08T23:14:50.677799+00:00,match,3272.11589568,0.2529328055152178,-0.5673206237822932,False
coinbase,ETH-USD,185825343,3563.75,1.605829,2026-05-08 22:36:23.244000+00:00,buy,2026-05-08T23:14:50.682389+00:00,match,5722.77309875,-1.4864481819291995,0.3298275740380267,False
coinbase,ETH-USD,185826885,3641.33,0.112051,2026-05-08 22:36:23.370000+00:00,buy,2026-05-08T23:14:50.687161+00:00,match,408.01466783,0.4636995794669206,-1.5731062306113681,False
coinbase,ETH-USD,185825875,3688.07,1.243356,2026-05-08 22:36:25.835000+00:00,sell,2026-05-08T23:14:50.683940+00:00,match,4585.58396292,1.6145837211105443,-0.04155817054717576,False
coinbase,ETH-USD,185827289,3586.83,0.651199,2026-05-08 22:36:27.955000+00:00,buy,2026-05-08T23:14:50.688431+00:00,match,2335.74010917,-0.9327220209803552,-0.8702405033774772,False
coinbase,ETH-USD,185824295,3620.05,1.279228,2026-05-08 22:36:28.060000+00:00,sell,2026-05-08T23:14:50.679184+00:00,match,4630.8693214,-0.08811802098967374,-0.016758531840612764,False
coinbase,ETH-USD,185823517,3665.26,1.965224,2026-05-08 22:36:31.258000+00:00,buy,2026-05-08T23:14:50.676792+00:00,match,7203.05691824,1.0345578138550768,0.921680195330321,False
coinbase,ETH-USD,185825329,3566.61,1.360254,2026-05-08 22:36:34.572000+00:00,buy,2026-05-08T23:14:50.682353+00:00,match,4851.495518940001,-1.4331913067108015,0.06168734813791539,False
coinbase,ETH-USD,185823869,3620.72,1.881928,2026-05-08 22:36:34.688000+00:00,sell,2026-05-08T23:14:50.677884+00:00,match,6813.93434816,-0.06743536900774438,0.7719728119798959,False
coinbase,ETH-USD,185825493,3622.08,1.993195,2026-05-08 22:36:37.017000+00:00,buy,2026-05-08T23:14:50.682832+00:00,match,7219.5117456,-0.024263428995783775,0.9131094340894987,False
coinbase,ETH-USD,185825665,3643.65,1.883323,2026-05-08 22:36:38.379000+00:00,sell,2026-05-08T23:14:50.683329+00:00,match,6862.16984895,0.5163626883381199,0.7934202833179071,False
coinbase,ETH-USD,185825579,3626.66,2.118552,2026-05-08 22:36:38.644000+00:00,buy,2026-05-08T23:14:50.683093+00:00,match,7683.26779632,0.08622692622766778,1.0743275832360155,False
coinbase,ETH-USD,185825023,3589.87,1.025856,2026-05-08 22:36:38.784000+00:00,buy,2026-05-08T23:14:50.681400+00:00,match,3682.68967872,-0.8269646059712651,-0.4113478339935432,False
coinbase,ETH-USD,185826099,3697.31,0.637938,2026-05-08 22:36:39.558000+00:00,sell,2026-05-08T23:14:50.684676+00:00,match,2358.65454678,1.8594610136657417,-0.9205147734420989,False
coinbase,ETH-USD,185825509,3630.62,0.278764,2026-05-08 22:36:40.704000+00:00,sell,2026-05-08T23:14:50.682875+00:00,match,1012.08615368,0.1806058370746818,-1.3971679689550327,False
coinbase,ETH-USD,185826923,3636.28,0.785955,2026-05-08 22:36:43.374000+00:00,sell,2026-05-08T23:14:50.687281+00:00,match,2857.9524474,0.30974253237296523,-0.7199655862362868,False
coinbase,ETH-USD,185825761,3670.85,1.342396,2026-05-08 22:36:43.481000+00:00,sell,2026-05-08T23:14:50.683601+00:00,match,4927.7343566,1.17797778956527,0.051412102160912326,False
coinbase,ETH-USD,185827135,3610.35,1.17013,2026-05-08 22:36:43.667000+00:00,sell,2026-05-08T23:14:50.687960+00:00,match,4224.578845499999,-0.34433994506974686,-0.2011922693968793,False
coinbase,ETH-USD,185823547,3681.47,1.910634,2026-05-08 22:36:45.003000+00:00,buy,2026-05-08T23:14:50.676890+00:00,match,7033.941751979999,1.4163774547128598,0.8359531552353187,False
coinbase,ETH-USD,185823847,3622.0,0.56443,2026-05-08 22:36:49.438000+00:00,buy,2026-05-08T23:14:50.677818+00:00,match,2044.36546,-0.07447683049034805,-1.0386073235247608,False
coinbase,ETH-USD,185824025,3564.7,2.400242,2026-05-08 22:36:51.720000+00:00,buy,2026-05-08T23:14:50.678350+00:00,match,8556.1426574,-1.4838373294412914,1.3775279765377824,False
coinbase,ETH-USD,185827333,3555.74,0.511986,2026-05-08 22:36:54.422000+00:00,buy,2026-05-08T23:14:50.688557+00:00,match,1820.48909964,-1.6628836656770687,-1.1081697236370822,False
coinbase,ETH-USD,185823465,3661.48,1.447294,2026-05-08 22:36:55.347000+00:00,buy,2026-05-08T23:14:50.676638+00:00,match,5299.23803512,0.9027571333635459,0.18582137392361275,False
coinbase,ETH-USD,185823419,3646.72,2.375776,2026-05-08 22:36:55.885000+00:00,sell,2026-05-08T23:14:50.676496+00:00,match,8663.78985472,0.5294527086011853,1.402724420806586,False
coinbase,ETH-USD,185824751,3615.36,1.04559,2026-05-08 22:36:56.886000+00:00,sell,2026-05-08T23:14:50.680576+00:00,match,3780.1842624,-0.22383705249420338,-0.3835959454093052,False
coinbase,ETH-USD,185823727,3655.58,2.115361,2026-05-08 22:36:58.823000+00:00,sell,2026-05-08T23:14:50.677451+00:00,match,7732.87136438,0.76998419900323,1.0599152958938105,False
coinbase,ETH-USD,185823529,3678.31,1.374027,2026-05-08 22:37:05.488000+00:00,sell,2026-05-08T23:14:50.676831+00:00,match,5054.09725437,1.3221117059679597,0.0628916155296385,False
coinbase,ETH-USD,185823343,3617.58,0.900601,2026-05-08 22:37:07.589000+00:00,sell,2026-05-08T23:14:50.676251+00:00,match,3257.99616558,-0.16475158195389825,-0.6131373542757073,False
coinbase,ETH-USD,185823479,3664.91,0.946358,2026-05-08 22:37:07.624000+00:00,buy,2026-05-08T23:14:50.676682+00:00,match,3468.31689778,0.9843275103170399,-0.5481521418797262,False
coinbase,ETH-USD,185826185,3671.78,1.122356,2026-05-08 22:37:10.088000+00:00,buy,2026-05-08T23:14:50.684967+00:00,match,4121.0443136799995,1.1507273663004811,-0.30537260061349886,False
coinbase,ETH-USD,185823839,3628.79,1.015141,2026-05-08 22:37:13.480000+00:00,buy,2026-05-08T23:14:50.677793+00:00,match,3683.73350939,0.08954343456554756,-0.45945975930861366,False
coinbase,ETH-USD,185825209,3603.36,2.362637,2026-05-08 22:37:16.030000+00:00,sell,2026-05-08T23:14:50.681971+00:00,match,8513.43166032,-0.5227072744281521,1.3549966088345695,False
coinbase,ETH-USD,185824551,3597.0,0.764688,2026-05-08 22:37:18.243000+00:00,sell,2026-05-08T23:14:50.679970+00:00,match,2750.5827360000003,-0.6650470725009403,-0.7981105196765587,False
coinbase,ETH-USD,185826685,3708.96,0.968483,2026-05-08 22:37:20.941000+00:00,buy,2026-05-08T23:14:50.686549+00:00,match,3592.06470768,2.0336337887098117,-0.46781526574580656,False
coinbase,ETH-USD,185823535,3679.99,2.415142,2026-05-08 22:37:21.642000+00:00,sell,2026-05-08T23:14:50.676851+00:00,match,8887.69840858,1.3056972428619946,1.5096686626987754,False
coinbase,ETH-USD,185824865,3612.88,1.609703,2026-05-08 22:37:22.276000+00:00,buy,2026-05-08T23:14:50.680920+00:00,match,5815.66377464,-0.3019892317799217,0.3698261221306415,False
coinbase,ETH-USD,185823391,3648.84,0.331766,2026-05-08 22:37:22.672000+00:00,buy,2026-05-08T23:14:50.676404+00:00,match,1210.56105144,0.5939361855296308,-1.339812058843346,False
coinbase,ETH-USD,185824591,3595.16,2.172526,2026-05-08 22:37:26.011000+00:00,buy,2026-05-08T23:14:50.680083+00:00,match,7810.578574159999,-0.7235064190284026,1.1387547782956438,False
coinbase,ETH-USD,185825617,3634.12,2.429202,2026-05-08 22:37:26.388000+00:00,sell,2026-05-08T23:14:50.683195+00:00,match,8828.01157224,0.22847963737693336,1.4868187634798353,False
coinbase,ETH-USD,185823591,3674.7,2.37122,2026-05-08 22:37:31.239000+00:00,buy,2026-05-08T23:14:50.677037+00:00,match,8713.522134,1.2073129172589077,1.4362610642263565,False
coinbase,ETH-USD,185824467,3611.4,1.726327,2026-05-08 22:37:33.138000+00:00,sell,2026-05-08T23:14:50.679705+00:00,match,6234.4573278,-0.36328281492778164,0.5060547797776298,False
coinbase,ETH-USD,185823329,3601.86,0.63192,2026-05-08 22:37:34.252000+00:00,buy,2026-05-08T23:14:50.676200+00:00,match,2276.0873712,-0.5890380708777746,-0.9447885601409681,False
coinbase,ETH-USD,185824359,3624.99,2.393547,2026-05-08 22:37:35.520000+00:00,sell,2026-05-08T23:14:50.679377+00:00,match,8676.583939529999,-0.008476395758638578,1.3980727974226235,False
coinbase,ETH-USD,185826161,3681.08,2.037671,2026-05-08 22:37:39.058000+00:00,sell,2026-05-08T23:14:50.684885+00:00,match,7500.82996468,1.382003178430082,0.9492694421679251,False
coinbase,ETH-USD,185823879,3621.84,1.593597,2026-05-08 22:37:40.851000+00:00,sell,2026-05-08T23:14:50.677912+00:00,match,5771.75335848,-0.06281846744335748,0.3175310311577577,False
coinbase,ETH-USD,185826491,3693.13,1.122618,2026-05-08 22:37:41.217000+00:00,sell,2026-05-08T23:14:50.685940+00:00,match,4145.97421434,1.7695724423592063,-0.277203508466044,False
coinbase,ETH-USD,185823815,3626.0,2.206021,2026-05-08 22:37:42.807000+00:00,sell,2026-05-08T23:14:50.677716+00:00,match,7999.032146,0.04038273886951051,1.188570331991065,False
coinbase,ETH-USD,185825787,3667.22,0.71723,2026-05-08 22:37:44.298000+00:00,sell,2026-05-08T23:14:50.683669+00:00,match,2630.2402006,1.0792189592097814,-0.8618292933555831,False
coinbase,ETH-USD,185825707,3667.32,1.934358,2026-05-08 22:37:44.688000+00:00,buy,2026-05-08T23:14:50.683443+00:00,match,7093.90978056,1.0602590067270468,0.8274519762874547,False
coinbase,ETH-USD,185823755,3643.84,1.472197,2026-05-08 22:37:45.905000+00:00,sell,2026-05-08T23:14:50.677529+00:00,match,5364.45031648,0.44790591528243295,0.1633882024090433,False
coinbase,ETH-USD,185824147,3557.89,2.342437,2026-05-08 22:37:46.528000+00:00,sell,2026-05-08T23:14:50.678720+00:00,match,8334.13317793,-1.7446208460639825,1.284793724045036,False
coinbase,ETH-USD,185826151,3675.94,0.8164,2026-05-08 22:37:46.625000+00:00,sell,2026-05-08T23:14:50.684839+00:00,match,3001.037416,1.2672611869447443,-0.7796174138770621,False
coinbase,ETH-USD,185826005,3700.82,0.733544,2026-05-08 22:37:46.792000+00:00,buy,2026-05-08T23:14:50.684396+00:00,match,2714.71430608,1.8626085235123755,-0.8736262111271782,False
coinbase,ETH-USD,185824361,3622.53,1.655726,2026-05-08 22:37:50.565000+00:00,sell,2026-05-08T23:14:50.679383+00:00,match,5997.917106780001,-0.09765205379465597,0.40549113011413496,False
coinbase,ETH-USD,185826097,3697.03,0.225022,2026-05-08 22:37:52.548000+00:00,buy,2026-05-08T23:14:50.684670+00:00,match,831.9130846600001,1.731845218258943,-1.6162398192439054,False
coinbase,ETH-USD,185825745,3678.24,1.310009,2026-05-08 22:37:53.868000+00:00,sell,2026-05-08T23:14:50.683554+00:00,match,4818.52750416,1.2395451105020896,-0.067740744216386,False
coinbase,ETH-USD,185823493,3667.83,2.075926,2026-05-08 22:37:54.353000+00:00,buy,2026-05-08T23:14:50.676721+00:00,match,7614.14366058,0.9778989496117633,1.0180274449705204,False
coinbase,ETH-USD,185826677,3699.83,0.816666,2026-05-08 22:37:56.798000+00:00,buy,2026-05-08T23:14:50.686512+00:00,match,3021.52536678,1.7203101961280078,-0.8144795049383021,False
coinbase,ETH-USD,185824619,3618.2,0.368649,2026-05-08 22:38:01.083000+00:00,buy,2026-05-08T23:14:50.680168+00:00,match,1333.8458118,-0.2728643662356658,-1.4798276095084022,False
coinbase,ETH-USD,185826247,3677.41,2.039252,2026-05-08 22:38:02.778000+00:00,sell,2026-05-08T23:14:50.685163+00:00,match,7499.165697319999,1.1522602421012844,0.9660477002250805,False
coinbase,ETH-USD,185825571,3634.23,0.792267,2026-05-08 22:38:03.792000+00:00,buy,2026-05-08T23:14:50.683062+00:00,match,2879.28049941,0.10990769200917072,-0.8852488589689936,False
coinbase,ETH-USD,185823549,3685.86,2.20248,2026-05-08 22:38:04.635000+00:00,sell,2026-05-08T23:14:50.676896+00:00,match,8118.032932800001,1.3531782096845526,1.196151361424109,False
coinbase,ETH-USD,185826557,3725.72,0.985228,2026-05-08 22:38:07.538000+00:00,sell,2026-05-08T23:14:50.686149+00:00,match,3670.68366416,2.2380636618312297,-0.5662290905217894,False
coinbase,ETH-USD,185825125,3580.63,1.471585,2026-05-08 22:38:07.868000+00:00,sell,2026-05-08T23:14:50.681719+00:00,match,5269.20139855,-1.1799509646544812,0.08136117772680242,False
coinbase,ETH-USD,185824737,3626.83,0.760795,2026-05-08 22:38:07.998000+00:00,sell,2026-05-08T23:14:50.680533+00:00,match,2759.27412985,-0.08308369658202996,-0.9095661392149839,False
coinbase,ETH-USD,185826821,3650.7,2.189727,2026-05-08 22:38:08.326000+00:00,buy,2026-05-08T23:14:50.686962+00:00,match,7994.0363589,0.473795988472037,1.1794943404527516,False
coinbase,ETH-USD,185826451,3652.57,1.305579,2026-05-08 22:38:12.206000+00:00,sell,2026-05-08T23:14:50.685811+00:00,match,4768.7186880300005,0.5025514067636172,-0.09485730003999207,False
coinbase,ETH-USD,185825087,3601.18,1.83222,2026-05-08 22:38:12.373000+00:00,buy,2026-05-08T23:14:50.681600+00:00,match,6598.1540196,-0.7255773885697211,0.6493455778018965,False
coinbase,ETH-USD,185823963,3586.54,2.24564,2026-05-08 22:38:14.328000+00:00,buy,2026-05-08T23:14:50.678162+00:00,match,8054.077685599999,-1.0785066612640086,1.2431992888696877,False
coinbase,ETH-USD,185827011,3620.37,1.736001,2026-05-08 22:38:17.967000+00:00,buy,2026-05-08T23:14:50.687560+00:00,match,6284.96594037,-0.27703351508310314,0.515978562109811,False
coinbase,ETH-USD,185825229,3604.25,2.1803,2026-05-08 22:38:19.173000+00:00,buy,2026-05-08T23:14:50.682036+00:00,match,7858.346275,-0.6620229321189859,1.1522081582659638,False
coinbase,ETH-USD,185827123,3614.38,1.715677,2026-05-08 22:38:19.262000+00:00,sell,2026-05-08T23:14:50.687922+00:00,match,6201.10863526,-0.4270441307844591,0.4925240119992843,False
coinbase,ETH-USD,185823845,3623.25,2.014873,2026-05-08 22:38:19.312000+00:00,sell,2026-05-08T23:14:50.677812+00:00,match,7300.38859725,-0.21918490729022466,0.925623455927248,False
coinbase,ETH-USD,185825181,3591.32,2.396567,2026-05-08 22:38:20.094000+00:00,sell,2026-05-08T23:14:50.681884+00:00,match,8606.83899844,-0.9736361042395275,1.4298764394067287,False
coinbase,ETH-USD,185823895,3613.35,0.661736,2026-05-08 22:38:22.489000+00:00,buy,2026-05-08T23:14:50.677959+00:00,match,2391.0837756,-0.4269093250250701,-1.0836815864408968,False
coinbase,ETH-USD,185824289,3618.0,0.784307,2026-05-08 22:38:25.931000+00:00,buy,2026-05-08T23:14:50.679164+00:00,match,2837.622726,-0.3222594661322647,-0.8929891114227003,False
coinbase,ETH-USD,185823519,3668.81,1.179224,2026-05-08 22:38:26.526000+00:00,sell,2026-05-08T23:14:50.676798+00:00,match,4326.34880344,0.9030726259915844,-0.29722146711578623,False
coinbase,ETH-USD,185824217,3573.5,1.508824,2026-05-08 22:38:27.598000+00:00,buy,2026-05-08T23:14:50.678937+00:00,match,5391.782564,-1.4088760765827948,0.117179238880152,False
coinbase,ETH-USD,185823885,3621.07,0.259858,2026-05-08 22:38:29.172000+00:00,sell,2026-05-08T23:14:50.677928+00:00,match,940.96400806,-0.23806562771560102,-1.6718584295568646,False
coinbase,ETH-USD,185824785,3593.62,1.925317,2026-05-08 22:38:29.727000+00:00,buy,2026-05-08T23:14:50.680678+00:00,match,6918.85767754,-0.8954182413990415,0.7317926375894356,False
coinbase,ETH-USD,185825223,3605.26,1.860719,2026-05-08 22:38:30.228000+00:00,buy,2026-05-08T23:14:50.682016+00:00,match,6708.375781940001,-0.5981695256767608,0.6422148275721389,False
coinbase,ETH-USD,185825167,3584.86,0.104985,2026-05-08 22:38:32.253000+00:00,buy,2026-05-08T23:14:50.681844+00:00,match,376.3565271,-1.1100519514881944,-1.9032783100648785,False
coinbase,ETH-USD,185825301,3574.5,0.381139,2026-05-08 22:38:34.950000+00:00,sell,2026-05-08T23:14:50.682271+00:00,match,1362.3813555,-1.3471684020806332,-1.4724309765710957,False
coinbase,ETH-USD,185826665,3714.06,1.881674,2026-05-08 22:38:35.428000+00:00,buy,2026-05-08T23:14:50.686475+00:00,match,6988.65013644,2.014381740596391,0.7555420704964819,False
coinbase,ETH-USD,185826077,3690.57,1.148821,2026-05-08 22:38:36.358000+00:00,buy,2026-05-08T23:14:50.684613+00:00,match,4239.804317970001,1.416107705970283,-0.32447055474294545,False
coinbase,ETH-USD,185826331,3634.39,0.529542,2026-05-08 22:38:37.189000+00:00,sell,2026-05-08T23:14:50.685424+00:00,match,1924.5621493799997,0.0664963045003083,-1.2252513666618223,False
coinbase,ETH-USD,185824623,3620.7,0.539341,2026-05-08 22:38:38.979000+00:00,sell,2026-05-08T23:14:50.680179+00:00,match,1952.7919586999997,-0.28930796520209495,-1.1892297836213153,False
coinbase,ETH-USD,185825089,3599.27,0.578913,2026-05-08 22:38:40.191000+00:00,buy,2026-05-08T23:14:50.681606+00:00,match,2083.66419351,-0.8227272467359369,-1.1274074941073873,False
coinbase,ETH-USD,185823685,3656.33,2.492697,2026-05-08 22:38:40.252000+00:00,buy,2026-05-08T23:14:50.677325+00:00,match,9114.12282201,0.5859556245720307,1.6038621673705682,False
coinbase,ETH-USD,185823961,3582.09,0.697999,2026-05-08 22:38:45.047000+00:00,buy,2026-05-08T23:14:50.678155+00:00,match,2500.29523791,-1.2404482209822978,-0.9546589978408663,False
coinbase,ETH-USD,185823477,3666.27,2.421107,2026-05-08 22:38:45.228000+00:00,sell,2026-05-08T23:14:50.676677+00:00,match,8876.43196089,0.8218216069685313,1.4877016975986372,False
coinbase,ETH-USD,185825377,3578.05,0.985179,2026-05-08 22:38:48.698000+00:00,sell,2026-05-08T23:14:50.682480+00:00,match,3525.01972095,-1.3609930469499756,-0.581634962199438,False
coinbase,ETH-USD,185826523,3693.93,1.295742,2026-05-08 22:38:49.523000+00:00,buy,2026-05-08T23:14:50.686043+00:00,match,4786.38024606,1.5000526301836303,-0.07583063438320028,False
coinbase,ETH-USD,185823983,3587.39,1.258965,2026-05-08 22:38:49.709000+00:00,sell,2026-05-08T23:14:50.678223+00:00,match,4516.398451349999,-1.106565899113618,-0.18038744709208782,False
coinbase,ETH-USD,185823461,3660.65,0.272171,2026-05-08 22:38:49.901000+00:00,buy,2026-05-08T23:14:50.676626+00:00,match,996.32277115,0.6766961130332942,-1.55562115092182,False
coinbase,ETH-USD,185825455,3606.39,2.236125,2026-05-08 22:38:50.012000+00:00,sell,2026-05-08T23:14:50.682723+00:00,match,8064.338838749999,-0.6581257962829212,1.1964256159238682,False
coinbase,ETH-USD,185823403,3651.03,1.9703,2026-05-08 22:38:50.596000+00:00,sell,2026-05-08T23:14:50.676442+00:00,match,7193.624409,0.42825688894935326,0.8469086287491121,False
coinbase,ETH-USD,185825953,3680.68,2.330115,2026-05-08 22:38:51.860000+00:00,buy,2026-05-08T23:14:50.684246+00:00,match,8576.407678200001,1.1442485639670348,1.3691674909557414,False
coinbase,ETH-USD,185825719,3667.54,2.389284,2026-05-08 22:38:52.525000+00:00,sell,2026-05-08T23:14:50.683481+00:00,match,8762.79464136,0.810618440608441,1.42264000969321,False
coinbase,ETH-USD,185826179,3681.58,0.84671,2026-05-08 22:38:53.434000+00:00,sell,2026-05-08T23:14:50.684947+00:00,match,3117.2306018,1.137011065624535,-0.7823243130072487,False
coinbase,ETH-USD,185826285,3650.79,1.08329,2026-05-08 22:38:59.175000+00:00,buy,2026-05-08T23:14:50.685272+00:00,match,3954.8642991,0.3661154067016093,-0.4535646774643959,False
coinbase,ETH-USD,185825743,3675.61,0.757435,2026-05-08 22:38:59.658000+00:00,sell,2026-05-08T23:14:50.683547+00:00,match,2784.03566035,0.9669840603851758,-0.9034759713470177,False
coinbase,ETH-USD,185823641,3653.86,1.708092,2026-05-08 22:38:59.664000+00:00,buy,2026-05-08T23:14:50.677186+00:00,match,6241.12903512,0.41613779191235756,0.4487907634850732,False
coinbase,ETH-USD,185824021,3573.21,2.219523,2026-05-08 22:39:00.382000+00:00,sell,2026-05-08T23:14:50.678339+00:00,match,7930.821778830001,-1.5758607345430833,1.1083938792581884,False
coinbase,ETH-USD,185826957,3629.37,1.030371,2026-05-08 22:39:00.528000+00:00,sell,2026-05-08T23:14:50.687388+00:00,match,3739.597596269999,-0.1820537537738118,-0.5760441453442948,False
coinbase,ETH-USD,185826323,3637.6,0.481442,2026-05-08 22:39:01.654000+00:00,buy,2026-05-08T23:14:50.685398+00:00,match,1751.2934191999998,0.021145241657179827,-1.3510173807346664,False
coinbase,ETH-USD,185823699,3658.88,2.26511,2026-05-08 22:39:02.409000+00:00,buy,2026-05-08T23:14:50.677371+00:00,match,8287.7656768,0.5606184557753521,1.2417264004136686,False
coinbase,ETH-USD,185824763,3594.09,1.599074,2026-05-08 22:39:03.591000+00:00,buy,2026-05-08T23:14:50.680612+00:00,match,5747.215872660001,-1.094875065526719,0.23108122461551286,False
coinbase,ETH-USD,185824259,3601.18,1.682801,2026-05-08 22:39:04.262000+00:00,sell,2026-05-08T23:14:50.679072+00:00,match,6060.06930518,-0.9058522153472013,0.3586042096909895,False
coinbase,ETH-USD,185823915,3601.6,2.412388,2026-05-08 22:39:08.583000+00:00,buy,2026-05-08T23:14:50.678021+00:00,match,8688.4566208,-0.8870071110377165,1.38701082175954,False
coinbase,ETH-USD,185826171,3678.77,0.218892,2026-05-08 22:39:09.165000+00:00,sell,2026-05-08T23:14:50.684924+00:00,match,805.25332284,1.0554277894827984,-1.6771453046184168,False
coinbase,ETH-USD,185825563,3624.74,1.645452,2026-05-08 22:39:09.586000+00:00,sell,2026-05-08T23:14:50.683036+00:00,match,5964.335682479999,-0.30679092200988484,0.3407625143825938,False
coinbase,ETH-USD,185823857,3618.67,1.281707,2026-05-08 22:39:10.123000+00:00,sell,2026-05-08T23:14:50.677849+00:00,match,4638.07466969,-0.46998925799494395,-0.1822184382953456,False
coinbase,ETH-USD,185823455,3659.87,0.820932,2026-05-08 22:39:10.873000+00:00,sell,2026-05-08T23:14:50.676609+00:00,match,3004.50439884,0.5908854278829841,-0.8268933144938481,False
coinbase,ETH-USD,185823483,3659.62,0.192813,2026-05-08 22:39:14.730000+00:00,sell,2026-05-08T23:14:50.676694+00:00,match,705.62231106,0.5761394540285874,-1.725230585644233,False
coinbase,ETH-USD,185823659,3644.51,2.256222,2026-05-08 22:39:17.145000+00:00,sell,2026-05-08T23:14:50.677242+00:00,match,8222.82364122,0.18728114375650307,1.1965948807951037,False
coinbase,ETH-USD,185824517,3595.93,1.005409,2026-05-08 22:39:17.858000+00:00,buy,2026-05-08T23:14:50.679860+00:00,match,3615.38038537,-1.0349078485726368,-0.5973382691821626,False
coinbase,ETH-USD,185825041,3598.87,2.332344,2026-05-08 22:39:20.284000+00:00,sell,2026-05-08T23:14:50.681453+00:00,match,8393.80285128,-0.9545782902170422,1.2409659224443341,False
coinbase,ETH-USD,185825153,3583.66,0.953289,2026-05-08 22:39:22.590000+00:00,buy,2026-05-08T23:14:50.681800+00:00,match,3416.26365774,-1.3145133661299904,-0.6724494834806138,False
coinbase,ETH-USD,185827063,3608.11,1.942138,2026-05-08 22:39:25.040000+00:00,buy,2026-05-08T23:14:50.687728+00:00,match,7007.44753918,-0.6879279896070692,0.7026418830847138,False
coinbase,ETH-USD,185825037,3599.03,0.001704,2026-05-08 22:39:31.173000+00:00,buy,2026-05-08T23:14:50.681443+00:00,match,6.13274712,-0.9384246724476557,-1.9665981750178767,False
coinbase,ETH-USD,185823451,3655.07,0.182954,2026-05-08 22:39:31.248000+00:00,buy,2026-05-08T23:14:50.676596+00:00,match,668.70967678,0.48589501927977163,-1.695937968959839,False
coinbase,ETH-USD,185823453,3660.02,0.89291,2026-05-08 22:39:33.057000+00:00,buy,2026-05-08T23:14:50.676602+00:00,match,3268.0684582,0.6162763423858232,-0.69281688785737,False
coinbase,ETH-USD,185824805,3597.8,1.06869,2026-05-08 22:39:34.333000+00:00,buy,2026-05-08T23:14:50.680743+00:00,match,3844.932882,-0.9986710977115487,-0.45834233208662367,False
coinbase,ETH-USD,185823777,3631.17,0.769501,2026-05-08 22:39:34.428000+00:00,sell,2026-05-08T23:14:50.677594+00:00,match,2794.18894617,-0.13156561922110158,-0.8564817294891742,False
coinbase,ETH-USD,185826583,3724.67,1.551965,2026-05-08 22:39:35.549000+00:00,buy,2026-05-08T23:14:50.686231+00:00,match,5780.5574765500005,2.2389010735627632,0.29817369269891064,False
coinbase,ETH-USD,185825525,3624.36,1.760877,2026-05-08 22:39:35.574000+00:00,sell,2026-05-08T23:14:50.682918+00:00,match,6382.05216372,-0.3074936748639927,0.5242422289789818,False
coinbase,ETH-USD,185824137,3554.13,2.21431,2026-05-08 22:39:37.623000+00:00,buy,2026-05-08T23:14:50.678689+00:00,match,7869.9456003,-2.049080304707956,1.075524359439683,False
coinbase,ETH-USD,185824975,3595.78,2.17005,2026-05-08 22:39:39.776000+00:00,buy,2026-05-08T23:14:50.681262+00:00,match,7803.022389,-0.9835043917519081,1.0295919647535818,False
coinbase,ETH-USD,185824469,3607.65,2.381599,2026-05-08 22:39:44.055000+00:00,sell,2026-05-08T23:14:50.679712+00:00,match,8591.97563235,-0.6713462553150448,1.3036371779391358,False
coinbase,ETH-USD,185824495,3606.45,0.263151,2026-05-08 22:39:44.184000+00:00,sell,2026-05-08T23:14:50.679787+00:00,match,949.04092395,-0.6942263178375732,-1.567195898517268,False
coinbase,ETH-USD,185823875,3612.67,1.764049,2026-05-08 22:39:44.396000+00:00,sell,2026-05-08T23:14:50.677902+00:00,match,6372.92690083,-0.5415763295742608,0.478615143454119,False
coinbase,ETH-USD,185824485,3611.18,0.617176,2026-05-08 22:39:49.452000+00:00,sell,2026-05-08T23:14:50.679755+00:00,match,2228.7336276799997,-0.5841133137398802,-1.082803041206977,False
coinbase,ETH-USD,185823945,3574.57,2.012904,2026-05-08 22:39:49.947000+00:00,buy,2026-05-08T23:14:50.678103+00:00,match,7195.26625128,-1.4816434604374364,0.7749972064156521,False
coinbase,ETH-USD,185824167,3562.91,0.919062,2026-05-08 22:39:51.198000+00:00,sell,2026-05-08T23:14:50.678778+00:00,match,3274.53519042,-1.7329505709858781,-0.6853466087328446,False
coinbase,ETH-USD,185823501,3669.68,1.937199,2026-05-08 22:39:52.404000+00:00,sell,2026-05-08T23:14:50.676742+00:00,match,7108.9004263199995,0.932339177300194,0.7627750467444889,False
coinbase,ETH-USD,185825091,3603.83,0.15491,2026-05-08 22:39:56.271000+00:00,buy,2026-05-08T23:14:50.681613+00:00,match,558.2693052999999,-0.7042769364792454,-1.7073087952127586,False
coinbase,ETH-USD,185823459,3660.79,0.898779,2026-05-08 22:39:59.400000+00:00,sell,2026-05-08T23:14:50.676619+00:00,match,3290.24117541,0.7046365842936309,-0.6624294468350256,False
coinbase,ETH-USD,185823715,3656.12,0.823279,2026-05-08 22:40:02.153000+00:00,buy,2026-05-08T23:14:50.677419+00:00,match,3010.00681748,0.5811612573361449,-0.7521587494669422,False
coinbase,ETH-USD,185824587,3588.94,2.225391,2026-05-08 22:40:02.298000+00:00,buy,2026-05-08T23:14:50.680070+00:00,match,7986.794775540001,-1.076736172241224,1.1514104256446425,False
coinbase,ETH-USD,185823953,3568.77,2.319725,2026-05-08 22:40:02.394000+00:00,buy,2026-05-08T23:14:50.678130+00:00,match,8278.56498825,-1.5528895986784421,1.2466692128208625,False
coinbase,ETH-USD,185824129,3561.31,1.503121,2026-05-08 22:40:03.350000+00:00,buy,2026-05-08T23:14:50.678663+00:00,match,5353.0798485099995,-1.7061322751164327,0.12431281183252382,False
coinbase,ETH-USD,185825501,3624.65,1.355968,2026-05-08 22:40:04.283000+00:00,sell,2026-05-08T23:14:50.682853+00:00,match,4914.9094112,-0.15952374261341606,-0.028962357800599147,False
coinbase,ETH-USD,185825305,3569.57,0.006777,2026-05-08 22:40:06.605000+00:00,buy,2026-05-08T23:14:50.682284+00:00,match,24.19097589,-1.4718956101661098,-1.8621105878838906,False
coinbase,ETH-USD,185825581,3629.52,0.153048,2026-05-08 22:40:08.624000+00:00,sell,2026-05-08T23:14:50.683098+00:00,match,555.49077696,-0.015216302460933919,-1.6187811562055137,False
coinbase,ETH-USD,185825713,3662.11,0.651338,2026-05-08 22:40:09.133000+00:00,buy,2026-05-08T23:14:50.683462+00:00,match,2385.27140318,0.7924246680207918,-0.9208665169318928,False
coinbase,ETH-USD,185825127,3585.9,0.037345,2026-05-08 22:40:13.788000+00:00,buy,2026-05-08T23:14:50.681724+00:00,match,133.9154355,-1.062736245998236,-1.7200264764990383,False
coinbase,ETH-USD,185824713,3606.15,0.988458,2026-05-08 22:40:13.935000+00:00,sell,2026-05-08T23:14:50.680460+00:00,match,3564.5278166999997,-0.5550374547121358,-0.45081193385623847,False
coinbase,ETH-USD,185826009,3709.05,0.109782,2026-05-08 22:40:15.801000+00:00,buy,2026-05-08T23:14:50.684406+00:00,match,407.1869271000001,1.9251523381012703,-1.5860564586383175,False
coinbase,ETH-USD,185824009,3580.8,1.821387,2026-05-08 22:40:15.808000+00:00,sell,2026-05-08T23:14:50.678306+00:00,match,6522.022569600001,-1.1462447239641667,0.6627491364351332,False
coinbase,ETH-USD,185826663,3715.06,0.377414,2026-05-08 22:40:21.033000+00:00,buy,2026-05-08T23:14:50.686470+00:00,match,1402.1156548400002,2.021918266318144,-1.1977019466284706,False
coinbase,ETH-USD,185824171,3569.86,0.421973,2026-05-08 22:40:22.762000+00:00,sell,2026-05-08T23:14:50.678791+00:00,match,1506.38453378,-1.4059286530804893,-1.1481447967876652,False
coinbase,ETH-USD,185825013,3581.58,0.052165,2026-05-08 22:40:25.263000+00:00,buy,2026-05-08T23:14:50.681367+00:00,match,186.8331207,-1.1091632067403103,-1.6054723702076203,False
coinbase,ETH-USD,185824947,3579.09,1.059401,2026-05-08 22:40:26.883000+00:00,sell,2026-05-08T23:14:50.681169+00:00,match,3791.69152509,-1.1506033657927062,-0.28965084305797867,False
coinbase,ETH-USD,185826105,3689.16,0.253866,2026-05-08 22:40:26.961000+00:00,buy,2026-05-08T23:14:50.684696+00:00,match,936.5522925599998,1.4720479040212713,-1.3276351616432018,False
coinbase,ETH-USD,185824691,3600.55,0.217447,2026-05-08 22:40:28.998000+00:00,sell,2026-05-08T23:14:50.680399+00:00,match,782.92879585,-0.6254438335642298,-1.3559406490665866,False
coinbase,ETH-USD,185825961,3683.73,2.407978,2026-05-08 22:40:34.488000+00:00,buy,2026-05-08T23:14:50.684273+00:00,match,8870.34079794,1.3587333799734451,1.5413068473779845,False
coinbase,ETH-USD,185827241,3583.62,2.000902,2026-05-08 22:40:35.953000+00:00,buy,2026-05-08T23:14:50.688277+00:00,match,7170.472425239999,-1.0133005793183174,0.9157499048577853,False
coinbase,ETH-USD,185823681,3652.66,0.206455,2026-05-08 22:40:38.853000+00:00,buy,2026-05-08T23:14:50.677313+00:00,match,754.1099203,0.6421895707645708,-1.367982584210631,False
coinbase,ETH-USD,185823905,3602.02,2.385393,2026-05-08 22:40:38.914000+00:00,buy,2026-05-08T23:14:50.677991+00:00,match,8592.233293860001,-0.5620967159700292,1.410689854399659,False
coinbase,ETH-USD,185823523,3669.34,0.504348,2026-05-08 22:40:40.518000+00:00,sell,2026-05-08T23:14:50.676812+00:00,match,1850.62429032,1.054227549402652,-0.9704964343153484,False
coinbase,ETH-USD,185823673,3655.52,0.751053,2026-05-08 22:40:41.703000+00:00,sell,2026-05-08T23:14:50.677287+00:00,match,2745.48926256,0.7345532766129961,-0.6392433294781118,False
coinbase,ETH-USD,185826169,3676.93,0.005318,2026-05-08 22:40:42.314000+00:00,buy,2026-05-08T23:14:50.684918+00:00,match,19.55391374,1.2954211409346477,-1.5750232742134092,False
coinbase,ETH-USD,185824511,3595.69,2.473228,2026-05-08 22:40:43.933000+00:00,buy,2026-05-08T23:14:50.679840+00:00,match,8892.961187320001,-0.7291020696665861,1.5083223277024331,False
coinbase,ETH-USD,185827283,3589.78,2.294758,2026-05-08 22:40:44.522000+00:00,buy,2026-05-08T23:14:50.688411+00:00,match,8237.67637324,-0.8638996482571991,1.2542941336227513,False
coinbase,ETH-USD,185823603,3672.39,1.291573,2026-05-08 22:40:44.928000+00:00,sell,2026-05-08T23:14:50.677074+00:00,match,4743.15976947,1.1764434848265812,0.06112560549575337,False
coinbase,ETH-USD,185826513,3698.95,0.188039,2026-05-08 22:40:49.053000+00:00,buy,2026-05-08T23:14:50.686012+00:00,match,695.54685905,1.7954452535091787,-1.3182432422759496,False
coinbase,ETH-USD,185824749,3619.4,1.547564,2026-05-08 22:40:49.452000+00:00,sell,2026-05-08T23:14:50.680570+00:00,match,5601.2531416,-0.14711658299384806,0.3740166162951572,False
coinbase,ETH-USD,185824961,3581.41,1.246678,2026-05-08 22:40:50.661000+00:00,sell,2026-05-08T23:14:50.681215+00:00,match,4464.86505598,-1.0714780330475215,-0.005436166768791794,False
coinbase,ETH-USD,185825849,3690.16,0.481677,2026-05-08 22:40:51.071000+00:00,sell,2026-05-08T23:14:50.683870+00:00,match,1777.46519832,1.5427419185958298,-0.9212495628467319,False
coinbase,ETH-USD,185824247,3585.55,1.423619,2026-05-08 22:40:54.093000+00:00,buy,2026-05-08T23:14:50.679033+00:00,match,5104.45710545,-0.9678155269529085,0.24310520799576918,False
coinbase,ETH-USD,185824093,3548.25,0.079093,2026-05-08 22:40:55.684000+00:00,buy,2026-05-08T23:14:50.678547+00:00,match,280.64173725,-1.8162190023556868,-1.4081681464225688,False
coinbase,ETH-USD,185826871,3641.61,1.489431,2026-05-08 22:40:55.782000+00:00,sell,2026-05-08T23:14:50.687116+00:00,match,5423.92682391,0.38191907774760325,0.38044216452310275,False
coinbase,ETH-USD,185823903,3607.39,2.349784,2026-05-08 22:41:02.187000+00:00,sell,2026-05-08T23:14:50.677985+00:00,match,8476.58730376,-0.429684140319862,1.4434384349999836,False
coinbase,ETH-USD,185824851,3612.36,0.328081,2026-05-08 22:41:03.828000+00:00,sell,2026-05-08T23:14:50.680878+00:00,match,1185.14668116,-0.31197375176998293,-1.0856442367418238,False
coinbase,ETH-USD,185826027,3704.79,2.003083,2026-05-08 22:41:06.813000+00:00,sell,2026-05-08T23:14:50.684454+00:00,match,7421.00186757,1.8204487498057083,1.0557676802747413,False
coinbase,ETH-USD,185824487,3612.77,2.297248,2026-05-08 22:41:07.673000+00:00,sell,2026-05-08T23:14:50.679761+00:00,match,8299.42865696,-0.3056930662385335,1.3330190431176103,False
coinbase,ETH-USD,185825383,3581.31,1.521345,2026-05-08 22:41:08.274000+00:00,sell,2026-05-08T23:14:50.682499+00:00,match,5448.40806195,-1.0438567960950447,0.3576468641764519,False
coinbase,ETH-USD,185826501,3688.9,2.123879,2026-05-08 22:41:09.027000+00:00,buy,2026-05-08T23:14:50.685975+00:00,match,7834.7772431,1.4408832668985323,1.1507018894729881,False
coinbase,ETH-USD,185825163,3587.8,1.101155,2026-05-08 22:41:20.751000+00:00,sell,2026-05-08T23:14:50.681831+00:00,match,3950.7239090000007,-0.8959826517729261,-0.16865522567655997,False
coinbase,ETH-USD,185825497,3627.54,0.152257,2026-05-08 22:41:22.533000+00:00,buy,2026-05-08T23:14:50.682842+00:00,match,552.31835778,0.017345928785587404,-1.306841099950053,False
coinbase,ETH-USD,185823985,3587.41,2.073917,2026-05-08 22:41:22.549000+00:00,sell,2026-05-08T23:14:50.678229+00:00,match,7439.990584969999,-0.9123741459984165,1.0247144795398953,False
coinbase,ETH-USD,185824991,3595.6,0.469965,2026-05-08 22:41:27.074000+00:00,sell,2026-05-08T23:14:50.681306+00:00,match,1689.806154,-0.7311406266574998,-0.9488420687514948,False
coinbase,ETH-USD,185823627,3656.06,0.228595,2026-05-08 22:41:29.613000+00:00,sell,2026-05-08T23:14:50.677148+00:00,match,835.7570357,0.7020489943476886,-1.2163088442223324,False
coinbase,ETH-USD,185826421,3642.86,1.018257,2026-05-08 22:41:30.264000+00:00,buy,2026-05-08T23:14:50.685712+00:00,match,3709.36769502,0.40488927786323353,-0.23181477796172956,False
coinbase,ETH-USD,185826693,3701.75,0.652729,2026-05-08 22:41:31.767000+00:00,buy,2026-05-08T23:14:50.686570+00:00,match,2416.23957575,1.7717450689242156,-0.6764326101388437,False
coinbase,ETH-USD,185824981,3590.68,1.653206,2026-05-08 22:41:33.729000+00:00,sell,2026-05-08T23:14:50.681280+00:00,match,5936.13372008,-0.838347798306016,0.515925595550243,False
coinbase,ETH-USD,185825791,3662.34,1.566287,2026-05-08 22:41:39.077000+00:00,sell,2026-05-08T23:14:50.683682+00:00,match,5736.2755315800005,0.8301528465656455,0.4358567273715013,False
coinbase,ETH-USD,185825029,3594.56,2.363172,2026-05-08 22:41:40.128000+00:00,sell,2026-05-08T23:14:50.681419+00:00,match,8494.56354432,-0.7460432925957292,1.3909354338153082,False
coinbase,ETH-USD,185827167,3615.64,2.456181,2026-05-08 22:41:47.373000+00:00,buy,2026-05-08T23:14:50.688062+00:00,match,8880.66627084,-0.26065773056395297,1.488527402984514,False
coinbase,ETH-USD,185826507,3685.44,1.814994,2026-05-08 22:41:48.198000+00:00,sell,2026-05-08T23:14:50.685993+00:00,match,6689.0514873600005,1.3738334208581757,0.7531793050889393,False
coinbase,ETH-USD,185823639,3657.26,2.207343,2026-05-08 22:41:49.086000+00:00,sell,2026-05-08T23:14:50.677181+00:00,match,8072.82726018,0.6970616167294625,1.2062401740525457,False
coinbase,ETH-USD,185826745,3652.62,0.137401,2026-05-08 22:41:51.215000+00:00,buy,2026-05-08T23:14:50.686730+00:00,match,501.87364061999995,0.6039110651817795,-1.3584796789139668,False
coinbase,ETH-USD,185824131,3560.93,1.399607,2026-05-08 22:41:51.690000+00:00,sell,2026-05-08T23:14:50.678670+00:00,match,4983.90255451,-1.5609716362723447,0.1601078126496405,False
coinbase,ETH-USD,185825513,3627.23,0.271868,2026-05-08 22:41:55.597000+00:00,buy,2026-05-08T23:14:50.682887+00:00,match,986.12776564,0.013425583532173685,-1.1955774798517957,False
coinbase,ETH-USD,185826655,3713.99,0.166114,2026-05-08 22:41:55.742000+00:00,buy,2026-05-08T23:14:50.686445+00:00,match,616.94573486,2.0044443733758803,-1.2940209111967862,False
coinbase,ETH-USD,185824879,3598.85,1.012731,2026-05-08 22:41:58.893000+00:00,sell,2026-05-08T23:14:50.680960+00:00,match,3644.66695935,-0.6587868437629621,-0.2574955410080786,False
coinbase,ETH-USD,185823601,3671.01,1.787373,2026-05-08 22:42:01.981000+00:00,sell,2026-05-08T23:14:50.677068+00:00,match,6561.4641567300005,1.0218576759926281,0.7470474792428657,False
coinbase,ETH-USD,185823555,3682.72,0.021146,2026-05-08 22:42:05.163000+00:00,buy,2026-05-08T23:14:50.676916+00:00,match,77.87479712,1.2858523046938892,-1.4463397759058023,False
coinbase,ETH-USD,185825599,3622.79,0.26316,2026-05-08 22:42:05.604000+00:00,sell,2026-05-08T23:14:50.683146+00:00,match,953.3734164,-0.09106348075959712,-1.1321034178608331,False
coinbase,ETH-USD,185824559,3600.23,1.878968,2026-05-08 22:42:08.834000+00:00,sell,2026-05-08T23:14:50.679991+00:00,match,6764.71696264,-0.6065300612028536,0.8371649369569344,False
coinbase,ETH-USD,185824231,3584.38,0.113242,2026-05-08 22:42:11.411000+00:00,sell,2026-05-08T23:14:50.678981+00:00,match,405.90235996,-0.9577393330208217,-1.3059025139746927,False
coinbase,ETH-USD,185824085,3555.33,0.368521,2026-05-08 22:42:11.886000+00:00,buy,2026-05-08T23:14:50.678522+00:00,match,1310.21376693,-1.5976176849330797,-0.9815850607993742,False
coinbase,ETH-USD,185826433,3640.74,0.532212,2026-05-08 22:42:15.262000+00:00,buy,2026-05-08T23:14:50.685751+00:00,match,1937.64551688,0.36807682997201,-0.7541665786452414,False
coinbase,ETH-USD,185825141,3582.15,2.090829,2026-05-08 22:42:16.260000+00:00,sell,2026-05-08T23:14:50.681763+00:00,match,7489.66310235,-0.9824816851975716,1.1035594011203136,False
coinbase,ETH-USD,185824399,3613.48,0.737362,2026-05-08 22:42:21.870000+00:00,sell,2026-05-08T23:14:50.679502+00:00,match,2664.44283976,-0.24983571362991117,-0.5220730125210455,False
coinbase,ETH-USD,185825633,3630.68,0.876083,2026-05-08 22:42:23.046000+00:00,sell,2026-05-08T23:14:50.683241+00:00,match,3180.7770264399996,0.1564353185793425,-0.33403553346847975,False
coinbase,ETH-USD,185824895,3607.9,0.90955,2026-05-08 22:42:29.317000+00:00,sell,2026-05-08T23:14:50.681008+00:00,match,3281.565445,-0.3778705483291204,-0.2917103279419654,False
coinbase,ETH-USD,185825951,3676.49,2.218416,2026-05-08 22:42:30.464000+00:00,buy,2026-05-08T23:14:50.684239+00:00,match,8155.98423984,1.1973730733292374,1.3496172649015348,False
coinbase,ETH-USD,185823553,3684.76,0.984353,2026-05-08 22:42:30.828000+00:00,buy,2026-05-08T23:14:50.676909+00:00,match,3627.10456028,1.3589071466720115,-0.16485521046943902,False
coinbase,ETH-USD,185827025,3613.75,0.607515,2026-05-08 22:42:31.353000+00:00,buy,2026-05-08T23:14:50.687608+00:00,match,2195.40733125,-0.2614776400538728,-0.6618110357429325,False
coinbase,ETH-USD,185826657,3717.1,1.607315,2026-05-08 22:42:34.713000+00:00,sell,2026-05-08T23:14:50.686452+00:00,match,5974.5505865000005,2.065453332829047,0.6354402591725428,False
coinbase,ETH-USD,185826173,3684.15,1.535947,2026-05-08 22:42:36.796000+00:00,buy,2026-05-08T23:14:50.684929+00:00,match,5658.65914005,1.2929172148380683,0.522853068722106,False
coinbase,ETH-USD,185826689,3704.32,0.694899,2026-05-08 22:42:38.703000+00:00,buy,2026-05-08T23:14:50.686560+00:00,match,2574.12826368,1.7148170057590606,-0.532827778382662,False
coinbase,ETH-USD,185824855,3612.83,0.356642,2026-05-08 22:42:39.242000+00:00,buy,2026-05-08T23:14:50.680889+00:00,match,1288.48691686,-0.30605281789227323,-0.9774209185776629,False
coinbase,ETH-USD,185827349,3549.13,0.279571,2026-05-08 22:42:39.379000+00:00,sell,2026-05-08T23:14:50.688606+00:00,match,992.23382323,-1.6784630933609692,-1.0589617893308805,False
coinbase,ETH-USD,185823725,3659.6,1.530944,2026-05-08 22:42:39.496000+00:00,buy,2026-05-08T23:14:50.677446+00:00,match,5602.6426624000005,0.7307729003103483,0.5235072385775176,False
coinbase,ETH-USD,185823571,3678.29,0.303182,2026-05-08 22:42:40.792000+00:00,buy,2026-05-08T23:14:50.676967+00:00,match,1115.19131878,1.118046534513537,-1.0032495227912797,False
coinbase,ETH-USD,185826267,3665.45,1.824655,2026-05-08 22:42:43.743000+00:00,sell,2026-05-08T23:14:50.685225+00:00,match,6688.181669749999,0.8208825628745045,0.9131684017370899,False
coinbase,ETH-USD,185825747,3677.77,0.464345,2026-05-08 22:42:48.178000+00:00,sell,2026-05-08T23:14:50.683561+00:00,match,1707.75411065,1.0696036307176657,-0.7893727949931414,False
coinbase,ETH-USD,185824035,3557.07,0.904463,2026-05-08 22:42:48.855000+00:00,sell,2026-05-08T23:14:50.678377+00:00,match,3217.23820341,-1.530503569963768,-0.28093074824597963,False
coinbase,ETH-USD,185825033,3597.8,0.375654,2026-05-08 22:42:55.976000+00:00,buy,2026-05-08T23:14:50.681432+00:00,match,1351.5279612,-0.6410625059363347,-0.9371780181635019,False
coinbase,ETH-USD,185826141,3680.76,1.905296,2026-05-08 22:42:56.181000+00:00,buy,2026-05-08T23:14:50.684806+00:00,match,7012.937304960001,1.1351136382547127,1.0264512297016544,False
coinbase,ETH-USD,185826579,3727.54,0.541568,2026-05-08 22:42:58.308000+00:00,sell,2026-05-08T23:14:50.686218+00:00,match,2018.71638272,2.067718898238277,-0.7049820280431888,False
coinbase,ETH-USD,185824305,3616.36,1.77913,2026-05-08 22:43:01.122000+00:00,buy,2026-05-08T23:14:50.679216+00:00,match,6433.9745668000005,-0.26424319205668634,0.8144403540049844,False
coinbase,ETH-USD,185823693,3661.36,0.607696,2026-05-08 22:43:02.874000+00:00,buy,2026-05-08T23:14:50.677352+00:00,match,2224.9938265600003,0.706825974851262,-0.6318960137649174,False
coinbase,ETH-USD,185825637,3630.44,1.496156,2026-05-08 22:43:03.798000+00:00,sell,2026-05-08T23:14:50.683252+00:00,match,5431.70458864,0.0442101435090952,0.48357795401777465,False
coinbase,ETH-USD,185827079,3607.64,0.985064,2026-05-08 22:43:04.794000+00:00,buy,2026-05-08T23:14:50.687783+00:00,match,3553.75628896,-0.46036249755385134,-0.15494067043282225,False
coinbase,ETH-USD,185823947,3570.9,0.07276,2026-05-08 22:43:05.313000+00:00,buy,2026-05-08T23:14:50.678109+00:00,match,259.818684,-1.243602600846499,-1.2835406154548636,False
coinbase,ETH-USD,185827151,3614.3,0.370982,2026-05-08 22:43:07.235000+00:00,sell,2026-05-08T23:14:50.688013+00:00,match,1340.8402426,-0.3107701828781172,-0.8877744269522458,False
coinbase,ETH-USD,185824449,3612.15,0.792619,2026-05-08 22:43:07.494000+00:00,buy,2026-05-08T23:14:50.679651+00:00,match,2863.05872085,-0.35850125054782095,-0.3572374802906925,False
coinbase,ETH-USD,185826555,3726.16,2.249427,2026-05-08 22:43:09.303000+00:00,sell,2026-05-08T23:14:50.686143+00:00,match,8381.72491032,2.0315007533122147,1.584868197329878,False
coinbase,ETH-USD,185824325,3612.79,1.661289,2026-05-08 22:43:09.417000+00:00,sell,2026-05-08T23:14:50.679276+00:00,match,6001.88828631,-0.3619216393004214,0.7316478835349156,False
coinbase,ETH-USD,185826787,3662.91,1.750859,2026-05-08 22:43:12.548000+00:00,sell,2026-05-08T23:14:50.686858+00:00,match,6413.23893969,0.6806659260502225,0.8818075885686779,False
coinbase,ETH-USD,185827195,3600.01,1.654115,2026-05-08 22:43:13.421000+00:00,sell,2026-05-08T23:14:50.688140+00:00,match,5954.8305411500005,-0.6668607235721128,0.7087576135214457,False
coinbase,ETH-USD,185824075,3555.03,2.236897,2026-05-08 22:43:13.585000+00:00,sell,2026-05-08T23:14:50.678495+00:00,match,7952.23594191,-1.5891023349896545,1.4044804686582115,False
coinbase,ETH-USD,185827395,3528.46,1.568541,2026-05-08 22:43:14.859000+00:00,sell,2026-05-08T23:14:50.688748+00:00,match,5534.53417686,-2.091112374349374,0.5412024105363654,False
coinbase,ETH-USD,185825057,3602.69,0.243588,2026-05-08 22:43:16.698000+00:00,sell,2026-05-08T23:14:50.681504+00:00,match,877.57205172,-0.539950933983469,-1.08871747186314,False
coinbase,ETH-USD,185823935,3581.05,1.5996,2026-05-08 22:43:17.956000+00:00,sell,2026-05-08T23:14:50.678076+00:00,match,5728.24758,-0.970398550706825,0.6042706868095286,False
coinbase,ETH-USD,185824005,3572.55,0.062411,2026-05-08 22:43:18.369000+00:00,buy,2026-05-08T23:14:50.678293+00:00,match,222.96641805,-1.139058485304462,-1.3009429664665233,False
coinbase,ETH-USD,185825873,3691.42,2.365113,2026-05-08 22:43:20.407000+00:00,buy,2026-05-08T23:14:50.683935+00:00,match,8730.62543046,1.2855223547769865,1.6807753272633332,False
coinbase,ETH-USD,185826839,3642.29,0.277358,2026-05-08 22:43:23.922000+00:00,buy,2026-05-08T23:14:50.687012+00:00,match,1010.21826982,0.2592124808218884,-1.0042957424397763,False
coinbase,ETH-USD,185827295,3587.98,1.811795,2026-05-08 22:43:24.606000+00:00,buy,2026-05-08T23:14:50.688451+00:00,match,6500.6842241,-0.8596751234109142,0.9026269903979168,False
coinbase,ETH-USD,185825605,3622.49,0.085382,2026-05-08 22:43:25.314000+00:00,buy,2026-05-08T23:14:50.683162+00:00,match,309.29544117999995,-0.15667200805832762,-1.2525983397546663,False
coinbase,ETH-USD,185825781,3664.21,0.299193,2026-05-08 22:43:25.494000+00:00,buy,2026-05-08T23:14:50.683653+00:00,match,1096.30598253,0.7056581779727684,-0.9825071104023758,False
coinbase,ETH-USD,185825261,3593.8,1.85134,2026-05-08 22:43:25.771000+00:00,buy,2026-05-08T23:14:50.682153+00:00,match,6653.345692,-0.7465161128000385,0.938264065512166,False
coinbase,ETH-USD,185824871,3610.04,0.821869,2026-05-08 22:43:29.514000+00:00,sell,2026-05-08T23:14:50.680936+00:00,match,2966.97996476,-0.4148154860696881,-0.3566214793865378,False
coinbase,ETH-USD,185824123,3555.61,0.532461,2026-05-08 22:43:33.650000+00:00,sell,2026-05-08T23:14:50.678643+00:00,match,1893.22365621,-1.5248642041644458,-0.7254788329402316,False
coinbase,ETH-USD,185826525,3689.32,2.101718,2026-05-08 22:43:34.020000+00:00,buy,2026-05-08T23:14:50.686052+00:00,match,7753.91025176,1.2501166512502786,1.298113219081299,False
coinbase,ETH-USD,185824297,3617.25,1.935417,2026-05-08 22:43:35.448000+00:00,buy,2026-05-08T23:14:50.679190+00:00,match,7000.88714325,-0.2571513067402558,1.0315422904783302,False
coinbase,ETH-USD,185825751,3678.08,2.467715,2026-05-08 22:43:36.936000+00:00,sell,2026-05-08T23:14:50.683574+00:00,match,9076.4531872,1.0328557105143457,1.7106021718219646,False
coinbase,ETH-USD,185825395,3588.49,0.757456,2026-05-08 22:43:37.830000+00:00,buy,2026-05-08T23:14:50.682532+00:00,match,2718.12328144,-0.8673642059697384,-0.4903716428382686,False
coinbase,ETH-USD,185824887,3601.79,2.465921,2026-05-08 22:43:38.223000+00:00,buy,2026-05-08T23:14:50.680987+00:00,match,8881.72959859,-0.591551295391924,1.607891580146102,False
coinbase,ETH-USD,185823597,3670.49,1.337794,2026-05-08 22:43:38.403000+00:00,sell,2026-05-08T23:14:50.677056+00:00,match,4910.3594990599995,0.853414821116092,0.2338802459648794,False
coinbase,ETH-USD,185825415,3604.04,0.056056,2026-05-08 22:43:40.401000+00:00,buy,2026-05-08T23:14:50.682590+00:00,match,202.02806624,-0.5497572837993301,-1.383216104821937,False
coinbase,ETH-USD,185824475,3601.21,2.278372,2026-05-08 22:43:43.593000+00:00,sell,2026-05-08T23:14:50.679729+00:00,match,8204.89603012,-0.6107279308786193,1.3401477788750866,False
coinbase,ETH-USD,185826301,3648.01,0.003751,2026-05-08 22:43:45.167000+00:00,buy,2026-05-08T23:14:50.685325+00:00,match,13.68368551,0.4045316169244585,-1.4429323432816068,False
coinbase,ETH-USD,185824663,3616.34,1.306713,2026-05-08 22:43:46.194000+00:00,buy,2026-05-08T23:14:50.680309+00:00,match,4725.5184904200005,-0.28819173917702545,0.18637950700957442,False
coinbase,ETH-USD,185825687,3656.16,2.250142,2026-05-08 22:43:46.423000+00:00,sell,2026-05-08T23:14:50.683390+00:00,match,8226.87917472,0.5751996724277653,1.3672498675474722,False
coinbase,ETH-USD,185827169,3618.4,0.730163,2026-05-08 22:43:46.978000+00:00,sell,2026-05-08T23:14:50.688067+00:00,match,2642.0217992000003,-0.2480652769401879,-0.5429956801959874,False
coinbase,ETH-USD,185825173,3578.01,1.066246,2026-05-08 22:43:47.342000+00:00,buy,2026-05-08T23:14:50.681861+00:00,match,3815.038850460001,-1.1032256005522536,-0.14185045936152246,False
coinbase,ETH-USD,185824007,3577.59,1.365409,2026-05-08 22:43:47.628000+00:00,sell,2026-05-08T23:14:50.678300+00:00,match,4884.87358431,-1.0906233964953969,0.22469134835163274,False
coinbase,ETH-USD,185823747,3653.53,2.437981,2026-05-08 22:43:50.178000+00:00,buy,2026-05-08T23:14:50.677507+00:00,match,8907.236722930002,0.5556960102492399,1.597356340976223,False
coinbase,ETH-USD,185825653,3637.35,0.293772,2026-05-08 22:43:54.331000+00:00,sell,2026-05-08T23:14:50.683294+00:00,match,1068.5515842,0.19647019151571937,-1.1191001342072782,False
coinbase,ETH-USD,185824255,3593.04,1.173154,2026-05-08 22:43:55.994000+00:00,buy,2026-05-08T23:14:50.679059+00:00,match,4215.18924816,-0.7671538634458976,0.0008278034609733467,False
coinbase,ETH-USD,185826755,3667.7,0.028934,2026-05-08 22:44:00.902000+00:00,buy,2026-05-08T23:14:50.686763+00:00,match,106.1212318,0.8573180314279871,-1.4265889196314383,False
coinbase,ETH-USD,185823829,3623.6,0.347378,2026-05-08 22:44:06.336000+00:00,buy,2026-05-08T23:14:50.677762+00:00,match,1258.7589208,-0.0866988028881582,-1.025896712737989,False
coinbase,ETH-USD,185826305,3645.73,1.179689,2026-05-08 22:44:06.416000+00:00,buy,2026-05-08T23:14:50.685339+00:00,match,4300.82757797,0.39456608416230393,0.04996602383145882,False
coinbase,ETH-USD,185824615,3617.38,0.799176,2026-05-08 22:44:06.464000+00:00,buy,2026-05-08T23:14:50.680156+00:00,match,2890.92327888,-0.238437123128284,-0.4411852363885162,False
coinbase,ETH-USD,185825631,3633.43,1.911506,2026-05-08 22:44:08.247000+00:00,sell,2026-05-08T23:14:50.683236+00:00,match,6945.32324558,0.13035071153233493,0.9675983585631385,False
coinbase,ETH-USD,185824271,3602.01,2.316588,2026-05-08 22:44:09.287000+00:00,sell,2026-05-08T23:14:50.679112+00:00,match,8344.37314188,-0.576600899951058,1.4338889303625442,False
coinbase,ETH-USD,185825065,3597.78,2.315119,2026-05-08 22:44:12.265000+00:00,sell,2026-05-08T23:14:50.681531+00:00,match,8329.288835820002,-0.6920364860552866,1.4000879123277745,False
coinbase,ETH-USD,185827271,3585.43,1.300833,2026-05-08 22:44:14.490000+00:00,buy,2026-05-08T23:14:50.688373+00:00,match,4664.04566319,-0.9557123788615787,0.1267161021696499,False
coinbase,ETH-USD,185823771,3635.01,0.44985,2026-05-08 22:44:14.655000+00:00,buy,2026-05-08T23:14:50.677579+00:00,match,1635.2092485000005,0.15942042399106787,-0.9107595929842819,False
coinbase,ETH-USD,185824091,3543.44,1.655267,2026-05-08 22:44:20.339000+00:00,sell,2026-05-08T23:14:50.678542+00:00,match,5865.33929848,-1.86496308921325,0.5588575208177406,False
coinbase,ETH-USD,185823757,3641.05,1.368399,2026-05-08 22:44:24.728000+00:00,buy,2026-05-08T23:14:50.677535+00:00,match,4982.40917895,0.3253340075467576,0.2579796307830492,False
coinbase,ETH-USD,185823625,3659.82,0.105079,2026-05-08 22:44:26.505000+00:00,sell,2026-05-08T23:14:50.677143+00:00,match,384.57022578,0.7368188492857128,-1.3448710372287798,False
coinbase,ETH-USD,185826625,3732.86,1.37348,2026-05-08 22:44:28.559000+00:00,sell,2026-05-08T23:14:50.686364+00:00,match,5127.0085528,2.296478872166672,0.33898766383163315,False
coinbase,ETH-USD,185824351,3618.88,1.343885,2026-05-08 22:44:28.736000+00:00,sell,2026-05-08T23:14:50.679350+00:00,match,4863.3585488,-0.20108715636036495,0.25810033341144495,False
coinbase,ETH-USD,185823703,3657.97,0.047794,2026-05-08 22:44:30.962000+00:00,sell,2026-05-08T23:14:50.677384+00:00,match,174.82901818,0.6534591908181296,-1.3925966050177148,False
coinbase,ETH-USD,185827291,3587.23,2.301253,2026-05-08 22:44:31.508000+00:00,sell,2026-05-08T23:14:50.688438+00:00,match,8255.12379919,-0.9091247592931083,1.4399320272995617,False
coinbase,ETH-USD,185826303,3650.15,0.679927,2026-05-08 22:44:32.751000+00:00,sell,2026-05-08T23:14:50.685332+00:00,match,2481.83553905,0.47374888124585457,-0.5862413591098128,False
coinbase,ETH-USD,185825321,3569.47,0.083917,2026-05-08 22:44:33.890000+00:00,sell,2026-05-08T23:14:50.682330+00:00,match,299.53921399,-1.3072422520441158,-1.3491465397222129,False
coinbase,ETH-USD,185824659,3616.39,1.26542,2026-05-08 22:44:34.791000+00:00,buy,2026-05-08T23:14:50.680297+00:00,match,4576.2522338,-0.261411625299453,0.14968814464870608,False
coinbase,ETH-USD,185823855,3619.01,1.348039,2026-05-08 22:44:35.664000+00:00,sell,2026-05-08T23:14:50.677842+00:00,match,4878.56662139,-0.19817634148614255,0.2530199342737345,False
coinbase,ETH-USD,185827193,3603.94,1.086549,2026-05-08 22:44:38.767000+00:00,buy,2026-05-08T23:14:50.688134+00:00,match,3915.85740306,-0.5167487014845177,-0.09488993443391941,False
coinbase,ETH-USD,185824081,3552.47,2.095289,2026-05-08 22:44:39.841000+00:00,sell,2026-05-08T23:14:50.678511+00:00,match,7443.45131383,-1.6451298651354727,1.151227461037409,False
coinbase,ETH-USD,185824645,3627.55,1.633023,2026-05-08 22:44:41.539000+00:00,buy,2026-05-08T23:14:50.680252+00:00,match,5923.87258365,0.028993858568234953,0.6114289543380623,False
coinbase,ETH-USD,185827329,3564.94,1.158235,2026-05-08 22:44:45.378000+00:00,sell,2026-05-08T23:14:50.688546+00:00,match,4129.038280899999,-1.3491972161689965,-0.009471368842764859,False
coinbase,ETH-USD,185826145,3676.24,0.637944,2026-05-08 22:44:46.246000+00:00,buy,2026-05-08T23:14:50.684819+00:00,match,2345.2352505599997,1.0922484160356514,-0.6340724779812819,False
coinbase,ETH-USD,185823995,3575.84,1.664672,2026-05-08 22:44:47.378000+00:00,sell,2026-05-08T23:14:50.678261+00:00,match,5952.60072448,-1.093624683371688,0.6810054768315484,False
coinbase,ETH-USD,185823827,3626.67,1.713803,2026-05-08 22:44:49.138000+00:00,sell,2026-05-08T23:14:50.677756+00:00,match,6215.39792601,0.033457837685715516,0.7895367337326286,False
coinbase,ETH-USD,185826825,3642.7,0.466926,2026-05-08 22:44:51.177000+00:00,buy,2026-05-08T23:14:50.686973+00:00,match,1700.8713401999998,0.390256683800545,-0.876004359494231,False
coinbase,ETH-USD,185826983,3616.83,1.756773,2026-05-08 22:44:51.647000+00:00,buy,2026-05-08T23:14:50.687468+00:00,match,6353.949289589999,-0.19631367964248383,0.8325303823370058,False
coinbase,ETH-USD,185825239,3608.9,2.242056,2026-05-08 22:44:54.299000+00:00,sell,2026-05-08T23:14:50.682063+00:00,match,8091.355898399999,-0.3691607064235189,1.4394975765626425,False
coinbase,ETH-USD,185824309,3614.18,1.591189,2026-05-08 22:44:54.720000+00:00,sell,2026-05-08T23:14:50.679229+00:00,match,5750.84346002,-0.23361609722093798,0.567475777401567,False
coinbase,ETH-USD,185824515,3599.45,2.335825,2026-05-08 22:44:57.150000+00:00,sell,2026-05-08T23:14:50.679853+00:00,match,8407.68529625,-0.5693872783495073,1.5121967764603668,False
coinbase,ETH-USD,185823629,3651.23,1.611473,2026-05-08 22:44:59.135000+00:00,buy,2026-05-08T23:14:50.677153+00:00,match,5883.85856179,0.6172608388227616,0.5956079970389223,False
coinbase,ETH-USD,185824057,3545.8,1.982659,2026-05-08 22:45:01.818000+00:00,buy,2026-05-08T23:14:50.678443+00:00,match,7030.1122822,-1.7510708324803619,0.9957305840294735,False
coinbase,ETH-USD,185823767,3635.89,0.273345,2026-05-08 22:45:03.663000+00:00,buy,2026-05-08T23:14:50.677568+00:00,match,993.85235205,0.29263471079591996,-1.224578087256859,False
coinbase,ETH-USD,185823899,3605.57,0.182391,2026-05-08 22:45:04.813000+00:00,sell,2026-05-08T23:14:50.677972+00:00,match,657.62351787,-0.3973581740053476,-1.319404556615214,False
coinbase,ETH-USD,185826829,3646.57,0.25923,2026-05-08 22:45:10.477000+00:00,sell,2026-05-08T23:14:50.686983+00:00,match,945.3003411,0.5214663685568958,-1.219270487183757,False
coinbase,ETH-USD,185824973,3591.1,0.346922,2026-05-08 22:45:11.544000+00:00,sell,2026-05-08T23:14:50.681255+00:00,match,1245.8315942,-0.7575621003606361,-1.1084413054991473,False
coinbase,ETH-USD,185825049,3602.2,1.104809,2026-05-08 22:45:12.840000+00:00,sell,2026-05-08T23:14:50.681478+00:00,match,3979.7429797999994,-0.4931537454110478,-0.11319656104596294,False
coinbase,ETH-USD,185824609,3612.83,0.942588,2026-05-08 22:45:16.380000+00:00,sell,2026-05-08T23:14:50.680138+00:00,match,3405.41020404,-0.2569431993469493,-0.3117371252338757,False
coinbase,ETH-USD,185825519,3628.85,0.673531,2026-05-08 22:45:17.589000+00:00,sell,2026-05-08T23:14:50.682903+00:00,match,2444.14296935,0.10941589489657395,-0.6669539028889823,False
coinbase,ETH-USD,185827325,3568.64,0.922277,2026-05-08 22:45:18.309000+00:00,buy,2026-05-08T23:14:50.688535+00:00,match,3291.27459328,-1.2566613275944498,-0.353516358316465,False
coinbase,ETH-USD,185823991,3578.23,2.42394,2026-05-08 22:45:19.155000+00:00,buy,2026-05-08T23:14:50.678249+00:00,match,8673.4148262,-1.0252840998295958,1.600849683168763,False
coinbase,ETH-USD,185825421,3606.15,1.695553,2026-05-08 22:45:20.145000+00:00,buy,2026-05-08T23:14:50.682612+00:00,match,6114.41845095,-0.37518937672985725,0.6771632951547105,False
coinbase,ETH-USD,185826073,3688.63,1.460342,2026-05-08 22:45:21.173000+00:00,buy,2026-05-08T23:14:50.684603+00:00,match,5386.66131146,1.5155787851312337,0.402007335416047,False
coinbase,ETH-USD,185827085,3605.93,1.511336,2026-05-08 22:45:22.489000+00:00,sell,2026-05-08T23:14:50.687801+00:00,match,5449.77182248,-0.37863391770874216,0.41418445794415026,False
coinbase,ETH-USD,185823865,3614.0,1.509593,2026-05-08 22:45:22.906000+00:00,buy,2026-05-08T23:14:50.677874+00:00,match,5455.669102,-0.17427709793776375,0.4186969772399931,False
coinbase,ETH-USD,185826071,3693.92,0.601777,2026-05-08 22:45:23.832000+00:00,sell,2026-05-08T23:14:50.684594+00:00,match,2222.9160958400003,1.694026575013209,-0.7629316759138505,False
coinbase,ETH-USD,185824099,3545.57,2.135893,2026-05-08 22:45:24.442000+00:00,buy,2026-05-08T23:14:50.678565+00:00,match,7572.95814401,-1.746374699367128,1.187749568923841,False
coinbase,ETH-USD,185825841,3681.03,0.3851,2026-05-08 22:45:25.188000+00:00,buy,2026-05-08T23:14:50.683823+00:00,match,1417.564653,1.4047250105776015,-1.074182619923268,False
coinbase,ETH-USD,185824687,3599.74,1.813576,2026-05-08 22:45:28.873000+00:00,buy,2026-05-08T23:14:50.680386+00:00,match,6528.40207024,-0.5035911156860908,0.7873073143171002,False
coinbase,ETH-USD,185824955,3578.6,1.720762,2026-05-08 22:45:29.262000+00:00,buy,2026-05-08T23:14:50.681194+00:00,match,6157.9188932,-0.9817421442059294,0.6477434796914602,False
coinbase,ETH-USD,185824555,3598.28,1.039609,2026-05-08 22:45:29.367000+00:00,sell,2026-05-08T23:14:50.679981+00:00,match,3740.80427252,-0.5038521399756901,-0.25515128789138564,False
coinbase,ETH-USD,185825419,3601.73,2.338702,2026-05-08 22:45:30.957000+00:00,buy,2026-05-08T23:14:50.682605+00:00,match,8423.37315446,-0.40898849006894517,1.466713862989419,False
coinbase,ETH-USD,185824401,3612.98,1.160576,2026-05-08 22:45:32.487000+00:00,buy,2026-05-08T23:14:50.679508+00:00,match,4193.13787648,-0.12639103283196648,-0.10257184934004976,False
coinbase,ETH-USD,185823859,3615.06,1.737658,2026-05-08 22:45:32.704000+00:00,sell,2026-05-08T23:14:50.677855+00:00,match,6281.737929479999,-0.09125070615587694,0.6593423463433739,False
coinbase,ETH-USD,185825923,3676.81,0.54758,2026-05-08 22:45:37.459000+00:00,buy,2026-05-08T23:14:50.684135+00:00,match,2013.3476198,1.3826003842913723,-0.9255451055035405,False
coinbase,ETH-USD,185823775,3628.01,1.401083,2026-05-08 22:45:37.538000+00:00,buy,2026-05-08T23:14:50.677589+00:00,match,5083.14313483,0.2185060900720089,0.22184594840986452,False
coinbase,ETH-USD,185826345,3630.05,1.226322,2026-05-08 22:45:39.183000+00:00,buy,2026-05-08T23:14:50.685470+00:00,match,4451.6101761,0.30309384973513304,-0.022684122730558264,False
coinbase,ETH-USD,185825775,3670.62,1.101382,2026-05-08 22:45:50.412000+00:00,sell,2026-05-08T23:14:50.683638+00:00,match,4042.75479684,1.306136077343349,-0.1671894379432655,False
coinbase,ETH-USD,185826147,3678.75,1.967552,2026-05-08 22:45:50.703000+00:00,sell,2026-05-08T23:14:50.684825+00:00,match,7238.13192,1.4975330559012536,1.011479431320873,False
coinbase,ETH-USD,185824321,3606.71,0.774324,2026-05-08 22:45:53.857000+00:00,sell,2026-05-08T23:14:50.679264+00:00,match,2792.76211404,-0.29632316118231555,-0.6431588922729122,False
coinbase,ETH-USD,185823887,3615.9,0.229944,2026-05-08 22:45:58.023000+00:00,buy,2026-05-08T23:14:50.677934+00:00,match,831.4545096,-0.06881958608198598,-1.3547054732964343,False
coinbase,ETH-USD,185824571,3604.19,0.523893,2026-05-08 22:45:58.208000+00:00,sell,2026-05-08T23:14:50.680023+00:00,match,1888.20991167,-0.37224506571890514,-0.9764678811416789,False
coinbase,ETH-USD,185825505,3624.34,1.017981,2026-05-08 22:45:58.845000+00:00,sell,2026-05-08T23:14:50.682864+00:00,match,3689.50925754,0.13214980384211752,-0.31416558724476973,False
coinbase,ETH-USD,185827049,3622.5,1.454753,2026-05-08 22:45:59.384000+00:00,sell,2026-05-08T23:14:50.687681+00:00,match,5269.8427425,0.08326713679880561,0.27175657078448145,False
coinbase,ETH-USD,185826397,3633.58,0.728511,2026-05-08 22:45:59.638000+00:00,buy,2026-05-08T23:14:50.685635+00:00,match,2647.10299938,0.40008657605091913,-0.7006891055838033,False
coinbase,ETH-USD,185823713,3651.63,0.95558,2026-05-08 22:46:01.511000+00:00,buy,2026-05-08T23:14:50.677413+00:00,match,3489.4245954000003,0.8583121325844598,-0.3714748383594495,False
coinbase,ETH-USD,185823979,3585.93,0.438251,2026-05-08 22:46:01.671000+00:00,buy,2026-05-08T23:14:50.678209+00:00,match,1571.53740843,-0.8343784231949507,-1.0790310707874002,False
coinbase,ETH-USD,185827285,3585.38,1.794277,2026-05-08 22:46:01.905000+00:00,buy,2026-05-08T23:14:50.688418+00:00,match,6433.16487026,-0.8427898615101342,0.7613025654950958,False
coinbase,ETH-USD,185823853,3617.01,1.30844,2026-05-08 22:46:02.532000+00:00,buy,2026-05-08T23:14:50.677836+00:00,match,4732.640564400001,-0.035566710618167796,0.13078873068738164,False
coinbase,ETH-USD,185824479,3606.01,0.322931,2026-05-08 22:46:03.375000+00:00,sell,2026-05-08T23:14:50.679739+00:00,match,1164.49241531,-0.35672103691148205,-1.2080205296168787,False
coinbase,ETH-USD,185824311,3614.24,1.211963,2026-05-08 22:46:04.986000+00:00,buy,2026-05-08T23:14:50.679234+00:00,match,4380.325153119999,-0.1362597799426861,-0.0005208079979770465,False
coinbase,ETH-USD,185823781,3634.57,1.993156,2026-05-08 22:46:08.941000+00:00,buy,2026-05-08T23:14:50.677605+00:00,match,7244.26500292,0.4042453542617536,1.0855345722907213,False
coinbase,ETH-USD,185823799,3634.45,1.896259,2026-05-08 22:46:14.219000+00:00,buy,2026-05-08T23:14:50.677664+00:00,match,6891.858522549999,0.3870554102344827,0.9337743446834164,False
coinbase,ETH-USD,185824629,3627.62,1.89431,2026-05-08 22:46:15.123000+00:00,buy,2026-05-08T23:14:50.680195+00:00,match,6871.836842199999,0.2207521975615958,0.9420174928519975,False
coinbase,ETH-USD,185824701,3604.33,1.056863,2026-05-08 22:46:21.387000+00:00,buy,2026-05-08T23:14:50.680428+00:00,match,3809.28301679,-0.42350522924143974,-0.2598811749870725,False
coinbase,ETH-USD,185825771,3677.05,0.853435,2026-05-08 22:46:21.790000+00:00,buy,2026-05-08T23:14:50.683627+00:00,match,3138.123166750001,1.582938878135755,-0.5105010173147632,False
coinbase,ETH-USD,185823913,3601.6,0.482812,2026-05-08 22:46:27.937000+00:00,buy,2026-05-08T23:14:50.678015+00:00,match,1738.8956992,-0.5141705870606228,-1.0732709062154218,False
coinbase,ETH-USD,185824323,3609.54,1.261959,2026-05-08 22:46:28.296000+00:00,sell,2026-05-08T23:14:50.679270+00:00,match,4555.09148886,-0.2799226736691589,0.026688639396135146,False
coinbase,ETH-USD,185826497,3691.94,0.488252,2026-05-08 22:46:30.198000+00:00,sell,2026-05-08T23:14:50.685964+00:00,match,1802.59708888,1.9690503943147417,-1.0501473210613799,False
coinbase,ETH-USD,185823923,3604.0,0.426806,2026-05-08 22:46:34.533000+00:00,buy,2026-05-08T23:14:50.678044+00:00,match,1538.208824,-0.45286138889239036,-1.1440492196056944,False
coinbase,ETH-USD,185825495,3627.29,0.664482,2026-05-08 22:46:35.967000+00:00,buy,2026-05-08T23:14:50.682837+00:00,match,2410.26891378,0.17171951801690527,-0.8020427467392361,False
coinbase,ETH-USD,185823759,3635.99,2.134588,2026-05-08 22:46:38.025000+00:00,sell,2026-05-08T23:14:50.677541+00:00,match,7761.340622119999,0.4380541024038229,1.3222064908530529,False
coinbase,ETH-USD,185827315,3587.47,0.052122,2026-05-08 22:46:42.843000+00:00,buy,2026-05-08T23:14:50.688510+00:00,match,186.98611134,-0.9325441843130614,-1.6433362635582172,False
coinbase,ETH-USD,185825021,3593.66,0.752905,2026-05-08 22:46:43.070000+00:00,sell,2026-05-08T23:14:50.681394+00:00,match,2705.6845823,-0.7410680731306226,-0.6369783793989293,False
coinbase,ETH-USD,185826211,3654.11,0.573129,2026-05-08 22:46:45.369000+00:00,sell,2026-05-08T23:14:50.685053+00:00,match,2094.27641019,0.9741679220794194,-0.8772766020368095,False
coinbase,ETH-USD,185824935,3585.25,0.857092,2026-05-08 22:46:48.153000+00:00,sell,2026-05-08T23:14:50.681132+00:00,match,3072.889093,-0.9920933179204348,-0.47116356098802303,False
coinbase,ETH-USD,185825533,3620.95,1.599108,2026-05-08 22:46:50.088000+00:00,sell,2026-05-08T23:14:50.682941+00:00,match,5790.2901126,0.04252888941388975,0.6264883733321849,False
coinbase,ETH-USD,185824641,3627.0,0.297094,2026-05-08 22:46:52.071000+00:00,sell,2026-05-08T23:14:50.680238+00:00,match,1077.559938,0.21078894270538326,-1.2923264725353902,False
coinbase,ETH-USD,185825753,3679.17,1.554447,2026-05-08 22:47:01.771000+00:00,sell,2026-05-08T23:14:50.683580+00:00,match,5719.07476899,1.6741366373283808,0.6143560686785096,False
coinbase,ETH-USD,185826925,3636.15,0.962803,2026-05-08 22:47:02.237000+00:00,buy,2026-05-08T23:14:50.687288+00:00,match,3500.89612845,0.451186877865303,-0.31819610721771496,False
coinbase,ETH-USD,185825309,3565.18,1.179276,2026-05-08 22:47:08.766000+00:00,buy,2026-05-08T23:14:50.682295+00:00,match,4204.33120968,-1.5441018617986069,-0.021950286522472478,False
coinbase,ETH-USD,185824489,3610.05,2.249922,2026-05-08 22:47:10.591000+00:00,sell,2026-05-08T23:14:50.679768+00:00,match,8122.330916100002,-0.26524960141800064,1.617887878808722,False
coinbase,ETH-USD,185824857,3609.16,0.700365,2026-05-08 22:47:12.003000+00:00,sell,2026-05-08T23:14:50.680894+00:00,match,2527.7293434,-0.28776757410883935,-0.7223505750388486,False
coinbase,ETH-USD,185824139,3554.37,2.072471,2026-05-08 22:47:13.548000+00:00,sell,2026-05-08T23:14:50.678696+00:00,match,7366.328748270001,-1.817110037874919,1.2762203115002755,False
coinbase,ETH-USD,185827359,3540.17,1.720503,2026-05-08 22:47:19.791000+00:00,buy,2026-05-08T23:14:50.688640+00:00,match,6090.87310551,-2.167003377790376,0.740218566990728,False
coinbase,ETH-USD,185823717,3660.09,0.772565,2026-05-08 22:47:20.343000+00:00,buy,2026-05-08T23:14:50.677425+00:00,match,2827.65743085,1.1384682714500574,-0.5951419869762932,False
coinbase,ETH-USD,185826819,3647.43,2.411898,2026-05-08 22:47:22.974000+00:00,buy,2026-05-08T23:14:50.686956+00:00,match,8797.22912214,0.78554987188323,1.8684995884260758,False
coinbase,ETH-USD,185824573,3599.83,1.934382,2026-05-08 22:47:26.378000+00:00,sell,2026-05-08T23:14:50.680029+00:00,match,6963.44635506,-0.5256613862520031,1.0853833297650306,False
coinbase,ETH-USD,185824543,3590.74,0.493921,2026-05-08 22:47:26.931000+00:00,buy,2026-05-08T23:14:50.679945+00:00,match,1773.5418915399998,-0.7594843906561488,-1.084576403015411,False
coinbase,ETH-USD,185826603,3730.6,0.08457,2026-05-08 22:47:27.870000+00:00,sell,2026-05-08T23:14:50.686296+00:00,match,315.496842,2.9457686355406976,-1.6813434020548985,False
coinbase,ETH-USD,185824027,3561.22,1.155354,2026-05-08 22:47:29.668000+00:00,buy,2026-05-08T23:14:50.678355+00:00,match,4114.46977188,-1.4982543933004886,-0.09871825123641653,False
coinbase,ETH-USD,185824757,3602.13,1.876844,2026-05-08 22:47:31.093000+00:00,sell,2026-05-08T23:14:50.680593+00:00,match,6760.63607772,-0.42159549845367755,0.9839196457280117,False
coinbase,ETH-USD,185827019,3615.14,1.343144,2026-05-08 22:47:33.255000+00:00,buy,2026-05-08T23:14:50.687586+00:00,match,4855.65360016,-0.07617195241308036,0.20297972316532267,False
coinbase,ETH-USD,185826617,3737.82,1.223896,2026-05-08 22:47:34.408000+00:00,sell,2026-05-08T23:14:50.686340+00:00,match,4574.702946720001,2.963712978808558,0.10289413879805653,False
coinbase,ETH-USD,185824263,3594.52,1.040019,2026-05-08 22:47:34.584000+00:00,sell,2026-05-08T23:14:50.679086+00:00,match,3738.36909588,-0.6217005135602972,-0.2351448522251572,False
coinbase,ETH-USD,185826049,3706.84,2.264536,2026-05-08 22:47:34.653000+00:00,buy,2026-05-08T23:14:50.684524+00:00,match,8394.272626240001,2.115685637285143,1.7224507594627165,False
coinbase,ETH-USD,185824229,3580.69,1.463961,2026-05-08 22:47:34.850000+00:00,buy,2026-05-08T23:14:50.678975+00:00,match,5241.990513090001,-0.961323226576384,0.3757397744033566,False
coinbase,ETH-USD,185824417,3617.57,0.405784,2026-05-08 22:47:35.573000+00:00,buy,2026-05-08T23:14:50.679556+00:00,match,1467.95202488,-0.07995609711261774,-1.2052644910612664,False
coinbase,ETH-USD,185824331,3623.38,1.304432,2026-05-08 22:47:35.729000+00:00,buy,2026-05-08T23:14:50.679294+00:00,match,4726.452820160001,0.06905632915569679,0.1752363226713832,False
coinbase,ETH-USD,185826733,3658.69,1.620102,2026-05-08 22:47:41.049000+00:00,sell,2026-05-08T23:14:50.686696+00:00,match,5927.450986379999,0.9490850553740743,0.6682872763962125,False
coinbase,ETH-USD,185827279,3587.84,1.871007,2026-05-08 22:47:41.808000+00:00,sell,2026-05-08T23:14:50.688398+00:00,match,6712.873754880001,-0.8103677241878608,0.9935784818187372,False
coinbase,ETH-USD,185825205,3611.22,1.133873,2026-05-08 22:47:42.531000+00:00,sell,2026-05-08T23:14:50.681958+00:00,match,4094.6648550599994,-0.20314197589561306,-0.12012143766361089,False
coinbase,ETH-USD,185824071,3551.69,1.761857,2026-05-08 22:47:46.542000+00:00,buy,2026-05-08T23:14:50.678484+00:00,match,6257.56988833,-1.69959929455678,0.787332367313573,False
coinbase,ETH-USD,185824501,3596.53,1.642591,2026-05-08 22:47:46.867000+00:00,buy,2026-05-08T23:14:50.679807+00:00,match,5907.62780923,-0.5536927896446723,0.6538934789642594,False
coinbase,ETH-USD,185825997,3697.15,0.230213,2026-05-08 22:47:49.593000+00:00,buy,2026-05-08T23:14:50.684375+00:00,match,851.13199295,1.9831375235674176,-1.5387368883061927,False
coinbase,ETH-USD,185825635,3627.48,0.356107,2026-05-08 22:47:49.595000+00:00,sell,2026-05-08T23:14:50.683247+00:00,match,1291.77102036,0.2118500515366896,-1.3611348293496035,False
coinbase,ETH-USD,185824443,3607.06,2.237222,2026-05-08 22:47:50.898000+00:00,buy,2026-05-08T23:14:50.679632+00:00,match,8069.79398732,-0.3049465014802395,1.5650760452903727,False
coinbase,ETH-USD,185824173,3574.65,0.293465,2026-05-08 22:47:53.559000+00:00,sell,2026-05-08T23:14:50.678798+00:00,match,1049.03466225,-1.1104745334065511,-1.4323592046348588,False
coinbase,ETH-USD,185827113,3617.76,2.110614,2026-05-08 22:47:54.495000+00:00,buy,2026-05-08T23:14:50.687889+00:00,match,7635.69490464,-0.025049558410937898,1.3515417312865305,False
coinbase,ETH-USD,185824429,3603.8,0.525672,2026-05-08 22:47:55.401000+00:00,buy,2026-05-08T23:14:50.679590+00:00,match,1894.4167536,-0.3962946074448947,-1.056591925867714,False
coinbase,ETH-USD,185824983,3593.55,1.778482,2026-05-08 22:47:55.485000+00:00,buy,2026-05-08T23:14:50.681285+00:00,match,6391.0639911,-0.649002937354696,0.8473968103286463,False
coinbase,ETH-USD,185823937,3582.08,1.793025,2026-05-08 22:47:57.748000+00:00,buy,2026-05-08T23:14:50.678081+00:00,match,6422.758992,-0.9516741154856014,0.8480304845132675,False
coinbase,ETH-USD,185824227,3582.25,1.283585,2026-05-08 22:47:58.098000+00:00,sell,2026-05-08T23:14:50.678968+00:00,match,4598.12236625,-0.9293526952599696,0.06882689632170033,False
coinbase,ETH-USD,185825241,3604.74,1.161893,2026-05-08 22:47:59.460000+00:00,buy,2026-05-08T23:14:50.682070+00:00,match,4188.32217282,-0.3566816748679812,-0.09749978480252333,False
coinbase,ETH-USD,185824151,3565.84,1.713152,2026-05-08 22:48:01.828000+00:00,buy,2026-05-08T23:14:50.678733+00:00,match,6108.82592768,-1.341102378312762,0.7184396956085485,False
coinbase,ETH-USD,185824567,3605.75,0.414642,2026-05-08 22:48:01.893000+00:00,sell,2026-05-08T23:14:50.680013+00:00,match,1495.0953915,-0.3027012424387774,-1.238546978526781,False
coinbase,ETH-USD,185823765,3634.67,0.336451,2026-05-08 22:48:02.289000+00:00,sell,2026-05-08T23:14:50.677562+00:00,match,1222.88835617,0.4393869259028619,-1.3248465991751484,False
coinbase,ETH-USD,185825939,3673.55,2.210963,2026-05-08 22:48:06.955000+00:00,buy,2026-05-08T23:14:50.684207+00:00,match,8122.083128650001,1.4119412501644995,1.585009560073834,False
coinbase,ETH-USD,185824095,3547.82,0.082246,2026-05-08 22:48:13.443000+00:00,sell,2026-05-08T23:14:50.678552+00:00,match,291.79400372000003,-1.755554181606321,-1.6729212357634549,False
coinbase,ETH-USD,185824319,3606.91,2.047831,2026-05-08 22:48:14.930000+00:00,buy,2026-05-08T23:14:50.679257+00:00,match,7386.34211221,-0.2716097406743626,1.2939085502494723,False
coinbase,ETH-USD,185823891,3611.05,2.340462,2026-05-08 22:48:19.155000+00:00,sell,2026-05-08T23:14:50.677947+00:00,match,8451.5253051,-0.1578670085265777,1.7075051189148,False
coinbase,ETH-USD,185823907,3603.98,1.001597,2026-05-08 22:48:19.953000+00:00,buy,2026-05-08T23:14:50.677996+00:00,match,3609.73555606,-0.3568657854706842,-0.28339703689328294,False
coinbase,ETH-USD,185825373,3575.11,0.430254,2026-05-08 22:48:21.192000+00:00,buy,2026-05-08T23:14:50.682468+00:00,match,1538.20537794,-1.0770626744716423,-1.1512889667487924,False
coinbase,ETH-USD,185825645,3632.61,1.595186,2026-05-08 22:48:24.832000+00:00,sell,2026-05-08T23:14:50.683273+00:00,match,5794.688615460001,0.38469150474782676,0.6102893449139597,False
coinbase,ETH-USD,185824391,3617.28,0.617959,2026-05-08 22:48:27.274000+00:00,buy,2026-05-08T23:14:50.679477+00:00,match,2235.3307315200004,0.0007016636327940491,-0.9018061537742317,False
coinbase,ETH-USD,185823797,3639.66,2.33085,2026-05-08 22:48:28.618000+00:00,buy,2026-05-08T23:14:50.677658+00:00,match,8483.501510999999,0.5617593771996038,1.7086549820808756,False
coinbase,ETH-USD,185824029,3556.33,2.065638,2026-05-08 22:48:28.689000+00:00,sell,2026-05-08T23:14:50.678361+00:00,match,7346.090388539999,-1.5440050804155057,1.2058751561803709,False
coinbase,ETH-USD,185825147,3581.01,1.88622,2026-05-08 22:48:29.103000+00:00,sell,2026-05-08T23:14:50.681782+00:00,match,6754.572682200001,-0.9069662830657857,0.9408346953239527,False
coinbase,ETH-USD,185824203,3575.03,2.429071,2026-05-08 22:48:29.130000+00:00,buy,2026-05-08T23:14:50.678897+00:00,match,8684.001697130001,-1.038960544508635,1.7007043332563125,False
coinbase,ETH-USD,185823861,3615.91,1.432193,2026-05-08 22:48:30.579000+00:00,sell,2026-05-08T23:14:50.677861+00:00,match,5178.6809906299995,-0.024926947787819502,0.24685189744297656,False
coinbase,ETH-USD,185824275,3607.98,1.770438,2026-05-08 22:48:33.891000+00:00,sell,2026-05-08T23:14:50.679126+00:00,match,6387.70489524,-0.2340466164558613,0.7646677982323621,False
coinbase,ETH-USD,185825311,3563.63,2.09664,2026-05-08 22:48:37.074000+00:00,buy,2026-05-08T23:14:50.682300+00:00,match,7471.6492032,-1.3380254895561594,1.205631370512633,False
coinbase,ETH-USD,185824775,3602.93,2.019352,2026-05-08 22:48:40.490000+00:00,buy,2026-05-08T23:14:50.680646+00:00,match,7275.58390136,-0.33227937790482553,1.1098762335300685,False
coinbase,ETH-USD,185825265,3592.2,2.148272,2026-05-08 22:48:42.009000+00:00,sell,2026-05-08T23:14:50.682164+00:00,match,7717.0226784,-0.602504626859381,1.2731498941626749,False
coinbase,ETH-USD,185825755,3675.92,2.196715,2026-05-08 22:48:43.217000+00:00,sell,2026-05-08T23:14:50.683586+00:00,match,8074.948602800001,1.5037670175310964,1.3959988216318837,False
coinbase,ETH-USD,185825281,3587.0,1.630056,2026-05-08 22:48:44.794000+00:00,sell,2026-05-08T23:14:50.682211+00:00,match,5847.010872,-0.7279636245631753,0.47773862590178157,False
coinbase,ETH-USD,185825977,3694.53,1.438704,2026-05-08 22:48:46.288000+00:00,buy,2026-05-08T23:14:50.684317+00:00,match,5315.33508912,1.989574163831138,0.2719223577856395,False
coinbase,ETH-USD,185824063,3545.56,0.170936,2026-05-08 22:48:48.007000+00:00,buy,2026-05-08T23:14:50.678461+00:00,match,606.06384416,-1.7848910711078512,-1.6504525082755301,False
coinbase,ETH-USD,185826309,3644.22,2.239824,2026-05-08 22:48:48.804000+00:00,sell,2026-05-08T23:14:50.685351+00:00,match,8162.41141728,0.721742432782606,1.420097964380982,False
coinbase,ETH-USD,185824875,3606.6,2.469528,2026-05-08 22:48:50.037000+00:00,buy,2026-05-08T23:14:50.680948+00:00,match,8906.5996848,-0.24532717926858053,1.6889110253346358,False
coinbase,ETH-USD,185825837,3678.44,1.222127,2026-05-08 22:48:51.973000+00:00,buy,2026-05-08T23:14:50.683811+00:00,match,4495.52084188,1.5553109667292948,-0.08052015670147944,False
coinbase,ETH-USD,185823931,3589.52,1.977652,2026-05-08 22:48:52.209000+00:00,sell,2026-05-08T23:14:50.678065+00:00,match,7098.82140704,-0.6908398715668539,0.9744251460574667,False
coinbase,ETH-USD,185826107,3685.32,2.330382,2026-05-08 22:48:54.008000+00:00,buy,2026-05-08T23:14:50.684702+00:00,match,8588.20339224,1.6864073971165459,1.5388697229959265,False
coinbase,ETH-USD,185826405,3632.81,0.807618,2026-05-08 22:48:55.089000+00:00,buy,2026-05-08T23:14:50.685663+00:00,match,2933.92274658,0.3743521570452596,-0.700992535561281,False
coinbase,ETH-USD,185827191,3606.61,1.241678,2026-05-08 22:48:56.085000+00:00,buy,2026-05-08T23:14:50.688127+00:00,match,4478.24829158,-0.26286550234341743,-0.09619454700555997,False
coinbase,ETH-USD,185824365,3627.63,1.741255,2026-05-08 22:49:03.276000+00:00,sell,2026-05-08T23:14:50.679395+00:00,match,6316.62887565,0.2658904510147818,0.6341973712796637,False
coinbase,ETH-USD,185826341,3637.84,0.449564,2026-05-08 22:49:09.469000+00:00,buy,2026-05-08T23:14:50.685455+00:00,match,1635.44190176,0.5202835131194505,-1.2172401542257159,False
coinbase,ETH-USD,185825307,3565.98,2.186548,2026-05-08 22:49:11.913000+00:00,buy,2026-05-08T23:14:50.682290+00:00,match,7797.186437040001,-1.2606553710332362,1.2047014929073825,False
coinbase,ETH-USD,185825893,3691.47,1.156777,2026-05-08 22:49:18.387000+00:00,buy,2026-05-08T23:14:50.683992+00:00,match,4270.20759219,1.8826890826356948,-0.17429052613144558,False
coinbase,ETH-USD,185823811,3623.18,2.005896,2026-05-08 22:49:21.193000+00:00,sell,2026-05-08T23:14:50.677703+00:00,match,7267.72226928,0.17010926963382086,0.9928069315893352,False
coinbase,ETH-USD,185824925,3595.88,2.101158,2026-05-08 22:49:21.385000+00:00,sell,2026-05-08T23:14:50.681099+00:00,match,7555.51202904,-0.5073037912832236,1.0868351383449597,False
coinbase,ETH-USD,185824283,3615.74,2.245173,2026-05-08 22:49:21.870000+00:00,sell,2026-05-08T23:14:50.679148+00:00,match,8117.961823019999,-0.013920091167421138,1.283811323641381,False
coinbase,ETH-USD,185824373,3624.83,0.552947,2026-05-08 22:49:31.294000+00:00,sell,2026-05-08T23:14:50.679421+00:00,match,2004.33887401,0.21320343166841824,-1.1308266329343906,False
coinbase,ETH-USD,185823973,3589.4,0.003509,2026-05-08 22:49:33.047000+00:00,buy,2026-05-08T23:14:50.678192+00:00,match,12.5952046,-0.6628454733770015,-1.8629885126312236,False
coinbase,ETH-USD,185826061,3695.88,0.472401,2026-05-08 22:49:34.252000+00:00,sell,2026-05-08T23:14:50.684562+00:00,match,1745.93740788,1.9414217765938453,-1.1828858060590859,False
coinbase,ETH-USD,185826315,3642.75,0.233798,2026-05-08 22:49:34.875000+00:00,buy,2026-05-08T23:14:50.685372+00:00,match,851.6676645,0.6437048998830013,-1.5027432492739417,False
coinbase,ETH-USD,185824235,3589.7,0.265916,2026-05-08 22:49:36.185000+00:00,buy,2026-05-08T23:14:50.678994+00:00,match,954.5586652,-0.6587929855920233,-1.4563618095369164,False
coinbase,ETH-USD,185824051,3551.9,1.104901,2026-05-08 22:49:37.120000+00:00,sell,2026-05-08T23:14:50.678425+00:00,match,3924.4978619,-1.5631676853079781,-0.31474057772320946,False
coinbase,ETH-USD,185825735,3679.48,1.608032,2026-05-08 22:49:37.517000+00:00,sell,2026-05-08T23:14:50.683527+00:00,match,5916.721583359999,1.5051110548003417,0.4411737230409351,False
coinbase,ETH-USD,185826419,3640.06,0.73068,2026-05-08 22:49:46.334000+00:00,sell,2026-05-08T23:14:50.685705+00:00,match,2659.7190408,0.54920465071883,-0.8123352135867388,False
coinbase,ETH-USD,185824695,3599.3,0.026836,2026-05-08 22:49:46.467000+00:00,buy,2026-05-08T23:14:50.680411+00:00,match,96.5908148,-0.42492065894172243,-1.7521362620110548,False
coinbase,ETH-USD,185825615,3629.05,0.300782,2026-05-08 22:49:48.638000+00:00,buy,2026-05-08T23:14:50.683189+00:00,match,1091.5529171,0.28979217167645616,-1.3464751343794437,False
coinbase,ETH-USD,185823881,3623.51,0.977945,2026-05-08 22:49:54.281000+00:00,buy,2026-05-08T23:14:50.677918+00:00,match,3543.59348695,0.1596550166790747,-0.4126194651055036,False
coinbase,ETH-USD,185823851,3616.83,1.203884,2026-05-08 22:49:57.369000+00:00,buy,2026-05-08T23:14:50.677829+00:00,match,4354.24376772,0.0018946129581926686,-0.0977085825061974,False
coinbase,ETH-USD,185823877,3617.3,1.122107,2026-05-08 22:49:58.808000+00:00,sell,2026-05-08T23:14:50.677907+00:00,match,4058.9976511,0.010070748281654458,-0.21046809245607956,False
coinbase,ETH-USD,185826607,3728.4,2.12587,2026-05-08 22:50:04.953000+00:00,sell,2026-05-08T23:14:50.686309+00:00,match,7926.093708,2.6009642926793752,1.2280315465546847,False
coinbase,ETH-USD,185827251,3598.89,1.381421,2026-05-08 22:50:05.316000+00:00,sell,2026-05-08T23:14:50.688310+00:00,match,4971.58222269,-0.4328261165453987,0.10469819353649058,False
coinbase,ETH-USD,185825783,3669.02,1.612011,2026-05-08 22:50:07.661000+00:00,sell,2026-05-08T23:14:50.683658+00:00,match,5914.50059922,1.187594304140764,0.45609398512806615,False
coinbase,ETH-USD,185824281,3611.21,0.613704,2026-05-08 22:50:10.119000+00:00,sell,2026-05-08T23:14:50.679143+00:00,match,2216.21402184,-0.14039498993891852,-0.9458301874445655,False
coinbase,ETH-USD,185824673,3607.35,0.383813,2026-05-08 22:50:11.491000+00:00,sell,2026-05-08T23:14:50.680341+00:00,match,1384.54782555,-0.23239756180688026,-1.2594129902513307,False
coinbase,ETH-USD,185824977,3593.94,1.531915,2026-05-08 22:50:11.928000+00:00,sell,2026-05-08T23:14:50.681268+00:00,match,5505.6105951,-0.5406394515827159,0.2900043121515061,False
coinbase,ETH-USD,185825739,3676.28,2.480719,2026-05-08 22:50:13.299000+00:00,buy,2026-05-08T23:14:50.683537+00:00,match,9119.81764532,1.3803818848270386,1.6458451725332603,False
coinbase,ETH-USD,185827141,3608.34,2.11672,2026-05-08 22:50:13.994000+00:00,buy,2026-05-08T23:14:50.687979+00:00,match,7637.8454448,-0.21392111858429377,1.068959354736209,False
coinbase,ETH-USD,185824437,3613.56,2.420964,2026-05-08 22:50:18.948000+00:00,buy,2026-05-08T23:14:50.679615+00:00,match,8748.29867184,-0.09637718478674277,1.4576203424736796,False
coinbase,ETH-USD,185826195,3667.28,1.958038,2026-05-08 22:50:20.502000+00:00,sell,2026-05-08T23:14:50.685001+00:00,match,7180.67359664,1.1580348157010523,0.8477927355273716,False
coinbase,ETH-USD,185823917,3597.47,2.017779,2026-05-08 22:50:21.753000+00:00,sell,2026-05-08T23:14:50.678028+00:00,match,7258.89941913,-0.4794256771145048,0.8605019122671396,False
coinbase,ETH-USD,185825169,3586.78,2.14374,2026-05-08 22:50:21.834000+00:00,buy,2026-05-08T23:14:50.681850+00:00,match,7689.123757200001,-0.7201443532339049,1.0111853087279035,False
coinbase,ETH-USD,185825627,3633.09,0.340386,2026-05-08 22:50:25.433000+00:00,buy,2026-05-08T23:14:50.683223+00:00,match,1236.6529727400002,0.3611569319202778,-1.4191738039858774,False
coinbase,ETH-USD,185826867,3644.98,2.064647,2026-05-08 22:50:29.073000+00:00,sell,2026-05-08T23:14:50.687103+00:00,match,7525.597022059999,0.6525739394445816,0.9391613843978334,False
coinbase,ETH-USD,185824199,3575.75,2.472048,2026-05-08 22:50:31.499000+00:00,sell,2026-05-08T23:14:50.678879+00:00,match,8839.425636,-0.961530438286835,1.400139544016086,False
coinbase,ETH-USD,185824733,3626.27,2.322753,2026-05-08 22:50:32.956000+00:00,buy,2026-05-08T23:14:50.680520+00:00,match,8422.92952131,0.21212104841111512,1.220785866292961,False
coinbase,ETH-USD,185824725,3610.97,2.074606,2026-05-08 22:50:39.450000+00:00,buy,2026-05-08T23:14:50.680495+00:00,match,7491.340027820001,-0.1500509145267331,0.881101788772646,False
coinbase,ETH-USD,185824845,3608.27,0.24354,2026-05-08 22:50:41.445000+00:00,buy,2026-05-08T23:14:50.680861+00:00,match,878.7580758,-0.21370673583870273,-1.548891507798211,False
coinbase,ETH-USD,185826517,3691.59,1.065109,2026-05-08 22:50:41.693000+00:00,buy,2026-05-08T23:14:50.686023+00:00,match,3931.94573331,1.7182622772102383,-0.4157262738403516,False
coinbase,ETH-USD,185824141,3557.28,0.783594,2026-05-08 22:50:45.007000+00:00,sell,2026-05-08T23:14:50.678702+00:00,match,2787.46326432,-1.460713462544975,-0.8228899794707929,False
coinbase,ETH-USD,185824441,3610.23,1.208294,2026-05-08 22:50:47.500000+00:00,sell,2026-05-08T23:14:50.679627+00:00,match,4362.21924762,-0.19352465554726564,-0.25078748925177785,False
coinbase,ETH-USD,185825945,3678.62,2.142929,2026-05-08 22:50:49.336000+00:00,buy,2026-05-08T23:14:50.684223+00:00,match,7883.02147798,1.4180487477012607,1.0542575146127682,False
coinbase,ETH-USD,185826155,3684.41,0.750926,2026-05-08 22:50:50.384000+00:00,buy,2026-05-08T23:14:50.684863+00:00,match,2766.71926366,1.5183557974339204,-0.8225567486627433,False
coinbase,ETH-USD,185825521,3626.74,1.816801,2026-05-08 22:50:51.428000+00:00,sell,2026-05-08T23:14:50.682908+00:00,match,6589.06485874,0.1611588242301463,0.5759136036015626,False
coinbase,ETH-USD,185825201,3606.55,0.11319,2026-05-08 22:50:54.937000+00:00,sell,2026-05-08T23:14:50.681945+00:00,match,408.2253945,-0.2932515168570679,-1.7232293375985883,False
coinbase,ETH-USD,185827075,3611.55,2.003666,2026-05-08 22:50:58.968000+00:00,buy,2026-05-08T23:14:50.687769+00:00,match,7236.3399423,-0.1858704064547408,0.802912667213422,False
coinbase,ETH-USD,185826063,3696.0,1.051291,2026-05-08 22:50:59.367000+00:00,buy,2026-05-08T23:14:50.684569+00:00,match,3885.571536,1.83169412889205,-0.4299430406630821,False
coinbase,ETH-USD,185825499,3627.94,1.953553,2026-05-08 22:51:00.834000+00:00,buy,2026-05-08T23:14:50.682847+00:00,match,7087.37307082,0.18679600713687086,0.748701074800621,False
coinbase,ETH-USD,185824861,3612.94,0.716634,2026-05-08 22:51:02.936000+00:00,buy,2026-05-08T23:14:50.680907+00:00,match,2589.15564396,-0.15121014827903012,-0.9060562757455859,False
coinbase,ETH-USD,185824219,3577.63,1.191152,2026-05-08 22:51:04.494000+00:00,sell,2026-05-08T23:14:50.678944+00:00,match,4261.50112976,-1.0321704978837953,-0.2913992146627785,False
coinbase,ETH-USD,185825773,3675.85,0.382828,2026-05-08 22:51:05.240000+00:00,buy,2026-05-08T23:14:50.683632+00:00,match,1407.2183038,1.4604647004417561,-1.3176805785402264,False
coinbase,ETH-USD,185824823,3593.87,2.077687,2026-05-08 22:51:05.395000+00:00,buy,2026-05-08T23:14:50.680800+00:00,match,7466.93697869,-0.6311167834668233,0.904558201529392,False
coinbase,ETH-USD,185824405,3617.55,0.315041,2026-05-08 22:51:07.029000+00:00,sell,2026-05-08T23:14:50.679522+00:00,match,1139.67656955,-0.026786309849196076,-1.41509123332829,False
coinbase,ETH-USD,185825123,3583.51,2.242877,2026-05-08 22:51:07.606000+00:00,sell,2026-05-08T23:14:50.681713+00:00,match,8037.372158270001,-0.8818763237540047,1.0945406269119475,False
coinbase,ETH-USD,185824715,3611.45,1.640733,2026-05-08 22:51:16.220000+00:00,buy,2026-05-08T23:14:50.680465+00:00,match,5925.42519285,-0.16045413478427822,0.3250865291192007,False
coinbase,ETH-USD,185824617,3616.25,1.345779,2026-05-08 22:51:20.238000+00:00,sell,2026-05-08T23:14:50.680162+00:00,match,4866.673308750001,-0.04517943280483339,-0.05403392885486533,False
coinbase,ETH-USD,185825337,3561.47,0.876777,2026-05-08 22:51:21.498000+00:00,sell,2026-05-08T23:14:50.682374+00:00,match,3122.61498219,-1.4218887974463568,-0.6858655832744012,False
coinbase,ETH-USD,185825083,3610.28,1.612871,2026-05-08 22:51:23.564000+00:00,sell,2026-05-08T23:14:50.681587+00:00,match,5822.9159138800005,-0.20126543237376843,0.29979219369080623,False
coinbase,ETH-USD,185826273,3658.5,0.477993,2026-05-08 22:51:23.721000+00:00,buy,2026-05-08T23:14:50.685241+00:00,match,1748.7373905,1.0198379704586888,-1.1629731120883942,False
coinbase,ETH-USD,185825185,3596.9,0.821778,2026-05-08 22:51:24.116000+00:00,buy,2026-05-08T23:14:50.681895+00:00,match,2955.8532882,-0.5442613125480099,-0.7396595857196996,False
coinbase,ETH-USD,185824451,3610.62,0.206138,2026-05-08 22:51:26.676000+00:00,buy,2026-05-08T23:14:50.679658+00:00,match,744.28598556,-0.18119410016408144,-1.5412702805131187,False
coinbase,ETH-USD,185824545,3595.78,0.503582,2026-05-08 22:51:38.328000+00:00,buy,2026-05-08T23:14:50.679952+00:00,match,1810.77008396,-0.5655709059104379,-1.1298766230576776,False
coinbase,ETH-USD,185824269,3599.78,1.92526,2026-05-08 22:51:40.503000+00:00,sell,2026-05-08T23:14:50.679105+00:00,match,6930.5124428,-0.4701495328096407,0.7193843437166197,False
coinbase,ETH-USD,185824897,3609.51,1.140048,2026-05-08 22:51:42.323000+00:00,sell,2026-05-08T23:14:50.681013+00:00,match,4115.01465648,-0.2124885284663423,-0.30258423475285495,False
coinbase,ETH-USD,185824819,3599.38,1.740337,2026-05-08 22:51:42.706000+00:00,sell,2026-05-08T23:14:50.680787+00:00,match,6264.13419106,-0.47698006813409866,0.4762588138102597,False
coinbase,ETH-USD,185826093,3697.25,0.87064,2026-05-08 22:51:42.954000+00:00,sell,2026-05-08T23:14:50.684656+00:00,match,3218.97374,2.0239086535872963,-0.6403342643874266,False
coinbase,ETH-USD,185825315,3566.51,1.08859,2026-05-08 22:51:45.662000+00:00,buy,2026-05-08T23:14:50.682312+00:00,match,3882.4671209,-1.3302497452310886,-0.38544362561924805,False
coinbase,ETH-USD,185826377,3620.57,1.184157,2026-05-08 22:51:47.108000+00:00,buy,2026-05-08T23:14:50.685570+00:00,match,4287.32330949,0.044871624442885095,-0.23415818529886243,False
coinbase,ETH-USD,185825959,3681.84,2.398576,2026-05-08 22:51:47.548000+00:00,sell,2026-05-08T23:14:50.684266+00:00,match,8831.173059839999,1.5818557084521874,1.418493298893185,False
coinbase,ETH-USD,185824033,3556.01,2.266992,2026-05-08 22:51:51.443000+00:00,buy,2026-05-08T23:14:50.678371+00:00,match,8061.446221920001,-1.6074769652396295,1.1226052749946522,False
coinbase,ETH-USD,185827401,3526.84,2.384025,2026-05-08 22:51:55.767000+00:00,sell,2026-05-08T23:14:50.688766+00:00,match,8408.074731,-2.265722552412056,1.2246421407351658,False
coinbase,ETH-USD,185824965,3586.82,0.710986,2026-05-08 22:52:01.995000+00:00,buy,2026-05-08T23:14:50.681229+00:00,match,2550.17880452,-0.7729173545500299,-0.9244202010521697,False
coinbase,ETH-USD,185825529,3623.25,0.60792,2026-05-08 22:52:02.445000+00:00,sell,2026-05-08T23:14:50.682930+00:00,match,2202.64614,0.1371672771277946,-1.0313426836771937,False
coinbase,ETH-USD,185824447,3608.85,0.102953,2026-05-08 22:52:07.138000+00:00,sell,2026-05-08T23:14:50.679645+00:00,match,371.54193405,-0.23933244890140223,-1.7056173487598458,False
coinbase,ETH-USD,185823929,3593.47,1.037944,2026-05-08 22:52:09.765000+00:00,sell,2026-05-08T23:14:50.678060+00:00,match,3729.82062568,-0.6229146849647221,-0.4583395682530271,False
coinbase,ETH-USD,185824597,3601.98,2.3537,2026-05-08 22:52:10.298000+00:00,buy,2026-05-08T23:14:50.680103+00:00,match,8477.980325999999,-0.4060344128588451,1.292679766422473,False
coinbase,ETH-USD,185824159,3570.37,0.879706,2026-05-08 22:52:12.074000+00:00,sell,2026-05-08T23:14:50.678755+00:00,match,3140.87591122,-1.1853072097162767,-0.6731536560976389,False
coinbase,ETH-USD,185825371,3578.32,1.914581,2026-05-08 22:52:13.595000+00:00,sell,2026-05-08T23:14:50.682463+00:00,match,6850.98348392,-0.9881611682216761,0.6780716126904054,False
coinbase,ETH-USD,185825253,3607.41,1.296671,2026-05-08 22:52:17.904000+00:00,buy,2026-05-08T23:14:50.682107+00:00,match,4677.623932109999,-0.254013498094339,-0.12322198924917636,False
coinbase,ETH-USD,185824103,3551.7,1.459959,2026-05-08 22:52:19.703000+00:00,sell,2026-05-08T23:14:50.678578+00:00,match,5185.3363803,-1.6104384166042183,0.054345088932141114,False
coinbase,ETH-USD,185825799,3664.61,1.630628,2026-05-08 22:52:23.028000+00:00,sell,2026-05-08T23:14:50.683704+00:00,match,5975.61567508,1.165936710501414,0.3610485948376884,False
coinbase,ETH-USD,185825537,3625.76,1.095709,2026-05-08 22:52:23.798000+00:00,sell,2026-05-08T23:14:50.682954+00:00,match,3972.777863840001,0.1966588340982871,-0.3798272618282996,False
coinbase,ETH-USD,185825175,3583.11,2.243491,2026-05-08 22:52:28.044000+00:00,sell,2026-05-08T23:14:50.681868+00:00,match,8038.675037010001,-0.8639915268622108,1.1424526234897423,False
coinbase,ETH-USD,185824931,3590.72,1.988624,2026-05-08 22:52:30.216000+00:00,buy,2026-05-08T23:14:50.681118+00:00,match,7140.59196928,-0.6810608578020216,0.81656555941478,False
coinbase,ETH-USD,185826653,3718.35,2.444977,2026-05-08 22:52:31.126000+00:00,sell,2026-05-08T23:14:50.686440+00:00,match,9091.28022795,2.403003131127651,1.520185870279737,False
coinbase,ETH-USD,185824185,3575.53,2.348311,2026-05-08 22:52:31.248000+00:00,buy,2026-05-08T23:14:50.678836+00:00,match,8396.45642983,-1.0398188134014694,1.2451327587985064,False
coinbase,ETH-USD,185825855,3690.57,2.090117,2026-05-08 22:52:32.724000+00:00,sell,2026-05-08T23:14:50.683887+00:00,match,7713.72309669,1.6893778643378423,0.9903157914075615,False
coinbase,ETH-USD,185826651,3723.74,0.893475,2026-05-08 22:52:34.299000+00:00,sell,2026-05-08T23:14:50.686434+00:00,match,3327.0685965,2.3842214677636275,-0.6206337933675821,False
coinbase,ETH-USD,185825079,3606.22,1.765591,2026-05-08 22:52:34.956000+00:00,buy,2026-05-08T23:14:50.681576+00:00,match,6367.10957602,-0.3521778840647805,0.5139820692896544,False
coinbase,ETH-USD,185825711,3666.62,0.457556,2026-05-08 22:52:37.086000+00:00,sell,2026-05-08T23:14:50.683456+00:00,match,1677.68398072,1.0594728884234526,-1.2075010094328835,False
coinbase,ETH-USD,185825427,3598.74,1.394187,2026-05-08 22:52:37.953000+00:00,sell,2026-05-08T23:14:50.682635+00:00,match,5017.31652438,-0.5292849676041735,0.03827990225590974,False
coinbase,ETH-USD,185826153,3679.42,1.08474,2026-05-08 22:52:41.460000+00:00,sell,2026-05-08T23:14:50.684853+00:00,match,3991.2140508,1.3691869141887862,-0.33866875728732654,False
coinbase,ETH-USD,185824121,3554.79,1.005812,2026-05-08 22:52:41.934000+00:00,sell,2026-05-08T23:14:50.678637+00:00,match,3575.4504394799997,-1.570440855366176,-0.510469782651224,False
coinbase,ETH-USD,185824595,3597.24,0.583973,2026-05-08 22:52:45.359000+00:00,sell,2026-05-08T23:14:50.680096+00:00,match,2100.69103452,-0.5570598717218409,-1.045119721885129,False
coinbase,ETH-USD,185827273,3586.22,0.269607,2026-05-08 22:52:45.621000+00:00,buy,2026-05-08T23:14:50.688379+00:00,match,966.87001554,-0.8101480466997338,-1.4447555974553203,False
coinbase,ETH-USD,185825005,3590.32,1.748811,2026-05-08 22:52:47.327000+00:00,sell,2026-05-08T23:14:50.681343+00:00,match,6278.79110952,-0.697781144688465,0.5545445790430571,False
coinbase,ETH-USD,185824345,3610.6,0.795909,2026-05-08 22:52:55.479000+00:00,sell,2026-05-08T23:14:50.679332+00:00,match,2873.7090353999997,-0.22249531380357762,-0.7149009812173006,False
coinbase,ETH-USD,185825431,3603.98,1.403358,2026-05-08 22:52:56.056000+00:00,buy,2026-05-08T23:14:50.682646+00:00,match,5057.67416484,-0.3647618272594601,0.12462253895520622,False
coinbase,ETH-USD,185824527,3607.04,1.854561,2026-05-08 22:52:56.988000+00:00,buy,2026-05-08T23:14:50.679894+00:00,match,6689.475709439999,-0.2850209515766093,0.7329628055905033,False
coinbase,ETH-USD,185824881,3595.44,0.13445,2026-05-08 22:52:59.436000+00:00,sell,2026-05-08T23:14:50.680966+00:00,match,483.40690799999993,-0.5606628887898768,-1.5989307745913746,False
coinbase,ETH-USD,185824329,3618.41,0.309542,2026-05-08 22:53:01.488000+00:00,buy,2026-05-08T23:14:50.679289+00:00,match,1120.04986822,-0.006662852578538932,-1.329870603755078,False
coinbase,ETH-USD,185824347,3615.08,0.046655,2026-05-08 22:53:01.713000+00:00,buy,2026-05-08T23:14:50.679338+00:00,match,168.6615574,-0.08129120470086616,-1.6671463033610057,False
coinbase,ETH-USD,185823965,3585.74,0.985861,2026-05-08 22:53:02.901000+00:00,buy,2026-05-08T23:14:50.678168+00:00,match,3535.0412221399997,-0.7956856962414148,-0.4048381821046872,False
coinbase,ETH-USD,185826475,3679.96,1.876079,2026-05-08 22:53:06.268000+00:00,buy,2026-05-08T23:14:50.685889+00:00,match,6903.89567684,1.4914227150679142,0.8399087787228061,False
coinbase,ETH-USD,185824689,3599.08,0.885068,2026-05-08 22:53:08.166000+00:00,sell,2026-05-08T23:14:50.680392+00:00,match,3185.4305374399996,-0.4662650818157192,-0.5298908849532268,False
coinbase,ETH-USD,185826225,3662.71,0.165049,2026-05-08 22:53:09.912000+00:00,buy,2026-05-08T23:14:50.685093+00:00,match,604.52662279,1.0565862096629572,-1.460291964995547,False
coinbase,ETH-USD,185827257,3595.58,0.662881,2026-05-08 22:53:12.048000+00:00,buy,2026-05-08T23:14:50.688329+00:00,match,2383.44166598,-0.5592449377227077,-0.7828322647779127,False
coinbase,ETH-USD,185824015,3576.37,2.123644,2026-05-08 22:53:12.581000+00:00,buy,2026-05-08T23:14:50.678323+00:00,match,7594.93669228,-1.0057432689453527,1.1411999426087038,False
coinbase,ETH-USD,185824899,3605.32,0.439617,2026-05-08 22:53:16.122000+00:00,sell,2026-05-08T23:14:50.681018+00:00,match,1584.95996244,-0.3154990742985741,-1.1146927039483583,False
coinbase,ETH-USD,185825485,3623.09,2.367376,2026-05-08 22:53:18.496000+00:00,buy,2026-05-08T23:14:50.682811+00:00,match,8577.21631184,0.1315748320244196,1.4801418340735102,False
coinbase,ETH-USD,185826447,3654.15,1.132825,2026-05-08 22:53:18.693000+00:00,buy,2026-05-08T23:14:50.685799+00:00,match,4139.51247375,0.8871710380923974,-0.19317209216320325,False
coinbase,ETH-USD,185824513,3598.11,0.110127,2026-05-08 22:53:19.672000+00:00,buy,2026-05-08T23:14:50.679847+00:00,match,396.24905997,-0.4842808850539219,-1.599535859308106,False
coinbase,ETH-USD,185823975,3587.21,1.882245,2026-05-08 22:53:22.350000+00:00,buy,2026-05-08T23:14:50.678198+00:00,match,6752.00808645,-0.7674657318156068,0.7801841563303273,False
coinbase,ETH-USD,185826859,3645.95,2.485825,2026-05-08 22:53:23.113000+00:00,sell,2026-05-08T23:14:50.687077+00:00,match,9063.19365875,0.6989111603576725,1.6158513974620845,False
coinbase,ETH-USD,185826861,3647.31,0.57367,2026-05-08 22:53:24.153000+00:00,sell,2026-05-08T23:14:50.687084+00:00,match,2092.3523277,0.7301710861731509,-0.9649207073628908,False
coinbase,ETH-USD,185825481,3629.71,2.25002,2026-05-08 22:53:24.699000+00:00,buy,2026-05-08T23:14:50.682801+00:00,match,8166.920094200001,0.2842961946172534,1.2620159912163669,False
coinbase,ETH-USD,185824825,3593.55,1.806421,2026-05-08 22:53:24.740000+00:00,buy,2026-05-08T23:14:50.680807+00:00,match,6491.464184550001,-0.6074671699891532,0.6223575851478848,False
coinbase,ETH-USD,185825255,3605.14,0.403594,2026-05-08 22:53:27.718000+00:00,sell,2026-05-08T23:14:50.682112+00:00,match,1455.01287316,-0.3142443368808157,-1.2525587246883685,False
coinbase,ETH-USD,185823969,3587.6,0.762161,2026-05-08 22:53:30.603000+00:00,sell,2026-05-08T23:14:50.678181+00:00,match,2734.3288036,-0.7413497478290318,-0.7671715151149076,False
coinbase,ETH-USD,185823971,3587.21,0.346646,2026-05-08 22:53:33.583000+00:00,sell,2026-05-08T23:14:50.678187+00:00,match,1243.4919976600002,-0.7414723475286796,-1.3002906607832274,False
coinbase,ETH-USD,185824179,3572.12,0.654572,2026-05-08 22:53:34.278000+00:00,sell,2026-05-08T23:14:50.678816+00:00,match,2338.20973264,-1.1132526912464447,-0.8785648876682526,False
coinbase,ETH-USD,185824193,3578.82,2.192353,2026-05-08 22:53:34.878000+00:00,sell,2026-05-08T23:14:50.678860+00:00,match,7846.036763460002,-0.9333202608271639,1.1407536962348133,False
coinbase,ETH-USD,185824913,3599.38,2.397906,2026-05-08 22:53:36.603000+00:00,buy,2026-05-08T23:14:50.681058+00:00,match,8630.97489828,-0.3946184971464797,1.4061713759596945,False
coinbase,ETH-USD,185825677,3651.31,2.426866,2026-05-08 22:53:38.618000+00:00,buy,2026-05-08T23:14:50.683362+00:00,match,8861.24009446,0.9273050280400496,1.4563048224063881,False
coinbase,ETH-USD,185825949,3671.75,1.6341,2026-05-08 22:53:41.556000+00:00,buy,2026-05-08T23:14:50.684234+00:00,match,6000.0066750000005,1.4199459113224167,0.40747837932661624,False
coinbase,ETH-USD,185822412,3646.37,1.736821,2026-05-08 22:53:42.431000+00:00,sell,2026-05-08T23:14:50.687031+00:00,match,6333.09198977,0.7619193123917702,0.5252203584265769,False
coinbase,ETH-USD,185824249,3589.3,1.842722,2026-05-08 22:53:43.663000+00:00,sell,2026-05-08T23:14:50.679040+00:00,match,6614.0820746,-0.6677680913184443,0.6430778270431095,False
coinbase,ETH-USD,185825289,3581.9,1.53779,2026-05-08 22:53:43.920000+00:00,buy,2026-05-08T23:14:50.682233+00:00,match,5508.210001,-0.8472510087560016,0.2455816392955831,False
coinbase,ETH-USD,185825405,3595.69,0.446903,2026-05-08 22:53:45.213000+00:00,sell,2026-05-08T23:14:50.682560+00:00,match,1606.92464807,-0.49071576689550156,-1.173779280918437,False
coinbase,ETH-USD,185825331,3570.95,1.46716,2026-05-08 22:53:45.873000+00:00,buy,2026-05-08T23:14:50.682358+00:00,match,5239.1550019999995,-1.099036578343474,0.18109625076846603,False
coinbase,ETH-USD,185824859,3614.42,2.446212,2026-05-08 22:53:47.558000+00:00,buy,2026-05-08T23:14:50.680900+00:00,match,8841.63757704,0.006185062964201342,1.5054513386415438,False
coinbase,ETH-USD,185825553,3623.85,1.619635,2026-05-08 22:53:50.718000+00:00,sell,2026-05-08T23:14:50.683009+00:00,match,5869.31429475,0.23815524407032593,0.4156931268895469,False
coinbase,ETH-USD,185824301,3618.4,2.013488,2026-05-08 22:53:54.922000+00:00,buy,2026-05-08T23:14:50.679201+00:00,match,7285.6049792,0.10248583484569553,0.9234248175213422,False
coinbase,ETH-USD,185827319,3581.75,1.586689,2026-05-08 22:53:56.219000+00:00,buy,2026-05-08T23:14:50.688520+00:00,match,5683.12332575,-0.8204844995099515,0.33391904520018095,False
coinbase,ETH-USD,185826055,3696.68,1.806884,2026-05-08 22:54:04.051000+00:00,buy,2026-05-08T23:14:50.684542+00:00,match,6679.47194512,2.0578249397676514,0.7221638574333044,False
coinbase,ETH-USD,185827403,3527.04,1.574821,2026-05-08 22:54:06.425000+00:00,sell,2026-05-08T23:14:50.688772+00:00,match,5554.45665984,-2.1390864187817096,0.31023949004047,False
coinbase,ETH-USD,185824729,3615.6,1.072954,2026-05-08 22:54:14.013000+00:00,buy,2026-05-08T23:14:50.680508+00:00,match,3879.3724824,0.038560065836006345,-0.31733344129263724,False
coinbase,ETH-USD,185824067,3551.94,0.462896,2026-05-08 22:54:15.668000+00:00,buy,2026-05-08T23:14:50.678473+00:00,match,1644.1788182399998,-1.4965565250940756,-1.1829839579580883,False
coinbase,ETH-USD,185824999,3590.03,1.830031,2026-05-08 22:54:17.778000+00:00,buy,2026-05-08T23:14:50.681327+00:00,match,6569.86619093,-0.5548639675922012,0.7037572907472733,False
coinbase,ETH-USD,185824917,3607.3,1.293241,2026-05-08 22:54:17.898000+00:00,buy,2026-05-08T23:14:50.681073+00:00,match,4665.1082593,-0.14124017620895787,-0.036146310249519385,False
coinbase,ETH-USD,185824043,3557.97,2.181121,2026-05-08 22:54:18.885000+00:00,sell,2026-05-08T23:14:50.678402+00:00,match,7760.36308437,-1.3478413560769127,1.137186253792297,False
coinbase,ETH-USD,185824599,3605.97,2.190597,2026-05-08 22:54:19.194000+00:00,buy,2026-05-08T23:14:50.680109+00:00,match,7899.22706409,-0.14389901400284416,1.1902489897477664,False
coinbase,ETH-USD,185824377,3615.89,0.484506,2026-05-08 22:54:24.393000+00:00,buy,2026-05-08T23:14:50.679432+00:00,match,1751.92040034,0.12432403593596031,-1.1569758304127893,False
coinbase,ETH-USD,185826437,3642.17,2.459801,2026-05-08 22:54:25.423000+00:00,sell,2026-05-08T23:14:50.685764+00:00,match,8959.01340817,0.7893637935141583,1.568900009777765,False
coinbase,ETH-USD,185826699,3695.13,2.108779,2026-05-08 22:54:25.671000+00:00,sell,2026-05-08T23:14:50.686589+00:00,match,7792.21254627,2.068951668487968,1.1089704016270718,False
coinbase,ETH-USD,185826367,3626.81,0.373268,2026-05-08 22:54:27.628000+00:00,buy,2026-05-08T23:14:50.685537+00:00,match,1353.77211508,0.36332413187248086,-1.3144014909780097,False
coinbase,ETH-USD,185826891,3636.59,2.293181,2026-05-08 22:54:29.022000+00:00,sell,2026-05-08T23:14:50.687179+00:00,match,8339.35909279,0.6344871467680488,1.3058345636270232,False
coinbase,ETH-USD,185824209,3573.64,0.109713,2026-05-08 22:54:29.901000+00:00,sell,2026-05-08T23:14:50.678914+00:00,match,392.07476532,-0.9476296852205333,-1.6398483149553857,False
coinbase,ETH-USD,185824445,3611.78,0.935331,2026-05-08 22:54:43.514000+00:00,buy,2026-05-08T23:14:50.679639+00:00,match,3378.20979918,0.01813245040477856,-0.5327219279663588,False
coinbase,ETH-USD,185825341,3560.15,0.543893,2026-05-08 22:54:43.666000+00:00,sell,2026-05-08T23:14:50.682384+00:00,match,1936.34066395,-1.2783340640235483,-1.0558169041456031,False
coinbase,ETH-USD,185824053,3547.95,1.735641,2026-05-08 22:54:44.892000+00:00,buy,2026-05-08T23:14:50.678430+00:00,match,6157.96748595,-1.5555886993362638,0.4953013705820657,False
coinbase,ETH-USD,185825887,3688.25,2.275374,2026-05-08 22:54:48.423000+00:00,sell,2026-05-08T23:14:50.683972+00:00,match,8392.1481555,1.9243259722163213,1.320626825664453,False
coinbase,ETH-USD,185825363,3571.71,0.631512,2026-05-08 22:54:52.787000+00:00,sell,2026-05-08T23:14:50.682442+00:00,match,2255.57772552,-0.9464896204337475,-0.9700943245167697,False
coinbase,ETH-USD,185825891,3691.15,2.226404,2026-05-08 22:54:54.662000+00:00,buy,2026-05-08T23:14:50.683986+00:00,match,8217.991124600001,1.938165378220479,1.256184456607681,False
coinbase,ETH-USD,185827053,3628.28,1.563218,2026-05-08 22:54:54.711000+00:00,buy,2026-05-08T23:14:50.687693+00:00,match,5671.79260504,0.41016548542936565,0.3065786537526971,False
coinbase,ETH-USD,185824707,3615.21,2.231246,2026-05-08 22:54:58.128000+00:00,buy,2026-05-08T23:14:50.680444+00:00,match,8066.422851660001,0.09395804216047965,1.1805134175632173,False
coinbase,ETH-USD,185824997,3588.43,0.99238,2026-05-08 22:54:59.893000+00:00,sell,2026-05-08T23:14:50.681322+00:00,match,3561.0861634,-0.5643068041882331,-0.49226474289428396,False
coinbase,ETH-USD,185827121,3614.01,1.925823,2026-05-08 22:55:01.681000+00:00,buy,2026-05-08T23:14:50.687915+00:00,match,6959.94358023,0.05780805636431214,0.7632733427422527,False
coinbase,ETH-USD,185826979,3626.08,1.500261,2026-05-08 22:55:02.049000+00:00,buy,2026-05-08T23:14:50.687455+00:00,match,5440.06640688,0.36184904206852125,0.18807531665426164,False
coinbase,ETH-USD,185824343,3613.1,1.880359,2026-05-08 22:55:04.423000+00:00,buy,2026-05-08T23:14:50.679327+00:00,match,6793.9251029,0.039859140250419936,0.6788128147173813,False
coinbase,ETH-USD,185824163,3567.59,0.624084,2026-05-08 22:55:05.302000+00:00,buy,2026-05-08T23:14:50.678766+00:00,match,2226.47583756,-1.059297156691572,-1.0379010700342755,False
coinbase,ETH-USD,185824169,3567.7,2.307789,2026-05-08 22:55:06.548000+00:00,buy,2026-05-08T23:14:50.678784+00:00,match,8233.4988153,-1.0446479116861707,1.1949913480194145,False
coinbase,ETH-USD,185825639,3626.66,2.200579,2026-05-08 22:55:07.696000+00:00,sell,2026-05-08T23:14:50.683257+00:00,match,7980.751836139999,0.37897097520685086,1.0921667037810205,False
coinbase,ETH-USD,185824073,3551.23,1.840462,2026-05-08 22:55:10.750000+00:00,sell,2026-05-08T23:14:50.678489+00:00,match,6535.90386826,-1.4211715861501155,0.5417068724493117,False
coinbase,ETH-USD,185825001,3590.35,1.234091,2026-05-08 22:55:16.566000+00:00,buy,2026-05-08T23:14:50.681332+00:00,match,4430.81862185,-0.4797919664315511,-0.23904508406254837,False
coinbase,ETH-USD,185825199,3601.21,0.885984,2026-05-08 22:55:23.724000+00:00,buy,2026-05-08T23:14:50.681939+00:00,match,3190.61444064,-0.20080867760874163,-0.7031294903999886,False
coinbase,ETH-USD,185827221,3585.1,1.739894,2026-05-08 22:55:24.027000+00:00,sell,2026-05-08T23:14:50.688224+00:00,match,6237.6939794,-0.6027344566968328,0.4286065659611067,False
coinbase,ETH-USD,185825675,3650.07,0.364499,2026-05-08 22:55:24.871000+00:00,sell,2026-05-08T23:14:50.683357+00:00,match,1330.4468649300002,0.9848351929688731,-1.3841533265125852,False
coinbase,ETH-USD,185825161,3582.93,1.391565,2026-05-08 22:55:26.287000+00:00,buy,2026-05-08T23:14:50.681824+00:00,match,4985.879985449999,-0.6450975247319691,-0.014527151164682265,False
coinbase,ETH-USD,185825115,3591.75,0.177001,2026-05-08 22:55:28.779000+00:00,buy,2026-05-08T23:14:50.681689+00:00,match,635.74334175,-0.4382585571262845,-1.6053865342470264,False
coinbase,ETH-USD,185824243,3589.61,1.089528,2026-05-08 22:55:29.565000+00:00,buy,2026-05-08T23:14:50.679020+00:00,match,3910.98060408,-0.5182732657841481,-0.3729132851335819,False
coinbase,ETH-USD,185824253,3590.6,0.29244,2026-05-08 22:55:29.998000+00:00,sell,2026-05-08T23:14:50.679053+00:00,match,1050.035064,-0.49418292992023016,-1.4307084743646148,False
coinbase,ETH-USD,185826205,3662.42,1.477479,2026-05-08 22:55:33.365000+00:00,sell,2026-05-08T23:14:50.685030+00:00,match,5411.14863918,1.3223491104782559,0.18294189686011952,False
coinbase,ETH-USD,185826569,3723.75,1.224131,2026-05-08 22:55:34.989000+00:00,sell,2026-05-08T23:14:50.686186+00:00,match,4558.35781125,2.7382209065763563,-0.15430060832211728,False
coinbase,ETH-USD,185824463,3603.77,1.124985,2026-05-08 22:55:37.516000+00:00,buy,2026-05-08T23:14:50.679693+00:00,match,4054.187193449999,-0.19002679956661825,-0.34730634827544865,False
coinbase,ETH-USD,185824789,3597.48,0.768532,2026-05-08 22:55:38.983000+00:00,buy,2026-05-08T23:14:50.680691+00:00,match,2764.77849936,-0.34231663826914344,-0.8205222930145363,False
coinbase,ETH-USD,185826799,3663.52,1.346056,2026-05-08 22:55:43.006000+00:00,sell,2026-05-08T23:14:50.686895+00:00,match,4931.30307712,1.242592762196708,0.0011115189132501952,False
coinbase,ETH-USD,185824933,3589.37,0.784031,2026-05-08 22:55:43.606000+00:00,buy,2026-05-08T23:14:50.681125+00:00,match,2814.17735047,-0.565089135215079,-0.7945412721682172,False
coinbase,ETH-USD,185824923,3599.19,1.835449,2026-05-08 22:55:48.942000+00:00,sell,2026-05-08T23:14:50.681092+00:00,match,6606.129686310001,-0.32358386046161874,0.6494713619193997,False
coinbase,ETH-USD,185824639,3629.77,0.293455,2026-05-08 22:55:51.508000+00:00,sell,2026-05-08T23:14:50.680231+00:00,match,1065.17415535,0.40665433773493054,-1.4378137236416884,False
coinbase,ETH-USD,185824211,3570.55,0.121801,2026-05-08 22:55:51.705000+00:00,sell,2026-05-08T23:14:50.678919+00:00,match,434.89656055000006,-1.0310054208697386,-1.6340405645730924,False
coinbase,ETH-USD,185824869,3613.3,1.337836,2026-05-08 22:55:52.587000+00:00,buy,2026-05-08T23:14:50.680931+00:00,match,4834.002818800001,0.027487898394208315,0.005484328503655124,False
coinbase,ETH-USD,185825889,3690.45,2.254649,2026-05-08 22:55:55.866000+00:00,buy,2026-05-08T23:14:50.683979+00:00,match,8320.66940205,1.8770597841986998,1.3053492403983165,False
coinbase,ETH-USD,185825187,3596.31,2.394026,2026-05-08 22:55:57.648000+00:00,sell,2026-05-08T23:14:50.681900+00:00,match,8609.65964406,-0.41383032457526303,1.398920198844288,False
coinbase,ETH-USD,185826857,3647.19,0.967623,2026-05-08 22:55:57.648000+00:00,buy,2026-05-08T23:14:50.687071+00:00,match,3529.1049293700003,0.8677594639460356,-0.4697459727573179,False
coinbase,ETH-USD,185825879,3683.02,0.265118,2026-05-08 22:55:59.177000+00:00,sell,2026-05-08T23:14:50.683951+00:00,match,976.43489636,1.7209112432766631,-1.3987285816703314,False
coinbase,ETH-USD,185826287,3647.55,0.27613,2026-05-08 22:56:02.923000+00:00,buy,2026-05-08T23:14:50.685279+00:00,match,1007.1979815,0.864237768359412,-1.3580071215786484,False
coinbase,ETH-USD,185827233,3590.69,1.127281,2026-05-08 22:56:03.846000+00:00,sell,2026-05-08T23:14:50.688256+00:00,match,4047.71661389,-0.5565018367607704,-0.22430188977092907,False
coinbase,ETH-USD,185824807,3596.21,1.235567,2026-05-08 22:56:09.498000+00:00,sell,2026-05-08T23:14:50.680749+00:00,match,4443.358401070001,-0.4088733902329791,-0.06920387107360716,False
coinbase,ETH-USD,185826391,3627.09,0.769393,2026-05-08 22:56:09.590000+00:00,sell,2026-05-08T23:14:50.685615+00:00,match,2790.65765637,0.41439412425078187,-0.6957368789099309,False
coinbase,ETH-USD,185826965,3624.23,1.909876,2026-05-08 22:56:12.058000+00:00,sell,2026-05-08T23:14:50.687411+00:00,match,6921.829895479999,0.33200490186459075,0.8490244121861134,False
coinbase,ETH-USD,185824223,3581.54,1.318244,2026-05-08 22:56:20.798000+00:00,buy,2026-05-08T23:14:50.678955+00:00,match,4721.34361576,-0.7818279753375298,0.020991475823025563,False
coinbase,ETH-USD,185824661,3614.23,2.365542,2026-05-08 22:56:33.810000+00:00,sell,2026-05-08T23:14:50.680303+00:00,match,8549.61286266,0.0796298159884089,1.424831460200765,False
coinbase,ETH-USD,185824215,3569.17,0.712411,2026-05-08 22:56:35.040000+00:00,buy,2026-05-08T23:14:50.678931+00:00,match,2542.7159688700003,-1.1283918850748413,-0.8100756828838773,False
coinbase,ETH-USD,185825661,3638.85,1.707561,2026-05-08 22:56:35.652000+00:00,buy,2026-05-08T23:14:50.683318+00:00,match,6213.55834485,0.736114985063266,0.5410535413610742,False
coinbase,ETH-USD,185825793,3667.31,1.158847,2026-05-08 22:56:35.994000+00:00,sell,2026-05-08T23:14:50.683688+00:00,match,4249.85119157,1.4685221290608261,-0.18864503790904474,False
coinbase,ETH-USD,185827335,3553.32,1.336128,2026-05-08 22:56:36.480000+00:00,buy,2026-05-08T23:14:50.688563+00:00,match,4747.69034496,-1.540757249846965,-0.00858468112814667,False
coinbase,ETH-USD,185826509,3690.67,0.236381,2026-05-08 22:56:46.231000+00:00,sell,2026-05-08T23:14:50.686000+00:00,match,872.40426527,2.016286311354294,-1.4378368828269579,False
coinbase,ETH-USD,185826635,3728.81,2.349246,2026-05-08 22:56:47.581000+00:00,sell,2026-05-08T23:14:50.686391+00:00,match,8759.89197726,2.844941647565093,1.4825751968742165,False
coinbase,ETH-USD,185824287,3615.6,0.144619,2026-05-08 22:56:48.798000+00:00,sell,2026-05-08T23:14:50.679159+00:00,match,522.8844564,0.03905516189558012,-1.562882517821959,False
coinbase,ETH-USD,185824777,3599.13,1.197569,2026-05-08 22:56:49.398000+00:00,buy,2026-05-08T23:14:50.680652+00:00,match,4310.20651497,-0.3638589979946994,-0.17590233554543094,False
coinbase,ETH-USD,185825647,3634.43,0.628198,2026-05-08 22:56:53.973000+00:00,buy,2026-05-08T23:14:50.683278+00:00,match,2283.14165714,0.5044367083389257,-0.9503011443930306,False
coinbase,ETH-USD,185824753,3610.67,1.047569,2026-05-08 22:57:01.294000+00:00,buy,2026-05-08T23:14:50.680582+00:00,match,3782.42596123,-0.08928714908429326,-0.3859210076702026,False
coinbase,ETH-USD,185825149,3583.44,1.553864,2026-05-08 22:57:02.398000+00:00,buy,2026-05-08T23:14:50.681789+00:00,match,5568.178412159999,-0.7482119705761243,0.29371999505601576,False
coinbase,ETH-USD,185826847,3641.25,2.361437,2026-05-08 22:57:03.058000+00:00,sell,2026-05-08T23:14:50.687037+00:00,match,8598.58247625,0.6881839087908943,1.4080447952861719,False
coinbase,ETH-USD,185826727,3652.98,1.872582,2026-05-08 22:57:03.578000+00:00,buy,2026-05-08T23:14:50.686677+00:00,match,6840.50459436,0.9866227102867278,0.732517451320565,False
coinbase,ETH-USD,185826793,3659.51,0.317031,2026-05-08 22:57:07.272000+00:00,buy,2026-05-08T23:14:50.686875+00:00,match,1160.17811481,1.128120030159527,-1.4085820383647856,False
coinbase,ETH-USD,185826865,3645.78,0.430708,2026-05-08 22:57:08.883000+00:00,sell,2026-05-08T23:14:50.687097+00:00,match,1570.26661224,0.7696130309843445,-1.228242288960714,False
coinbase,ETH-USD,185825821,3674.65,1.417001,2026-05-08 22:57:10.378000+00:00,buy,2026-05-08T23:14:50.683766+00:00,match,5206.98272465,1.4577220879248711,0.12691002871007417,False
coinbase,ETH-USD,185826087,3698.49,0.517907,2026-05-08 22:57:17.448000+00:00,sell,2026-05-08T23:14:50.684640+00:00,match,1915.47386043,1.9872582978400668,-1.0996088590047686,False
coinbase,ETH-USD,185825145,3576.61,0.461149,2026-05-08 22:57:17.829000+00:00,buy,2026-05-08T23:14:50.681776+00:00,match,1649.35012489,-0.9446611409419492,-1.1832378422009842,False
coinbase,ETH-USD,185826249,3672.72,0.771032,2026-05-08 22:57:18.441000+00:00,sell,2026-05-08T23:14:50.685170+00:00,match,2831.78464704,1.3520822089201945,-0.754089870000084,False
coinbase,ETH-USD,185824237,3589.28,1.012788,2026-05-08 22:57:20.198000+00:00,sell,2026-05-08T23:14:50.679001+00:00,match,3635.17971264,-0.6512117133189014,-0.43595351134427796,False
coinbase,ETH-USD,185826741,3662.34,0.167582,2026-05-08 22:57:24.783000+00:00,buy,2026-05-08T23:14:50.686719+00:00,match,613.74226188,1.094974478663937,-1.5625575605562112,False
coinbase,ETH-USD,185825277,3586.98,1.233595,2026-05-08 22:57:29.118000+00:00,sell,2026-05-08T23:14:50.682200+00:00,match,4424.8805931,-0.6936067867970465,-0.11087085495480069,False
coinbase,ETH-USD,185824415,3618.45,2.45481,2026-05-08 22:57:30.507000+00:00,sell,2026-05-08T23:14:50.679549+00:00,match,8882.6072445,0.06219329398534324,1.5975415719510613,False
coinbase,ETH-USD,185824521,3599.84,1.97817,2026-05-08 22:57:33.108000+00:00,buy,2026-05-08T23:14:50.679875+00:00,match,7121.0954928,-0.38515372748473214,0.9173347423750378,False
coinbase,ETH-USD,185827203,3602.25,1.050949,2026-05-08 22:57:33.858000+00:00,buy,2026-05-08T23:14:50.688167+00:00,match,3785.78103525,-0.3266524634831271,-0.37179970468168677,False
coinbase,ETH-USD,185826387,3629.16,0.934225,2026-05-08 22:57:34.548000+00:00,buy,2026-05-08T23:14:50.685601+00:00,match,3390.4520009999997,0.30858027192826604,-0.5277491124029863,False
coinbase,ETH-USD,185825031,3598.16,0.307491,2026-05-08 22:57:39.912000+00:00,sell,2026-05-08T23:14:50.681426+00:00,match,1106.40181656,-0.43868137952901465,-1.4089456231564652,False
coinbase,ETH-USD,185824257,3597.58,2.133649,2026-05-08 22:57:44.448000+00:00,sell,2026-05-08T23:14:50.679066+00:00,match,7675.97296942,-0.460916386962867,1.1056482393085105,False
coinbase,ETH-USD,185826121,3683.56,0.934121,2026-05-08 22:57:44.719000+00:00,sell,2026-05-08T23:14:50.684745+00:00,match,3440.8907507599997,1.5765878648294291,-0.5129429399523446,False
coinbase,ETH-USD,185824651,3623.42,2.15554,2026-05-08 22:57:45.523000+00:00,buy,2026-05-08T23:14:50.680270+00:00,match,7810.4267468,0.13099429284906014,1.1895024010370958,False
coinbase,ETH-USD,185826771,3662.6,0.621712,2026-05-08 22:57:51.201000+00:00,sell,2026-05-08T23:14:50.686812+00:00,match,2277.0823712,1.064519875382333,-0.9476402559714894,False
coinbase,ETH-USD,185824653,3618.68,2.092876,2026-05-08 22:57:54.546000+00:00,buy,2026-05-08T23:14:50.680277+00:00,match,7573.448523679999,0.0275762765963717,1.120666101232456,False
coinbase,ETH-USD,185827097,3615.28,0.589702,2026-05-08 22:57:56.793000+00:00,sell,2026-05-08T23:14:50.687839+00:00,match,2131.93784656,-0.04700889867368068,-0.9863878058019928,False
coinbase,ETH-USD,185826389,3627.42,1.70799,2026-05-08 22:57:59.700000+00:00,buy,2026-05-08T23:14:50.685608+00:00,match,6195.5970858,0.23764593933828107,0.5992209794842885,False
coinbase,ETH-USD,185824205,3579.19,0.065003,2026-05-08 22:58:01.558000+00:00,buy,2026-05-08T23:14:50.678903+00:00,match,232.65808757,-0.9290821481293935,-1.6822501732395683,False
coinbase,ETH-USD,185826327,3632.84,1.891498,2026-05-08 22:58:06.318000+00:00,sell,2026-05-08T23:14:50.685411+00:00,match,6871.50959432,0.36061985813528696,0.8534862025746762,False
coinbase,ETH-USD,185827073,3610.82,0.073026,2026-05-08 22:58:06.850000+00:00,sell,2026-05-08T23:14:50.687762+00:00,match,263.68374131999997,-0.18355238050698505,-1.6535016556604212,False
coinbase,ETH-USD,185825197,3596.85,0.085286,2026-05-08 22:58:09.078000+00:00,buy,2026-05-08T23:14:50.681932+00:00,match,306.7609491,-0.5191356993442446,-1.6047855302791965,False
coinbase,ETH-USD,185825731,3672.82,1.010771,2026-05-08 22:58:09.450000+00:00,buy,2026-05-08T23:14:50.683515+00:00,match,3712.3799442200007,1.307045853527058,-0.3009530219576476,False
coinbase,ETH-USD,185826223,3657.74,2.329361,2026-05-08 22:58:13.586000+00:00,buy,2026-05-08T23:14:50.685088+00:00,match,8520.196904139999,0.9294777976271812,1.5161146654991169,False
coinbase,ETH-USD,185825287,3581.65,2.18555,2026-05-08 22:58:15.423000+00:00,sell,2026-05-08T23:14:50.682228+00:00,match,7827.875157500001,-0.8987696472520447,1.2373949673060958,False
coinbase,ETH-USD,185825133,3586.96,2.146915,2026-05-08 22:58:17.391000+00:00,sell,2026-05-08T23:14:50.681740+00:00,match,7700.898228399999,-0.7561856132483111,1.1812660274432338,False
coinbase,ETH-USD,185826043,3705.7,1.338274,2026-05-08 22:58:21.362000+00:00,sell,2026-05-08T23:14:50.684503+00:00,match,4959.241961799999,2.1023994140552973,0.1568537100134475,False
coinbase,ETH-USD,185824843,3606.08,2.396852,2026-05-08 22:58:21.567000+00:00,buy,2026-05-08T23:14:50.680856+00:00,match,8643.24006016,-0.3317473406330318,1.5023438250638241,False
coinbase,ETH-USD,185824393,3622.1,1.939396,2026-05-08 22:58:21.631000+00:00,sell,2026-05-08T23:14:50.679484+00:00,match,7024.686251599999,0.04335042724556787,0.8845956508096952,False
coinbase,ETH-USD,185824239,3591.33,2.407858,2026-05-08 22:58:26.937000+00:00,sell,2026-05-08T23:14:50.679007+00:00,match,8647.41267114,-0.7201100179953106,1.4668692965276497,False
coinbase,ETH-USD,185824261,3598.83,1.873161,2026-05-08 22:58:28.857000+00:00,sell,2026-05-08T23:14:50.679079+00:00,match,6741.18800163,-0.5315140318336999,0.7552611408578235,False
coinbase,ETH-USD,185825345,3561.39,1.412643,2026-05-08 22:58:41.574000+00:00,buy,2026-05-08T23:14:50.682395+00:00,match,5030.97265377,-1.4619760283955954,0.13840582085809905,False
coinbase,ETH-USD,185826453,3648.71,1.413393,2026-05-08 22:58:45.405000+00:00,buy,2026-05-08T23:14:50.685817+00:00,match,5157.06117303,0.6926747461178102,0.19652502347738207,False
coinbase,ETH-USD,185825439,3603.51,0.397878,2026-05-08 22:58:47.190000+00:00,sell,2026-05-08T23:14:50.682674+00:00,match,1433.75735178,-0.4233411202091038,-1.1861511369466546,False
coinbase,ETH-USD,185825809,3671.95,0.783303,2026-05-08 22:59:00.333000+00:00,buy,2026-05-08T23:14:50.683735+00:00,match,2876.24945085,1.2545131985314653,-0.6346727670879336,False
coinbase,ETH-USD,185826571,3726.61,1.932531,2026-05-08 22:59:04.115000+00:00,sell,2026-05-08T23:14:50.686193+00:00,match,7201.78934991,2.546841436979263,0.9957410121523315,False
coinbase,ETH-USD,185824675,3603.28,0.275064,2026-05-08 22:59:05.172000+00:00,sell,2026-05-08T23:14:50.680348+00:00,match,991.13260992,-0.427782918403267,-1.340568402198118,False
coinbase,ETH-USD,185824863,3611.57,1.705534,2026-05-08 22:59:12.459000+00:00,sell,2026-05-08T23:14:50.680913+00:00,match,6159.655428380001,-0.221659686704292,0.6168110737432079,False
coinbase,ETH-USD,185825299,3579.04,2.278786,2026-05-08 22:59:12.487000+00:00,sell,2026-05-08T23:14:50.682264+00:00,match,8155.866245440001,-1.0102983320353418,1.3491247791633947,False
coinbase,ETH-USD,185824375,3619.47,2.46066,2026-05-08 22:59:14.464000+00:00,sell,2026-05-08T23:14:50.679426+00:00,match,8906.285050199998,-0.034019433060007605,1.5944272721828758,False
coinbase,ETH-USD,185827081,3602.89,1.453076,2026-05-08 22:59:16.672000+00:00,sell,2026-05-08T23:14:50.687790+00:00,match,5235.27298964,-0.45011290980113444,0.20253877969942832,False
coinbase,ETH-USD,185824197,3576.38,0.650634,2026-05-08 22:59:19.248000+00:00,sell,2026-05-08T23:14:50.678873+00:00,match,2326.9144249200003,-1.1165192234313437,-0.8802759087023987,False
coinbase,ETH-USD,185824207,3575.47,0.20275,2026-05-08 22:59:41.378000+00:00,sell,2026-05-08T23:14:50.678908+00:00,match,724.9265425,-1.119602632804477,-1.454459122800554,False
coinbase,ETH-USD,185825189,3597.96,1.513086,2026-05-08 22:59:41.586000+00:00,sell,2026-05-08T23:14:50.681906+00:00,match,5444.02290456,-0.5698100036127426,0.3129647227605919,False
coinbase,ETH-USD,185824241,3588.0,2.039939,2026-05-08 22:59:48.448000+00:00,buy,2026-05-08T23:14:50.679014+00:00,match,7319.301132,-0.8035455983841003,1.0297171930410847,False
coinbase,ETH-USD,185824423,3612.59,1.101076,2026-05-08 22:59:49.435000+00:00,sell,2026-05-08T23:14:50.679573+00:00,match,3977.73614684,-0.17608092413188864,-0.23278417806019389,False
coinbase,ETH-USD,185824613,3612.18,2.385176,2026-05-08 23:00:00.104000+00:00,buy,2026-05-08T23:14:50.680149+00:00,match,8615.68504368,-0.18568807812252539,1.5225938298030992,False
coinbase,ETH-USD,185824799,3597.52,0.445252,2026-05-08 23:00:02.305000+00:00,sell,2026-05-08T23:14:50.680723+00:00,match,1601.80297504,-0.5605786503279037,-1.120344811994571,False
coinbase,ETH-USD,185824969,3583.85,1.936556,2026-05-08 23:00:03.650000+00:00,buy,2026-05-08T23:14:50.681242+00:00,match,6940.3262206,-0.896462991984672,0.8905019307551502,False
coinbase,ETH-USD,185827345,3549.77,1.311091,2026-05-08 23:00:03.823000+00:00,sell,2026-05-08T23:14:50.688594+00:00,match,4654.07149907,-1.7131747499123902,0.03232221044787694,False
coinbase,ETH-USD,185826637,3725.67,2.020624,2026-05-08 23:00:07.348000+00:00,buy,2026-05-08T23:14:50.686397+00:00,match,7528.178218080001,2.5523411648391714,1.109694436419499,False
coinbase,ETH-USD,185824307,3613.26,0.195274,2026-05-08 23:00:11.893000+00:00,sell,2026-05-08T23:14:50.679223+00:00,match,705.5757332400001,-0.1662818593536866,-1.4391770270321513,False
coinbase,ETH-USD,185827363,3538.75,0.448733,2026-05-08 23:00:13.723000+00:00,buy,2026-05-08T23:14:50.688653+00:00,match,1587.95390375,-1.9451816679746667,-1.088853135793739,False
coinbase,ETH-USD,185825381,3584.31,1.825957,2026-05-08 23:00:19.184000+00:00,sell,2026-05-08T23:14:50.682493+00:00,match,6544.79593467,-0.838982280853465,0.7782051207325726,False
coinbase,ETH-USD,185824647,3622.36,1.432497,2026-05-08 23:00:21.843000+00:00,sell,2026-05-08T23:14:50.680259+00:00,match,5189.01983292,0.05453138369451939,0.27312627804856293,False
coinbase,ETH-USD,185824433,3605.92,1.073907,2026-05-08 23:00:23.065000+00:00,buy,2026-05-08T23:14:50.679602+00:00,match,3872.42272944,-0.34846725781712545,-0.2221701428192881,False
coinbase,ETH-USD,185825015,3586.62,1.457939,2026-05-08 23:00:23.823000+00:00,buy,2026-05-08T23:14:50.681373+00:00,match,5229.07317618,-0.8118680598173381,0.2828137032723748,False
coinbase,ETH-USD,185825567,3626.4,1.117086,2026-05-08 23:00:26.058000+00:00,buy,2026-05-08T23:14:50.683050+00:00,match,4051.0006704,0.14269080453527747,-0.15460111415024824,False
coinbase,ETH-USD,185825151,3587.29,2.344946,2026-05-08 23:00:26.934000+00:00,sell,2026-05-08T23:14:50.681794+00:00,match,8412.001336340001,-0.7928057345278056,1.4650441310902922,False
coinbase,ETH-USD,185825387,3584.04,1.635147,2026-05-08 23:00:30.648000+00:00,buy,2026-05-08T23:14:50.682510+00:00,match,5860.43225388,-0.8722861349324255,0.4982633482832784,False
coinbase,ETH-USD,185825101,3596.83,0.518766,2026-05-08 23:00:33.453000+00:00,sell,2026-05-08T23:14:50.681645+00:00,match,1865.91311178,-0.5629888256738768,-1.0181007848513692,False
coinbase,ETH-USD,185826711,3676.96,0.119591,2026-05-08 23:00:37.734000+00:00,sell,2026-05-08T23:14:50.686627+00:00,match,439.73132336,1.3564247196298473,-1.5276571313773182,False
coinbase,ETH-USD,185826217,3665.05,0.972627,2026-05-08 23:00:37.883000+00:00,buy,2026-05-08T23:14:50.685072+00:00,match,3564.72658635,1.0475216074976335,-0.36893520587953704,False
coinbase,ETH-USD,185825219,3597.78,1.302283,2026-05-08 23:00:38.726000+00:00,sell,2026-05-08T23:14:50.682001+00:00,match,4685.327731740001,-0.5600215841550977,0.05714621351449101,False
coinbase,ETH-USD,185825685,3657.59,2.221521,2026-05-08 23:00:46.539000+00:00,sell,2026-05-08T23:14:50.683385+00:00,match,8125.412994390001,0.9280512508093227,1.3316453088299112,False
coinbase,ETH-USD,185825461,3613.11,0.176007,2026-05-08 23:00:46.969000+00:00,sell,2026-05-08T23:14:50.682738+00:00,match,635.93265177,-0.18071541930096063,-1.4451370029087076,False
coinbase,ETH-USD,185826083,3694.12,2.187879,2026-05-08 23:00:47.594000+00:00,sell,2026-05-08T23:14:50.684629+00:00,match,8082.28757148,1.7848077391557446,1.2864650071110872,False
coinbase,ETH-USD,185825523,3629.6,1.010262,2026-05-08 23:00:50.130000+00:00,sell,2026-05-08T23:14:50.682913+00:00,match,3666.8469552,0.21205605604615585,-0.33468176324231647,False
coinbase,ETH-USD,185827373,3535.91,1.137244,2026-05-08 23:00:53.950000+00:00,sell,2026-05-08T23:14:50.688680+00:00,match,4021.1924320399994,-2.0457459829839566,-0.20910471953837137,False
coinbase,ETH-USD,185824809,3594.95,1.373393,2026-05-08 23:00:54.414000+00:00,sell,2026-05-08T23:14:50.680756+00:00,match,4937.27916535,-0.6159012760564476,0.13524963147596167,False
coinbase,ETH-USD,185827383,3536.45,2.033065,2026-05-08 23:00:54.549000+00:00,buy,2026-05-08T23:14:50.688710+00:00,match,7189.83271925,-1.968327395886088,0.9493859502634947,False
coinbase,ETH-USD,185824767,3594.86,1.763684,2026-05-08 23:00:55.443000+00:00,sell,2026-05-08T23:14:50.680624+00:00,match,6340.19706424,-0.5925628935512878,0.618525033424696,False
coinbase,ETH-USD,185826165,3676.13,2.011343,2026-05-08 23:01:00.387000+00:00,buy,2026-05-08T23:14:50.684904+00:00,match,7393.958342590001,1.3171230763612274,0.999212844992969,False
coinbase,ETH-USD,185824681,3606.8,0.872316,2026-05-08 23:01:01.122000+00:00,sell,2026-05-08T23:14:50.680367+00:00,match,3146.2693488,-0.30461140606627957,-0.5715887156801144,False
coinbase,ETH-USD,185826399,3637.16,0.644367,2026-05-08 23:01:01.638000+00:00,buy,2026-05-08T23:14:50.685642+00:00,match,2343.66587772,0.41279592167984525,-0.8564341969670398,False
coinbase,ETH-USD,185824547,3595.46,1.056801,2026-05-08 23:01:01.903000+00:00,sell,2026-05-08T23:14:50.679958+00:00,match,3799.68572346,-0.5742059027651165,-0.3056526365883552,False
coinbase,ETH-USD,185824791,3592.31,0.11141,2026-05-08 23:01:02.208000+00:00,sell,2026-05-08T23:14:50.680698+00:00,match,400.2192571,-0.6342486279390847,-1.5873561525791569,False
coinbase,ETH-USD,185824611,3608.36,0.22294,2026-05-08 23:01:05.811000+00:00,buy,2026-05-08T23:14:50.680143+00:00,match,804.4477784000001,-0.23670388959240662,-1.4322590545347453,False
coinbase,ETH-USD,185824439,3609.96,0.970351,2026-05-08 23:01:09.690000+00:00,sell,2026-05-08T23:14:50.679622+00:00,match,3502.92829596,-0.20297172962845003,-0.4111080643163068,False
coinbase,ETH-USD,185824773,3602.05,1.5858,2026-05-08 23:01:11.931000+00:00,buy,2026-05-08T23:14:50.680640+00:00,match,5712.13089,-0.39699156051445383,0.4173038177620177,False
coinbase,ETH-USD,185824367,3628.05,2.231441,2026-05-08 23:01:16.548000+00:00,sell,2026-05-08T23:14:50.679402+00:00,match,8095.77952005,0.23538340110576114,1.2879685747595697,False
coinbase,ETH-USD,185825347,3566.51,0.648459,2026-05-08 23:01:18.923000+00:00,sell,2026-05-08T23:14:50.682400+00:00,match,2312.73550809,-1.2381892068067373,-0.8614322272528268,False
coinbase,ETH-USD,185825971,3684.72,0.832077,2026-05-08 23:01:20.929000+00:00,sell,2026-05-08T23:14:50.684301+00:00,match,3065.9707634399997,1.576572122579826,-0.5720914050435578,False
coinbase,ETH-USD,185825271,3592.48,1.786475,2026-05-08 23:01:21.057000+00:00,buy,2026-05-08T23:14:50.682181+00:00,match,6417.8757080000005,-0.6240793800604805,0.695627509173734,False
coinbase,ETH-USD,185824411,3617.19,1.29425,2026-05-08 23:01:21.277000+00:00,buy,2026-05-08T23:14:50.679539+00:00,match,4681.548157499999,-0.04576745610983298,0.03250552913980831,False
coinbase,ETH-USD,185825409,3599.17,1.582337,2026-05-08 23:01:23.877000+00:00,sell,2026-05-08T23:14:50.682573+00:00,match,5695.099860290001,-0.46966538980073985,0.41847683992866186,False
coinbase,ETH-USD,185825625,3633.44,0.696126,2026-05-08 23:01:25.983000+00:00,sell,2026-05-08T23:14:50.683217+00:00,match,2529.33205344,0.3650980990035303,-0.7720321911560207,False
coinbase,ETH-USD,185825361,3568.14,1.880138,2026-05-08 23:01:29.274000+00:00,sell,2026-05-08T23:14:50.682437+00:00,match,6708.59560332,-1.2253860023341758,0.7965724733734356,False
coinbase,ETH-USD,185825535,3625.09,0.185065,2026-05-08 23:01:32.004000+00:00,buy,2026-05-08T23:14:50.682947+00:00,match,670.87728085,0.17896368438202961,-1.474257966557166,False
coinbase,ETH-USD,185826149,3674.49,1.673576,2026-05-08 23:01:37.160000+00:00,sell,2026-05-08T23:14:50.684831+00:00,match,6149.5382762399995,1.4550484027323403,0.602515940770522,False
coinbase,ETH-USD,185825673,3646.21,1.345682,2026-05-08 23:01:51.438000+00:00,buy,2026-05-08T23:14:50.683352+00:00,match,4906.63916522,0.7257172197279054,0.1146953660289275,False
coinbase,ETH-USD,185825929,3678.35,1.454,2026-05-08 23:01:54.824000+00:00,buy,2026-05-08T23:14:50.684177+00:00,match,5348.3209,1.5052354552949627,0.28057785767676835,False
coinbase,ETH-USD,185827287,3588.76,1.805559,2026-05-08 23:01:58.173000+00:00,sell,2026-05-08T23:14:50.688425+00:00,match,6479.71791684,-0.7315197479015352,0.7008183832387584,False
coinbase,ETH-USD,185826577,3730.87,0.525544,2026-05-08 23:01:58.708000+00:00,buy,2026-05-08T23:14:50.686211+00:00,match,1960.73634328,2.694693257438115,-1.0284456847084895,False
coinbase,ETH-USD,185824507,3601.41,0.119485,2026-05-08 23:01:58.923000+00:00,buy,2026-05-08T23:14:50.679827+00:00,match,430.31447385,-0.4334562242265402,-1.5762636292766383,False
coinbase,ETH-USD,185824883,3600.2,1.204115,2026-05-08 23:02:02.439000+00:00,buy,2026-05-08T23:14:50.680972+00:00,match,4335.054823,-0.45297098357401855,-0.0819023194947965,False
coinbase,ETH-USD,185827105,3615.64,1.180523,2026-05-08 23:02:05.245000+00:00,sell,2026-05-08T23:14:50.687864+00:00,match,4268.34617972,-0.07056034705228845,-0.09799595071305257,False
coinbase,ETH-USD,185826673,3703.54,2.192194,2026-05-08 23:02:12.760000+00:00,buy,2026-05-08T23:14:50.686499+00:00,match,8118.878166760001,2.020138354915477,1.3558912625740098,False
coinbase,ETH-USD,185824457,3607.45,2.054671,2026-05-08 23:02:17.313000+00:00,buy,2026-05-08T23:14:50.679677+00:00,match,7412.12289895,-0.266924049429767,1.0628873848609657,False
coinbase,ETH-USD,185827399,3529.22,1.699321,2026-05-08 23:02:23.237000+00:00,sell,2026-05-08T23:14:50.688759+00:00,match,5997.27765962,-2.0767375133014845,0.5146285725817331,False
coinbase,ETH-USD,185826189,3672.69,0.977047,2026-05-08 23:02:26.085000+00:00,buy,2026-05-08T23:14:50.684981+00:00,match,3588.39074643,1.331232536291127,-0.42007544637839733,False
coinbase,ETH-USD,185827187,3608.98,1.070355,2026-05-08 23:02:26.123000+00:00,buy,2026-05-08T23:14:50.688114+00:00,match,3862.8897879,-0.19734247466247912,-0.3246686843394392,False
coinbase,ETH-USD,185826231,3664.68,0.405814,2026-05-08 23:02:34.923000+00:00,buy,2026-05-08T23:14:50.685112+00:00,match,1487.17844952,1.1422340531185582,-1.236900164536163,False
coinbase,ETH-USD,185824813,3601.15,0.042985,2026-05-08 23:02:35.066000+00:00,sell,2026-05-08T23:14:50.680768+00:00,match,154.79543275,-0.38743398747212165,-1.7140830144172439,False
coinbase,ETH-USD,185824873,3605.87,1.136501,2026-05-08 23:02:40.199000+00:00,buy,2026-05-08T23:14:50.680942+00:00,match,4098.07486087,-0.26176762087412275,-0.2262740941287014,False
coinbase,ETH-USD,185825291,3582.1,0.628173,2026-05-08 23:02:41.036000+00:00,buy,2026-05-08T23:14:50.682240+00:00,match,2250.1785033,-0.8349908062633359,-0.9270286603275655,False
coinbase,ETH-USD,185824333,3620.93,0.514592,2026-05-08 23:02:42.568000+00:00,sell,2026-05-08T23:14:50.679299+00:00,match,1863.30161056,0.10312937585138239,-1.057003149350702,False
coinbase,ETH-USD,185824465,3608.56,0.024302,2026-05-08 23:02:42.820000+00:00,sell,2026-05-08T23:14:50.679699+00:00,match,87.69522512,-0.19814055139439196,-1.7002866653253534,False
coinbase,ETH-USD,185824957,3577.37,1.504545,2026-05-08 23:02:43.978000+00:00,buy,2026-05-08T23:14:50.681202+00:00,match,5382.31414665,-0.9428890409525725,0.3236773940130605,False
coinbase,ETH-USD,185827055,3625.86,1.218238,2026-05-08 23:02:49.333000+00:00,buy,2026-05-08T23:14:50.687699+00:00,match,4417.1604346799995,0.22631630990272864,-0.05033151520946583,False
coinbase,ETH-USD,185825117,3594.16,0.260243,2026-05-08 23:02:56.908000+00:00,buy,2026-05-08T23:14:50.681695+00:00,match,935.35498088,-0.5364358195565015,-1.3846014309436336,False
coinbase,ETH-USD,185824369,3626.82,2.097881,2026-05-08 23:03:01.162000+00:00,buy,2026-05-08T23:14:50.679408+00:00,match,7608.63676842,0.24343632640223764,1.1746460301060921,False
coinbase,ETH-USD,185825511,3630.57,0.44707,2026-05-08 23:03:05.139000+00:00,sell,2026-05-08T23:14:50.682882+00:00,match,1623.1189299000002,0.35107330832828,-1.1080369804382808,False
coinbase,ETH-USD,185827001,3617.28,1.528975,2026-05-08 23:03:10.921000+00:00,buy,2026-05-08T23:14:50.687528+00:00,match,5530.730688000001,0.028074195790491318,0.3941598855168813,False
coinbase,ETH-USD,185825979,3690.28,1.829664,2026-05-08 23:03:14.211000+00:00,sell,2026-05-08T23:14:50.684324+00:00,match,6751.97246592,1.7862033363713377,0.8463066435785114,False
coinbase,ETH-USD,185825143,3579.77,1.524408,2026-05-08 23:03:16.457000+00:00,buy,2026-05-08T23:14:50.681769+00:00,match,5457.03002616,-0.873057618143316,0.3590549557371753,False
coinbase,ETH-USD,185824745,3619.59,0.68994,2026-05-08 23:03:17.591000+00:00,sell,2026-05-08T23:14:50.680558+00:00,match,2497.2999246,0.08499030731202681,-0.7878761537156816,False
coinbase,ETH-USD,185826269,3662.07,1.3195,2026-05-08 23:03:22.708000+00:00,buy,2026-05-08T23:14:50.685230+00:00,match,4832.1013649999995,1.0934544809928777,0.12164637312913101,False
coinbase,ETH-USD,185826349,3626.59,0.690851,2026-05-08 23:03:27.990000+00:00,buy,2026-05-08T23:14:50.685485+00:00,match,2505.43332809,0.2333632242354114,-0.7986328068304077,False
coinbase,ETH-USD,185826697,3697.51,2.232617,2026-05-08 23:03:28.758000+00:00,buy,2026-05-08T23:14:50.686583+00:00,match,8255.123683669999,1.8886658686955982,1.442128789519698,False
coinbase,ETH-USD,185824481,3610.02,0.774462,2026-05-08 23:03:30.032000+00:00,sell,2026-05-08T23:14:50.679745+00:00,match,2795.82330924,-0.1771069349689232,-0.7039416649795941,False
coinbase,ETH-USD,185826595,3736.42,1.991526,2026-05-08 23:03:34.590000+00:00,sell,2026-05-08T23:14:50.686270+00:00,match,7441.177576919999,2.674690691755538,1.1095420638803375,False
coinbase,ETH-USD,185825393,3585.57,0.960037,2026-05-08 23:03:35.034000+00:00,buy,2026-05-08T23:14:50.682525+00:00,match,3442.2798660900003,-0.7428261266081804,-0.47981305036566385,False
coinbase,ETH-USD,185826343,3635.02,1.380738,2026-05-08 23:03:35.337000+00:00,buy,2026-05-08T23:14:50.685463+00:00,match,5019.01024476,0.39487977092893234,0.16295650653587748,False
coinbase,ETH-USD,185826997,3620.15,2.45642,2026-05-08 23:03:40.488000+00:00,buy,2026-05-08T23:14:50.687515+00:00,match,8892.608863000001,0.04488445844609941,1.7064320941963336,False
coinbase,ETH-USD,185827095,3616.75,1.800442,2026-05-08 23:03:42.231000+00:00,sell,2026-05-08T23:14:50.687832+00:00,match,6511.7486035,-0.04040027779423367,0.762898168720293,False
coinbase,ETH-USD,185824579,3596.45,1.561091,2026-05-08 23:03:42.624000+00:00,buy,2026-05-08T23:14:50.680049+00:00,match,5614.3857269499995,-0.4937208367661499,0.39946045759478943,False
coinbase,ETH-USD,185825401,3595.66,1.536339,2026-05-08 23:03:42.882000+00:00,sell,2026-05-08T23:14:50.682548+00:00,match,5524.15268874,-0.5093872811262197,0.38058016886527335,False
coinbase,ETH-USD,185825055,3604.49,1.157073,2026-05-08 23:03:44.403000+00:00,sell,2026-05-08T23:14:50.681497+00:00,match,4170.65805777,-0.29730197626970517,-0.15895055900374894,False
coinbase,ETH-USD,185824771,3598.06,1.343518,2026-05-08 23:03:45.269000+00:00,buy,2026-05-08T23:14:50.680634+00:00,match,4834.05837508,-0.4505465427617559,0.12955591820054618,False
coinbase,ETH-USD,185826233,3670.08,1.89331,2026-05-08 23:03:49.022000+00:00,buy,2026-05-08T23:14:50.685118+00:00,match,6948.5991648,1.2203374660926893,1.004390491580079,False
coinbase,ETH-USD,185825443,3601.5,1.159838,2026-05-08 23:03:50.743000+00:00,buy,2026-05-08T23:14:50.682690+00:00,match,4177.156556999999,-0.3963574349770426,-0.13996852563826542,False
coinbase,ETH-USD,185824565,3601.69,1.927453,2026-05-08 23:03:58.130000+00:00,sell,2026-05-08T23:14:50.680007+00:00,match,6942.088195570001,-0.3815073117344528,0.9932847634353282,False
coinbase,ETH-USD,185826423,3638.2,1.128285,2026-05-08 23:04:02.769000+00:00,sell,2026-05-08T23:14:50.685718+00:00,match,4104.926487,0.4726495730948889,-0.1890115580372895,False
coinbase,ETH-USD,185826035,3704.74,1.679173,2026-05-08 23:04:03.418000+00:00,sell,2026-05-08T23:14:50.684475+00:00,match,6220.89938002,2.010339852754905,0.6767894317940898,False
coinbase,ETH-USD,185825063,3598.96,2.19976,2026-05-08 23:04:03.887000+00:00,buy,2026-05-08T23:14:50.681523+00:00,match,7916.8482496,-0.44015905193786614,1.3738521471582654,False
coinbase,ETH-USD,185824607,3611.27,2.306848,2026-05-08 23:04:07.338000+00:00,sell,2026-05-08T23:14:50.680131+00:00,match,8330.65097696,-0.14566956871468958,1.5143975516489367,False
coinbase,ETH-USD,185824811,3595.82,1.05466,2026-05-08 23:04:08.640000+00:00,buy,2026-05-08T23:14:50.680762+00:00,match,3792.3675212,-0.5135147353166702,-0.3555816013912247,False
coinbase,ETH-USD,185825935,3669.15,0.281822,2026-05-08 23:04:20.562000+00:00,buy,2026-05-08T23:14:50.684194+00:00,match,1034.0471913,1.225365509967717,-1.469407355535758,False
coinbase,ETH-USD,185825931,3675.76,0.935814,2026-05-08 23:04:24.228000+00:00,buy,2026-05-08T23:14:50.684182+00:00,match,3439.8276686400004,1.3574632575783223,-0.45653462704184083,False
coinbase,ETH-USD,185826057,3700.98,2.023963,2026-05-08 23:04:28.638000+00:00,buy,2026-05-08T23:14:50.684549+00:00,match,7490.646583740001,1.898786567396385,1.2305945345769698,False
coinbase,ETH-USD,185825941,3677.52,0.515961,2026-05-08 23:04:32.678000+00:00,sell,2026-05-08T23:14:50.684212+00:00,match,1897.45689672,1.3227677217992335,-1.1035048379896089,False
coinbase,ETH-USD,185826199,3657.17,0.023162,2026-05-08 23:04:34.829000+00:00,sell,2026-05-08T23:14:50.685011+00:00,match,84.70737154,0.8324911606372877,-1.8485778154087076,False
coinbase,ETH-USD,185825565,3627.71,0.068338,2026-05-08 23:04:46.023000+00:00,buy,2026-05-08T23:14:50.683042+00:00,match,247.91044598,0.13952608056230867,-1.7333056253378336,False
coinbase,ETH-USD,185826535,3703.59,0.094567,2026-05-08 23:04:48.094000+00:00,buy,2026-05-08T23:14:50.686084+00:00,match,350.23739553,1.8551380997392657,-1.6510080119477548,False
coinbase,ETH-USD,185825797,3668.92,1.370559,2026-05-08 23:04:49.783000+00:00,sell,2026-05-08T23:14:50.683699+00:00,match,5028.4713262800005,1.0397626095352006,0.24521923441262514,False
coinbase,ETH-USD,185825933,3672.41,2.244831,2026-05-08 23:04:57.607000+00:00,buy,2026-05-08T23:14:50.684187+00:00,match,8243.93981271,1.0993262961828503,1.5566907386474196,False
coinbase,ETH-USD,185825911,3681.62,1.615856,2026-05-08 23:04:59.813000+00:00,buy,2026-05-08T23:14:50.684044+00:00,match,5948.967766719999,1.281108753662581,0.6074295896182526,False
coinbase,ETH-USD,185827227,3587.86,0.871767,2026-05-08 23:05:04.863000+00:00,sell,2026-05-08T23:14:50.688241+00:00,match,3127.77794862,-0.8378589022502592,-0.5334169085467177,False
coinbase,ETH-USD,185825193,3596.82,1.021316,2026-05-08 23:05:05.277000+00:00,buy,2026-05-08T23:14:50.681918+00:00,match,3673.489815119999,-0.6542769915680405,-0.30510236075476016,False
coinbase,ETH-USD,185825275,3591.73,0.519284,2026-05-08 23:05:05.412000+00:00,buy,2026-05-08T23:14:50.682191+00:00,match,1865.12792132,-0.7586279430120068,-1.0273895673624107,False
coinbase,ETH-USD,185827209,3595.46,0.945402,2026-05-08 23:05:07.986000+00:00,sell,2026-05-08T23:14:50.688187+00:00,match,3399.15507492,-0.665641948311567,-0.41118570488335415,False
coinbase,ETH-USD,185825925,3675.57,1.585863,2026-05-08 23:05:11.853000+00:00,buy,2026-05-08T23:14:50.684165+00:00,match,5828.950466910001,1.1941931708167322,0.5857084595109989,False
coinbase,ETH-USD,185825445,3601.85,0.835204,2026-05-08 23:05:23.673000+00:00,buy,2026-05-08T23:14:50.682696+00:00,match,3008.2795273999996,-0.5613917742473971,-0.5811837212411595,False
coinbase,ETH-USD,185825649,3635.36,0.553548,2026-05-08 23:05:26.979000+00:00,sell,2026-05-08T23:14:50.683283+00:00,match,2012.34625728,0.2333269750065314,-0.9812850599763575,False
coinbase,ETH-USD,185826589,3727.84,2.225474,2026-05-08 23:05:27.352000+00:00,sell,2026-05-08T23:14:50.686250+00:00,match,8296.210996160002,2.34013645267466,1.6032763995860169,False
coinbase,ETH-USD,185824671,3608.22,0.673572,2026-05-08 23:05:31.287000+00:00,buy,2026-05-08T23:14:50.680335+00:00,match,2430.3959618399995,-0.4362046712519023,-0.8007660944116437,False
coinbase,ETH-USD,185825019,3590.13,0.877018,2026-05-08 23:05:33.042000+00:00,sell,2026-05-08T23:14:50.681387+00:00,match,3148.60863234,-0.8450130829796372,-0.501227273164898,False
coinbase,ETH-USD,185825487,3624.72,0.891318,2026-05-08 23:05:34.923000+00:00,buy,2026-05-08T23:14:50.682816+00:00,match,3230.77818096,-0.053119277113746824,-0.4521519191423776,False
coinbase,ETH-USD,185826321,3635.77,1.740978,2026-05-08 23:05:39.693000+00:00,sell,2026-05-08T23:14:50.685392+00:00,match,6329.795583059999,0.19270235880758615,0.8339846851458191,False
coinbase,ETH-USD,185824891,3607.17,1.597327,2026-05-08 23:05:49.759000+00:00,buy,2026-05-08T23:14:50.680997+00:00,match,5761.83003459,-0.4786167407748074,0.5839464188510974,False
coinbase,ETH-USD,185824583,3589.23,2.388039,2026-05-08 23:05:56.125000+00:00,buy,2026-05-08T23:14:50.680060+00:00,match,8571.22121997,-0.880375960000626,1.7188202620020812,False
coinbase,ETH-USD,185826139,3684.7,0.38341,2026-05-08 23:05:57.994000+00:00,sell,2026-05-08T23:14:50.684800+00:00,match,1412.7508269999998,1.3481874562588048,-1.243321590686931,False
coinbase,ETH-USD,185824497,3606.04,0.183081,2026-05-08 23:05:59.793000+00:00,sell,2026-05-08T23:14:50.679794+00:00,match,660.19740924,-0.49046801039144916,-1.5195855386343458,False
coinbase,ETH-USD,185826081,3694.82,1.106375,2026-05-08 23:06:01.626000+00:00,sell,2026-05-08T23:14:50.684624+00:00,match,4087.8564775,1.5599796375666224,-0.10439639719837328,False
coinbase,ETH-USD,185825047,3606.11,1.570834,2026-05-08 23:06:05.718000+00:00,buy,2026-05-08T23:14:50.681471+00:00,match,5664.60019574,-0.4906514737902944,0.5322329868473152,False
coinbase,ETH-USD,185824915,3602.93,2.003349,2026-05-08 23:06:16.872000+00:00,sell,2026-05-08T23:14:50.681066+00:00,match,7217.92621257,-0.5489809384452088,1.1907559018197555,False
coinbase,ETH-USD,185825183,3592.47,1.648028,2026-05-08 23:06:20.338000+00:00,sell,2026-05-08T23:14:50.681890+00:00,match,5920.49114916,-0.7823531157574396,0.6354925653674783,False
coinbase,ETH-USD,185824523,3601.76,2.43092,2026-05-08 23:06:33.843000+00:00,buy,2026-05-08T23:14:50.679881+00:00,match,8755.5904192,-0.5937009043909619,1.775160683363595,False
coinbase,ETH-USD,185825541,3618.42,1.170869,2026-05-08 23:06:37.770000+00:00,sell,2026-05-08T23:14:50.682971+00:00,match,4236.69580698,-0.20332125647850846,-0.08590454906531973,False
coinbase,ETH-USD,185825573,3631.56,0.28007,2026-05-08 23:06:44.258000+00:00,buy,2026-05-08T23:14:50.683069+00:00,match,1017.0910092,0.08972540994854994,-1.3841194846061189,False
coinbase,ETH-USD,185825105,3596.16,0.128792,2026-05-08 23:06:46.474000+00:00,sell,2026-05-08T23:14:50.681658+00:00,match,463.15663871999993,-0.7764263137589071,-1.572767848595504,False
coinbase,ETH-USD,185827229,3591.9,2.355245,2026-05-08 23:06:52.089000+00:00,buy,2026-05-08T23:14:50.688246+00:00,match,8459.8045155,-0.8628945282155367,1.669382601233069,False
coinbase,ETH-USD,185824731,3620.94,1.478031,2026-05-08 23:06:59.004000+00:00,buy,2026-05-08T23:14:50.680514+00:00,match,5351.86156914,-0.15387076341703612,0.40273177448629116,False
coinbase,ETH-USD,185824735,3625.26,0.766184,2026-05-08 23:06:59.754000+00:00,buy,2026-05-08T23:14:50.680525+00:00,match,2777.61620784,-0.04482217875280192,-0.6420900180584429,False
coinbase,ETH-USD,185825967,3684.37,1.598322,2026-05-08 23:07:09.738000+00:00,buy,2026-05-08T23:14:50.684291+00:00,match,5888.80962714,1.3768098291540842,0.6097025930132323,False
coinbase,ETH-USD,185824885,3603.69,1.402315,2026-05-08 23:07:16.329000+00:00,buy,2026-05-08T23:14:50.680979+00:00,match,5053.50854235,-0.5968202914968146,0.25612868334162675,False
coinbase,ETH-USD,185825835,3677.86,2.007885,2026-05-08 23:07:16.410000+00:00,sell,2026-05-08T23:14:50.683806+00:00,match,7384.7199261,1.1932754021854706,1.1899919104071512,False
coinbase,ETH-USD,185825333,3566.29,2.062636,2026-05-08 23:07:16.590000+00:00,buy,2026-05-08T23:14:50.682363+00:00,match,7355.95814044,-1.4931243386970388,1.1553254745747203,False
coinbase,ETH-USD,185824853,3609.53,2.492524,2026-05-08 23:07:24.445000+00:00,buy,2026-05-08T23:14:50.680884+00:00,match,8996.84015372,-0.45496309653419414,1.785859070846016,False
coinbase,ETH-USD,185826109,3685.33,2.237106,2026-05-08 23:07:35.305000+00:00,buy,2026-05-08T23:14:50.684708+00:00,match,8244.473854979999,1.3443254614726126,1.4807097759131445,False
coinbase,ETH-USD,185825801,3666.37,2.342811,2026-05-08 23:07:35.999000+00:00,buy,2026-05-08T23:14:50.683710+00:00,match,8589.61196607,0.874653894905465,1.5806312744302309,False
coinbase,ETH-USD,185826815,3645.34,1.02621,2026-05-08 23:07:36.430000+00:00,sell,2026-05-08T23:14:50.686944+00:00,match,3740.8843614,0.3816030670787777,-0.3582655487864319,False
coinbase,ETH-USD,185826809,3654.81,1.448214,2026-05-08 23:07:40.910000+00:00,sell,2026-05-08T23:14:50.686924+00:00,match,5292.94700934,0.5974345089234404,0.2672750451622869,False
coinbase,ETH-USD,185825335,3563.89,0.496789,2026-05-08 23:07:42.128000+00:00,sell,2026-05-08T23:14:50.682368+00:00,match,1770.50134921,-1.578998260276516,-1.124994712970894,False
coinbase,ETH-USD,185824945,3574.99,1.982904,2026-05-08 23:07:44.522000+00:00,sell,2026-05-08T23:14:50.681163+00:00,match,7088.86197096,-1.2990799632205758,0.9825451083875991,False
coinbase,ETH-USD,185824643,3630.0,2.477911,2026-05-08 23:07:45.386000+00:00,buy,2026-05-08T23:14:50.680245+00:00,match,8994.81693,0.014039676142289376,1.6932350779507144,False
coinbase,ETH-USD,185824893,3609.3,1.935984,2026-05-08 23:07:46.353000+00:00,sell,2026-05-08T23:14:50.681002+00:00,match,6987.5470512,-0.49442179217504345,0.9044447644756197,False
coinbase,ETH-USD,185826115,3685.91,1.224942,2026-05-08 23:07:47.847000+00:00,sell,2026-05-08T23:14:50.684725+00:00,match,4515.02596722,1.324607225051506,-0.07993303086315971,False
coinbase,ETH-USD,185825059,3604.87,1.290708,2026-05-08 23:07:49.720000+00:00,sell,2026-05-08T23:14:50.681511+00:00,match,4652.834547959999,-0.5959754101039703,-0.01936909478091234,False
coinbase,ETH-USD,185825003,3586.21,2.237657,2026-05-08 23:07:52.421000+00:00,sell,2026-05-08T23:14:50.681337+00:00,match,8024.70790997,-1.024138868523212,1.2966244380811351,False
coinbase,ETH-USD,185825723,3671.71,2.035922,2026-05-08 23:07:52.544000+00:00,buy,2026-05-08T23:14:50.683491+00:00,match,7475.315166619999,1.019156420753604,1.0659412184497523,False
coinbase,ETH-USD,185825155,3579.2,0.624907,2026-05-08 23:07:55.296000+00:00,sell,2026-05-08T23:14:50.681805+00:00,match,2236.6671343999997,-1.186666651448226,-0.9670704168782475,False
coinbase,ETH-USD,185825903,3686.23,1.610006,2026-05-08 23:07:57.956000+00:00,buy,2026-05-08T23:14:50.684022+00:00,match,5934.852417380001,1.4047666410886022,0.4646851750630305,False
coinbase,ETH-USD,185826033,3709.99,2.069956,2026-05-08 23:08:04.395000+00:00,buy,2026-05-08T23:14:50.684470+00:00,match,7679.516060439999,1.9237452260229058,1.1306290319003938,False
coinbase,ETH-USD,185825829,3680.1,0.657857,2026-05-08 23:08:08.985000+00:00,sell,2026-05-08T23:14:50.683790+00:00,match,2420.9795457,1.1837034504773305,-0.9396898219089724,False
coinbase,ETH-USD,185826463,3661.35,1.656392,2026-05-08 23:08:10.963000+00:00,buy,2026-05-08T23:14:50.685850+00:00,match,6064.6308492,0.7246526670096489,0.4891113774762386,False
coinbase,ETH-USD,185826393,3630.05,1.826977,2026-05-08 23:08:11.397000+00:00,buy,2026-05-08T23:14:50.685621+00:00,match,6632.01785885,-0.002020860151210618,0.7227381850843426,False
coinbase,ETH-USD,185826905,3627.94,1.117608,2026-05-08 23:08:14.182000+00:00,buy,2026-05-08T23:14:50.687228+00:00,match,4054.61476752,-0.05799983472508283,-0.2865409997881105,False
coinbase,ETH-USD,185824637,3624.93,2.456753,2026-05-08 23:08:16.898000+00:00,buy,2026-05-08T23:14:50.680224+00:00,match,8905.55765229,-0.15882775292693646,1.613596160277875,False
coinbase,ETH-USD,185825257,3600.12,0.050169,2026-05-08 23:08:19.833000+00:00,buy,2026-05-08T23:14:50.682118+00:00,match,180.61442028,-0.7616487366077751,-1.7776381884046275,False
coinbase,ETH-USD,185827119,3617.05,0.791906,2026-05-08 23:08:20.847000+00:00,buy,2026-05-08T23:14:50.687909+00:00,match,2864.3635973,-0.34050129097933296,-0.7325278323546714,False
coinbase,ETH-USD,185825577,3631.62,2.025443,2026-05-08 23:08:23.148000+00:00,buy,2026-05-08T23:14:50.683088+00:00,match,7355.63930766,0.03266473470095231,0.9842457280541426,False
coinbase,ETH-USD,185825365,3574.53,2.252174,2026-05-08 23:08:23.537000+00:00,buy,2026-05-08T23:14:50.682447+00:00,match,8050.463528220001,-1.3853157776262535,1.234336270015468,False
coinbase,ETH-USD,185827179,3617.61,1.39727,2026-05-08 23:08:23.631000+00:00,buy,2026-05-08T23:14:50.688093+00:00,match,5054.7779247,-0.3138291056560959,0.05808555126499601,False
coinbase,ETH-USD,185825847,3688.78,0.229056,2026-05-08 23:08:25.833000+00:00,buy,2026-05-08T23:14:50.683839+00:00,match,844.9371916800001,1.4330586942009957,-1.573530431799671,False
coinbase,ETH-USD,185825587,3629.01,0.829022,2026-05-08 23:08:26.948000+00:00,buy,2026-05-08T23:14:50.683114+00:00,match,3008.5291282200005,-0.05752063061747856,-0.7400357091124204,False
coinbase,ETH-USD,185827239,3585.38,1.197378,2026-05-08 23:08:30.282000+00:00,sell,2026-05-08T23:14:50.688272+00:00,match,4293.05513364,-1.1330586935847768,-0.25954432963157387,False
coinbase,ETH-USD,185824621,3619.27,0.772298,2026-05-08 23:08:35.813000+00:00,buy,2026-05-08T23:14:50.680174+00:00,match,2795.15498246,-0.3059629960828833,-0.8418310836900839,False
coinbase,ETH-USD,185824669,3606.81,2.361857,2026-05-08 23:08:49.468000+00:00,sell,2026-05-08T23:14:50.680328+00:00,match,8518.76944617,-0.6116527357497225,1.3957013424602456,False
coinbase,ETH-USD,185824987,3588.83,0.851191,2026-05-08 23:08:52.598000+00:00,sell,2026-05-08T23:14:50.681295+00:00,match,3054.77979653,-1.0576872484005628,-0.7636725109961994,False
coinbase,ETH-USD,185824747,3614.61,2.420829,2026-05-08 23:08:56.323000+00:00,buy,2026-05-08T23:14:50.680564+00:00,match,8750.35271169,-0.4117087519665368,1.4799016770833848,False
coinbase,ETH-USD,185826899,3629.54,2.038969,2026-05-08 23:08:59.261000+00:00,sell,2026-05-08T23:14:50.687207+00:00,match,7400.519544259999,-0.03959850346738819,0.9297031584205451,False
coinbase,ETH-USD,185825591,3628.56,0.165908,2026-05-08 23:09:05.969000+00:00,sell,2026-05-08T23:14:50.683125+00:00,match,602.00713248,-0.06685516429703249,-1.7154231996237157,False
coinbase,ETH-USD,185826117,3689.07,1.443722,2026-05-08 23:09:07.368000+00:00,sell,2026-05-08T23:14:50.684732+00:00,match,5325.9915185400005,1.4420468193462144,0.13211579587795605,False
coinbase,ETH-USD,185826977,3624.28,0.833333,2026-05-08 23:09:10.083000+00:00,buy,2026-05-08T23:14:50.687449+00:00,match,3020.23212524,-0.18592436942975665,-0.7572451505059158,False
coinbase,ETH-USD,185825531,3625.29,2.272227,2026-05-08 23:09:16.266000+00:00,buy,2026-05-08T23:14:50.682935+00:00,match,8237.48182083,-0.1620210309789512,1.2492881680535544,False
coinbase,ETH-USD,185826679,3702.06,0.916881,2026-05-08 23:09:19.195000+00:00,sell,2026-05-08T23:14:50.686519+00:00,match,3394.34847486,1.7364367547209507,-0.6249310245264279,False
coinbase,ETH-USD,185825457,3609.6,2.432016,2026-05-08 23:09:21.003000+00:00,buy,2026-05-08T23:14:50.682728+00:00,match,8778.6049536,-0.5544923119654243,1.429642571676729,False
coinbase,ETH-USD,185824699,3599.44,2.411622,2026-05-08 23:09:23.370000+00:00,buy,2026-05-08T23:14:50.680423+00:00,match,8680.48869168,-0.7903236268086098,1.3871835770287861,False
coinbase,ETH-USD,185826181,3679.3,1.764173,2026-05-08 23:09:33.472000+00:00,sell,2026-05-08T23:14:50.684953+00:00,match,6490.9217189,1.1863794235265528,0.5322180905897068,False
coinbase,ETH-USD,185827313,3589.93,2.083801,2026-05-08 23:09:53.947000+00:00,sell,2026-05-08T23:14:50.688504+00:00,match,7480.699723929999,-1.0344868409815422,0.9135382736237067,False
coinbase,ETH-USD,185825263,3588.63,1.856656,2026-05-08 23:09:54.982000+00:00,buy,2026-05-08T23:14:50.682159+00:00,match,6662.85142128,-1.0696007325272479,0.5860641823535438,False
coinbase,ETH-USD,185826449,3657.08,1.431831,2026-05-08 23:09:56.976000+00:00,sell,2026-05-08T23:14:50.685804+00:00,match,5236.32051348,0.6826645064375577,0.03511905930908212,False
coinbase,ETH-USD,185825085,3606.27,0.810259,2026-05-08 23:10:02.520000+00:00,sell,2026-05-08T23:14:50.681593+00:00,match,2922.01272393,-0.6158668642676297,-0.8403079879426664,False
coinbase,ETH-USD,185825035,3597.3,0.543392,2026-05-08 23:10:06.145000+00:00,buy,2026-05-08T23:14:50.681437+00:00,match,1954.7440416,-0.8380656435251913,-1.1914493645124993,False
coinbase,ETH-USD,185826929,3629.84,2.357569,2026-05-08 23:10:06.151000+00:00,buy,2026-05-08T23:14:50.687301+00:00,match,8557.598258959999,-0.015931640809649945,1.3350937613780025,False
coinbase,ETH-USD,185825861,3692.33,1.911108,2026-05-08 23:10:12.060000+00:00,buy,2026-05-08T23:14:50.683903+00:00,match,7056.44140164,1.547762130529551,0.7525986734656072,False
coinbase,ETH-USD,185824649,3621.1,2.499885,2026-05-08 23:10:21.566000+00:00,sell,2026-05-08T23:14:50.680265+00:00,match,9052.3335735,-0.267251338817874,1.4799062059141435,False
coinbase,ETH-USD,185826551,3727.02,1.981034,2026-05-08 23:10:22.568000+00:00,buy,2026-05-08T23:14:50.686132+00:00,match,7383.35333868,2.338147944824022,0.8370454569593747,False
coinbase,ETH-USD,185827217,3588.3,0.610735,2026-05-08 23:10:25.343000+00:00,buy,2026-05-08T23:14:50.688212+00:00,match,2191.5004005,-1.0852521636097827,-1.0946294493686877,False
coinbase,ETH-USD,185826621,3736.02,1.867092,2026-05-08 23:10:28.410000+00:00,sell,2026-05-08T23:14:50.686351+00:00,match,6975.493053839999,2.471055101089747,0.6870605924133614,False
coinbase,ETH-USD,185824721,3619.83,1.238969,2026-05-08 23:10:29.487000+00:00,buy,2026-05-08T23:14:50.680481+00:00,match,4484.85715527,-0.3322470806360545,-0.2362410576487062,False
coinbase,ETH-USD,185826235,3673.46,1.939678,2026-05-08 23:10:31.975000+00:00,buy,2026-05-08T23:14:50.685125+00:00,match,7125.32954588,0.9495724933559171,0.7409972831704889,False
coinbase,ETH-USD,185825963,3687.86,2.088498,2026-05-08 23:10:32.164000+00:00,sell,2026-05-08T23:14:50.684279+00:00,match,7702.08823428,1.3077400472578626,0.9476899964933047,False
coinbase,ETH-USD,185826715,3673.99,1.320353,2026-05-08 23:10:34.104000+00:00,sell,2026-05-08T23:14:50.686639+00:00,match,4850.9637184700005,0.9532388303980116,-0.10429356062784964,False
coinbase,ETH-USD,185824919,3608.72,1.960725,2026-05-08 23:10:35.011000+00:00,sell,2026-05-08T23:14:50.681079+00:00,match,7075.707522,-0.6225293495857889,0.737615598636208,False
coinbase,ETH-USD,185827021,3612.09,0.553384,2026-05-08 23:10:41.416000+00:00,buy,2026-05-08T23:14:50.687593+00:00,match,1998.87281256,-0.5466915009821395,-1.1605997357385542,False
coinbase,ETH-USD,185825411,3603.7,2.258961,2026-05-08 23:10:55.551000+00:00,sell,2026-05-08T23:14:50.682579+00:00,match,8140.6177557,-0.7346212474788336,1.1184447021485646,False
coinbase,ETH-USD,185826385,3624.31,0.102043,2026-05-08 23:11:03.750000+00:00,sell,2026-05-08T23:14:50.685595+00:00,match,369.83546533,-0.2237381838567269,-1.770427289443663,False
coinbase,ETH-USD,185827015,3624.06,2.116294,2026-05-08 23:11:09.275000+00:00,sell,2026-05-08T23:14:50.687573+00:00,match,7669.57643364,-0.21401273247055955,0.9381089650138652,False
coinbase,ETH-USD,185826103,3693.95,1.175674,2026-05-08 23:11:11.629000+00:00,buy,2026-05-08T23:14:50.684689+00:00,match,4342.8809723,1.49989708156894,-0.30726243762356786,False
coinbase,ETH-USD,185826753,3668.38,1.128283,2026-05-08 23:11:12.312000+00:00,buy,2026-05-08T23:14:50.686757+00:00,match,4138.9707915399995,0.8672650412381204,-0.4057775566946989,False
coinbase,ETH-USD,185827347,3547.44,2.175554,2026-05-08 23:11:16.083000+00:00,buy,2026-05-08T23:14:50.688600+00:00,match,7717.64728176,-2.033704075549635,0.9398801388771436,False
coinbase,ETH-USD,185827391,3527.69,1.120599,2026-05-08 23:11:16.393000+00:00,buy,2026-05-08T23:14:50.688735+00:00,match,3953.12588631,-2.4267601308366715,-0.5350472909999209,False
coinbase,ETH-USD,185827317,3582.85,1.915245,2026-05-08 23:11:20.028000+00:00,buy,2026-05-08T23:14:50.688515+00:00,match,6862.03554825,-1.1014650583699013,0.5981753465627594,False
coinbase,ETH-USD,185827003,3622.22,2.476215,2026-05-08 23:11:23.422000+00:00,buy,2026-05-08T23:14:50.687534+00:00,match,8969.395497299998,-0.16247633536572573,1.41562489648749,False
coinbase,ETH-USD,185827165,3610.42,1.196243,2026-05-08 23:11:24.315000+00:00,sell,2026-05-08T23:14:50.688056+00:00,match,4318.93965206,-0.4281640685036294,-0.3928103984902545,False
coinbase,ETH-USD,185826599,3736.53,2.004074,2026-05-08 23:11:30.517000+00:00,buy,2026-05-08T23:14:50.686282+00:00,match,7488.28262322,2.476075757499724,0.8267203128795287,False
coinbase,ETH-USD,185825669,3638.39,2.139954,2026-05-08 23:11:30.981000+00:00,sell,2026-05-08T23:14:50.683341+00:00,match,7785.98723406,0.18904088617840512,0.9248508569088884,False
coinbase,ETH-USD,185824949,3579.81,0.934964,2026-05-08 23:11:42.938000+00:00,buy,2026-05-08T23:14:50.681175+00:00,match,3346.99347684,-1.1683455214124354,-0.8144800077924519,False
coinbase,ETH-USD,185825397,3591.51,1.780087,2026-05-08 23:11:48.498000+00:00,sell,2026-05-08T23:14:50.682537+00:00,match,6393.200261370001,-0.8951738851882066,0.3684189617375257,False
coinbase,ETH-USD,185825907,3685.14,1.765771,2026-05-08 23:11:48.783000+00:00,sell,2026-05-08T23:14:50.684032+00:00,match,6507.11334294,1.2706825463639368,0.4101989874823909,False
coinbase,ETH-USD,185826481,3686.19,0.292048,2026-05-08 23:11:56.771000+00:00,buy,2026-05-08T23:14:50.685909+00:00,match,1076.54441712,1.267745845474835,-1.696753618621072,False
coinbase,ETH-USD,185826221,3662.16,1.67956,2026-05-08 23:12:02.582000+00:00,buy,2026-05-08T23:14:50.685082+00:00,match,6150.817449599999,0.7073351229456284,0.26131425121466273,False
coinbase,ETH-USD,185824903,3607.35,0.25962,2026-05-08 23:12:08.253000+00:00,buy,2026-05-08T23:14:50.681029+00:00,match,936.540207,-0.5347860938480913,-1.7375891756789745,False
coinbase,ETH-USD,185825429,3602.56,1.247487,2026-05-08 23:12:10.053000+00:00,buy,2026-05-08T23:14:50.682640+00:00,match,4494.14676672,-0.6454930119080031,-0.36621891177092797,False
coinbase,ETH-USD,185825179,3586.42,0.947161,2026-05-08 23:12:10.054000+00:00,buy,2026-05-08T23:14:50.681879+00:00,match,3396.91715362,-1.0226494349949238,-0.7966221031825901,False
coinbase,ETH-USD,185825815,3662.29,1.380848,2026-05-08 23:12:11.106000+00:00,sell,2026-05-08T23:14:50.683751+00:00,match,5057.06582192,0.7460893919565128,-0.155046590763548,False
coinbase,ETH-USD,185827327,3565.62,0.379172,2026-05-08 23:12:11.173000+00:00,sell,2026-05-08T23:14:50.688540+00:00,match,1351.98326664,-1.4819723249581132,-1.5707254231218202,False
coinbase,ETH-USD,185824755,3605.75,1.41548,2026-05-08 23:12:14.883000+00:00,buy,2026-05-08T23:14:50.680587+00:00,match,5103.86701,-0.5533537827619278,-0.11317362657524013,False
coinbase,ETH-USD,185825867,3688.02,0.882302,2026-05-08 23:12:32.583000+00:00,sell,2026-05-08T23:14:50.683919+00:00,match,3253.94742204,1.3203923053138733,-0.813566612344729,False
coinbase,ETH-USD,185825833,3679.68,0.499186,2026-05-08 23:12:32.725000+00:00,sell,2026-05-08T23:14:50.683801+00:00,match,1836.84474048,1.1311136351781979,-1.370545223713484,False
coinbase,ETH-USD,185824759,3598.45,0.544598,2026-05-08 23:12:34.845000+00:00,buy,2026-05-08T23:14:50.680599+00:00,match,1959.7086731,-0.7389474419251251,-1.338519771265383,False
coinbase,ETH-USD,185825191,3600.95,1.019103,2026-05-08 23:12:36.086000+00:00,buy,2026-05-08T23:14:50.681912+00:00,match,3669.73894785,-0.6657534093406916,-0.6630319449027592,False
coinbase,ETH-USD,185825249,3609.75,1.024588,2026-05-08 23:12:37.487000+00:00,buy,2026-05-08T23:14:50.682094+00:00,match,3698.506533,-0.4623186079725042,-0.6426752259674879,False
coinbase,ETH-USD,185825353,3568.14,2.421229,2026-05-08 23:12:38.112000+00:00,sell,2026-05-08T23:14:50.682415+00:00,match,8639.28404406,-1.40979939488158,1.2836656746288722,False
coinbase,ETH-USD,185825679,3653.14,0.684543,2026-05-08 23:12:40.227000+00:00,buy,2026-05-08T23:14:50.683369+00:00,match,2500.73141502,0.5370610395298866,-1.0922580655763061,False
coinbase,ETH-USD,185824795,3591.47,1.711075,2026-05-08 23:12:40.321000+00:00,buy,2026-05-08T23:14:50.680710+00:00,match,6145.274530249999,-0.8838774595471727,0.33477037838469126,False
coinbase,ETH-USD,185825313,3565.89,2.099706,2026-05-08 23:12:43.170000+00:00,sell,2026-05-08T23:14:50.682306+00:00,match,7487.32062834,-1.4465456659177336,0.8448831322030513,False
coinbase,ETH-USD,185825317,3568.95,0.534529,2026-05-08 23:12:45.053000+00:00,buy,2026-05-08T23:14:50.682319+00:00,match,1907.70727455,-1.3497120654812818,-1.3431529013854469,False
coinbase,ETH-USD,185826585,3727.76,0.443394,2026-05-08 23:12:50.955000+00:00,buy,2026-05-08T23:14:50.686237+00:00,match,1652.86641744,2.163900921844681,-1.4593999718044288,False
coinbase,ETH-USD,185824951,3580.75,0.733755,2026-05-08 23:12:51.642000+00:00,sell,2026-05-08T23:14:50.681181+00:00,match,2627.39321625,-1.0836853716200034,-1.0531659844307835,False
coinbase,ETH-USD,185827235,3586.88,0.119456,2026-05-08 23:12:52.879000+00:00,sell,2026-05-08T23:14:50.688262+00:00,match,428.47433728,-0.9368262639061491,-1.8707951569475496,False
coinbase,ETH-USD,185826945,3618.47,0.147388,2026-05-08 23:12:56.550000+00:00,buy,2026-05-08T23:14:50.687356+00:00,match,533.31905636,-0.24099738967119108,-1.799343177772016,False
coinbase,ETH-USD,185825053,3602.65,0.932841,2026-05-08 23:12:59.434000+00:00,sell,2026-05-08T23:14:50.681491+00:00,match,3360.69962865,-0.5739632047275679,-0.7009997185668205,False
coinbase,ETH-USD,185826319,3641.23,0.540975,2026-05-08 23:12:59.624000+00:00,sell,2026-05-08T23:14:50.685385+00:00,match,1969.81439925,0.27067969844842,-1.2135868213825967,False
coinbase,ETH-USD,185825965,3686.35,1.495163,2026-05-08 23:13:06.825000+00:00,sell,2026-05-08T23:14:50.684285+00:00,match,5511.69412505,1.264317359321604,0.14269392654632226,False
coinbase,ETH-USD,185825737,3678.42,0.94273,2026-05-08 23:13:15.223000+00:00,buy,2026-05-08T23:14:50.683532+00:00,match,3467.7568865999997,1.0688001931542446,-0.6245582051138384,False
coinbase,ETH-USD,185825757,3673.47,2.252699,2026-05-08 23:13:19.578000+00:00,sell,2026-05-08T23:14:50.683591+00:00,match,8275.22219553,0.9416291590802907,1.2230325574493293,False
coinbase,ETH-USD,185825375,3577.51,0.385429,2026-05-08 23:13:27.754000+00:00,sell,2026-05-08T23:14:50.682474+00:00,match,1378.87610179,-1.1549484963274528,-1.396883579121451,False
coinbase,ETH-USD,185824761,3596.33,0.550919,2026-05-08 23:13:34.173000+00:00,sell,2026-05-08T23:14:50.680606+00:00,match,1981.28652727,-0.7239810306336144,-1.1439838321800522,False
coinbase,ETH-USD,185826371,3619.89,0.51987,2026-05-08 23:13:34.183000+00:00,sell,2026-05-08T23:14:50.685552+00:00,match,1881.8722143,-0.19735671701402827,-1.168146501014759,False
coinbase,ETH-USD,185826137,3679.19,1.464094,2026-05-08 23:13:38.248000+00:00,sell,2026-05-08T23:14:50.684794+00:00,match,5386.68000386,1.1043617872989577,0.17075741025493302,False
coinbase,ETH-USD,185826409,3636.95,1.251759,2026-05-08 23:13:40.024000+00:00,buy,2026-05-08T23:14:50.685674+00:00,match,4552.58489505,0.1595222077147364,-0.15976231884393863,False
coinbase,ETH-USD,185826245,3675.25,1.34275,2026-05-08 23:13:40.866000+00:00,sell,2026-05-08T23:14:50.685157+00:00,match,4934.941937500001,0.9923044129571071,-0.004299542585568722,False
coinbase,ETH-USD,185824889,3605.72,0.284106,2026-05-08 23:13:52.783000+00:00,sell,2026-05-08T23:14:50.680992+00:00,match,1024.40668632,-0.5531156657119028,-1.4858430659677657,False
coinbase,ETH-USD,185825491,3624.86,2.404144,2026-05-08 23:13:54.602000+00:00,buy,2026-05-08T23:14:50.682827+00:00,match,8714.68541984,-0.13023903983459892,1.4702473610800584,False
coinbase,ETH-USD,185826995,3625.07,0.123889,2026-05-08 23:13:57.915000+00:00,sell,2026-05-08T23:14:50.687508+00:00,match,449.10629723,-0.11285328978467814,-1.662469972941726,False
coinbase,ETH-USD,185825895,3689.96,1.94442,2026-05-08 23:14:03.333000+00:00,buy,2026-05-08T23:14:50.683999+00:00,match,7174.832023200001,1.31704693703512,0.8693898745422781,False
coinbase,ETH-USD,185825323,3567.06,0.143162,2026-05-08 23:14:05.004000+00:00,buy,2026-05-08T23:14:50.682337+00:00,match,510.6674437200001,-1.4139216828635277,-1.6043636998442923,False
coinbase,ETH-USD,185824787,3594.07,2.045657,2026-05-08 23:14:08.423000+00:00,buy,2026-05-08T23:14:50.680685+00:00,match,7352.23445399,-0.7978401321302756,0.9596736883101795,False
coinbase,ETH-USD,185826843,3644.49,1.588931,2026-05-08 23:14:13.197000+00:00,sell,2026-05-08T23:14:50.687025+00:00,match,5790.84314019,0.30994556414353497,0.3625801855117331,False
coinbase,ETH-USD,185826915,3629.31,1.071943,2026-05-08 23:14:21.552000+00:00,sell,2026-05-08T23:14:50.687255+00:00,match,3890.41344933,-0.016835864598541004,-0.3450051856814213,False
coinbase,ETH-USD,185825549,3627.3,1.951492,2026-05-08 23:14:23.716000+00:00,buy,2026-05-08T23:14:50.682999+00:00,match,7078.6469316,-0.04423489653663671,0.8593151165354961,False
coinbase,ETH-USD,185825589,3629.44,1.906279,2026-05-08 23:14:24.798000+00:00,buy,2026-05-08T23:14:50.683120+00:00,match,6918.725253760001,0.01653293193104296,0.7827907814867154,False
coinbase,ETH-USD,185827145,3607.15,0.945271,2026-05-08 23:14:38.287000+00:00,sell,2026-05-08T23:14:50.687992+00:00,match,3409.73428765,-0.4861854784282203,-0.5321371717002122,False
coinbase,ETH-USD,185825909,3680.19,0.816412,2026-05-08 23:14:42.092000+00:00,sell,2026-05-08T23:14:50.684037+00:00,match,3004.55127828,1.1821741094873754,-0.6714621162861951,False
coinbase,ETH-USD,185826411,3637.89,0.836538,2026-05-08 23:14:45.774000+00:00,buy,2026-05-08T23:14:50.685679+00:00,match,3043.23322482,0.20898649657864427,-0.6518741453407163,False
coinbase,ETH-USD,185826813,3646.09,0.733364,2026-05-08 23:14:59.493000+00:00,sell,2026-05-08T23:14:50.686937+00:00,match,2673.91114676,0.39200139077795193,-0.7748677751233467,False
coinbase,ETH-USD,185825213,3603.77,0.648647,2026-05-08 23:15:06.764000+00:00,buy,2026-05-08T23:14:50.681983+00:00,match,2337.57459919,-0.5795184756434755,-0.9211450661320445,False
coinbase,ETH-USD,185827331,3560.05,0.94252,2026-05-08 23:15:11.057000+00:00,sell,2026-05-08T23:14:50.688552+00:00,match,3355.4183260000004,-1.550673990273847,-0.5321350338933751,False
coinbase,ETH-USD,185825243,3608.42,2.160037,2026-05-08 23:15:14.353000+00:00,sell,2026-05-08T23:14:50.682076+00:00,match,7794.32071154,-0.44855532316874624,1.1735427495511153,False
coinbase,ETH-USD,185825865,3693.08,0.750688,2026-05-08 23:15:19.776000+00:00,sell,2026-05-08T23:14:50.683914+00:00,match,2772.35083904,1.4372892352746545,-0.7407565282119049,False
coinbase,ETH-USD,185824901,3604.04,2.112745,2026-05-08 23:15:24.613000+00:00,sell,2026-05-08T23:14:50.681023+00:00,match,7614.417489799999,-0.569033606240615,1.1139962759978195,False
coinbase,ETH-USD,185825303,3572.68,1.92997,2026-05-08 23:15:39.115000+00:00,sell,2026-05-08T23:14:50.682278+00:00,match,6895.1652196,-1.2514275203843264,0.8209734440762293,False
coinbase,ETH-USD,185825993,3694.92,0.63953,2026-05-08 23:15:39.712000+00:00,sell,2026-05-08T23:14:50.684364+00:00,match,2363.0121876000003,1.4764099146058864,-0.9294375115664962,False
coinbase,ETH-USD,185827061,3613.08,1.097323,2026-05-08 23:15:40.138000+00:00,buy,2026-05-08T23:14:50.687722+00:00,match,3964.71578484,-0.35803425800207367,-0.30916846609734344,False
coinbase,ETH-USD,185827215,3593.44,0.964204,2026-05-08 23:15:45.756000+00:00,sell,2026-05-08T23:14:50.688207+00:00,match,3464.8092217599997,-0.7901267476596414,-0.5056964681937705,False
coinbase,ETH-USD,185827057,3621.14,2.434848,2026-05-08 23:15:46.288000+00:00,buy,2026-05-08T23:14:50.687707+00:00,match,8816.92548672,-0.1744707384466586,1.5612578230539544,False
coinbase,ETH-USD,185825955,3678.14,1.757222,2026-05-08 23:15:47.049000+00:00,buy,2026-05-08T23:14:50.684253+00:00,match,6463.30852708,1.078776980836448,0.6391308597838349,False
coinbase,ETH-USD,185826015,3712.24,0.26591,2026-05-08 23:16:05.733000+00:00,buy,2026-05-08T23:14:50.684422+00:00,match,987.1217384,1.7895624880455916,-1.4480503924731356,False
coinbase,ETH-USD,185827223,3587.45,0.448198,2026-05-08 23:16:15.899000+00:00,buy,2026-05-08T23:14:50.688229+00:00,match,1607.8879151,-0.9393358381553769,-1.183512619964565,False
coinbase,ETH-USD,185824959,3578.16,1.615711,2026-05-08 23:16:16.182000+00:00,sell,2026-05-08T23:14:50.681208+00:00,match,5781.2724717599995,-1.1242372192680306,0.41266014323951344,False
coinbase,ETH-USD,185825067,3601.25,1.703333,2026-05-08 23:16:39.708000+00:00,buy,2026-05-08T23:14:50.681538+00:00,match,6134.12796625,-0.6072839759058163,0.5466845486734271,False
coinbase,ETH-USD,185825877,3684.64,1.517102,2026-05-08 23:16:45.153000+00:00,sell,2026-05-08T23:14:50.683945+00:00,match,5589.974713279999,1.1953646975909276,0.32488346539659013,False
coinbase,ETH-USD,185825075,3603.72,1.626091,2026-05-08 23:16:45.558000+00:00,sell,2026-05-08T23:14:50.681563+00:00,match,5859.97665852,-0.5567899411795977,0.44348364545804514,False
coinbase,ETH-USD,185826125,3680.28,0.998158,2026-05-08 23:16:51.099000+00:00,sell,2026-05-08T23:14:50.684760+00:00,match,3673.50092424,1.1155352422843272,-0.419850111747385,False
coinbase,ETH-USD,185825527,3627.53,0.81428,2026-05-08 23:16:56.213000+00:00,buy,2026-05-08T23:14:50.682924+00:00,match,2953.8251284000003,-0.03985592237643946,-0.6880837982276389,False
coinbase,ETH-USD,185826007,3706.02,0.192144,2026-05-08 23:16:58.688000+00:00,sell,2026-05-08T23:14:50.684401+00:00,match,712.08950688,1.632687002988556,-1.5512207723307012,False
coinbase,ETH-USD,185826831,3646.93,1.292722,2026-05-08 23:17:04.728000+00:00,buy,2026-05-08T23:14:50.686988+00:00,match,4714.466643459999,0.3653825532394994,0.05293255936819046,False
coinbase,ETH-USD,185825777,3666.34,0.162922,2026-05-08 23:17:05.823000+00:00,buy,2026-05-08T23:14:50.683643+00:00,match,597.32744548,0.7707567101356152,-1.558192076924585,False
coinbase,ETH-USD,185826239,3675.39,0.105007,2026-05-08 23:17:09.652000+00:00,buy,2026-05-08T23:14:50.685137+00:00,match,385.94167773,0.9482300044439418,-1.602001101129435,False
coinbase,ETH-USD,185827099,3610.7,1.766044,2026-05-08 23:17:15.586000+00:00,sell,2026-05-08T23:14:50.687845+00:00,match,6376.6550707999995,-0.4468396803925085,0.7528145072234063,False
coinbase,ETH-USD,185825227,3603.32,1.39547,2026-05-08 23:17:20.253000+00:00,buy,2026-05-08T23:14:50.682029+00:00,match,5028.3249604,-0.6063331292264136,0.21474479883420297,False
coinbase,ETH-USD,185825611,3630.22,1.218439,2026-05-08 23:17:26.299000+00:00,sell,2026-05-08T23:14:50.683179+00:00,match,4423.20162658,-0.02927186990464641,-0.03346012104829787,False
coinbase,ETH-USD,185827013,3621.25,2.407954,2026-05-08 23:17:29.690000+00:00,buy,2026-05-08T23:14:50.687567+00:00,match,8719.803422500001,-0.2227242075192666,1.6648662202911055,False
coinbase,ETH-USD,185827245,3587.81,0.353674,2026-05-08 23:17:30.747000+00:00,buy,2026-05-08T23:14:50.688290+00:00,match,1268.91511394,-0.9324155005623087,-1.2547885005893196,False
coinbase,ETH-USD,185826457,3656.74,1.940694,2026-05-08 23:17:32.523000+00:00,sell,2026-05-08T23:14:50.685830+00:00,match,7096.613377559999,0.5668882586698837,1.0625268468357356,False
coinbase,ETH-USD,185825071,3609.66,1.232461,2026-05-08 23:17:38.476000+00:00,sell,2026-05-08T23:14:50.681550+00:00,match,4448.76517326,-0.4456451043314511,0.01854892741254166,False
coinbase,ETH-USD,185826723,3655.26,2.449559,2026-05-08 23:17:42.798000+00:00,sell,2026-05-08T23:14:50.686664+00:00,match,8953.77503034,0.559276506133111,1.7784356835083184,False
coinbase,ETH-USD,185825969,3680.47,1.681678,2026-05-08 23:17:48.207000+00:00,sell,2026-05-08T23:14:50.684296+00:00,match,6189.365428659999,1.1621316523515084,0.6868535524954503,False
coinbase,ETH-USD,185826427,3634.08,0.988802,2026-05-08 23:17:48.788000+00:00,buy,2026-05-08T23:14:50.685731+00:00,match,3593.38557216,0.09639416223720824,-0.3418404596979422,False
coinbase,ETH-USD,185825957,3680.11,0.074842,2026-05-08 23:17:56.733000+00:00,sell,2026-05-08T23:14:50.684260+00:00,match,275.42679262,1.1474518684760506,-1.6207234894323987,False
coinbase,ETH-USD,185825701,3665.0,1.130334,2026-05-08 23:17:59.601000+00:00,sell,2026-05-08T23:14:50.683426+00:00,match,4142.67411,0.8116860733239983,-0.08222019274955414,False
coinbase,ETH-USD,185826207,3662.14,2.195598,2026-05-08 23:18:01.878000+00:00,buy,2026-05-08T23:14:50.685038+00:00,match,8040.58725972,0.7504578471757261,1.4407083439447512,False
coinbase,ETH-USD,185826833,3642.65,1.472066,2026-05-08 23:18:17.154000+00:00,sell,2026-05-08T23:14:50.686993+00:00,match,5362.221214900001,0.29347818385307245,0.3949296528778041,False
coinbase,ETH-USD,185825157,3577.72,1.648109,2026-05-08 23:18:17.988000+00:00,buy,2026-05-08T23:14:50.681811+00:00,match,5896.47253148,-1.1891380861226035,0.5924890450489155,False
coinbase,ETH-USD,185826467,3669.46,1.415713,2026-05-08 23:18:18.318000+00:00,sell,2026-05-08T23:14:50.685863+00:00,match,5194.90222498,0.8969862589827851,0.3293720642413594,False
coinbase,ETH-USD,185827017,3619.42,0.53137,2026-05-08 23:18:19.008000+00:00,sell,2026-05-08T23:14:50.687580+00:00,match,1923.2512054,-0.24642862506904747,-0.9970986210354362,False
coinbase,ETH-USD,185825097,3597.22,0.060705,2026-05-08 23:18:20.688000+00:00,buy,2026-05-08T23:14:50.681632+00:00,match,218.3692401,-0.7459201423734692,-1.6480959058027298,False
coinbase,ETH-USD,185825403,3595.23,0.125279,2026-05-08 23:18:30.180000+00:00,sell,2026-05-08T23:14:50.682554+00:00,match,450.40681917,-0.7749050125940139,-1.5208094205003326,False
coinbase,ETH-USD,185826691,3703.5,1.477073,2026-05-08 23:18:36.099000+00:00,buy,2026-05-08T23:14:50.686565+00:00,match,5470.3398555,1.6879596797603098,0.4691315393109288,False
coinbase,ETH-USD,185826863,3647.47,1.787917,2026-05-08 23:18:42.984000+00:00,sell,2026-05-08T23:14:50.687090+00:00,match,6521.3736199899995,0.3975160393761472,0.8961315054529254,False
coinbase,ETH-USD,185826131,3686.53,2.171586,2026-05-08 23:18:44.962000+00:00,buy,2026-05-08T23:14:50.684777+00:00,match,8005.616936580001,1.2915205254323128,1.456689219373565,False
coinbase,ETH-USD,185826703,3689.29,0.066711,2026-05-08 23:18:46.827000+00:00,buy,2026-05-08T23:14:50.686602+00:00,match,246.11622519,1.3286771017453252,-1.5700941679717684,False
coinbase,ETH-USD,185825547,3622.15,1.230074,2026-05-08 23:18:57.318000+00:00,sell,2026-05-08T23:14:50.682994+00:00,match,4455.5125391,-0.2545291558888296,0.09944361379605461,False
coinbase,ETH-USD,185825683,3656.19,1.036373,2026-05-08 23:19:03.911000+00:00,buy,2026-05-08T23:14:50.683380+00:00,match,3789.17659887,0.5373511913421238,-0.1642950277960696,False
coinbase,ETH-USD,185825009,3585.9,1.25815,2026-05-08 23:19:04.621000+00:00,sell,2026-05-08T23:14:50.681354+00:00,match,4511.600085,-1.1117715686987863,0.13699105506427808,False
coinbase,ETH-USD,185825095,3601.69,1.227808,2026-05-08 23:19:14.193000+00:00,sell,2026-05-08T23:14:50.681625+00:00,match,4422.18379552,-0.7194176095484852,0.11579143194079941,False
coinbase,ETH-USD,185826783,3661.58,2.182845,2026-05-08 23:19:14.637000+00:00,buy,2026-05-08T23:14:50.686845+00:00,match,7992.661595099999,0.7086833674207008,1.5317087946074779,False
coinbase,ETH-USD,185826461,3663.27,0.076398,2026-05-08 23:19:17.468000+00:00,buy,2026-05-08T23:14:50.685843+00:00,match,279.86650146,0.7339194708880306,-1.533092313597134,False
coinbase,ETH-USD,185825983,3695.45,2.23297,2026-05-08 23:19:18.066000+00:00,buy,2026-05-08T23:14:50.684334+00:00,match,8251.828986499999,1.5079943401968428,1.625439278503381,False
coinbase,ETH-USD,185825559,3624.43,1.78729,2026-05-08 23:19:24.630000+00:00,buy,2026-05-08T23:14:50.683025+00:00,match,6477.9074947,-0.19821270746162337,0.9057980632031577,False
coinbase,ETH-USD,185826597,3741.66,2.031063,2026-05-08 23:19:25.983000+00:00,sell,2026-05-08T23:14:50.686276+00:00,match,7599.54718458,2.561147655160756,1.3367616977212404,False
coinbase,ETH-USD,185827267,3589.49,0.571029,2026-05-08 23:19:34.673000+00:00,buy,2026-05-08T23:14:50.688362+00:00,match,2049.7028852099997,-1.0291050683636425,-0.8597204810051802,False
coinbase,ETH-USD,185826261,3672.85,1.192495,2026-05-08 23:19:38.163000+00:00,sell,2026-05-08T23:14:50.685208+00:00,match,4379.8552607500005,0.9169923403443214,0.06378473458407524,False
coinbase,ETH-USD,185825569,3631.51,1.266808,2026-05-08 23:19:46.411000+00:00,buy,2026-05-08T23:14:50.683056+00:00,match,4600.42592008,-0.0665077491462259,0.1464589998644624,False
coinbase,ETH-USD,185826547,3724.8,1.436525,2026-05-08 23:19:49.978000+00:00,sell,2026-05-08T23:14:50.686121+00:00,match,5350.76832,2.084244061156697,0.4424700850421336,False
coinbase,ETH-USD,185825297,3581.36,0.167023,2026-05-08 23:19:54.078000+00:00,buy,2026-05-08T23:14:50.682258+00:00,match,598.16949128,-1.2531807488553195,-1.4316819231487214,False
coinbase,ETH-USD,185825425,3599.0,0.719649,2026-05-08 23:19:58.534000+00:00,sell,2026-05-08T23:14:50.682628+00:00,match,2590.016751,-0.8392509445976147,-0.634842307111699,False
coinbase,ETH-USD,185825273,3591.07,1.407927,2026-05-08 23:19:58.799000+00:00,sell,2026-05-08T23:14:50.682186+00:00,match,5055.96441189,-1.0040311881112058,0.3297842191262454,False
coinbase,ETH-USD,185825437,3606.98,0.32933,2026-05-08 23:20:01.998000+00:00,buy,2026-05-08T23:14:50.682667+00:00,match,1187.8867234,-0.6179047438126158,-1.1887958152516958,False
coinbase,ETH-USD,185826401,3632.69,1.778293,2026-05-08 23:20:03.882000+00:00,sell,2026-05-08T23:14:50.685648+00:00,match,6459.98719817,-0.023292773180109416,0.8657048537426733,False
coinbase,ETH-USD,185825857,3694.17,1.838634,2026-05-08 23:20:04.193000+00:00,buy,2026-05-08T23:14:50.683892+00:00,match,6792.22656378,1.3913012345591285,0.979469238564112,False
coinbase,ETH-USD,185826837,3646.15,2.485541,2026-05-08 23:20:11.223000+00:00,sell,2026-05-08T23:14:50.687006+00:00,match,9062.65531715,0.2613811984272304,1.8159820436099379,False
coinbase,ETH-USD,185826219,3660.43,1.617143,2026-05-08 23:20:19.497000+00:00,buy,2026-05-08T23:14:50.685077+00:00,match,5919.43875149,0.5801346810783862,0.6246894248711239,False
coinbase,ETH-USD,185825601,3624.62,1.29984,2026-05-08 23:20:19.521000+00:00,sell,2026-05-08T23:14:50.683151+00:00,match,4711.4260608,-0.26013406658575927,0.1459965386030922,False
coinbase,ETH-USD,185825883,3687.61,1.49783,2026-05-08 23:20:26.787000+00:00,sell,2026-05-08T23:14:50.683961+00:00,match,5523.4128863000005,1.2052841879189267,0.4660828189768829,False
coinbase,ETH-USD,185825607,3626.38,0.469452,2026-05-08 23:20:26.913000+00:00,sell,2026-05-08T23:14:50.683167+00:00,match,1702.41134376,-0.25869081804133887,-1.0077525347783889,False
coinbase,ETH-USD,185825417,3604.81,2.487297,2026-05-08 23:20:27.223000+00:00,buy,2026-05-08T23:14:50.682598+00:00,match,8966.23309857,-0.7922789445873143,1.7898221409893869,False
coinbase,ETH-USD,185826975,3623.83,0.910619,2026-05-08 23:20:28.542000+00:00,buy,2026-05-08T23:14:50.687443+00:00,match,3299.92845077,-0.3142870601656525,-0.41258148255179683,False
coinbase,ETH-USD,185826791,3656.52,1.969266,2026-05-08 23:20:40.531000+00:00,sell,2026-05-08T23:14:50.686869+00:00,match,7200.6605143199995,0.4819910174099419,1.0831630292961079,False
coinbase,ETH-USD,185826505,3684.42,0.476049,2026-05-08 23:20:44.511000+00:00,buy,2026-05-08T23:14:50.685987+00:00,match,1753.96445658,1.1571980321829636,-1.0401211496798939,False
coinbase,ETH-USD,185826037,3704.51,2.373475,2026-05-08 23:20:52.798000+00:00,sell,2026-05-08T23:14:50.684483+00:00,match,8792.56187225,1.6189490523918089,1.6699824263324614,False
coinbase,ETH-USD,185826163,3678.96,1.216351,2026-05-08 23:20:55.480000+00:00,sell,2026-05-08T23:14:50.684892+00:00,match,4474.90667496,0.9671396038980299,-0.014902933731556394,False
coinbase,ETH-USD,185826671,3704.03,1.429752,2026-05-08 23:21:04.320000+00:00,sell,2026-05-08T23:14:50.686493+00:00,match,5295.84430056,1.55222665940851,0.2933334024994703,False
coinbase,ETH-USD,185825267,3588.99,0.660748,2026-05-08 23:21:07.688000+00:00,sell,2026-05-08T23:14:50.682170+00:00,match,2371.4179645199997,-1.232383848582795,-0.836633767764117,False
coinbase,ETH-USD,185826291,3652.74,0.689111,2026-05-08 23:21:10.527000+00:00,sell,2026-05-08T23:14:50.685293+00:00,match,2517.14331414,0.3303134817667728,-0.7743306043917466,False
coinbase,ETH-USD,185827101,3614.64,1.945927,2026-05-08 23:21:11.634000+00:00,sell,2026-05-08T23:14:50.687852+00:00,match,7033.825571279999,-0.5895280186112629,0.9954297452636681,False
coinbase,ETH-USD,185825109,3593.89,0.141715,2026-05-08 23:21:16.839000+00:00,buy,2026-05-08T23:14:50.681670+00:00,match,509.30812135,-1.1085740860071238,-1.5500055929910503,False
coinbase,ETH-USD,185826761,3671.68,1.499794,2026-05-08 23:21:18.706000+00:00,buy,2026-05-08T23:14:50.686783+00:00,match,5506.76363392,0.7936919157809926,0.3864929621520893,False
coinbase,ETH-USD,185826591,3731.11,1.124504,2026-05-08 23:21:21.618000+00:00,sell,2026-05-08T23:14:50.686256+00:00,match,4195.64811944,2.1833581820873094,-0.13665310178317147,False
coinbase,ETH-USD,185825121,3584.18,1.914227,2026-05-08 23:21:23.739000+00:00,buy,2026-05-08T23:14:50.681708+00:00,match,6860.934128859999,-1.3354318710354727,0.903459932725218,False
coinbase,ETH-USD,185826395,3628.21,2.431193,2026-05-08 23:21:25.622000+00:00,buy,2026-05-08T23:14:50.685629+00:00,match,8820.87875453,-0.2750281900651978,1.6327944293127972,False
coinbase,ETH-USD,185825325,3566.95,1.183674,2026-05-08 23:21:38.961000+00:00,buy,2026-05-08T23:14:50.682342+00:00,match,4222.1059743,-1.7015312003201601,-0.1435145133253127,False
coinbase,ETH-USD,185827243,3584.34,2.120657,2026-05-08 23:21:45.234000+00:00,buy,2026-05-08T23:14:50.688283+00:00,match,7601.15571138,-1.27659045736295,1.1417889792876008,False
coinbase,ETH-USD,185826641,3720.98,1.427651,2026-05-08 23:21:52.452000+00:00,buy,2026-05-08T23:14:50.686407+00:00,match,5312.26081798,1.895000797107633,0.2700996772737064,False
coinbase,ETH-USD,185825135,3587.25,0.668911,2026-05-08 23:21:57.990000+00:00,buy,2026-05-08T23:14:50.681745+00:00,match,2399.55098475,-1.1915789209446361,-0.8907448643197226,False
coinbase,ETH-USD,185825515,3622.91,0.750224,2026-05-08 23:21:58.367000+00:00,buy,2026-05-08T23:14:50.682892+00:00,match,2717.99403184,-0.35642888638993253,-0.7484224047064341,False
coinbase,ETH-USD,185826627,3732.38,0.53775,2026-05-08 23:22:04.428000+00:00,buy,2026-05-08T23:14:50.686371+00:00,match,2007.087345,2.1247375123178522,-1.045521199736148,False
coinbase,ETH-USD,185825709,3662.8,2.365373,2026-05-08 23:22:09.498000+00:00,sell,2026-05-08T23:14:50.683450+00:00,match,8663.8882244,0.5121034938942634,1.6066805303548437,False
coinbase,ETH-USD,185826359,3632.09,1.441005,2026-05-08 23:22:20.295000+00:00,sell,2026-05-08T23:14:50.685514+00:00,match,5233.8598504500005,-0.19385554161706994,0.24365316797290376,False
coinbase,ETH-USD,185825359,3567.64,0.836848,2026-05-08 23:22:25.745000+00:00,buy,2026-05-08T23:14:50.682432+00:00,match,2985.57239872,-1.6444383397112488,-0.6473498214107545,False
coinbase,ETH-USD,185826293,3647.44,0.586129,2026-05-08 23:22:26.318000+00:00,sell,2026-05-08T23:14:50.685299+00:00,match,2137.87035976,0.16772694423017287,-0.9649966466453079,False
coinbase,ETH-USD,185826215,3660.38,1.658319,2026-05-08 23:22:28.474000+00:00,buy,2026-05-08T23:14:50.685067+00:00,match,6070.077701220001,0.4550055558518694,0.6041223528457633,False
coinbase,ETH-USD,185825741,3680.61,1.869654,2026-05-08 23:22:28.724000+00:00,buy,2026-05-08T23:14:50.683542+00:00,match,6881.46720894,0.8975395519248479,0.910974875749054,False
coinbase,ETH-USD,185825423,3603.72,1.156157,2026-05-08 23:22:35.523000+00:00,sell,2026-05-08T23:14:50.682619+00:00,match,4166.466104040001,-0.8329966159769191,-0.17334590376052358,False
coinbase,ETH-USD,185826413,3635.1,0.94329,2026-05-08 23:22:39.690000+00:00,sell,2026-05-08T23:14:50.685684+00:00,match,3428.953479,-0.11882232136544515,-0.4690356101061734,False
coinbase,ETH-USD,185825629,3629.91,1.833678,2026-05-08 23:22:43.395000+00:00,buy,2026-05-08T23:14:50.683230+00:00,match,6656.086108979999,-0.23310528630935723,0.8013656824282103,False
coinbase,ETH-USD,185827111,3618.88,0.463493,2026-05-08 23:22:44.706000+00:00,buy,2026-05-08T23:14:50.687883+00:00,match,1677.32554784,-0.48839909253383273,-1.1769764751671796,False
coinbase,ETH-USD,185826201,3656.99,2.060828,2026-05-08 23:22:47.637000+00:00,buy,2026-05-08T23:14:50.685017+00:00,match,7536.427387719999,0.3638667901376334,1.1291182480507418,False
coinbase,ETH-USD,185825763,3668.48,0.716169,2026-05-08 23:22:48.840000+00:00,sell,2026-05-08T23:14:50.683606+00:00,match,2627.25165312,0.6167852053035059,-0.7949974292155363,False
coinbase,ETH-USD,185826095,3694.14,1.463778,2026-05-08 23:22:55.120000+00:00,buy,2026-05-08T23:14:50.684663+00:00,match,5407.40086092,1.211284014699148,0.2994340066313533,False
coinbase,ETH-USD,185825465,3611.36,2.318482,2026-05-08 23:22:55.587000+00:00,sell,2026-05-08T23:14:50.682749+00:00,match,8372.87315552,-0.7106385263031221,1.471018670814081,False
coinbase,ETH-USD,185826719,3665.03,2.024684,2026-05-08 23:23:02.323000+00:00,sell,2026-05-08T23:14:50.686652+00:00,match,7420.527600520001,0.5201616555230562,1.0890725800535925,False
coinbase,ETH-USD,185827143,3611.25,0.54412,2026-05-08 23:23:02.988000+00:00,buy,2026-05-08T23:14:50.687985+00:00,match,1964.95335,-0.727450114921642,-1.0663020417824614,False
coinbase,ETH-USD,185826025,3700.79,0.664792,2026-05-08 23:23:15.041000+00:00,buy,2026-05-08T23:14:50.684449+00:00,match,2460.25558568,1.3565973412650554,-0.8617421258666056,False
coinbase,ETH-USD,185825795,3664.52,1.781503,2026-05-08 23:23:17.635000+00:00,buy,2026-05-08T23:14:50.683694+00:00,match,6528.35337356,0.4922827867281635,0.7266738470013546,False
coinbase,ETH-USD,185826873,3644.93,1.41979,2026-05-08 23:23:19.254000+00:00,buy,2026-05-08T23:14:50.687122+00:00,match,5175.0351647,0.024757772739433293,0.21185704416984188,False
coinbase,ETH-USD,185825233,3604.17,0.097128,2026-05-08 23:23:23.691000+00:00,sell,2026-05-08T23:14:50.682048+00:00,match,350.06582376,-0.919411832431266,-1.6664824302494363,False
coinbase,ETH-USD,185825643,3633.46,1.50833,2026-05-08 23:23:33.429000+00:00,sell,2026-05-08T23:14:50.683268+00:00,match,5480.4567218,-0.2126811962742862,0.33933204068276096,False
coinbase,ETH-USD,185826307,3648.56,1.331262,2026-05-08 23:23:35.478000+00:00,buy,2026-05-08T23:14:50.685345+00:00,match,4857.18928272,0.13496596190399598,0.0791640221664699,False
coinbase,ETH-USD,185826619,3738.03,0.217821,2026-05-08 23:23:46.154000+00:00,buy,2026-05-08T23:14:50.686346+00:00,match,814.22143263,2.224961710325471,-1.5043371529021183,False
coinbase,ETH-USD,185827181,3614.57,0.963478,2026-05-08 23:24:04.472000+00:00,buy,2026-05-08T23:14:50.688098+00:00,match,3482.55867446,-0.7191923654140578,-0.4366758235468749,False
coinbase,ETH-USD,185825595,3622.66,1.350011,2026-05-08 23:24:07.671000+00:00,buy,2026-05-08T23:14:50.683136+00:00,match,4890.63084926,-0.5129705627418694,0.12474860806016146,False
coinbase,ETH-USD,185826197,3662.25,0.350938,2026-05-08 23:24:14.173000+00:00,sell,2026-05-08T23:14:50.685006+00:00,match,1285.2226905,0.4228757687828815,-1.2792415181436472,False
coinbase,ETH-USD,185825555,3622.78,0.734605,2026-05-08 23:24:21.434000+00:00,sell,2026-05-08T23:14:50.683015+00:00,match,2661.3123019,-0.5135604729562099,-0.7312637019470352,False
coinbase,ETH-USD,185826683,3708.52,0.572235,2026-05-08 23:24:31.982000+00:00,buy,2026-05-08T23:14:50.686543+00:00,match,2122.1449422,1.5165766911770684,-0.9376509103090889,False
coinbase,ETH-USD,185825921,3681.86,1.611932,2026-05-08 23:24:33.401000+00:00,buy,2026-05-08T23:14:50.684129+00:00,match,5934.90795352,0.8929466627164261,0.5430431272172478,False
coinbase,ETH-USD,185825699,3668.13,1.819428,2026-05-08 23:24:38.311000+00:00,sell,2026-05-08T23:14:50.683421+00:00,match,6673.89842964,0.5574432618287268,0.8252310486033443,False
coinbase,ETH-USD,185826709,3681.6,0.106222,2026-05-08 23:24:48.842000+00:00,buy,2026-05-08T23:14:50.686621+00:00,match,391.0669152,0.8743323771856674,-1.6526634425468245,False
coinbase,ETH-USD,185826817,3644.5,0.910532,2026-05-08 23:25:06.258000+00:00,sell,2026-05-08T23:14:50.686950+00:00,match,3318.433874,-0.00507136650603557,-0.5164001492849228,False
coinbase,ETH-USD,185825691,3654.6,0.262109,2026-05-08 23:25:10.746000+00:00,buy,2026-05-08T23:14:50.683401+00:00,match,957.9035514,0.22718328057809423,-1.4262447719162832,False
coinbase,ETH-USD,185825503,3627.04,1.10666,2026-05-08 23:25:12.979000+00:00,buy,2026-05-08T23:14:50.682859+00:00,match,4013.9000864,-0.4429691330007672,-0.21122004255764323,False
coinbase,ETH-USD,185826053,3700.93,1.714981,2026-05-08 23:25:17.874000+00:00,sell,2026-05-08T23:14:50.684537+00:00,match,6347.02463233,1.3130805996008752,0.7038768531502344,False
coinbase,ETH-USD,185825811,3670.44,2.273123,2026-05-08 23:25:19.029000+00:00,sell,2026-05-08T23:14:50.683740+00:00,match,8343.36158412,0.5712691308097592,1.4979524709930674,False
coinbase,ETH-USD,185825483,3628.38,2.315213,2026-05-08 23:25:19.440000+00:00,buy,2026-05-08T23:14:50.682806+00:00,match,8400.47254494,-0.44986805023916265,1.4883482375026278,False
coinbase,ETH-USD,185825721,3671.63,2.281545,2026-05-08 23:25:19.575000+00:00,sell,2026-05-08T23:14:50.683486+00:00,match,8376.98906835,0.5910063654744011,1.4648789270043314,False
coinbase,ETH-USD,185827031,3614.2,1.842393,2026-05-08 23:25:26.296000+00:00,sell,2026-05-08T23:14:50.687629+00:00,match,6658.776780599999,-0.7968516793773941,0.7790899968150365,False
coinbase,ETH-USD,185825295,3580.34,0.469267,2026-05-08 23:25:31.566000+00:00,buy,2026-05-08T23:14:50.682251+00:00,match,1680.13541078,-1.5766267709559425,-1.1503576645986375,False
coinbase,ETH-USD,185826175,3681.58,0.728642,2026-05-08 23:25:31.574000+00:00,buy,2026-05-08T23:14:50.684934+00:00,match,2682.55381436,0.8378024745645455,-0.7404574355215959,False
coinbase,ETH-USD,185826361,3628.56,1.908095,2026-05-08 23:25:39.797000+00:00,buy,2026-05-08T23:14:50.685519+00:00,match,6923.6371932,-0.4250853501670306,0.9150821412185747,False
coinbase,ETH-USD,185826649,3721.87,2.349323,2026-05-08 23:25:40.384000+00:00,sell,2026-05-08T23:14:50.686429+00:00,match,8743.87479401,1.766254689270721,1.5995291765920108,False
coinbase,ETH-USD,185825269,3589.65,1.208425,2026-05-08 23:25:44.746000+00:00,buy,2026-05-08T23:14:50.682175+00:00,match,4337.82280125,-1.3167973413115002,-0.13496474702959319,False
coinbase,ETH-USD,185827323,3573.7,0.201475,2026-05-08 23:25:48.510000+00:00,sell,2026-05-08T23:14:50.688530+00:00,match,720.0112075,-1.6464424262996036,-1.525292836090426,False
coinbase,ETH-USD,185827361,3540.59,0.48356,2026-05-08 23:25:51.762000+00:00,buy,2026-05-08T23:14:50.688647+00:00,match,1712.0877004,-2.319297215755704,-1.1150886105871596,False
coinbase,ETH-USD,185826357,3631.0,1.986744,2026-05-08 23:25:59.163000+00:00,sell,2026-05-08T23:14:50.685508+00:00,match,7213.867464,-0.30985491783727653,1.0215508982285535,False
coinbase,ETH-USD,185827407,3534.03,1.286973,2026-05-08 23:26:11.388000+00:00,buy,2026-05-08T23:14:50.688785+00:00,match,4548.20119119,-2.404479012979972,-0.0114926678967601,False
coinbase,ETH-USD,185826067,3699.59,0.693462,2026-05-08 23:26:17.988000+00:00,sell,2026-05-08T23:14:50.684581+00:00,match,2565.52508058,1.2125127582215254,-0.7862369114717358,False
coinbase,ETH-USD,185826587,3728.93,2.087297,2026-05-08 23:26:22.573000+00:00,buy,2026-05-08T23:14:50.686243+00:00,match,7783.384402209999,1.8043434597948111,1.2254153044633658,False
coinbase,ETH-USD,185827397,3531.26,1.435278,2026-05-08 23:26:22.758000+00:00,sell,2026-05-08T23:14:50.688753+00:00,match,5068.339790280001,-2.3957751561987646,0.1441452900261452,False
coinbase,ETH-USD,185825593,3624.58,1.508217,2026-05-08 23:26:37.747000+00:00,buy,2026-05-08T23:14:50.683131+00:00,match,5466.65317386,-0.4130688840728715,0.3026301341226153,False
coinbase,ETH-USD,185826563,3724.23,1.903769,2026-05-08 23:26:43.562000+00:00,buy,2026-05-08T23:14:50.686168+00:00,match,7090.07362287,1.663949225281795,0.9444486218406728,False
coinbase,ETH-USD,185827389,3531.52,1.739858,2026-05-08 23:26:45.732000+00:00,sell,2026-05-08T23:14:50.688729+00:00,match,6144.34332416,-2.2857214247676474,0.5803917001733835,False
coinbase,ETH-USD,185826251,3675.06,2.173775,2026-05-08 23:26:49.548000+00:00,buy,2026-05-08T23:14:50.685177+00:00,match,7988.7535515,0.6555084633101533,1.2970457079001667,False
coinbase,ETH-USD,185826949,3619.24,2.042369,2026-05-08 23:26:49.897000+00:00,buy,2026-05-08T23:14:50.687367+00:00,match,7391.823579559999,-0.48850715458879557,1.0389498054026465,False
coinbase,ETH-USD,185825433,3601.73,0.788414,2026-05-08 23:26:53.724000+00:00,sell,2026-05-08T23:14:50.682654+00:00,match,2839.65435622,-0.8336719302968068,-0.7801319950001958,False
coinbase,ETH-USD,185825727,3673.12,0.388216,2026-05-08 23:26:56.748000+00:00,sell,2026-05-08T23:14:50.683501+00:00,match,1425.96395392,0.6105215322668228,-1.3213154612660156,False
coinbase,ETH-USD,185826407,3637.37,1.529727,2026-05-08 23:27:01.253000+00:00,sell,2026-05-08T23:14:50.685668+00:00,match,5564.18309799,-0.13154999764466407,0.3142942991061827,False
coinbase,ETH-USD,185825657,3645.6,2.03292,2026-05-08 23:27:05.993000+00:00,sell,2026-05-08T23:14:50.683306+00:00,match,7411.213151999999,0.04142784320791374,1.051250635437268,False
coinbase,ETH-USD,185826489,3690.76,0.675377,2026-05-08 23:27:08.601000+00:00,sell,2026-05-08T23:14:50.685933+00:00,match,2492.6544165200003,0.9635495435856808,-0.9226989459460498,False
coinbase,ETH-USD,185826295,3643.17,1.803135,2026-05-08 23:27:15.750000+00:00,sell,2026-05-08T23:14:50.685306+00:00,match,6569.12733795,-0.0035918274644444383,0.7285900154286091,False
coinbase,ETH-USD,185827009,3620.36,0.967205,2026-05-08 23:27:33.226000+00:00,sell,2026-05-08T23:14:50.687553+00:00,match,3501.6302938,-0.4739780819152524,-0.5024584688724788,False
coinbase,ETH-USD,185825613,3625.46,0.913619,2026-05-08 23:27:40.038000+00:00,buy,2026-05-08T23:14:50.683184+00:00,match,3312.28913974,-0.3518861484351643,-0.564827123193272,False
coinbase,ETH-USD,185826365,3629.69,0.221813,2026-05-08 23:27:42.691000+00:00,sell,2026-05-08T23:14:50.685531+00:00,match,805.11242797,-0.2727538680979522,-1.5711856850828696,False
coinbase,ETH-USD,185825351,3569.83,0.526736,2026-05-08 23:27:43.905000+00:00,sell,2026-05-08T23:14:50.682410+00:00,match,1880.35797488,-1.506636813348894,-1.1185531890035667,False
coinbase,ETH-USD,185826973,3625.44,1.113846,2026-05-08 23:27:44.672000+00:00,sell,2026-05-08T23:14:50.687436+00:00,match,4038.18184224,-0.3364271667024419,-0.2479903087476711,False
coinbase,ETH-USD,185826019,3703.18,0.405072,2026-05-08 23:28:03.999000+00:00,buy,2026-05-08T23:14:50.684433+00:00,match,1500.05452896,1.3106971592334453,-1.2439894540321177,False
coinbase,ETH-USD,185825927,3676.12,0.100421,2026-05-08 23:28:29.028000+00:00,buy,2026-05-08T23:14:50.684171+00:00,match,369.15964652,0.7220982088910517,-1.6919616003958469,False
coinbase,ETH-USD,185825905,3687.62,1.388205,2026-05-08 23:28:32.811000+00:00,sell,2026-05-08T23:14:50.684027+00:00,match,5119.1725221,0.9476760827075982,0.19191717561780278,False
coinbase,ETH-USD,185826069,3696.31,2.22829,2026-05-08 23:28:35.643000+00:00,buy,2026-05-08T23:14:50.684588+00:00,match,8236.4506099,1.1100936417235479,1.4112997534215943,False
coinbase,ETH-USD,185825899,3694.24,1.614639,2026-05-08 23:28:49.624000+00:00,buy,2026-05-08T23:14:50.684010+00:00,match,5964.86397936,1.0449823099811035,0.4974587989209008,False
coinbase,ETH-USD,185826477,3680.93,1.932885,2026-05-08 23:28:49.653000+00:00,sell,2026-05-08T23:14:50.685896+00:00,match,7114.814383049999,0.750404587938293,0.9518552939613605,False
coinbase,ETH-USD,185826213,3657.42,0.684159,2026-05-08 23:28:54.042000+00:00,sell,2026-05-08T23:14:50.685061+00:00,match,2502.25680978,0.26189538587582656,-0.8681371368236295,False
coinbase,ETH-USD,185826887,3636.55,1.305102,2026-05-08 23:28:58.823000+00:00,sell,2026-05-08T23:14:50.687167+00:00,match,4746.0686781,-0.1800315975784088,0.043204892665047435,False
coinbase,ETH-USD,185826255,3670.97,1.90161,2026-05-08 23:29:00.867000+00:00,buy,2026-05-08T23:14:50.685192+00:00,match,6980.7532617,0.5493294853358586,0.9399146851813156,False
coinbase,ETH-USD,185826229,3659.28,2.016524,2026-05-08 23:29:01.295000+00:00,sell,2026-05-08T23:14:50.685105+00:00,match,7379.025942720001,0.2937079691516865,1.0832197628432108,False
coinbase,ETH-USD,185825937,3672.82,1.685548,2026-05-08 23:29:06.273000+00:00,sell,2026-05-08T23:14:50.684200+00:00,match,6190.7144053600005,0.5861084853218003,0.6034708841135704,False
coinbase,ETH-USD,185826133,3681.13,0.253347,2026-05-08 23:29:15.873000+00:00,sell,2026-05-08T23:14:50.684782+00:00,match,932.60324211,0.7500014435452262,-1.492112231903676,False
coinbase,ETH-USD,185825471,3620.14,0.856173,2026-05-08 23:29:19.872000+00:00,sell,2026-05-08T23:14:50.682769+00:00,match,3099.4661242199995,-0.5516747226279287,-0.612964901544684,False
coinbase,ETH-USD,185826937,3627.9,2.376603,2026-05-08 23:29:30.423000+00:00,buy,2026-05-08T23:14:50.687327+00:00,match,8622.0780237,-0.3872622474182178,1.5783067000011253,False
coinbase,ETH-USD,185826383,3624.72,0.326363,2026-05-08 23:29:45.845000+00:00,sell,2026-05-08T23:14:50.685589+00:00,match,1182.97449336,-0.447951386052584,-1.3627029391751868,False
coinbase,ETH-USD,185827277,3590.54,0.026864,2026-05-08 23:29:45.933000+00:00,buy,2026-05-08T23:14:50.688392+00:00,match,96.45626656,-1.152441310281832,-1.7710071962587384,False
coinbase,ETH-USD,185826337,3638.36,0.738906,2026-05-08 23:29:48.723000+00:00,sell,2026-05-08T23:14:50.685443+00:00,match,2688.40603416,-0.12378849676753077,-0.7344968653685718,False
coinbase,ETH-USD,185826567,3718.71,2.151139,2026-05-08 23:29:50.538000+00:00,buy,2026-05-08T23:14:50.686180+00:00,match,7999.46211069,1.572535284395141,1.3542365880592107,False
coinbase,ETH-USD,185825557,3620.16,0.557303,2026-05-08 23:29:51.168000+00:00,sell,2026-05-08T23:14:50.683020+00:00,match,2017.52602848,-0.5025270978172174,-0.988745229698998,False
coinbase,ETH-USD,185827249,3596.67,1.388488,2026-05-08 23:29:53.920000+00:00,buy,2026-05-08T23:14:50.688304+00:00,match,4993.93313496,-1.0074454382928761,0.17066685667243334,False
coinbase,ETH-USD,185826503,3685.79,1.054807,2026-05-08 23:29:54.864000+00:00,sell,2026-05-08T23:14:50.685981+00:00,match,3887.79709253,0.8880244060860154,-0.27156072981753543,False
coinbase,ETH-USD,185826737,3659.66,2.381371,2026-05-08 23:30:01.648000+00:00,sell,2026-05-08T23:14:50.686708+00:00,match,8715.00819386,0.3222302587533584,1.6161784372551171,False
coinbase,ETH-USD,185826317,3637.77,1.722523,2026-05-08 23:30:12.663000+00:00,buy,2026-05-08T23:14:50.685379+00:00,match,6266.14249371,-0.15508405303884928,0.6408974359042784,False
coinbase,ETH-USD,185826639,3726.54,2.382698,2026-05-08 23:30:13.563000+00:00,buy,2026-05-08T23:14:50.686402+00:00,match,8879.21940492,1.7148868699084157,1.64112873594797,False
coinbase,ETH-USD,185826111,3689.33,2.085716,2026-05-08 23:30:21.948000+00:00,sell,2026-05-08T23:14:50.684713+00:00,match,7694.89461028,0.9476018576136584,1.1565240391248672,False
coinbase,ETH-USD,185826243,3678.05,1.183627,2026-05-08 23:30:22.746000+00:00,sell,2026-05-08T23:14:50.685150+00:00,match,4353.43928735,0.6900321317684932,-0.13225139507769604,False
coinbase,ETH-USD,185826855,3646.02,2.049137,2026-05-08 23:30:31.419000+00:00,sell,2026-05-08T23:14:50.687064+00:00,match,7471.19448474,-0.004829765667346771,1.0962520542176581,False
coinbase,ETH-USD,185826439,3646.5,0.012497,2026-05-08 23:30:41.183000+00:00,sell,2026-05-08T23:14:50.685770+00:00,match,45.5703105,-0.011819585858367898,-1.7740694324701438,False
coinbase,ETH-USD,185826441,3650.47,2.281819,2026-05-08 23:30:51.501000+00:00,buy,2026-05-08T23:14:50.685777+00:00,match,8329.711804929999,0.061301548152397196,1.4185229363539082,False
coinbase,ETH-USD,185825785,3670.26,0.862931,2026-05-08 23:30:54.342000+00:00,sell,2026-05-08T23:14:50.683664+00:00,match,3167.18113206,0.5168582553300679,-0.5598110974826834,False
coinbase,ETH-USD,185826515,3694.54,0.483544,2026-05-08 23:30:57.312000+00:00,sell,2026-05-08T23:14:50.686017+00:00,match,1786.47264976,1.0407401394167013,-1.0857730272723007,False
coinbase,ETH-USD,185826045,3708.56,2.098785,2026-05-08 23:30:57.354000+00:00,buy,2026-05-08T23:14:50.684510+00:00,match,7783.470099599999,1.326940350078863,1.189655139328269,False
coinbase,ETH-USD,185826311,3639.87,2.474438,2026-05-08 23:31:04.200000+00:00,sell,2026-05-08T23:14:50.685359+00:00,match,9006.63264306,-0.1892454402837416,1.6166246574323684,False
coinbase,ETH-USD,185825651,3636.53,2.175997,2026-05-08 23:31:20.336000+00:00,sell,2026-05-08T23:14:50.683288+00:00,match,7913.078370410001,-0.2592341536966957,1.210021892514209,False
coinbase,ETH-USD,185827133,3613.73,1.111829,2026-05-08 23:31:43.090000+00:00,buy,2026-05-08T23:14:50.687954+00:00,match,4017.84981217,-0.7714656346480382,-0.2661827709546643,False
coinbase,ETH-USD,185826623,3734.06,1.546567,2026-05-08 23:31:45.929000+00:00,sell,2026-05-08T23:14:50.686358+00:00,match,5774.97397202,1.9156458430661842,0.3916763749157507,False
coinbase,ETH-USD,185826875,3642.81,2.463211,2026-05-08 23:31:49.878000+00:00,buy,2026-05-08T23:14:50.687128+00:00,match,8973.009662909999,-0.14843043555602695,1.5708721708085558,False
coinbase,ETH-USD,185825733,3676.65,0.227475,2026-05-08 23:31:50.184000+00:00,sell,2026-05-08T23:14:50.683522+00:00,match,836.34595875,0.6126827693965899,-1.4681687325012225,False
coinbase,ETH-USD,185826765,3669.22,1.067931,2026-05-08 23:31:53.559000+00:00,buy,2026-05-08T23:14:50.686796+00:00,match,3918.4737838199994,0.4480590826108015,-0.30523773338356536,False
coinbase,ETH-USD,185825539,3621.85,1.924788,2026-05-08 23:32:04.887000+00:00,sell,2026-05-08T23:14:50.682962+00:00,match,6971.2934178,-0.6300554781840898,0.8263965691357834,False
coinbase,ETH-USD,185827213,3590.04,0.74443,2026-05-08 23:32:13.240000+00:00,sell,2026-05-08T23:14:50.688201+00:00,match,2672.5334772,-1.3306372930845853,-0.776210823271533,False
coinbase,ETH-USD,185825871,3695.29,0.953705,2026-05-08 23:32:19.569000+00:00,buy,2026-05-08T23:14:50.683930+00:00,match,3524.21654945,1.019532489537362,-0.44744623784894405,False
coinbase,ETH-USD,185826893,3637.57,1.887817,2026-05-08 23:32:21.951000+00:00,sell,2026-05-08T23:14:50.687185+00:00,match,6867.066484690001,-0.27893566732691394,0.7851048256161931,False
coinbase,ETH-USD,185826659,3714.62,2.169656,2026-05-08 23:32:29.632000+00:00,buy,2026-05-08T23:14:50.686459+00:00,match,8059.447570719999,1.4238610487988432,1.227536861543197,False
coinbase,ETH-USD,185826079,3692.47,1.08804,2026-05-08 23:32:57.099000+00:00,sell,2026-05-08T23:14:50.684619+00:00,match,4017.555058799999,0.9228706896885243,-0.2908323290375987,False
coinbase,ETH-USD,185826851,3646.81,1.53698,2026-05-08 23:32:58.257000+00:00,buy,2026-05-08T23:14:50.687050+00:00,match,5605.0740338,-0.0783861577792092,0.3040731319830613,False
coinbase,ETH-USD,185826511,3694.35,0.995959,2026-05-08 23:32:59.929000+00:00,buy,2026-05-08T23:14:50.686006+00:00,match,3679.42113165,0.9602723330734945,-0.40416387934900816,False
coinbase,ETH-USD,185826777,3661.77,1.331805,2026-05-08 23:33:11.778000+00:00,buy,2026-05-08T23:14:50.686828+00:00,match,4876.763594849999,0.23663443639836135,0.05878330796263069,False
coinbase,ETH-USD,185827269,3588.65,0.845917,2026-05-08 23:33:12.249000+00:00,sell,2026-05-08T23:14:50.688368+00:00,match,3035.7000420500003,-1.3765588680521634,-0.6477700594620254,False
coinbase,ETH-USD,185826297,3645.87,0.050847,2026-05-08 23:33:15.408000+00:00,buy,2026-05-08T23:14:50.685312+00:00,match,185.38155189,-0.09977584417938097,-1.7076415818873003,False
coinbase,ETH-USD,185825729,3676.25,2.360033,2026-05-08 23:33:17.496000+00:00,buy,2026-05-08T23:14:50.683508+00:00,match,8676.07131625,0.5728846415807812,1.4755385182500171,False
coinbase,ETH-USD,185826645,3724.77,1.395825,2026-05-08 23:33:17.769000+00:00,buy,2026-05-08T23:14:50.686417+00:00,match,5199.12708525,1.6117589723327377,0.1747845490091461,False
coinbase,ETH-USD,185826059,3701.39,0.365935,2026-05-08 23:33:18.950000+00:00,buy,2026-05-08T23:14:50.684556+00:00,match,1354.46814965,1.077225644194769,-1.2742135727081843,False
coinbase,ETH-USD,185825759,3675.63,1.122876,2026-05-08 23:33:19.902000+00:00,buy,2026-05-08T23:14:50.683596+00:00,match,4127.27671188,0.5031564221876876,-0.22614465049040025,False
coinbase,ETH-USD,185826605,3728.4,2.12782,2026-05-08 23:33:23.605000+00:00,sell,2026-05-08T23:14:50.686303+00:00,match,7933.364087999999,1.6197333781694145,1.1855763169303735,False
coinbase,ETH-USD,185825769,3672.11,1.922839,2026-05-08 23:33:33.972000+00:00,buy,2026-05-08T23:14:50.683622+00:00,match,7060.87632029,0.42421557436429885,0.8427181455252328,False
coinbase,ETH-USD,185826253,3673.05,0.309405,2026-05-08 23:33:35.103000+00:00,buy,2026-05-08T23:14:50.685185+00:00,match,1136.46003525,0.43316874753074047,-1.3666206992136687,False
coinbase,ETH-USD,185826559,3727.22,0.332831,2026-05-08 23:33:38.253000+00:00,sell,2026-05-08T23:14:50.686156+00:00,match,1240.53435982,1.5865281975613408,-1.3027356095008433,False
coinbase,ETH-USD,185825973,3689.03,0.8587,2026-05-08 23:33:46.803000+00:00,buy,2026-05-08T23:14:50.684307+00:00,match,3167.770061,0.7462436516037856,-0.6006597007535487,False
coinbase,ETH-USD,185825697,3663.22,0.369786,2026-05-08 23:34:00.783000+00:00,sell,2026-05-08T23:14:50.683416+00:00,match,1354.60747092,0.17679519885333334,-1.2647197142354527,False
coinbase,ETH-USD,185825703,3661.09,1.349078,2026-05-08 23:34:06.168000+00:00,sell,2026-05-08T23:14:50.683432+00:00,match,4939.09597502,0.1416882172424506,0.053442277739678426,False
coinbase,ETH-USD,185827051,3627.88,0.345341,2026-05-08 23:34:10.287000+00:00,buy,2026-05-08T23:14:50.687687+00:00,match,1252.85570708,-0.5751156823836838,-1.2919480478851897,False
coinbase,ETH-USD,185826543,3717.69,1.194056,2026-05-08 23:34:17.847000+00:00,buy,2026-05-08T23:14:50.686110+00:00,match,4439.13005064,1.371854519723787,-0.10644046014057292,False
coinbase,ETH-USD,185827197,3604.39,1.550798,2026-05-08 23:34:21.318000+00:00,sell,2026-05-08T23:14:50.688147+00:00,match,5589.68080322,-1.0700941768878485,0.30446524327396346,False
coinbase,ETH-USD,185826203,3657.32,2.223977,2026-05-08 23:34:23.542000+00:00,buy,2026-05-08T23:14:50.685024+00:00,match,8133.79556164,0.07311920711875328,1.233402828303358,False
coinbase,ETH-USD,185826533,3699.24,1.55863,2026-05-08 23:34:26.912000+00:00,sell,2026-05-08T23:14:50.686077+00:00,match,5765.7464412,0.9665778110946207,0.33572321405618105,False
coinbase,ETH-USD,185827393,3529.04,0.02268,2026-05-08 23:34:32.433000+00:00,sell,2026-05-08T23:14:50.688742+00:00,match,80.0386272,-2.59146377302034,-1.7638225198989972,False
coinbase,ETH-USD,185826743,3657.13,1.168224,2026-05-08 23:34:36.428000+00:00,sell,2026-05-08T23:14:50.686724+00:00,match,4272.34703712,0.08707669225608185,-0.20139736604204847,False
coinbase,ETH-USD,185826075,3693.66,0.228035,2026-05-08 23:34:38.214000+00:00,sell,2026-05-08T23:14:50.684608+00:00,match,842.2837580999999,0.8446749712779286,-1.4448169503372799,False
coinbase,ETH-USD,185825725,3676.51,0.269527,2026-05-08 23:34:47.897000+00:00,buy,2026-05-08T23:14:50.683496+00:00,match,990.91871077,0.47665460240222274,-1.3621496094942975,False
coinbase,ETH-USD,185827219,3589.0,1.541185,2026-05-08 23:35:02.480000+00:00,sell,2026-05-08T23:14:50.688218+00:00,match,5531.312965,-1.3225792080046819,0.3345828438250031,False
coinbase,ETH-USD,185826459,3658.08,0.057499,2026-05-08 23:35:14.697000+00:00,sell,2026-05-08T23:14:50.685837+00:00,match,210.33594192,0.09936430881123284,-1.6148354153316458,False
coinbase,ETH-USD,185825991,3696.57,2.298897,2026-05-08 23:35:22.323000+00:00,buy,2026-05-08T23:14:50.684359+00:00,match,8498.033683290001,0.8818788703669443,1.4214961636708587,False
coinbase,ETH-USD,185827153,3608.89,0.90904,2026-05-08 23:35:26.493000+00:00,buy,2026-05-08T23:14:50.688019+00:00,match,3280.6253656,-0.9364519837377919,-0.504096645624492,False
coinbase,ETH-USD,185826721,3660.4,1.462909,2026-05-08 23:35:33.989000+00:00,buy,2026-05-08T23:14:50.686658+00:00,match,5354.8321036,0.13274778501345452,0.26798545316021305,False
coinbase,ETH-USD,185826993,3624.03,0.10966,2026-05-08 23:35:37.371000+00:00,buy,2026-05-08T23:14:50.687501+00:00,match,397.4111298,-0.6124585985632107,-1.536123648983547,False
coinbase,ETH-USD,185825947,3674.18,0.920188,2026-05-08 23:35:40.693000+00:00,buy,2026-05-08T23:14:50.684228+00:00,match,3380.93634584,0.43081623605092045,-0.42786953719712073,False
coinbase,ETH-USD,185826289,3650.67,1.324028,2026-05-08 23:35:40.800000+00:00,sell,2026-05-08T23:14:50.685285+00:00,match,4833.58929876,-0.08673187020781328,0.095086452669238,False
coinbase,ETH-USD,185826135,3675.87,1.00859,2026-05-08 23:35:49.188000+00:00,sell,2026-05-08T23:14:50.684789+00:00,match,3707.4457233,0.4414561793777938,-0.33488045326559,False
coinbase,ETH-USD,185827265,3594.25,0.715187,2026-05-08 23:35:58.232000+00:00,sell,2026-05-08T23:14:50.688355+00:00,match,2570.56087475,-1.3567318368606607,-0.7460171545173028,False
coinbase,ETH-USD,185826369,3624.75,0.425672,2026-05-08 23:36:01.740000+00:00,sell,2026-05-08T23:14:50.685545+00:00,match,1542.954582,-0.7285194307460007,-1.114357585072763,False
coinbase,ETH-USD,185825749,3672.75,0.953784,2026-05-08 23:36:06.030000+00:00,buy,2026-05-08T23:14:50.683567+00:00,match,3503.010186,0.37781311680871604,-0.38557325360382483,False
coinbase,ETH-USD,185825689,3654.21,2.068637,2026-05-08 23:36:06.849000+00:00,buy,2026-05-08T23:14:50.683395+00:00,match,7559.23401177,-0.0315985202651139,1.136423907569019,False
coinbase,ETH-USD,185825779,3661.26,2.253809,2026-05-08 23:36:16.190000+00:00,buy,2026-05-08T23:14:50.683648+00:00,match,8251.78073934,0.10717169412529338,1.3712091461441118,False
coinbase,ETH-USD,185825803,3667.11,0.430935,2026-05-08 23:36:23.886000+00:00,buy,2026-05-08T23:14:50.683716+00:00,match,1580.2860478500002,0.2401456363994751,-1.0873230013899722,False
coinbase,ETH-USD,185827175,3623.04,1.588616,2026-05-08 23:36:36.563000+00:00,buy,2026-05-08T23:14:50.688082+00:00,match,5755.61931264,-0.821377308836105,0.46218707385516145,False
coinbase,ETH-USD,185826435,3640.84,0.458591,2026-05-08 23:36:42.756000+00:00,buy,2026-05-08T23:14:50.685758+00:00,match,1669.65645644,-0.42949736978087605,-1.0327581256900271,False
coinbase,ETH-USD,185827139,3608.74,2.301945,2026-05-08 23:36:46.753000+00:00,buy,2026-05-08T23:14:50.687972+00:00,match,8307.1209993,-1.2377878297196019,1.416417060091212,False
coinbase,ETH-USD,185826779,3660.62,0.378432,2026-05-08 23:37:01.016000+00:00,sell,2026-05-08T23:14:50.686833+00:00,match,1385.29574784,0.09068499328127005,-1.114561543437638,False
coinbase,ETH-USD,185825767,3672.75,0.461277,2026-05-08 23:37:02.523000+00:00,buy,2026-05-08T23:14:50.683617+00:00,match,1694.15510175,0.39059718417292827,-0.993108783180895,False
coinbase,ETH-USD,185826883,3645.2,1.292751,2026-05-08 23:37:06.657000+00:00,buy,2026-05-08T23:14:50.687154+00:00,match,4712.3359451999995,-0.32354841689806224,0.10473646587318101,False
coinbase,ETH-USD,185826159,3681.79,0.606311,2026-05-08 23:37:39.195000+00:00,sell,2026-05-08T23:14:50.684879+00:00,match,2232.30977669,0.6228095714753856,-0.7980981388560916,False
coinbase,ETH-USD,185826227,3662.83,1.203157,2026-05-08 23:38:00.693000+00:00,sell,2026-05-08T23:14:50.685099+00:00,match,4406.95955431,0.12204506258375719,0.01530733270600603,False
coinbase,ETH-USD,185826531,3702.18,0.346946,2026-05-08 23:38:02.901000+00:00,sell,2026-05-08T23:14:50.686071+00:00,match,1284.45654228,1.1461212187520087,-1.1347281244118734,False
coinbase,ETH-USD,185826445,3651.8,2.482977,2026-05-08 23:38:07.560000+00:00,buy,2026-05-08T23:14:50.685791+00:00,match,9067.3354086,-0.1716606731021215,1.713210309945401,False
coinbase,ETH-USD,185826705,3685.55,1.290748,2026-05-08 23:38:07.725000+00:00,buy,2026-05-08T23:14:50.686608+00:00,match,4757.116291400001,0.6948810936501753,0.1337666690970619,False
coinbase,ETH-USD,185825943,3677.3,1.491891,2026-05-08 23:38:10.569000+00:00,buy,2026-05-08T23:14:50.684218+00:00,match,5486.130774300001,0.46652399774633163,0.3923139400435321,False
coinbase,ETH-USD,185826519,3690.57,0.846244,2026-05-08 23:38:29.427000+00:00,sell,2026-05-08T23:14:50.686029+00:00,match,3123.12271908,0.7990260842843555,-0.48369983707853526,False
coinbase,ETH-USD,185826021,3703.82,1.194752,2026-05-08 23:38:41.619000+00:00,buy,2026-05-08T23:14:50.684438+00:00,match,4425.14635264,1.1376363421256261,-0.01347174360330557,False
coinbase,ETH-USD,185827163,3607.39,2.409147,2026-05-08 23:38:41.982000+00:00,sell,2026-05-08T23:14:50.688051+00:00,match,8690.73279633,-1.440557820494492,1.5295081835900035,False
coinbase,ETH-USD,185826907,3630.9,1.173637,2026-05-08 23:38:45.073000+00:00,buy,2026-05-08T23:14:50.687233+00:00,match,4261.358583300001,-0.7956563149617072,-0.10093594567761721,False
coinbase,ETH-USD,185827177,3620.56,1.709217,2026-05-08 23:38:47.278000+00:00,sell,2026-05-08T23:14:50.688087+00:00,match,6188.32270152,-1.0528340060371657,0.5927531369382623,False
coinbase,ETH-USD,185827199,3601.32,0.412518,2026-05-08 23:38:56.171000+00:00,sell,2026-05-08T23:14:50.688153+00:00,match,1485.60932376,-1.52874423894117,-1.1347220360166772,False
coinbase,ETH-USD,185826403,3633.85,0.496627,2026-05-08 23:38:59.288000+00:00,buy,2026-05-08T23:14:50.685656+00:00,match,1804.66802395,-0.654358592599023,-0.9974971573426615,False
coinbase,ETH-USD,185826127,3677.47,0.363929,2026-05-08 23:39:03.073000+00:00,buy,2026-05-08T23:14:50.684767+00:00,match,1338.3379796299998,0.507671557686623,-1.1473226749700756,False
coinbase,ETH-USD,185826747,3656.45,2.254851,2026-05-08 23:39:09.618000+00:00,buy,2026-05-08T23:14:50.686736+00:00,match,8244.749938949999,-0.0447554576411415,1.3905489119428873,False
coinbase,ETH-USD,185826775,3661.39,1.016637,2026-05-08 23:39:16.116000+00:00,buy,2026-05-08T23:14:50.686823+00:00,match,3722.30454543,0.0857629167966937,-0.27537188745608426,False
coinbase,ETH-USD,185826561,3727.74,2.253805,2026-05-08 23:39:20.751000+00:00,buy,2026-05-08T23:14:50.686162+00:00,match,8401.599050699999,1.8011990247096898,1.4187484064133271,False
coinbase,ETH-USD,185826355,3629.12,1.871205,2026-05-08 23:39:29.257000+00:00,buy,2026-05-08T23:14:50.685503+00:00,match,6790.8274896,-0.7730682811556321,0.83316112182165,False
coinbase,ETH-USD,185826675,3698.98,0.056871,2026-05-08 23:39:36.432000+00:00,sell,2026-05-08T23:14:50.686506+00:00,match,210.36469158,1.0388191912034523,-1.5294488110921323,False
coinbase,ETH-USD,185826017,3707.4,0.657013,2026-05-08 23:39:37.328000+00:00,sell,2026-05-08T23:14:50.684428+00:00,match,2435.8099962,1.2399095745383755,-0.7095123448742655,False
coinbase,ETH-USD,185826701,3694.4,0.27649,2026-05-08 23:39:37.427000+00:00,buy,2026-05-08T23:14:50.686594+00:00,match,1021.464656,0.8983580754552978,-1.2222946828318169,False
coinbase,ETH-USD,185827301,3587.81,0.123804,2026-05-08 23:39:45.011000+00:00,sell,2026-05-08T23:14:50.688470+00:00,match,444.18522924,-1.8183790905855688,-1.4088460584917715,False
coinbase,ETH-USD,185826335,3641.67,1.062273,2026-05-08 23:39:54.496000+00:00,sell,2026-05-08T23:14:50.685437+00:00,match,3868.44771591,-0.45131245201508036,-0.1649482364752227,False
coinbase,ETH-USD,185826573,3730.83,2.234678,2026-05-08 23:40:12.864000+00:00,buy,2026-05-08T23:14:50.686199+00:00,match,8337.20372274,1.7751084277688642,1.4263901870106437,False
coinbase,ETH-USD,185826177,3682.76,0.65003,2026-05-08 23:40:37.428000+00:00,buy,2026-05-08T23:14:50.684941+00:00,match,2393.9044828,0.5479786140867492,-0.7390628052811439,False
coinbase,ETH-USD,185826417,3644.34,0.190722,2026-05-08 23:40:41.103000+00:00,buy,2026-05-08T23:14:50.685698+00:00,match,695.05581348,-0.4366227961447404,-1.342573386344665,False
coinbase,ETH-USD,185825987,3690.32,0.517798,2026-05-08 23:40:49.398000+00:00,buy,2026-05-08T23:14:50.684348+00:00,match,1910.84031536,0.7538292836696207,-0.8838154497093001,False
coinbase,ETH-USD,185826051,3704.38,1.494441,2026-05-08 23:41:01.692000+00:00,buy,2026-05-08T23:14:50.684530+00:00,match,5535.97735158,1.0945166796946793,0.425449336646845,False
coinbase,ETH-USD,185825901,3691.45,0.940085,2026-05-08 23:41:08.349000+00:00,buy,2026-05-08T23:14:50.684017+00:00,match,3470.2767732499997,0.7452623483159893,-0.32365302739820373,False
coinbase,ETH-USD,185826629,3730.43,0.431442,2026-05-08 23:41:17.583000+00:00,buy,2026-05-08T23:14:50.686376+00:00,match,1609.46418006,1.7275041724754543,-0.9902009087798386,False
coinbase,ETH-USD,185826773,3657.82,0.029137,2026-05-08 23:41:55.151000+00:00,sell,2026-05-08T23:14:50.686818+00:00,match,106.57790134,-0.141900953901561,-1.5072924014863116,False
coinbase,ETH-USD,185825975,3694.31,1.980715,2026-05-08 23:42:04.720000+00:00,sell,2026-05-08T23:14:50.684312+00:00,match,7317.37523165,0.7824750563468219,1.1096755679458186,False
coinbase,ETH-USD,185826495,3696.75,1.413597,2026-05-08 23:42:05.079000+00:00,buy,2026-05-08T23:14:50.685955+00:00,match,5225.71470975,0.8611690854204311,0.36934057250038205,False
coinbase,ETH-USD,185826889,3638.9,0.304345,2026-05-08 23:42:13.240000+00:00,buy,2026-05-08T23:14:50.687173+00:00,match,1107.4810205,-0.6286310608193285,-1.1231337089320408,False
coinbase,ETH-USD,185827321,3578.88,0.462548,2026-05-08 23:42:18.394000+00:00,sell,2026-05-08T23:14:50.688525+00:00,match,1655.40378624,-2.1141272131928943,-0.9074856276429215,False
coinbase,ETH-USD,185826631,3733.78,1.643152,2026-05-08 23:42:35.985000+00:00,buy,2026-05-08T23:14:50.686381+00:00,match,6135.16807456,1.7710695563900793,0.7448194438763155,False
coinbase,ETH-USD,185826191,3669.24,1.244093,2026-05-08 23:42:53.715000+00:00,sell,2026-05-08T23:14:50.684988+00:00,match,4564.87579932,0.15102871489700992,0.15086416916167492,False
coinbase,ETH-USD,185826263,3668.25,0.421033,2026-05-08 23:43:17.351000+00:00,buy,2026-05-08T23:14:50.685213+00:00,match,1544.45430225,0.12184827148285984,-0.9578737862539884,False
coinbase,ETH-USD,185826967,3623.2,0.682594,2026-05-08 23:43:26.358000+00:00,sell,2026-05-08T23:14:50.687417+00:00,match,2473.1745808,-0.9898027663341048,-0.6053836370878345,False
coinbase,ETH-USD,185826909,3630.03,0.505835,2026-05-08 23:43:35.121000+00:00,buy,2026-05-08T23:14:50.687238+00:00,match,1836.1962250500003,-0.8034000533860942,-0.844856278398483,False
coinbase,ETH-USD,185826237,3678.71,1.861654,2026-05-08 23:43:46.548000+00:00,sell,2026-05-08T23:14:50.685131+00:00,match,6848.48518634,0.4196303136575255,1.045305355861181,False
coinbase,ETH-USD,185826931,3627.29,0.329813,2026-05-08 23:43:56.650000+00:00,sell,2026-05-08T23:14:50.687308+00:00,match,1196.3273967700002,-0.8642813678894425,-1.0696984745940132,False
coinbase,ETH-USD,185825999,3691.98,0.774603,2026-05-08 23:43:58.890000+00:00,sell,2026-05-08T23:14:50.684380+00:00,match,2859.81878394,0.7393173087488658,-0.4198631359313448,False
coinbase,ETH-USD,185826539,3713.13,0.844369,2026-05-08 23:44:07.519000+00:00,buy,2026-05-08T23:14:50.686097+00:00,match,3135.25186497,1.2426650140510775,-0.3100471138495614,False
coinbase,ETH-USD,185826023,3700.51,0.750928,2026-05-08 23:44:16.619000+00:00,sell,2026-05-08T23:14:50.684444+00:00,match,2778.8165732800003,0.946626842062249,-0.4366301940926792,False
coinbase,ETH-USD,185826811,3649.6,1.640194,2026-05-08 23:44:26.251000+00:00,sell,2026-05-08T23:14:50.686931+00:00,match,5986.052022399999,-0.3421234256215608,0.8270514278042718,False
coinbase,ETH-USD,185827377,3536.67,1.351457,2026-05-08 23:45:02.523000+00:00,buy,2026-05-08T23:14:50.688691+00:00,match,4779.657428189999,-3.0147691276034814,0.34022091964787265,True
coinbase,ETH-USD,185827353,3541.67,1.214045,2026-05-08 23:45:06.009000+00:00,buy,2026-05-08T23:14:50.688620+00:00,match,4299.74675515,-2.751153583579361,0.14900686109596795,False
coinbase,ETH-USD,185826281,3656.72,1.027876,2026-05-08 23:45:07.273000+00:00,sell,2026-05-08T23:14:50.685261+00:00,match,3758.65472672,-0.09486208865233267,-0.0525345803442261,False
coinbase,ETH-USD,185827137,3613.76,2.034197,2026-05-08 23:45:19.698000+00:00,buy,2026-05-08T23:14:50.687966+00:00,match,7351.09975072,-1.1079463484259569,1.348199177492981,False
coinbase,ETH-USD,185826471,3671.26,0.861859,2026-05-08 23:45:29.733000+00:00,buy,2026-05-08T23:14:50.685876+00:00,match,3164.1084723400004,0.24596389280088798,-0.303868358946537,False
coinbase,ETH-USD,185826381,3621.93,1.304357,2026-05-08 23:45:32.172000+00:00,sell,2026-05-08T23:14:50.685582+00:00,match,4724.2897490099995,-0.9074475635813112,0.32260031608555134,False
coinbase,ETH-USD,185827037,3617.11,0.564202,2026-05-08 23:45:34.298000+00:00,buy,2026-05-08T23:14:50.687645+00:00,match,2040.78069622,-1.0006806028894146,-0.7279060276980146,False
coinbase,ETH-USD,185826553,3729.88,0.975447,2026-05-08 23:45:48.511000+00:00,sell,2026-05-08T23:14:50.686137+00:00,match,3638.30025636,1.6250048952321836,-0.08441638320431905,False
coinbase,ETH-USD,185826283,3653.51,0.88301,2026-05-08 23:46:00.396000+00:00,buy,2026-05-08T23:14:50.685267+00:00,match,3226.0858651,-0.15351606112865912,-0.2410451804304941,False
coinbase,ETH-USD,185826085,3695.3,0.932465,2026-05-08 23:46:03.443000+00:00,buy,2026-05-08T23:14:50.684635+00:00,match,3445.7379145,0.8187993108413936,-0.15162373732549866,False
coinbase,ETH-USD,185827247,3591.67,2.160811,2026-05-08 23:46:03.893000+00:00,sell,2026-05-08T23:14:50.688297+00:00,match,7760.920044369999,-1.5568905020668091,1.5563863011780612,False
coinbase,ETH-USD,185827029,3617.77,2.490057,2026-05-08 23:46:20.286000+00:00,sell,2026-05-08T23:14:50.687623+00:00,match,9008.45351289,-0.9723037554243447,1.9889128976370698,False
coinbase,ETH-USD,185826921,3638.07,2.450999,2026-05-08 23:46:31.653000+00:00,sell,2026-05-08T23:14:50.687275+00:00,match,8916.90593193,-0.4994491789631707,1.9039354347632793,False
coinbase,ETH-USD,185826731,3657.17,0.744142,2026-05-08 23:46:33.079000+00:00,sell,2026-05-08T23:14:50.686690+00:00,match,2721.45379814,-0.052550324471970764,-0.47864364063996967,False
coinbase,ETH-USD,185826987,3616.82,2.252802,2026-05-08 23:46:57.273000+00:00,sell,2026-05-08T23:14:50.687481+00:00,match,8147.97932964,-0.9698511690348922,1.6235554167526338,False
coinbase,ETH-USD,185827125,3619.07,0.198594,2026-05-08 23:47:03.735000+00:00,sell,2026-05-08T23:14:50.687928+00:00,match,718.72558758,-0.8990263191692559,-1.2560801403404858,False
coinbase,ETH-USD,185826919,3635.22,1.577686,2026-05-08 23:47:23.297000+00:00,buy,2026-05-08T23:14:50.687269+00:00,match,5735.2357009199995,-0.5118846045917852,0.6791060942767395,False
coinbase,ETH-USD,185826487,3689.24,2.373564,2026-05-08 23:47:28.973000+00:00,sell,2026-05-08T23:14:50.685927+00:00,match,8756.64725136,0.768006809854978,1.8335440522538098,False
coinbase,ETH-USD,185826841,3639.32,0.864364,2026-05-08 23:47:29.068000+00:00,sell,2026-05-08T23:14:50.687019+00:00,match,3145.69719248,-0.40377039580059243,-0.30999106107996993,False
coinbase,ETH-USD,185826265,3664.61,2.393233,2026-05-08 23:47:45.964000+00:00,buy,2026-05-08T23:14:50.685220+00:00,match,8770.26558413,0.19583738527786612,1.8165318170281908,False
coinbase,ETH-USD,185826807,3659.2,0.154762,2026-05-08 23:47:52.323000+00:00,sell,2026-05-08T23:14:50.686917+00:00,match,566.3051104,0.08525288191398019,-1.3161743598745161,False
coinbase,ETH-USD,185826803,3659.98,1.534281,2026-05-08 23:48:13.589000+00:00,buy,2026-05-08T23:14:50.686906+00:00,match,5615.43777438,0.11128660454315102,0.5998560218706663,False
coinbase,ETH-USD,185827341,3545.19,1.457165,2026-05-08 23:48:14.946000+00:00,sell,2026-05-08T23:14:50.688581+00:00,match,5165.92678635,-2.535447038814034,0.41594182775041133,False
coinbase,ETH-USD,185826769,3663.88,1.600033,2026-05-08 23:48:22.489000+00:00,sell,2026-05-08T23:14:50.686807+00:00,match,5862.32890804,0.22510641296012093,0.6777026507841235,False
coinbase,ETH-USD,185826835,3646.74,0.432306,2026-05-08 23:48:23.460000+00:00,sell,2026-05-08T23:14:50.686999+00:00,match,1576.50758244,-0.17829151920564867,-0.9619969262446235,False
coinbase,ETH-USD,185826695,3698.97,0.311824,2026-05-08 23:48:25.686000+00:00,sell,2026-05-08T23:14:50.686578+00:00,match,1153.4276212799998,1.0489760876958596,-1.1044204420465036,False
coinbase,ETH-USD,185827161,3605.17,2.11332,2026-05-08 23:48:28.740000+00:00,buy,2026-05-08T23:14:50.688046+00:00,match,7618.877864399999,-1.1494191819449668,1.3356937126935708,False
coinbase,ETH-USD,185826183,3676.1,1.153271,2026-05-08 23:48:29.463000+00:00,buy,2026-05-08T23:14:50.684961+00:00,match,4239.539523099999,0.5079445005822286,0.07619584095758178,False
coinbase,ETH-USD,185826895,3634.24,0.773394,2026-05-08 23:48:36.838000+00:00,sell,2026-05-08T23:14:50.687193+00:00,match,2810.6994105599997,-0.4587635260704973,-0.45871956876027187,False
coinbase,ETH-USD,185826333,3636.72,1.784334,2026-05-08 23:48:41.229000+00:00,sell,2026-05-08T23:14:50.685431+00:00,match,6489.12314448,-0.44532194870123637,0.9298742311598304,False
coinbase,ETH-USD,185826879,3643.74,1.621779,2026-05-08 23:48:52.494000+00:00,sell,2026-05-08T23:14:50.687141+00:00,match,5909.34101346,-0.26927945347457943,0.698564541157355,False
coinbase,ETH-USD,185827311,3585.87,0.003869,2026-05-08 23:49:09.018000+00:00,buy,2026-05-08T23:14:50.688499+00:00,match,13.87373103,-1.6500121593129826,-1.5560562607996862,False
coinbase,ETH-USD,185826193,3672.71,1.863229,2026-05-08 23:49:14.611000+00:00,sell,2026-05-08T23:14:50.684994+00:00,match,6843.099780590001,0.46624008969264213,1.0350676344483214,False
coinbase,ETH-USD,185826379,3619.48,0.605644,2026-05-08 23:49:15.549000+00:00,buy,2026-05-08T23:14:50.685576+00:00,match,2192.11634512,-0.8459844454781427,-0.732907975641748,False
coinbase,ETH-USD,185826823,3646.41,1.581597,2026-05-08 23:49:23.219000+00:00,sell,2026-05-08T23:14:50.686967+00:00,match,5767.151116769999,-0.18084521126116154,0.6194597155943693,False
coinbase,ETH-USD,185827253,3594.28,2.336379,2026-05-08 23:49:48.530000+00:00,sell,2026-05-08T23:14:50.688316+00:00,match,8397.600312120001,-1.4305252765768193,1.636904363728222,False
coinbase,ETH-USD,185826927,3633.75,1.521418,2026-05-08 23:49:48.603000+00:00,sell,2026-05-08T23:14:50.687294+00:00,match,5528.4526575,-0.47305177804233883,0.518900294276107,False
coinbase,ETH-USD,185827411,3536.56,0.447936,2026-05-08 23:50:09.529000+00:00,sell,2026-05-08T23:14:50.688798+00:00,match,1584.15254016,-2.7233389952225724,-0.9859026025229518,False
coinbase,ETH-USD,185826951,3618.83,2.024174,2026-05-08 23:50:32.508000+00:00,sell,2026-05-08T23:14:50.687372+00:00,match,7325.14159642,-0.7764153303382387,1.1998415623239997,False
coinbase,ETH-USD,185827211,3590.08,1.05222,2026-05-08 23:50:44.674000+00:00,sell,2026-05-08T23:14:50.688194+00:00,match,3777.5539776,-1.4227903915680222,-0.17096780008393586,False
coinbase,ETH-USD,185826527,3694.77,1.6969,2026-05-08 23:50:51.673000+00:00,sell,2026-05-08T23:14:50.686058+00:00,match,6269.655213,1.012262528157375,0.7834564035624705,False
coinbase,ETH-USD,185827281,3592.25,1.836817,2026-05-08 23:51:15.045000+00:00,sell,2026-05-08T23:14:50.688405+00:00,match,6598.30586825,-1.3452734784402012,0.8953624933521657,False
coinbase,ETH-USD,185827185,3610.41,0.796119,2026-05-08 23:51:25.095000+00:00,buy,2026-05-08T23:14:50.688108+00:00,match,2874.31599879,-0.9332766215756741,-0.5343452044950249,False
coinbase,ETH-USD,185827067,3606.55,0.994769,2026-05-08 23:51:35.458000+00:00,buy,2026-05-08T23:14:50.687742+00:00,match,3587.6841369500003,-1.0151314869222818,-0.2698295819984399,False
coinbase,ETH-USD,185826797,3662.24,2.099353,2026-05-08 23:51:36.413000+00:00,buy,2026-05-08T23:14:50.686888+00:00,match,7688.334530719999,0.2755177831807731,1.2856260441208958,False
coinbase,ETH-USD,185827189,3607.14,0.679121,2026-05-08 23:51:39.505000+00:00,buy,2026-05-08T23:14:50.688120+00:00,match,2449.68452394,-0.9842705914681978,-0.703380727576624,False
coinbase,ETH-USD,185827357,3545.27,0.497986,2026-05-08 23:51:41.048000+00:00,buy,2026-05-08T23:14:50.688633+00:00,match,1765.4948262199998,-2.317395871606528,-0.9487106527831084,False
coinbase,ETH-USD,185826469,3670.46,0.89687,2026-05-08 23:51:52.468000+00:00,buy,2026-05-08T23:14:50.685869+00:00,match,3291.9254601999996,0.4864148886725841,-0.3653649122301661,False
coinbase,ETH-USD,185826339,3642.73,0.574422,2026-05-08 23:51:58.341000+00:00,buy,2026-05-08T23:14:50.685449+00:00,match,2092.46425206,-0.13926150317860214,-0.8168911527904386,False
coinbase,ETH-USD,185826633,3730.83,0.416493,2026-05-08 23:52:25.200000+00:00,sell,2026-05-08T23:14:50.686386+00:00,match,1553.86457919,1.7872492215178257,-1.0253837241379973,False
coinbase,ETH-USD,185827369,3542.38,0.443358,2026-05-08 23:52:59.589000+00:00,buy,2026-05-08T23:14:50.688669+00:00,match,1570.54251204,-2.3017343924315563,-1.0007786770469405,False
coinbase,ETH-USD,185826939,3627.93,2.298864,2026-05-08 23:53:00.300000+00:00,sell,2026-05-08T23:14:50.687334+00:00,match,8340.11767152,-0.4505084151900883,1.6120009385032268,False
coinbase,ETH-USD,185827115,3613.82,0.91992,2026-05-08 23:53:12.938000+00:00,buy,2026-05-08T23:14:50.687896+00:00,match,3324.4252944,-0.7406311570783212,-0.34613280577368966,False
coinbase,ETH-USD,185826473,3674.66,0.245722,2026-05-08 23:53:15.367000+00:00,buy,2026-05-08T23:14:50.685882+00:00,match,902.94480452,0.5605716785662952,-1.2665905852097274,False
coinbase,ETH-USD,185827091,3610.12,1.232531,2026-05-08 23:53:34.287000+00:00,buy,2026-05-08T23:14:50.687820+00:00,match,4449.58481372,-0.8092376111680888,0.09893722885101165,False
coinbase,ETH-USD,185826593,3731.22,2.457887,2026-05-08 23:53:47.693000+00:00,sell,2026-05-08T23:14:50.686264+00:00,match,9170.91713214,1.747468497226269,1.8797393242045735,False
coinbase,ETH-USD,185826669,3709.19,1.807526,2026-05-08 23:54:31.758000+00:00,sell,2026-05-08T23:14:50.686487+00:00,match,6704.45736394,1.2781816326305602,0.9203508617135945,False
coinbase,ETH-USD,185826759,3668.47,0.22885,2026-05-08 23:54:36.492000+00:00,buy,2026-05-08T23:14:50.686777+00:00,match,839.5293594999999,0.4154356366261436,-1.3011392080224506,False
coinbase,ETH-USD,185827083,3608.07,1.712176,2026-05-08 23:55:06.921000+00:00,buy,2026-05-08T23:14:50.687796+00:00,match,6177.65086032,-0.8406556214639817,0.7494060626025403,False
coinbase,ETH-USD,185826959,3633.04,0.220318,2026-05-08 23:55:29.089000+00:00,buy,2026-05-08T23:14:50.687394+00:00,match,800.42410672,-0.30584804690811485,-1.2906216566465725,False
coinbase,ETH-USD,185826681,3705.45,0.536624,2026-05-08 23:55:31.308000+00:00,sell,2026-05-08T23:14:50.686536+00:00,match,1988.4334008,1.2143219775663154,-0.8306016450356615,False
coinbase,ETH-USD,185826537,3708.87,1.495597,2026-05-08 23:55:37.923000+00:00,sell,2026-05-08T23:14:50.686090+00:00,match,5546.97484539,1.2834634485289906,0.5190186914161704,False
coinbase,ETH-USD,185826853,3644.0,0.733745,2026-05-08 23:55:43.756000+00:00,buy,2026-05-08T23:14:50.687057+00:00,match,2673.76678,-0.0864972696075992,-0.5579119532661174,False
coinbase,ETH-USD,185827293,3583.52,1.497033,2026-05-08 23:56:17.280000+00:00,sell,2026-05-08T23:14:50.688444+00:00,match,5364.64769616,-1.3394079188285801,0.4742750505395596,False
coinbase,ETH-USD,185826565,3723.16,1.472852,2026-05-08 23:56:43.889000+00:00,buy,2026-05-08T23:14:50.686174+00:00,match,5483.6636523199995,1.540079219179692,0.5237440689124991,False
coinbase,ETH-USD,185826971,3627.25,2.453495,2026-05-08 23:56:44.292000+00:00,sell,2026-05-08T23:14:50.687430+00:00,match,8899.439738750001,-0.44961433233227993,1.791926969799626,False
coinbase,ETH-USD,185826729,3653.8,0.787686,2026-05-08 23:56:47.862000+00:00,buy,2026-05-08T23:14:50.686683+00:00,match,2878.0471068,0.09724679085733338,-0.5094812826677164,False
coinbase,ETH-USD,185827157,3603.18,0.468675,2026-05-08 23:57:05.958000+00:00,sell,2026-05-08T23:14:50.688033+00:00,match,1688.7203865,-0.9357090647545288,-0.9669731143010751,False
coinbase,ETH-USD,185826881,3639.92,0.281913,2026-05-08 23:57:06.610000+00:00,sell,2026-05-08T23:14:50.687148+00:00,match,1026.14076696,-0.17159333391125625,-1.1989380295193446,False
coinbase,ETH-USD,185826827,3647.77,1.195964,2026-05-08 23:57:25.183000+00:00,sell,2026-05-08T23:14:50.686978+00:00,match,4362.60160028,-0.006244802774250125,0.08255838619872383,False
coinbase,ETH-USD,185826661,3720.1,0.206711,2026-05-08 23:57:57.217000+00:00,sell,2026-05-08T23:14:50.686465+00:00,match,768.9855911,1.4972352933207167,-1.2780711630225934,False
coinbase,ETH-USD,185827231,3593.1,0.988865,2026-05-08 23:58:03.088000+00:00,buy,2026-05-08T23:14:50.688251+00:00,match,3553.0908314999997,-1.1259350734052174,-0.18921765567979174,False
coinbase,ETH-USD,185827149,3609.86,1.797869,2026-05-08 23:58:16.143000+00:00,sell,2026-05-08T23:14:50.688007+00:00,match,6490.05538834,-0.7636276587226353,0.9356237405482251,False
coinbase,ETH-USD,185826575,3727.08,0.49795,2026-05-08 23:58:26.032000+00:00,sell,2026-05-08T23:14:50.686205+00:00,match,1855.899486,1.6493171604294194,-0.8763340505995842,False
coinbase,ETH-USD,185827405,3532.31,0.732489,2026-05-08 23:58:31.951000+00:00,buy,2026-05-08T23:14:50.688779+00:00,match,2587.37821959,-2.2746763383468127,-0.5996977498716052,False
coinbase,ETH-USD,185826955,3625.4,0.567586,2026-05-08 23:58:43.669000+00:00,buy,2026-05-08T23:14:50.687383+00:00,match,2057.7262844,-0.4109781348513524,-0.8203294488707953,False
coinbase,ETH-USD,185827173,3619.42,2.05265,2026-05-08 23:59:11.388000+00:00,sell,2026-05-08T23:14:50.688077+00:00,match,7429.402462999999,-0.5268361990504441,1.283021878395914,False
coinbase,ETH-USD,185826941,3623.12,1.213738,2026-05-08 23:59:23.338000+00:00,buy,2026-05-08T23:14:50.687341+00:00,match,4397.51842256,-0.43650224789390507,0.10880550970177233,False
coinbase,ETH-USD,185827007,3625.0,1.444065,2026-05-08 23:59:41.228000+00:00,buy,2026-05-08T23:14:50.687547+00:00,match,5234.735624999999,-0.38701139407627994,0.43164557337238846,False
coinbase,ETH-USD,185826953,3623.24,2.07496,2026-05-08 23:59:53.581000+00:00,buy,2026-05-08T23:14:50.687377+00:00,match,7518.078070399999,-0.4184934889298112,1.3165384018170625,False
coinbase,ETH-USD,185826913,3626.02,2.487517,2026-05-09 00:00:01.075000+00:00,sell,2026-05-08T23:14:50.687248+00:00,match,9019.78639234,-0.34958975062325415,1.8621999323373142,False
coinbase,ETH-USD,185826739,3658.97,0.527417,2026-05-09 00:00:08.093000+00:00,sell,2026-05-08T23:14:50.686714+00:00,match,1929.80298049,0.3422052769790798,-0.9135067373657455,False
coinbase,ETH-USD,185827103,3617.04,2.356859,2026-05-09 00:00:28.214000+00:00,sell,2026-05-08T23:14:50.687858+00:00,match,8524.85327736,-0.5160986377823293,1.6345452272115815,False
coinbase,ETH-USD,185826901,3628.84,2.431113,2026-05-09 00:00:56.075000+00:00,sell,2026-05-08T23:14:50.687215+00:00,match,8822.12009892,-0.2529753126016304,1.7055720910295735,False
coinbase,ETH-USD,185827355,3545.12,1.015688,2026-05-09 00:01:46.687000+00:00,sell,2026-05-08T23:14:50.688626+00:00,match,3600.7358425599996,-1.9685087497558584,-0.3162494446554999,False
coinbase,ETH-USD,185827205,3599.04,1.506585,2026-05-09 00:01:53.293000+00:00,sell,2026-05-08T23:14:50.688173+00:00,match,5422.2596784,-0.8281134331896611,0.4020327634334393,False
coinbase,ETH-USD,185827303,3586.22,1.469434,2026-05-09 00:02:17.011000+00:00,sell,2026-05-08T23:14:50.688476+00:00,match,5269.713599479999,-1.0746676448611276,0.34215605308669866,False
coinbase,ETH-USD,185826805,3657.2,2.321878,2026-05-09 00:02:37.169000+00:00,buy,2026-05-08T23:14:50.686911+00:00,match,8491.5722216,0.4067887316591106,1.5672076539727735,False
coinbase,ETH-USD,185827147,3611.55,0.06707,2026-05-09 00:02:57.623000+00:00,buy,2026-05-08T23:14:50.687998+00:00,match,242.22665850000004,-0.5581560593808662,-1.6289061063113117,False
coinbase,ETH-USD,185827039,3618.71,1.520025,2026-05-09 00:02:57.727000+00:00,buy,2026-05-08T23:14:50.687650+00:00,match,5500.52966775,-0.391155802043073,0.4073150317611723,False
coinbase,ETH-USD,185827365,3543.26,2.106144,2026-05-09 00:03:04.056000+00:00,buy,2026-05-08T23:14:50.688659+00:00,match,7462.61578944,-1.950323546129327,1.1479879926717065,False
coinbase,ETH-USD,185827089,3609.75,1.847136,2026-05-09 00:03:11.703000+00:00,sell,2026-05-08T23:14:50.687813+00:00,match,6667.699175999999,-0.535123577423301,0.8250951382452294,False
coinbase,ETH-USD,185827117,3619.21,2.384147,2026-05-09 00:03:12.983000+00:00,buy,2026-05-08T23:14:50.687902+00:00,match,8628.72866387,-0.3343398725672612,1.5437108964945863,False
coinbase,ETH-USD,185827129,3612.73,2.110369,2026-05-09 00:03:29.567000+00:00,sell,2026-05-08T23:14:50.687941+00:00,match,7624.19339737,-0.4670580777143084,1.136521503875368,False
coinbase,ETH-USD,185827127,3615.34,0.906934,2026-05-09 00:04:37.528000+00:00,sell,2026-05-08T23:14:50.687935+00:00,match,3278.87476756,-0.40004388731474033,-0.5104542121840137,False
coinbase,ETH-USD,185827023,3613.64,2.230878,2026-05-09 00:05:12.069000+00:00,buy,2026-05-08T23:14:50.687600+00:00,match,8061.58997592,-0.43278371225581963,1.2941606033574304,False
coinbase,ETH-USD,185827027,3615.01,0.016337,2026-05-09 00:05:31.658000+00:00,sell,2026-05-08T23:14:50.687616+00:00,match,59.058418370000005,-0.3902109034111705,-1.735829742231814,False
coinbase,ETH-USD,185827381,3532.68,0.108718,2026-05-09 00:05:39.195000+00:00,sell,2026-05-08T23:14:50.688702+00:00,match,384.0659042399999,-2.0893114500495087,-1.5846309175469078,False
coinbase,ETH-USD,185827183,3615.34,1.800266,2026-05-09 00:05:46.218000+00:00,sell,2026-05-08T23:14:50.688102+00:00,match,6508.57368044,-0.32744646731674587,0.6895421530918532,False
coinbase,ETH-USD,185826991,3624.71,1.636725,2026-05-09 00:05:53.118000+00:00,sell,2026-05-08T23:14:50.687494+00:00,match,5932.65347475,-0.12208617127175585,0.4746245778783785,False
coinbase,ETH-USD,185827261,3596.19,2.254026,2026-05-09 00:06:36.840000+00:00,sell,2026-05-08T23:14:50.688342+00:00,match,8105.905760940001,-0.7579439800250023,1.2637890136527508,False
coinbase,ETH-USD,185826985,3620.28,2.330426,2026-05-09 00:07:38.713000+00:00,buy,2026-05-08T23:14:50.687475+00:00,match,8436.79463928,-0.2556706260625929,1.3582631590303194,False
coinbase,ETH-USD,185827259,3595.63,1.732897,2026-05-09 00:07:41.932000+00:00,sell,2026-05-08T23:14:50.688335+00:00,match,6230.85644011,-0.7877831515328545,0.5389016114944538,False
coinbase,ETH-USD,185827131,3616.74,2.334404,2026-05-09 00:07:42.438000+00:00,buy,2026-05-08T23:14:50.687947+00:00,match,8442.93232296,-0.3208807530635062,1.340110976022341,False
coinbase,ETH-USD,185827047,3622.41,1.196928,2026-05-09 00:09:19.743000+00:00,buy,2026-05-08T23:14:50.687676+00:00,match,4335.76395648,-0.18513532220810025,-0.16405834446954054,False
coinbase,ETH-USD,185827255,3597.82,0.394013,2026-05-09 00:09:42.262000+00:00,buy,2026-05-08T23:14:50.688323+00:00,match,1417.58785166,-0.7249257440825764,-1.2100555556308468,False
coinbase,ETH-USD,185827045,3617.88,1.176166,2026-05-09 00:09:58.476000+00:00,buy,2026-05-08T23:14:50.687669+00:00,match,4255.227448080001,-0.2800209768126669,-0.18899820533389422,False
coinbase,ETH-USD,185827171,3620.76,1.662544,2026-05-09 00:10:05.500000+00:00,buy,2026-05-08T23:14:50.688072+00:00,match,6019.67281344,-0.19681042022779086,0.4457755013664577,False
coinbase,ETH-USD,185827387,3532.82,0.747342,2026-05-09 00:11:10.598000+00:00,sell,2026-05-08T23:14:50.688722+00:00,match,2640.22476444,-2.123289642653311,-0.7833078339322319,False
coinbase,ETH-USD,185827375,3540.93,0.474761,2026-05-09 00:11:23.540000+00:00,buy,2026-05-08T23:14:50.688685+00:00,match,1681.09546773,-1.8947994577320657,-1.1202716436617293,False
coinbase,ETH-USD,185827343,3550.38,1.875216,2026-05-09 00:12:17.072000+00:00,buy,2026-05-08T23:14:50.688588+00:00,match,6657.7293820800005,-1.6581838484732074,0.6889093430968227,False
coinbase,ETH-USD,185827309,3583.29,1.69785,2026-05-09 00:13:26.014000+00:00,sell,2026-05-08T23:14:50.688494+00:00,match,6083.8889265,-0.9274004954005969,0.4963814160934822,False
coinbase,ETH-USD,185827299,3588.3,0.866704,2026-05-09 00:13:40.806000+00:00,sell,2026-05-08T23:14:50.688463+00:00,match,3109.9939632,-0.805140282885643,-0.581465841736327,False
coinbase,ETH-USD,185827275,3585.88,0.169395,2026-05-09 00:13:44.694000+00:00,buy,2026-05-08T23:14:50.688385+00:00,match,607.4301426,-0.8411812006830285,-1.4900717783593416,False
coinbase,ETH-USD,185827385,3532.39,2.29556,2026-05-09 00:16:50.929000+00:00,buy,2026-05-08T23:14:50.688716+00:00,match,8108.8131884,-1.9439493398019263,1.2723753712707535,False
coinbase,ETH-USD,185827367,3538.58,0.995329,2026-05-09 00:16:54.163000+00:00,sell,2026-05-08T23:14:50.688664+00:00,match,3522.05129282,-1.7665482715031346,-0.43138508964135913,False
coinbase,ETH-USD,185827379,3536.98,0.813485,2026-05-09 00:17:41.701000+00:00,buy,2026-05-08T23:14:50.688696+00:00,match,2877.2801753,-1.7519606058621335,-0.6596158985800713,False
