e,symbol,trade_id,price,quantity,m,trade_value
trade,ETHUSDT,143951519,3499.0,1.611347,True,5638.103153
trade,BTCUSDT,111961325,97021.44,1.270186,False,123235.27478784001
trade,BTCUSDT,111960263,96605.84,0.933263,True,90158.65605591999
trade,BTCUSDT,111960478,97255.89,1.878487,True,182693.92503843
trade,BTCUSDT,111960384,96981.16,0.504888,False,48964.62391008
trade,ETHUSDT,143951608,3507.52,0.056362,True,197.69084224
trade,ETHUSDT,143950344,3515.43,1.623342,True,5706.74516706
trade,ETHUSDT,143951617,3501.14,0.858721,False,3006.5024419399997
trade,ETHUSDT,143951404,3507.48,0.843521,False,2958.6330370799997
trade,ETHUSDT,143951293,3505.89,1.506624,False,5282.058015359999
trade,BTCUSDT,111961474,96893.43,0.409173,True,39646.175433389995
trade,BTCUSDT,111961981,97458.7,1.440544,False,140393.5455328
trade,BTCUSDT,111961215,96643.88,0.036356,True,3513.58490128
trade,ETHUSDT,143951950,3483.59,1.809341,False,6303.002214190001
trade,ETHUSDT,143951545,3485.23,0.410121,True,1429.36601283
trade,ETHUSDT,143951644,3504.46,1.219872,True,4274.99262912
trade,ETHUSDT,143951216,3493.68,0.830378,True,2901.0750110399995
trade,ETHUSDT,143951394,3488.18,1.304439,True,4550.11803102
trade,BTCUSDT,111960323,97164.03,0.104263,False,10130.613259889999
trade,ETHUSDT,143950859,3486.32,0.447051,True,1558.56284232
trade,ETHUSDT,143951854,3506.98,0.872329,False,3059.24035642
trade,BTCUSDT,111961968,97053.18,0.319825,True,31040.0332935
trade,ETHUSDT,143950448,3496.12,0.496326,False,1735.21525512
trade,BTCUSDT,111961168,96623.64,1.96151,False,189528.2360964
trade,ETHUSDT,143951410,3511.34,0.248096,False,871.14940864
trade,BTCUSDT,111962018,96892.33,1.711077,False,165790.23733941
trade,ETHUSDT,143951176,3510.02,1.025736,False,3600.35387472
trade,BTCUSDT,111960084,96928.74,0.598424,True,58004.48430576
trade,ETHUSDT,143950225,3499.0,1.016263,True,3555.9042369999997
trade,ETHUSDT,143951120,3488.08,1.891256,False,6596.85222848
trade,BTCUSDT,111961463,96682.08,1.215584,False,117525.18953472
trade,BTCUSDT,111960757,96951.99,0.986536,True,95646.62840664
trade,BTCUSDT,111960261,96797.91,1.084923,False,105018.27891093
trade,ETHUSDT,143950519,3483.39,1.588118,False,5532.034360019999
trade,ETHUSDT,143950846,3496.3,1.65728,True,5794.348064000001
trade,BTCUSDT,111961349,96873.56,0.15028,True,14558.1585968
trade,BTCUSDT,111960520,96608.31,1.183846,True,114369.36136026
trade,BTCUSDT,111960901,96556.86,1.983833,False,191552.68524438
trade,BTCUSDT,111960651,97193.8,1.348113,False,131028.2252994
trade,ETHUSDT,143950613,3513.61,1.019238,True,3581.2048291800006
trade,BTCUSDT,111961351,97383.17,0.543782,True,52955.214948939996
trade,BTCUSDT,111960591,97439.52,0.683483,True,66598.25544816
trade,BTCUSDT,111961469,96673.64,0.285749,True,27624.395956359996
trade,BTCUSDT,111961702,97069.27,0.613454,True,59547.53195858001
trade,BTCUSDT,111960844,97433.23,1.273874,True,124117.65843301998
trade,ETHUSDT,143951053,3507.59,0.350146,True,1228.16860814
trade,ETHUSDT,143950967,3505.89,1.670615,False,5856.992422349999
trade,BTCUSDT,111961404,96778.19,1.066939,True,103256.42526041
trade,ETHUSDT,143951275,3482.61,1.958328,False,6820.09267608
trade,BTCUSDT,111960096,97202.78,1.194265,False,116085.87805669999
trade,ETHUSDT,143950656,3501.04,1.740916,True,6095.01655264
trade,ETHUSDT,143950722,3505.5,1.138583,False,3991.3027064999997
trade,BTCUSDT,111961675,97377.24,0.819668,False,79817.00755632
trade,BTCUSDT,111961524,96531.15,1.986364,False,191746.0012386
trade,ETHUSDT,143951371,3517.36,1.601133,True,5631.76116888
trade,ETHUSDT,143950207,3511.64,0.483641,True,1698.37308124
trade,BTCUSDT,111960366,96816.2,0.303471,False,29380.909030199997
trade,BTCUSDT,111960311,96879.63,1.653533,True,160193.66523279
trade,ETHUSDT,143950291,3503.21,1.811844,True,6347.27001924
trade,BTCUSDT,111960813,97338.76,0.890074,True,86638.69946824
trade,BTCUSDT,111961216,96539.22,1.907967,True,184193.64596574
trade,ETHUSDT,143950552,3488.05,1.16465,True,4062.3574325
trade,BTCUSDT,111961580,97144.05,1.663243,False,161574.16115415
trade,ETHUSDT,143951185,3498.68,1.406641,False,4921.38673388
trade,ETHUSDT,143952015,3503.94,1.455343,True,5099.43455142
trade,ETHUSDT,143951079,3491.55,0.275947,True,963.48274785
trade,ETHUSDT,143951288,3487.89,0.686021,True,2392.76578569
trade,ETHUSDT,143950055,3513.01,0.404966,True,1422.6496076600001
trade,ETHUSDT,143950669,3516.3,1.991891,True,7004.086323300001
trade,BTCUSDT,111960566,97465.5,0.879511,False,85721.9793705
trade,BTCUSDT,111960895,97458.29,0.894556,False,87181.89806924
trade,ETHUSDT,143950311,3489.33,1.26828,True,4425.4474524
trade,BTCUSDT,111961636,97248.87,0.577426,False,56154.02600862
trade,ETHUSDT,143950361,3495.43,1.372676,True,4798.09287068
trade,BTCUSDT,111960707,97056.5,0.092377,False,8965.7883005
trade,BTCUSDT,111961312,96657.49,1.662306,True,160674.32557194002
trade,ETHUSDT,143950435,3492.67,0.058684,False,204.96384628
trade,ETHUSDT,143951203,3500.06,1.484974,True,5197.49809844
trade,BTCUSDT,111960123,96727.36,1.69428,True,163883.2315008
trade,ETHUSDT,143950773,3510.73,1.99503,True,7004.011671900001
trade,ETHUSDT,143951903,3505.24,0.591995,True,2075.0845538
trade,ETHUSDT,143951199,3511.59,1.086588,False,3815.6515549200008
trade,BTCUSDT,111961987,97213.69,0.792969,True,77087.44254561
trade,BTCUSDT,111960402,97451.72,1.470082,True,143262.01944104
trade,ETHUSDT,143950620,3512.78,0.009711,False,34.11260658
trade,BTCUSDT,111960127,96697.53,1.541832,False,149091.34607496002
trade,ETHUSDT,143950803,3504.39,0.056362,True,197.51442918
trade,ETHUSDT,143950517,3505.38,0.562128,False,1970.4722486399999
trade,ETHUSDT,143951055,3515.41,0.804732,True,2828.96292012
trade,BTCUSDT,111960555,97089.68,1.716265,True,166631.61964519997
trade,ETHUSDT,143951074,3514.53,0.026127,False,91.82412531000001
trade,BTCUSDT,111960926,96976.66,1.647113,False,159731.51738258
trade,BTCUSDT,111961196,96644.23,1.183066,True,114336.50260918
trade,BTCUSDT,111961356,97304.15,1.007164,True,98001.23693059999
trade,BTCUSDT,111961211,96668.94,0.97569,True,94318.9180686
trade,BTCUSDT,111960416,97185.82,1.044996,False,101558.79315672001
trade,ETHUSDT,143951258,3501.26,1.752918,True,6137.42167668
trade,BTCUSDT,111961371,96786.51,1.802264,True,174434.84265864
trade,ETHUSDT,143950105,3509.36,0.796296,True,2794.4893305600003
trade,BTCUSDT,111961881,97482.67,1.407185,False,137176.15098394998
trade,BTCUSDT,111961170,97022.22,1.506735,False,146186.7746517
trade,BTCUSDT,111960214,97236.94,0.483826,False,47045.75973244
trade,BTCUSDT,111961193,97099.78,0.905911,True,87963.75879958
trade,BTCUSDT,111962017,97456.24,1.100186,False,107219.99086064001
trade,ETHUSDT,143951354,3508.92,1.752919,True,6150.85253748
trade,ETHUSDT,143951832,3514.65,1.793567,False,6303.76025655
trade,ETHUSDT,143950757,3516.42,1.126889,True,3962.61501738
trade,ETHUSDT,143950041,3514.43,0.806201,True,2833.3369804299996
trade,ETHUSDT,143951158,3495.05,0.605704,False,2116.9657652
trade,BTCUSDT,111961640,96828.58,1.829751,False,177172.19108358
trade,BTCUSDT,111960264,97399.26,0.736233,False,71708.54938758
trade,BTCUSDT,111961664,96614.23,0.499428,False,48251.85166044
trade,ETHUSDT,143950297,3486.71,1.183979,False,4128.19141909
trade,ETHUSDT,143950109,3509.73,0.892832,True,3133.59925536
trade,ETHUSDT,143950445,3492.88,0.287358,True,1003.70701104
trade,BTCUSDT,111961369,97289.71,1.667692,False,162249.27104932
trade,BTCUSDT,111960677,96534.43,0.055882,False,5394.53701726
trade,BTCUSDT,111960321,96559.45,0.440028,True,42488.861664599994
trade,ETHUSDT,143950385,3514.27,0.682047,False,2396.89731069
trade,BTCUSDT,111961494,97478.35,0.504943,False,49221.010484050006
trade,ETHUSDT,143950378,3493.24,0.561041,False,1959.85086284
trade,ETHUSDT,143951399,3510.1,0.308627,False,1083.3116327
trade,BTCUSDT,111960126,96899.21,0.630194,False,61065.30074674001
trade,BTCUSDT,111960551,97160.57,0.844493,True,82051.42124101002
trade,ETHUSDT,143951064,3495.87,0.887989,False,3104.29410543
trade,BTCUSDT,111960151,96765.75,1.379745,True,133512.05973375
trade,ETHUSDT,143950479,3499.2,0.726039,False,2540.5556687999997
trade,ETHUSDT,143950916,3507.11,0.274635,False,963.1751548500001
trade,BTCUSDT,111961105,97375.57,1.393033,True,135647.38240381
trade,ETHUSDT,143950110,3504.51,0.627808,False,2200.1594140800003
trade,BTCUSDT,111961227,96874.95,0.857891,False,83108.14773045
trade,ETHUSDT,143950914,3510.53,1.23303,False,4328.588805900001
trade,BTCUSDT,111961718,96998.2,0.26163,True,25377.639065999996
trade,ETHUSDT,143950124,3515.3,0.891404,True,3133.5524812
trade,BTCUSDT,111961648,97277.67,1.912393,False,186033.13516431
trade,ETHUSDT,143951456,3499.71,0.118704,True,415.42957584000004
trade,ETHUSDT,143950776,3483.8,1.47099,False,5124.634962
trade,ETHUSDT,143950840,3504.51,1.277785,True,4478.0103103500005
trade,ETHUSDT,143951228,3513.54,1.379627,True,4847.37464958
trade,BTCUSDT,111960764,96930.76,0.94312,True,91417.33837119999
trade,BTCUSDT,111960157,97422.73,1.911474,True,186221.01540401997
trade,ETHUSDT,143951483,3503.86,0.684057,False,2396.83996002
trade,BTCUSDT,111961271,96685.18,1.590085,False,153737.6544403
trade,ETHUSDT,143951342,3497.7,0.111175,True,388.85679749999997
trade,ETHUSDT,143951336,3515.5,1.331841,True,4682.087035500001
trade,ETHUSDT,143950832,3505.0,0.258431,True,905.8006550000001
trade,BTCUSDT,111961735,96666.32,0.137712,True,13312.112259840002
trade,BTCUSDT,111961023,97289.51,1.01448,False,98698.2621048
trade,ETHUSDT,143950082,3493.49,1.660326,False,5800.33227774
trade,ETHUSDT,143951599,3485.8,0.626791,False,2184.8680678
trade,ETHUSDT,143950219,3509.04,1.3319,True,4673.6903760000005
trade,ETHUSDT,143950340,3494.18,0.267906,True,936.1117870799999
trade,BTCUSDT,111960587,97075.42,0.74797,False,72609.5018974
trade,BTCUSDT,111960978,97208.41,1.545756,True,150260.48300796
trade,BTCUSDT,111961064,96980.27,1.678618,True,162792.82686686
trade,ETHUSDT,143950988,3514.97,0.9798,False,3443.9676059999997
trade,BTCUSDT,111961721,96693.07,1.957849,False,189310.43040643
trade,ETHUSDT,143950645,3498.27,1.024068,True,3582.46636236
trade,BTCUSDT,111961247,97337.67,1.622113,False,157892.69989671
trade,BTCUSDT,111960693,97262.95,0.835719,True,81284.49531104999
trade,BTCUSDT,111960607,96573.77,1.126798,True,108819.13088846
trade,BTCUSDT,111960406,96944.02,1.480841,False,143558.67952082
trade,BTCUSDT,111960308,97304.95,1.073704,True,104476.7140348
trade,ETHUSDT,143950349,3498.87,1.900145,False,6648.36033615
trade,ETHUSDT,143951489,3512.08,0.835435,True,2934.1145548
trade,ETHUSDT,143950505,3493.45,1.834619,True,6409.149745549999
trade,ETHUSDT,143950528,3505.12,0.174507,False,611.6679758399999
trade,BTCUSDT,111960124,97401.68,0.562864,True,54823.89921152
trade,ETHUSDT,143950132,3512.11,0.833729,True,2928.1479581900003
trade,BTCUSDT,111961814,97070.66,1.778335,True,172624.15215110002
trade,ETHUSDT,143950625,3505.07,1.103774,False,3868.80513418
trade,BTCUSDT,111960988,97395.72,0.423891,False,41285.169146520006
trade,BTCUSDT,111961568,97250.96,1.425151,False,138597.30289496
trade,ETHUSDT,143950919,3497.45,0.51499,True,1801.1517754999998
trade,ETHUSDT,143950480,3495.54,0.727505,True,2543.0228276999997
trade,ETHUSDT,143950252,3497.84,0.379615,True,1327.8325316
trade,BTCUSDT,111961884,97397.33,0.193732,True,18868.97953556
trade,BTCUSDT,111961686,96987.01,0.687587,True,66687.00724487
trade,BTCUSDT,111960462,96680.13,0.775731,True,74997.77392503
trade,ETHUSDT,143950314,3515.07,0.621513,False,2184.66170091
trade,ETHUSDT,143951067,3482.6,1.938538,True,6751.1524388
trade,BTCUSDT,111960140,96995.69,1.991163,False,193134.22908747
trade,BTCUSDT,111960282,97041.6,1.569614,False,152317.85394240002
trade,ETHUSDT,143950232,3512.09,1.952538,True,6857.489184420001
trade,BTCUSDT,111961188,97146.27,0.656663,True,63792.361097010005
trade,BTCUSDT,111960791,96639.47,1.658429,False,160269.69959263
trade,BTCUSDT,111961394,96553.74,1.421657,False,137266.30034718
trade,ETHUSDT,143950404,3511.25,1.247241,False,4379.3749612500005
trade,BTCUSDT,111961707,96757.9,0.034237,True,3312.7002222999995
trade,ETHUSDT,143951030,3497.53,1.838521,True,6430.282353130001
trade,BTCUSDT,111960088,96553.52,0.124782,False,12048.141332640002
trade,BTCUSDT,111961030,96668.8,0.589769,True,57012.2615072
trade,BTCUSDT,111961044,97172.6,0.206681,True,20083.7301406
trade,ETHUSDT,143951603,3505.35,1.992166,True,6983.2390881
trade,BTCUSDT,111960398,97438.44,0.71969,False,70125.4708836
trade,ETHUSDT,143950575,3508.54,0.491546,False,1724.60880284
trade,BTCUSDT,111961795,96553.98,0.650315,True,62790.5015037
trade,BTCUSDT,111961167,97214.0,1.195318,True,116201.644052
trade,ETHUSDT,143950126,3484.07,1.895563,True,6604.274181410001
trade,BTCUSDT,111961011,96996.49,0.043979,True,4265.80863371
trade,ETHUSDT,143951494,3494.49,0.507132,True,1772.16770268
trade,ETHUSDT,143951510,3510.65,1.5364,False,5393.76266
trade,BTCUSDT,111961545,96780.63,1.752894,False,169646.18564322
trade,BTCUSDT,111960074,97336.18,1.216355,False,118395.3492239
trade,BTCUSDT,111960330,96568.25,0.822935,False,79469.39281375
trade,ETHUSDT,143951493,3487.52,1.034604,True,3608.20214208
trade,ETHUSDT,143951516,3498.2,1.978136,False,6919.915355199999
trade,ETHUSDT,143951518,3499.22,1.52431,True,5333.8960382
trade,ETHUSDT,143951299,3487.15,1.77252,True,6181.0431180000005
trade,ETHUSDT,143950188,3493.37,0.616384,True,2153.25737408
trade,ETHUSDT,143951747,3513.96,0.136749,True,480.53051604000007
trade,ETHUSDT,143950439,3512.18,0.808849,True,2840.82328082
trade,BTCUSDT,111960253,96794.23,0.254769,False,24660.169182870002
trade,BTCUSDT,111960120,97279.62,1.560081,False,151764.08684922
trade,BTCUSDT,111961947,96912.57,1.549483,True,150164.37970131
trade,BTCUSDT,111960547,97219.24,1.055412,True,102606.35252688
trade,ETHUSDT,143950789,3495.38,1.346535,True,4706.6515083
trade,BTCUSDT,111960389,97144.86,1.64158,True,159471.0592788
trade,ETHUSDT,143950038,3490.85,0.036208,True,126.39669679999999
trade,ETHUSDT,143951547,3514.74,0.546467,False,1920.68942358
trade,BTCUSDT,111960688,96570.95,1.617294,True,156183.6180093
trade,BTCUSDT,111960306,97402.92,0.162165,False,15795.3445218
trade,BTCUSDT,111960751,96527.55,0.984603,True,95041.31531265
trade,ETHUSDT,143951559,3492.6,1.463267,False,5110.6063242
trade,BTCUSDT,111961574,96633.96,0.199187,False,19248.22859052
trade,ETHUSDT,143951423,3505.8,1.541324,False,5403.5736792
trade,ETHUSDT,143951019,3487.38,0.608237,True,2121.1535490600004
trade,ETHUSDT,143951754,3506.58,1.188541,True,4167.71409978
trade,ETHUSDT,143950697,3504.02,1.050487,False,3680.9274577399997
trade,BTCUSDT,111960781,97357.98,1.51733,True,147724.1837934
trade,BTCUSDT,111961512,96741.4,0.314774,True,30451.677443599998
trade,ETHUSDT,143950456,3502.66,0.932498,False,3266.22344468
trade,ETHUSDT,143952005,3506.67,1.623974,True,5694.74090658
trade,ETHUSDT,143950629,3482.83,0.253606,True,883.26658498
trade,BTCUSDT,111961915,97107.32,0.861544,True,83662.22890208001
trade,ETHUSDT,143950587,3496.75,1.643343,True,5746.35963525
trade,BTCUSDT,111960616,97088.24,0.426058,True,41365.22135792
trade,BTCUSDT,111960288,96688.16,1.457918,True,140963.40885088002
trade,ETHUSDT,143950263,3485.64,0.754141,False,2628.6640352399995
trade,BTCUSDT,111961810,96828.25,0.3388,True,32805.4111
trade,ETHUSDT,143951398,3500.97,0.309611,False,1083.93882267
trade,BTCUSDT,111960745,97161.58,0.828472,False,80495.64850576
trade,BTCUSDT,111961446,97002.02,1.39546,True,135362.4388292
trade,ETHUSDT,143951168,3503.2,1.516017,True,5310.9107544
trade,BTCUSDT,111961000,96569.56,1.502268,False,145073.35976207998
trade,BTCUSDT,111961575,96902.76,1.106443,False,107217.38048268
trade,BTCUSDT,111961996,97271.91,1.343622,True,130696.67825802001
trade,BTCUSDT,111960191,97165.87,1.266281,False,123039.29502947
trade,BTCUSDT,111960220,96809.22,0.703567,False,68111.77248774
trade,ETHUSDT,143950755,3502.53,0.335057,False,1173.54719421
trade,BTCUSDT,111960244,96735.87,1.630752,True,157752.21347423998
trade,ETHUSDT,143951005,3503.47,0.12787,False,447.9887089
trade,ETHUSDT,143951572,3516.76,1.926249,True,6774.155433240001
trade,BTCUSDT,111960576,97023.2,1.637642,False,158889.2672944
trade,ETHUSDT,143951384,3508.5,0.365571,False,1282.6058535
trade,BTCUSDT,111960255,96628.03,0.705931,True,68212.72184592999
trade,BTCUSDT,111961329,96863.79,0.541605,True,52461.912982949994
trade,ETHUSDT,143950716,3492.55,0.435477,True,1520.92519635
trade,ETHUSDT,143950658,3516.85,0.123133,False,433.04029105
trade,BTCUSDT,111961806,97273.19,0.755661,False,73505.55602859
trade,BTCUSDT,111961784,97019.89,0.682705,False,66235.96400245
trade,ETHUSDT,143950138,3506.17,1.286783,False,4511.67995111
trade,ETHUSDT,143950141,3506.29,1.693291,True,5937.16930039
trade,ETHUSDT,143950769,3488.94,1.888741,False,6589.70402454
trade,BTCUSDT,111960200,96578.23,0.815595,False,78768.72149684999
trade,ETHUSDT,143950572,3483.99,1.844008,False,6424.50543192
trade,ETHUSDT,143951814,3494.39,0.286016,True,999.45145024
trade,BTCUSDT,111961328,96991.27,1.815305,True,176068.73738735
trade,BTCUSDT,111961932,97048.01,1.824735,True,177086.90052735
trade,ETHUSDT,143951690,3516.74,1.706474,False,6001.22537476
trade,ETHUSDT,143951166,3502.23,0.633119,False,2217.32835537
trade,BTCUSDT,111961125,97088.67,0.875896,False,85039.57769832
trade,ETHUSDT,143950423,3500.56,0.206443,False,722.66610808
trade,BTCUSDT,111961416,97050.75,1.818032,True,176441.36912400002
trade,BTCUSDT,111960487,97451.75,0.506051,True,49315.55553925
trade,ETHUSDT,143951980,3486.27,0.966723,True,3370.25739321
trade,ETHUSDT,143951255,3509.83,0.982518,True,3448.47115194
trade,ETHUSDT,143952007,3492.2,0.471003,False,1644.8366766
trade,BTCUSDT,111961841,97085.91,0.062141,False,6033.01553331
trade,ETHUSDT,143951864,3493.79,0.602921,True,2106.47936059
trade,ETHUSDT,143951971,3484.82,0.959016,False,3341.99813712
trade,BTCUSDT,111960454,96634.29,0.64268,False,62104.9254972
trade,ETHUSDT,143951909,3492.48,0.964027,True,3366.84501696
trade,BTCUSDT,111961144,96932.75,0.925087,False,89671.22689925
trade,ETHUSDT,143950732,3491.42,0.579195,False,2022.2130069000002
trade,BTCUSDT,111961267,96833.1,1.848376,False,178983.9780456
trade,ETHUSDT,143951564,3503.0,0.500046,False,1751.661138
trade,BTCUSDT,111960755,96608.34,0.359341,False,34715.33750394
trade,BTCUSDT,111960937,96794.22,1.62278,False,157075.72433159998
trade,BTCUSDT,111961453,97054.87,0.785222,True,76209.61913113999
trade,ETHUSDT,143951748,3506.65,0.622351,False,2182.36713415
trade,ETHUSDT,143952006,3497.93,0.922656,True,3227.38610208
trade,BTCUSDT,111960938,96956.94,1.667238,True,161650.29473172
trade,ETHUSDT,143950392,3491.13,0.305268,False,1065.73027284
trade,ETHUSDT,143950178,3516.78,1.833411,True,6447.70313658
trade,ETHUSDT,143951555,3488.04,0.216312,False,754.50490848
trade,BTCUSDT,111960181,97323.44,0.261864,False,25485.50529216
trade,ETHUSDT,143951820,3512.47,1.634076,True,5739.6429277199995
trade,ETHUSDT,143950936,3507.09,1.461592,False,5125.934687280001
trade,BTCUSDT,111960846,96955.71,0.515196,True,49951.193969160006
trade,BTCUSDT,111961800,97294.98,0.56179,True,54659.3468142
trade,ETHUSDT,143952008,3492.04,0.011718,False,40.91972472
trade,ETHUSDT,143951365,3497.52,0.297579,False,1040.78850408
trade,BTCUSDT,111960466,96614.79,0.690032,False,66667.29677327999
trade,ETHUSDT,143951894,3507.49,0.428756,True,1503.85738244
trade,ETHUSDT,143951208,3508.0,1.681671,False,5899.301868
trade,ETHUSDT,143951419,3485.36,1.107705,True,3860.7506988
trade,ETHUSDT,143951202,3511.14,0.91604,True,3216.3446855999996
trade,BTCUSDT,111960885,97413.95,0.542403,False,52837.61872185
trade,ETHUSDT,143952016,3482.58,1.170021,True,4074.69173418
trade,ETHUSDT,143950179,3495.72,1.337199,True,4674.47328828
trade,ETHUSDT,143951655,3502.39,0.222751,False,780.16087489
trade,BTCUSDT,111961162,97384.98,0.826822,True,80520.04393356
trade,BTCUSDT,111960927,96534.19,0.243905,True,23545.17161195
trade,ETHUSDT,143950544,3501.99,0.996401,False,3489.38633799
trade,BTCUSDT,111961036,97358.71,1.458442,False,141992.03172982
trade,BTCUSDT,111961900,97422.82,1.027359,False,100088.21093238
trade,ETHUSDT,143951596,3509.3,0.116802,False,409.8932586
trade,ETHUSDT,143951790,3494.26,1.972717,False,6893.18610442
trade,BTCUSDT,111961911,97421.63,0.699547,True,68151.00900161
trade,ETHUSDT,143950222,3510.15,0.082969,False,291.23363535
trade,BTCUSDT,111961177,97301.58,1.839801,True,179015.54418558002
trade,ETHUSDT,143950781,3503.65,1.25074,False,4382.155201
trade,BTCUSDT,111962010,97025.3,1.733483,False,168191.70811990002
trade,ETHUSDT,143951750,3499.65,0.090669,True,317.30976585
trade,BTCUSDT,111960824,96934.04,0.191553,True,18568.006164119997
trade,ETHUSDT,143950869,3514.86,0.43501,False,1528.9992486
trade,BTCUSDT,111961623,97049.07,0.155793,False,15119.56576251
trade,BTCUSDT,111960831,96650.92,0.135282,False,13075.12975944
trade,BTCUSDT,111961088,97123.41,1.680473,False,163213.26817293002
trade,ETHUSDT,143951558,3513.31,1.25973,True,4425.8220063
trade,ETHUSDT,143950241,3488.09,0.483335,False,1685.9159801500002
trade,BTCUSDT,111961002,96788.0,0.356307,False,34486.241916
trade,ETHUSDT,143950215,3513.41,1.174325,True,4125.88519825
trade,ETHUSDT,143951036,3500.46,0.587004,True,2054.7840218399997
trade,BTCUSDT,111961296,97071.61,1.338565,False,129936.65963965
trade,ETHUSDT,143950234,3514.04,1.603195,True,5633.691357799999
trade,ETHUSDT,143951987,3482.86,1.152421,True,4013.72100406
trade,ETHUSDT,143952014,3497.15,0.779394,True,2725.6577271
trade,ETHUSDT,143951099,3504.03,0.60342,False,2114.4017826
trade,BTCUSDT,111962055,96962.26,0.760672,True,73756.47623872
trade,ETHUSDT,143950508,3497.93,1.054281,False,3687.80113833
trade,BTCUSDT,111960129,96969.69,0.070892,True,6874.37526348
trade,BTCUSDT,111961377,97244.83,1.792491,True,174310.48257153
trade,ETHUSDT,143951676,3485.67,0.525208,False,1830.70176936
trade,BTCUSDT,111961147,96918.13,1.630327,True,158008.24412851
trade,BTCUSDT,111961037,96663.95,1.744863,False,168665.34978885
trade,ETHUSDT,143951267,3491.77,0.756471,True,2641.42274367
trade,ETHUSDT,143951546,3486.54,0.353137,False,1231.2262759799999
trade,ETHUSDT,143951472,3494.13,1.665779,False,5820.44837727
trade,ETHUSDT,143950730,3498.46,1.268824,False,4438.93001104
trade,BTCUSDT,111961994,97088.86,1.812457,False,175969.38392902
trade,ETHUSDT,143951292,3512.76,0.208643,False,732.9127846800001
trade,ETHUSDT,143950397,3492.5,1.800601,False,6288.598992499999
trade,ETHUSDT,143950981,3498.38,0.915721,True,3203.54003198
trade,BTCUSDT,111961929,97396.37,1.059064,False,103148.98919768
trade,ETHUSDT,143951527,3503.36,0.911059,True,3191.76765824
trade,ETHUSDT,143951171,3515.77,1.058917,True,3722.9086210900005
trade,ETHUSDT,143951640,3502.79,0.496192,False,1738.05637568
trade,BTCUSDT,111961906,97139.41,1.446017,True,140465.23822997
trade,ETHUSDT,143951242,3499.96,1.935322,True,6773.54958712
trade,BTCUSDT,111960094,96764.2,0.248328,False,24029.2602576
trade,ETHUSDT,143950106,3504.95,1.616875,True,5667.06603125
trade,ETHUSDT,143950569,3501.57,0.678667,True,2376.40000719
trade,BTCUSDT,111960383,96775.69,1.735261,False,167931.08060508998
trade,ETHUSDT,143951181,3517.26,0.207731,True,730.6439370600001
trade,ETHUSDT,143950892,3495.52,1.962001,False,6858.21373552
trade,ETHUSDT,143951452,3487.45,0.813827,True,2838.1809711499996
trade,ETHUSDT,143950206,3509.29,0.213035,True,747.60159515
trade,ETHUSDT,143950235,3483.38,0.62298,True,2170.0760724
trade,ETHUSDT,143951870,3490.5,0.611237,True,2133.5227485
trade,BTCUSDT,111961957,96843.43,1.731922,False,167725.26697246
trade,BTCUSDT,111960718,97449.94,0.618652,False,60287.60028088
trade,BTCUSDT,111960161,96551.97,1.813612,True,175107.81141564
trade,BTCUSDT,111962046,96655.03,0.833008,True,80514.41323024
trade,ETHUSDT,143950315,3492.67,0.593155,True,2071.69467385
trade,BTCUSDT,111960408,96601.86,1.448388,False,139916.97480168001
trade,BTCUSDT,111961758,96748.61,1.283432,False,124170.26202951999
trade,BTCUSDT,111960870,97389.77,0.857834,True,83544.25595818
trade,BTCUSDT,111961513,96998.1,1.041438,True,101017.50726780001
trade,ETHUSDT,143951714,3505.2,1.581607,True,5543.8488564
trade,ETHUSDT,143950745,3498.55,0.799367,False,2796.6254178500003
trade,ETHUSDT,143951287,3507.31,1.304667,False,4575.87161577
trade,ETHUSDT,143950680,3497.03,0.597961,False,2091.08755583
trade,BTCUSDT,111960952,96818.58,1.242634,False,120310.05933972
trade,BTCUSDT,111961253,96886.11,1.36243,False,132000.5428473
trade,BTCUSDT,111960349,97321.38,0.488675,False,47558.52537150001
trade,BTCUSDT,111961451,97309.05,0.344856,False,33557.6097468
trade,BTCUSDT,111961986,96601.03,1.895693,False,183125.89636379
trade,ETHUSDT,143951408,3499.35,1.958391,True,6853.09554585
trade,ETHUSDT,143950792,3489.07,1.435864,False,5009.8300064800005
trade,ETHUSDT,143951973,3514.63,1.285455,False,4517.89870665
trade,BTCUSDT,111961041,97212.88,1.929298,True,187552.61495824
trade,BTCUSDT,111961877,97116.79,1.738777,False,168864.44076583
trade,ETHUSDT,143951652,3515.75,1.700308,True,5977.857851
trade,ETHUSDT,143950960,3482.6,1.256436,True,4375.6640136000005
trade,ETHUSDT,143951359,3488.57,1.184591,False,4132.52862487
trade,BTCUSDT,111961727,97111.56,0.387404,True,37621.40679024
trade,BTCUSDT,111960104,96966.87,0.2239,True,21710.882192999998
trade,BTCUSDT,111962038,96764.67,1.124658,False,108827.16023286
trade,BTCUSDT,111961867,96939.72,1.896118,True,183809.14800696
trade,BTCUSDT,111960418,97483.04,1.315207,False,128210.37658928
trade,BTCUSDT,111961828,97315.65,1.395528,True,135806.7144132
trade,ETHUSDT,143951396,3509.05,1.765581,True,6195.512008050001
trade,BTCUSDT,111961410,96653.27,0.607221,False,58689.895262670005
trade,ETHUSDT,143950756,3511.07,1.634374,False,5738.40152018
trade,BTCUSDT,111961049,96612.85,0.079441,False,7675.021416850001
trade,BTCUSDT,111960767,96924.99,0.912014,True,88396.94782986
trade,ETHUSDT,143951458,3485.09,1.611702,True,5616.92652318
trade,ETHUSDT,143951054,3506.23,0.75619,True,2651.3760637
trade,BTCUSDT,111961467,96541.46,0.995115,True,96069.8549679
trade,BTCUSDT,111960215,96589.83,1.843157,True,178030.22129331
trade,BTCUSDT,111960641,96541.91,0.167657,False,16185.92700487
trade,BTCUSDT,111960363,97312.34,0.627576,True,61070.88908784
trade,BTCUSDT,111961708,96592.91,1.540647,True,148815.57701277002
trade,ETHUSDT,143950131,3501.75,1.860312,True,6514.347546
trade,BTCUSDT,111961413,96757.63,0.562948,False,54469.514293240005
trade,BTCUSDT,111961323,97407.02,0.542269,False,52820.807328380004
trade,BTCUSDT,111960891,96722.65,1.890897,True,182892.56871705
trade,ETHUSDT,143950731,3511.84,1.083277,True,3804.2954996800004
trade,BTCUSDT,111960160,97082.29,0.746629,False,72484.45310041
trade,BTCUSDT,111961100,96849.1,0.129634,True,12554.9362294
trade,ETHUSDT,143950835,3509.01,0.899491,True,3156.3229139100004
trade,ETHUSDT,143950276,3501.15,1.018794,True,3566.9506131
trade,BTCUSDT,111961399,96834.42,1.024127,True,99170.74405133999
trade,ETHUSDT,143950496,3508.68,0.810281,True,2843.0167390799998
trade,BTCUSDT,111960404,96749.23,0.992908,True,96063.08446084
trade,ETHUSDT,143950771,3496.44,1.770789,True,6191.45749116
trade,ETHUSDT,143952001,3501.04,1.889766,True,6616.14635664
trade,ETHUSDT,143950847,3496.22,1.599191,True,5591.12355802
trade,BTCUSDT,111960567,96930.92,0.791432,True,76714.23187744
trade,ETHUSDT,143951691,3488.71,1.784218,True,6224.619178780001
trade,BTCUSDT,111960710,97275.59,1.308513,False,127286.37409766999
trade,ETHUSDT,143950227,3504.01,0.376429,False,1319.0109802900001
trade,ETHUSDT,143951175,3489.43,1.991942,False,6950.74217306
trade,BTCUSDT,111962048,97300.0,1.047871,True,101957.8483
trade,BTCUSDT,111960467,97296.79,1.434666,False,139588.39652213998
trade,BTCUSDT,111960392,96849.24,0.432371,True,41874.802748040005
trade,ETHUSDT,143950594,3494.96,0.573417,True,2004.06947832
trade,ETHUSDT,143951433,3499.06,0.267353,False,935.48418818
trade,BTCUSDT,111960073,97433.6,0.709861,True,69164.3127296
trade,ETHUSDT,143950494,3494.0,1.063824,False,3717.0010560000005
trade,ETHUSDT,143951710,3486.4,1.713973,True,5975.5954672
trade,ETHUSDT,143950300,3495.6,1.623642,True,5675.6029752
trade,ETHUSDT,143950968,3516.47,1.275193,True,4484.17792871
trade,ETHUSDT,143951613,3516.88,0.890884,False,3133.13212192
trade,BTCUSDT,111961438,97462.67,0.579662,True,56495.40621754
trade,ETHUSDT,143950540,3489.39,1.765954,True,6162.10222806
trade,ETHUSDT,143951764,3504.09,0.097796,False,342.68598564
trade,BTCUSDT,111961173,96655.56,0.430644,False,41624.13698064
trade,ETHUSDT,143950795,3495.14,1.470998,False,5141.34394972
trade,BTCUSDT,111960852,97307.53,0.935038,False,90986.23823614001
trade,BTCUSDT,111962002,97249.67,0.308575,False,30008.81692025
trade,BTCUSDT,111960411,96951.26,1.875817,True,181862.82167941998
trade,BTCUSDT,111960807,96700.56,0.905193,True,87532.67000808001
trade,BTCUSDT,111961584,96725.17,0.736124,False,71201.71904108
trade,ETHUSDT,143950405,3486.28,0.532273,False,1855.6527144400002
trade,BTCUSDT,111961149,97059.33,0.548145,True,53202.58644285
trade,BTCUSDT,111961730,97301.94,1.603915,True,156064.0410951
trade,BTCUSDT,111961992,96725.35,1.759809,True,170218.14145815
trade,ETHUSDT,143951796,3496.6,1.204837,False,4212.833054199999
trade,ETHUSDT,143951631,3507.51,0.735617,True,2580.18398367
trade,ETHUSDT,143950845,3509.4,0.495559,False,1739.1147546000002
trade,ETHUSDT,143951411,3495.33,1.783963,False,6235.5393927899995
trade,BTCUSDT,111960590,97452.23,1.675483,True,163279.55467709
trade,BTCUSDT,111961560,96702.55,1.927137,False,186359.06209935
trade,BTCUSDT,111961712,97413.51,0.009952,False,969.4592515200001
trade,BTCUSDT,111960329,96763.23,0.62943,False,60905.6798589
trade,ETHUSDT,143950817,3487.2,1.749066,False,6099.3429552
trade,BTCUSDT,111961099,97205.03,0.557487,True,54190.540559609995
trade,BTCUSDT,111960728,96645.27,1.490263,False,144026.87000601
trade,ETHUSDT,143950380,3493.38,1.327719,True,4638.22700022
trade,BTCUSDT,111961259,97145.31,0.131505,False,12775.09399155
trade,ETHUSDT,143950134,3510.05,1.214861,False,4264.22285305
trade,ETHUSDT,143951263,3484.64,0.015838,False,55.18972832
trade,BTCUSDT,111960396,96921.11,1.208715,True,117149.99947365
trade,BTCUSDT,111960075,97021.47,0.265136,True,25723.884469919998
trade,BTCUSDT,111961632,97107.88,0.706741,True,68630.12021908
trade,ETHUSDT,143950429,3486.85,1.374698,False,4793.3657213
trade,ETHUSDT,143950150,3489.74,0.074631,True,260.44278594
trade,ETHUSDT,143950784,3499.72,0.113667,True,397.80267324
trade,ETHUSDT,143950638,3496.08,1.404738,False,4911.07642704
trade,ETHUSDT,143950271,3516.85,1.918982,True,6748.7718466999995
trade,ETHUSDT,143951659,3502.93,0.068039,True,238.33585427
trade,BTCUSDT,111961924,96990.65,1.665317,True,161520.17828604998
trade,ETHUSDT,143950409,3491.1,0.262731,False,917.2201941
trade,ETHUSDT,143951352,3487.85,0.233965,True,816.03482525
trade,BTCUSDT,111961087,96838.54,1.792819,True,173613.97444425998
trade,BTCUSDT,111960919,96739.42,1.986093,False,192133.48488606
trade,ETHUSDT,143950269,3483.76,0.362477,False,1262.78287352
trade,ETHUSDT,143951602,3506.92,1.878509,False,6587.7807822800005
trade,BTCUSDT,111960899,96627.82,1.534608,True,148285.82559456
trade,ETHUSDT,143951309,3492.34,0.149491,True,522.0733989400001
trade,BTCUSDT,111961336,96545.16,0.899854,True,86876.54840664001
trade,ETHUSDT,143950251,3511.3,1.593523,True,5595.3373099
trade,BTCUSDT,111960721,97116.51,1.525256,True,148127.53957656
trade,ETHUSDT,143951455,3485.55,0.03522,False,122.76107100000002
trade,BTCUSDT,111960743,96903.76,0.893794,False,86611.99926544
trade,ETHUSDT,143950254,3506.71,0.038838,True,136.19360297999998
trade,ETHUSDT,143950262,3498.97,1.039459,True,3637.0358572299997
trade,ETHUSDT,143950636,3503.89,1.831837,False,6418.55534593
trade,ETHUSDT,143951910,3502.24,0.068709,False,240.63540816
trade,ETHUSDT,143951306,3508.71,1.845163,True,6474.1418697300005
trade,BTCUSDT,111960490,96920.27,1.853805,True,179671.28112735
trade,BTCUSDT,111961502,96782.07,0.389835,False,37729.038258450004
trade,BTCUSDT,111960588,96583.65,0.516281,True,49864.30340565
trade,BTCUSDT,111961291,97116.36,1.756499,True,170584.78922364
trade,BTCUSDT,111961601,97117.24,1.684324,False,163576.89814576
trade,ETHUSDT,143950482,3515.77,0.856305,False,3010.5714298499997
trade,BTCUSDT,111960890,96866.05,1.014973,False,98316.42536665
trade,BTCUSDT,111960298,96666.92,1.023685,True,98956.4760002
trade,ETHUSDT,143951244,3487.92,0.793405,False,2767.3331676000003
trade,BTCUSDT,111961860,96636.79,1.376911,True,133060.25915569
trade,ETHUSDT,143950072,3499.44,0.58993,False,2064.4246392
trade,BTCUSDT,111960996,97331.89,0.97375,True,94776.9278875
trade,ETHUSDT,143950526,3499.46,1.989097,False,6960.765387619999
trade,ETHUSDT,143950966,3516.05,1.013398,False,3563.1580379
trade,ETHUSDT,143950647,3503.03,0.049666,True,173.98148798000003
trade,ETHUSDT,143950734,3515.08,1.502619,False,5281.82599452
trade,BTCUSDT,111961062,97238.07,1.324342,True,128776.46009994
trade,BTCUSDT,111961164,97070.11,1.504236,False,146016.35398595998
trade,BTCUSDT,111960694,96709.72,1.489509,False,144049.99832748
trade,BTCUSDT,111961815,96615.0,1.72496,False,166657.0104
trade,BTCUSDT,111960625,97484.19,1.282208,False,124995.00829152
trade,ETHUSDT,143950752,3517.26,1.040709,False,3660.4441373400005
trade,BTCUSDT,111960867,97141.15,1.416012,True,137553.0340938
trade,BTCUSDT,111961045,96603.7,1.42465,False,137626.461205
trade,BTCUSDT,111961357,96954.74,1.843742,True,178759.52623708002
trade,BTCUSDT,111961408,96858.45,1.629711,True,157851.28140794998
trade,ETHUSDT,143950367,3515.56,1.534705,False,5395.3475098
trade,BTCUSDT,111960098,97463.39,0.050607,False,4932.3297777299995
trade,BTCUSDT,111960795,97258.34,0.413987,False,40263.688401579995
trade,ETHUSDT,143950112,3490.34,0.225881,False,788.4014895400001
trade,BTCUSDT,111960746,96930.18,1.316927,True,127649.97115685999
trade,BTCUSDT,111961618,97012.4,0.648214,True,62884.79585359999
trade,ETHUSDT,143950233,3513.94,0.480612,False,1688.84173128
trade,BTCUSDT,111961440,97263.66,0.285249,True,27744.36175134
trade,ETHUSDT,143951507,3504.84,1.246292,True,4368.05405328
trade,BTCUSDT,111961286,96936.65,0.390361,False,37840.28763065
trade,BTCUSDT,111961226,97399.12,1.043521,False,101638.02710151998
trade,BTCUSDT,111961710,97029.16,0.350898,False,34047.33818568
trade,ETHUSDT,143950459,3514.76,0.399471,True,1404.0446919600001
trade,BTCUSDT,111960814,97384.4,1.215305,True,118351.748242
trade,ETHUSDT,143951965,3490.34,0.354248,True,1236.44596432
trade,BTCUSDT,111961471,97292.14,1.582575,True,153972.1084605
trade,BTCUSDT,111961152,97368.01,1.246118,True,121332.02988518
trade,ETHUSDT,143951816,3516.51,0.133153,True,468.23385603
trade,ETHUSDT,143951276,3500.74,1.48274,True,5190.6872275999995
trade,ETHUSDT,143951327,3511.44,1.863778,True,6544.54462032
trade,ETHUSDT,143951146,3495.46,1.073685,True,3753.0229701
trade,BTCUSDT,111961501,96611.88,1.490411,False,143991.40868268
trade,ETHUSDT,143950135,3494.32,0.729949,True,2550.67538968
trade,ETHUSDT,143951521,3488.19,0.754574,True,2632.09748106
trade,ETHUSDT,143951334,3510.37,1.894114,False,6649.04096218
trade,BTCUSDT,111960967,97476.55,0.412169,True,40176.81213695
trade,BTCUSDT,111961805,97283.63,0.877358,True,85352.57104954
trade,BTCUSDT,111961931,96720.82,1.855436,False,179459.29137752
trade,BTCUSDT,111961333,96812.06,1.638642,True,158640.30762252
trade,BTCUSDT,111960234,96644.08,0.978706,True,94586.14096048
trade,ETHUSDT,143951560,3506.62,0.917014,True,3215.61963268
trade,ETHUSDT,143950377,3488.09,1.173973,True,4094.92348157
trade,ETHUSDT,143951972,3506.85,1.22442,True,4293.857277
trade,ETHUSDT,143950151,3502.73,1.460523,True,5115.81772779
trade,ETHUSDT,143950076,3511.09,0.10755,False,377.61772950000005
trade,BTCUSDT,111961020,97263.69,0.675838,False,65734.49772222001
trade,BTCUSDT,111960702,97344.36,1.76664,True,171972.4401504
trade,BTCUSDT,111962026,97426.84,1.711462,False,166742.33444007998
trade,BTCUSDT,111960227,96887.37,0.07076,True,6855.7503012
trade,ETHUSDT,143950294,3500.96,1.427281,False,4996.85368976
trade,BTCUSDT,111961003,96560.97,0.193675,False,18701.445864750003
trade,BTCUSDT,111960538,96677.99,1.463349,False,141473.63998851
trade,BTCUSDT,111960585,96576.74,0.199629,True,19279.51802946
trade,ETHUSDT,143951317,3515.86,1.011058,True,3554.73837988
trade,BTCUSDT,111961131,96755.87,0.644151,False,62325.39041637
trade,ETHUSDT,143951658,3489.42,0.894459,False,3121.14312378
trade,BTCUSDT,111961229,96788.18,0.540072,True,52272.58594896
trade,ETHUSDT,143950202,3503.22,0.573885,True,2010.4454096999998
trade,BTCUSDT,111960627,97405.69,1.525728,False,148614.58859232
trade,ETHUSDT,143951035,3503.9,1.834198,False,6426.846372200001
trade,BTCUSDT,111961289,97299.43,0.758815,False,73832.26697545
trade,BTCUSDT,111961134,97161.83,1.561933,False,151760.26861739001
trade,ETHUSDT,143951289,3514.88,1.02716,False,3610.3441408000003
trade,BTCUSDT,111960741,96777.64,0.59555,True,57635.923502000005
trade,BTCUSDT,111961169,96536.93,0.055478,True,5355.6758025399995
trade,BTCUSDT,111961733,97178.83,0.993153,False,96513.44655099
trade,BTCUSDT,111962047,97244.87,0.512161,False,49805.02986407
trade,ETHUSDT,143951859,3490.19,0.157864,False,550.97535416
trade,ETHUSDT,143951825,3487.83,0.533329,False,1860.16088607
trade,BTCUSDT,111960954,97070.35,0.378989,False,36788.594876150004
trade,ETHUSDT,143951061,3493.93,1.05738,False,3694.4117033999996
trade,BTCUSDT,111961558,96974.38,0.30095,True,29184.439661
trade,BTCUSDT,111960977,97452.88,0.899991,False,87706.71492408
trade,ETHUSDT,143950811,3486.74,1.332578,True,4646.35301572
trade,BTCUSDT,111960709,96622.1,0.33618,True,32482.417578
trade,BTCUSDT,111960213,97164.0,0.90828,False,88252.11792
trade,ETHUSDT,143951719,3483.48,1.876906,True,6538.16451288
trade,ETHUSDT,143950653,3515.29,1.437743,False,5054.08359047
trade,ETHUSDT,143950485,3496.35,0.5657,True,1977.8851949999998
trade,BTCUSDT,111961833,97077.0,0.939547,True,91208.404119
trade,ETHUSDT,143951240,3503.41,0.68816,True,2410.9066256
trade,ETHUSDT,143950491,3495.0,0.829264,True,2898.27768
trade,ETHUSDT,143950098,3485.93,0.720801,False,2512.66182993
trade,ETHUSDT,143951264,3511.69,1.938834,True,6808.58396946
trade,BTCUSDT,111961095,97466.51,0.930827,False,90724.45910376999
trade,ETHUSDT,143951481,3501.18,1.758545,False,6156.9825831
trade,ETHUSDT,143951112,3484.39,1.618645,False,5639.990451549999
trade,ETHUSDT,143951982,3488.44,0.951971,False,3320.89371524
trade,ETHUSDT,143950711,3492.34,1.647284,True,5752.87580456
trade,BTCUSDT,111960247,96750.21,0.963172,False,93187.09326612
trade,ETHUSDT,143951156,3488.07,0.040819,False,142.37952933
trade,BTCUSDT,111961482,97405.32,0.539807,False,52580.073573240006
trade,ETHUSDT,143951612,3501.23,0.045153,False,158.09103819
trade,ETHUSDT,143951326,3494.43,1.760107,True,6150.57070401
trade,ETHUSDT,143950054,3497.88,0.273532,False,956.78211216
trade,BTCUSDT,111961607,97152.22,1.597693,False,155219.42182846
trade,ETHUSDT,143950096,3511.42,0.361572,False,1269.6311522400001
trade,BTCUSDT,111961091,97461.93,0.636965,True,62079.838242449994
trade,ETHUSDT,143950805,3491.82,0.37244,False,1300.4934408000001
trade,ETHUSDT,143950266,3512.42,0.640936,True,2251.2364251199997
trade,ETHUSDT,143951140,3504.44,1.728664,True,6057.99926816
trade,BTCUSDT,111960274,97242.57,1.420977,True,138179.45539089
trade,BTCUSDT,111961507,97021.26,1.578209,True,153119.82572333998
trade,ETHUSDT,143951310,3501.13,0.443907,False,1554.17611491
trade,ETHUSDT,143951086,3483.97,1.15682,False,4030.3261753999996
trade,ETHUSDT,143951698,3491.21,0.618244,False,2158.41963524
trade,BTCUSDT,111960991,96853.3,0.481754,False,46659.4646882
trade,ETHUSDT,143951930,3494.62,1.540509,True,5383.49356158
trade,ETHUSDT,143950597,3511.91,1.734175,True,6090.26652425
trade,ETHUSDT,143951773,3509.52,0.639169,False,2243.17638888
trade,BTCUSDT,111961388,96553.07,0.930012,False,89795.51373684
trade,ETHUSDT,143951657,3506.57,1.634287,True,5730.741765590001
trade,ETHUSDT,143950197,3488.69,1.299518,False,4533.61545142
trade,BTCUSDT,111961785,96753.74,1.184381,True,114593.29133494
trade,BTCUSDT,111961669,96832.87,1.794295,True,173746.73447665
trade,BTCUSDT,111960905,96756.69,0.061795,True,5979.07965855
trade,ETHUSDT,143951462,3503.56,1.382713,False,4844.41795828
trade,ETHUSDT,143951501,3493.38,0.938,True,3276.7904399999998
trade,BTCUSDT,111961158,96778.04,1.559784,True,150952.83834336
trade,BTCUSDT,111961187,97434.07,1.691096,False,164770.36604072
trade,ETHUSDT,143950571,3496.93,1.23757,True,4327.6956601
trade,BTCUSDT,111961222,97039.84,1.002278,False,97260.89675551999
trade,BTCUSDT,111961533,97413.68,0.508715,False,49555.8002212
trade,BTCUSDT,111960986,96906.52,0.519978,False,50389.258456560005
trade,BTCUSDT,111960626,96570.92,0.750596,True,72485.74626832
trade,BTCUSDT,111960714,97425.41,1.580726,False,154002.87864766002
trade,ETHUSDT,143950848,3507.99,0.540854,False,1897.3104234599996
trade,BTCUSDT,111961543,96889.32,1.566478,True,151774.98821496
trade,BTCUSDT,111960973,97197.46,0.310602,True,30189.725470920002
trade,ETHUSDT,143951590,3484.54,0.199812,False,696.25290648
trade,BTCUSDT,111960999,96633.26,0.734232,False,70951.23175631999
trade,ETHUSDT,143950761,3515.43,0.753892,False,2650.2545535599997
trade,BTCUSDT,111961347,96707.23,1.466322,True,141803.93890806
trade,BTCUSDT,111960272,96926.66,0.940684,True,91177.35823544
trade,BTCUSDT,111960663,97205.35,1.011012,True,98275.77531420001
trade,ETHUSDT,143951101,3495.97,1.448139,False,5062.65049983
trade,BTCUSDT,111961176,96774.61,1.339363,True,129616.33197343
trade,BTCUSDT,111961035,96868.3,1.933622,True,187306.6759826
trade,BTCUSDT,111962021,96671.65,0.776186,False,75035.1813269
trade,BTCUSDT,111961040,96678.87,1.216217,False,117582.48523479
trade,ETHUSDT,143951468,3503.47,1.101772,True,3860.0251488399995
trade,ETHUSDT,143950555,3502.92,0.959828,True,3362.20069776
trade,BTCUSDT,111961171,97409.52,0.457061,True,44522.09262072
trade,ETHUSDT,143950980,3514.34,1.731559,True,6085.28705606
trade,BTCUSDT,111961509,96929.75,1.573007,False,152471.17525825
trade,BTCUSDT,111960826,96834.47,1.627641,False,157611.75358527
trade,BTCUSDT,111961521,96670.33,1.159835,False,112121.63219555
trade,ETHUSDT,143951702,3490.23,1.355251,True,4730.13769773
trade,ETHUSDT,143951786,3487.46,1.913984,False,6674.94264064
trade,ETHUSDT,143951763,3493.83,1.293545,True,4519.42632735
trade,ETHUSDT,143951911,3491.93,0.681911,True,2381.18547823
trade,ETHUSDT,143950352,3495.84,1.596001,True,5579.36413584
trade,ETHUSDT,143951138,3503.39,1.463833,False,5128.37789387
trade,ETHUSDT,143951687,3496.56,0.828057,True,2895.35098392
trade,BTCUSDT,111961948,96544.36,1.805496,False,174310.45580256
trade,ETHUSDT,143950624,3496.07,0.207898,True,726.82596086
trade,ETHUSDT,143951163,3515.15,0.097709,False,343.46179135
trade,ETHUSDT,143951037,3511.05,1.8672,True,6555.83256
trade,ETHUSDT,143951767,3494.65,0.977107,False,3414.64697755
trade,ETHUSDT,143951498,3504.84,1.640318,True,5749.05213912
trade,ETHUSDT,143950616,3517.08,0.691222,False,2431.08307176
trade,BTCUSDT,111961836,96841.22,0.500771,False,48495.27458062
trade,BTCUSDT,111960514,96991.8,0.407724,True,39545.8846632
trade,BTCUSDT,111961768,97134.54,0.662842,False,64384.85276268
trade,BTCUSDT,111961284,96791.99,1.440137,False,139393.72610263
trade,ETHUSDT,143950957,3501.64,0.330062,True,1155.75830168
trade,ETHUSDT,143951050,3486.36,0.198266,True,691.22665176
trade,ETHUSDT,143951927,3507.95,0.688508,True,2415.2516385999998
trade,ETHUSDT,143950679,3513.58,1.839019,False,6461.5403780199995
trade,ETHUSDT,143951431,3500.27,0.591943,True,2071.96032461
trade,ETHUSDT,143950470,3514.3,1.335923,True,4694.8341989
trade,ETHUSDT,143950802,3510.62,1.47731,True,5186.274032199999
trade,ETHUSDT,143950998,3503.32,0.534509,False,1872.5560698800002
trade,BTCUSDT,111960344,96784.95,0.404245,False,39124.83211275
trade,ETHUSDT,143951620,3492.93,1.563893,False,5462.568776489999
trade,ETHUSDT,143951619,3485.92,1.570464,False,5474.5118668800005
trade,BTCUSDT,111960251,97377.36,0.264683,False,25774.13177688
trade,ETHUSDT,143951729,3500.09,1.821608,False,6375.79194472
trade,BTCUSDT,111960417,96800.13,0.457825,True,44317.51951725
trade,ETHUSDT,143951898,3496.56,1.861548,True,6509.01427488
trade,BTCUSDT,111961865,96839.11,0.775067,False,75056.79847036999
trade,ETHUSDT,143950758,3513.55,0.037641,True,132.25353555
trade,ETHUSDT,143950337,3482.57,1.766439,True,6151.747468230001
trade,BTCUSDT,111961007,97080.09,0.252016,False,24465.73596144
trade,ETHUSDT,143951113,3491.53,0.142565,True,497.76997445
trade,BTCUSDT,111961115,97396.11,1.458823,False,142083.68537853
trade,BTCUSDT,111961943,97359.83,1.16955,False,113867.1891765
trade,ETHUSDT,143950499,3504.72,0.443021,True,1552.66455912
trade,ETHUSDT,143951915,3495.89,1.900684,False,6644.58218876
trade,ETHUSDT,143951169,3508.64,1.135989,True,3985.7764449599995
trade,ETHUSDT,143950158,3501.46,1.67891,False,5878.6362086
trade,BTCUSDT,111960481,97299.27,0.354215,True,34464.86092305
trade,ETHUSDT,143950360,3497.86,0.493195,False,1725.1270627000001
trade,ETHUSDT,143951990,3486.39,1.484629,False,5175.9956993099995
trade,BTCUSDT,111961043,97213.47,1.629962,True,158454.26198814
trade,BTCUSDT,111962000,96548.38,1.586271,False,153151.89529098
trade,BTCUSDT,111961077,96976.39,0.492324,True,47743.80423036
trade,ETHUSDT,143950746,3491.42,1.549348,False,5409.42459416
trade,BTCUSDT,111960906,97392.95,0.395744,True,38542.675604799995
trade,ETHUSDT,143950891,3503.98,1.763717,True,6180.02909366
trade,BTCUSDT,111961713,97256.89,1.675893,False,162992.14115277
trade,BTCUSDT,111960753,97050.8,1.951163,False,189361.9300804
trade,ETHUSDT,143951867,3482.7,1.140478,False,3971.9427306000002
trade,BTCUSDT,111960848,97096.95,0.165743,True,16093.13978385
trade,BTCUSDT,111962051,96858.84,0.340534,False,32983.72822056
trade,ETHUSDT,143952002,3488.65,0.952752,True,3323.8182648
trade,ETHUSDT,143950488,3504.88,0.085004,False,297.92881952
trade,BTCUSDT,111960790,97339.7,0.792993,False,77189.7007221
trade,BTCUSDT,111960610,97146.52,1.447639,False,140633.09106628
trade,BTCUSDT,111960395,96615.63,0.927777,True,89637.75935451
trade,BTCUSDT,111961876,97015.13,1.282688,True,124440.14306944
trade,BTCUSDT,111961074,96993.81,1.404222,True,136200.84186582
trade,ETHUSDT,143951282,3509.67,1.836949,False,6447.0847968299995
trade,BTCUSDT,111961746,97113.71,0.086082,False,8359.74238422
trade,BTCUSDT,111961590,96600.32,0.411921,True,39791.70041472
trade,BTCUSDT,111961642,96717.59,0.142177,True,13751.016793429999
trade,BTCUSDT,111960630,96928.32,0.905705,False,87788.4640656
trade,ETHUSDT,143950143,3513.29,0.896769,True,3150.60956001
trade,BTCUSDT,111961200,97351.93,0.796185,True,77510.14638705
trade,BTCUSDT,111960343,97181.56,1.038429,False,100916.15016924
trade,ETHUSDT,143951045,3499.98,0.79444,True,2780.5241112000003
trade,ETHUSDT,143951424,3493.54,1.754666,True,6129.99585764
trade,BTCUSDT,111960065,97417.08,1.302104,False,126847.16953632
trade,ETHUSDT,143951018,3509.12,0.593555,False,2082.8557216
trade,ETHUSDT,143950798,3510.11,1.267577,False,4449.33470347
trade,ETHUSDT,143951735,3482.89,1.610718,True,5609.95361502
trade,BTCUSDT,111961918,96553.74,0.860835,True,83116.83877290001
trade,BTCUSDT,111961703,96715.08,0.558227,True,53988.968963160005
trade,BTCUSDT,111961082,97113.97,0.132801,True,12896.83232997
trade,ETHUSDT,143950663,3488.12,0.305368,False,1065.1602281599999
trade,ETHUSDT,143950987,3503.06,1.000379,False,3504.3876597399994
trade,BTCUSDT,111960278,97211.99,1.64217,False,159638.6136183
trade,ETHUSDT,143950725,3503.96,0.499024,False,1748.5601350400002
trade,BTCUSDT,111961441,97289.58,0.465032,True,45242.76796656
trade,BTCUSDT,111960453,96668.13,1.837928,False,177669.06283464
trade,ETHUSDT,143951015,3486.99,1.360846,True,4745.256393539999
trade,BTCUSDT,111962034,97102.61,0.573597,True,55697.76578817
trade,ETHUSDT,143951266,3506.86,0.345069,False,1210.10867334
trade,BTCUSDT,111961754,97319.06,0.903211,True,87899.64550166
trade,ETHUSDT,143950743,3503.21,0.433173,True,1517.49598533
trade,BTCUSDT,111960391,96925.64,1.588686,False,153984.40730904
trade,BTCUSDT,111961563,97053.0,1.552567,False,150681.285051
trade,ETHUSDT,143950908,3508.91,0.72269,True,2535.8541679
trade,BTCUSDT,111960595,97092.26,0.194638,False,18897.84330188
trade,BTCUSDT,111960334,97188.29,0.599712,True,58284.98377248
trade,ETHUSDT,143950750,3505.62,0.933412,True,3272.1877754399998
trade,ETHUSDT,143951688,3509.77,0.398215,False,1397.64306055
trade,ETHUSDT,143950985,3489.24,1.642492,False,5731.048786079999
trade,BTCUSDT,111960554,97187.92,1.49502,True,145297.8841584
trade,ETHUSDT,143951010,3508.77,1.3727,False,4816.488579
trade,BTCUSDT,111961779,97271.93,1.962094,True,190856.67022141998
trade,ETHUSDT,143950174,3483.67,1.531056,False,5333.69385552
trade,ETHUSDT,143951271,3501.31,0.735906,True,2576.6350368599997
trade,BTCUSDT,111960887,97465.15,1.09848,True,107063.51797199999
trade,BTCUSDT,111960095,96650.74,1.500487,True,145023.17891038
trade,ETHUSDT,143951514,3483.95,0.794674,False,2768.6044822999997
trade,ETHUSDT,143951125,3497.7,1.080225,False,3778.3029825
trade,BTCUSDT,111960117,96800.26,1.328598,False,128608.63183547999
trade,ETHUSDT,143950791,3501.18,1.017823,True,3563.5815311399997
trade,ETHUSDT,143951369,3489.23,1.776377,True,6198.187919710001
trade,ETHUSDT,143951598,3499.8,0.979495,True,3428.0366010000002
trade,BTCUSDT,111960976,97354.47,0.601002,False,58510.231178940005
trade,BTCUSDT,111961588,96622.5,0.814904,True,78738.06173999999
trade,ETHUSDT,143950709,3512.87,1.319681,True,4635.86779447
trade,BTCUSDT,111961337,97420.67,1.734878,False,169012.97712825998
trade,BTCUSDT,111961425,97141.18,0.822239,True,79873.26670202
trade,BTCUSDT,111961101,97271.25,1.979257,False,192524.80246125002
trade,ETHUSDT,143950461,3506.38,0.52433,True,1838.5002253999999
trade,BTCUSDT,111961378,97174.35,1.97516,True,191934.889146
trade,ETHUSDT,143950031,3509.66,0.771138,False,2706.4321930799997
trade,BTCUSDT,111961013,97161.48,1.658433,True,161135.80476084
trade,BTCUSDT,111960962,97468.19,0.475258,True,46322.537043020006
trade,BTCUSDT,111961344,97269.4,0.223176,False,21708.1956144
trade,BTCUSDT,111960696,97111.09,0.66686,False,64759.5014774
trade,BTCUSDT,111960912,97103.44,0.453243,True,44011.45445592
trade,ETHUSDT,143950747,3488.28,1.300446,True,4536.3197728800005
trade,BTCUSDT,111960068,96994.14,1.20152,True,116540.3990928
trade,ETHUSDT,143951432,3500.37,0.458049,False,1603.34097813
trade,BTCUSDT,111961970,96566.6,1.519318,True,146715.3735788
trade,BTCUSDT,111960752,96581.76,1.242725,True,120024.567696
trade,BTCUSDT,111961076,96600.65,1.539441,False,148711.00123665
trade,ETHUSDT,143951925,3515.2,1.367222,True,4806.0587743999995
trade,BTCUSDT,111961674,97328.17,1.948981,False,189690.75409477
trade,BTCUSDT,111961847,96593.02,1.015784,True,98117.64422768001
trade,ETHUSDT,143951569,3488.11,0.969895,True,3383.10044845
trade,BTCUSDT,111961478,97066.63,0.495453,True,48091.95303339
trade,BTCUSDT,111961771,97436.0,0.046869,True,4566.727884
trade,ETHUSDT,143951024,3504.46,1.59538,True,5590.9453948
trade,ETHUSDT,143951614,3484.07,0.649301,False,2262.21013507
trade,BTCUSDT,111960862,97469.97,0.152561,True,14870.11609317
trade,BTCUSDT,111960667,97138.31,1.904729,True,185022.15606799
trade,BTCUSDT,111960067,96634.29,0.930864,False,89953.38172656
trade,BTCUSDT,111961956,96615.17,1.442374,True,139355.20921358
trade,BTCUSDT,111960479,96562.79,0.367277,False,35465.29182283
trade,ETHUSDT,143950714,3511.31,0.383625,False,1347.02629875
trade,BTCUSDT,111960115,96546.68,1.785998,False,172432.17738664
trade,BTCUSDT,111962036,97169.35,0.226866,True,22044.4217571
trade,BTCUSDT,111961760,97286.98,1.414468,True,137609.32002664
trade,BTCUSDT,111960984,96557.1,0.830132,False,80155.13853720001
trade,ETHUSDT,143951011,3491.15,1.53691,True,5365.5833465000005
trade,ETHUSDT,143950261,3482.56,0.381798,False,1329.63444288
trade,ETHUSDT,143951457,3500.13,1.192433,False,4173.670516290001
trade,ETHUSDT,143950164,3506.47,0.898411,False,3150.25121917
trade,ETHUSDT,143951907,3484.89,1.95569,True,6815.3645240999995
trade,BTCUSDT,111962004,97262.26,0.996111,True,96884.00707086
trade,BTCUSDT,111960640,97140.82,1.738926,True,168920.69755932002
trade,ETHUSDT,143950229,3510.08,0.283804,False,996.17474432
trade,ETHUSDT,143950670,3512.85,1.757749,True,6174.70857465
trade,ETHUSDT,143950257,3487.5,0.003718,False,12.966524999999999
trade,ETHUSDT,143951265,3506.94,1.020788,True,3579.84226872
trade,BTCUSDT,111960267,97273.31,0.830009,False,80737.72275978999
trade,BTCUSDT,111960644,96982.71,0.938589,False,91026.90479619
trade,BTCUSDT,111961396,97093.64,1.519868,True,147569.51643952
trade,BTCUSDT,111960735,97432.41,0.882046,False,85939.86751086
trade,BTCUSDT,111960668,97073.59,1.731974,False,168128.93396666
trade,ETHUSDT,143952019,3484.73,0.041528,False,144.71386744
trade,ETHUSDT,143951475,3504.26,0.104865,False,367.4742249
trade,ETHUSDT,143951783,3497.98,0.847934,False,2966.0561733199997
trade,BTCUSDT,111961868,96885.58,0.295335,False,28613.7027693
trade,BTCUSDT,111961261,97449.26,1.992653,False,194182.56028678
trade,BTCUSDT,111960399,96764.36,0.725605,False,70212.70343780001
trade,BTCUSDT,111961490,97084.6,1.86607,False,181166.659522
trade,ETHUSDT,143950293,3513.7,0.31186,True,1095.782482
trade,ETHUSDT,143951136,3485.67,1.455454,True,5073.23234418
trade,ETHUSDT,143950133,3483.06,0.761625,False,2652.7855725
trade,BTCUSDT,111962011,96661.82,0.93829,False,90696.8190878
trade,BTCUSDT,111961645,97395.74,0.124686,True,12143.885237640001
trade,BTCUSDT,111961579,96709.09,0.058296,False,5637.75311064
trade,ETHUSDT,143950343,3498.68,0.69169,True,2420.0019692
trade,ETHUSDT,143951060,3499.01,1.275213,True,4461.98303913
trade,ETHUSDT,143950507,3500.74,1.715659,False,6006.07608766
trade,BTCUSDT,111961063,96548.79,0.370187,True,35741.106923729996
trade,BTCUSDT,111960970,96897.77,1.531615,True,148410.07799855
trade,BTCUSDT,111961835,97073.78,0.668533,True,64897.02536474
trade,ETHUSDT,143950034,3505.92,0.164174,True,575.58091008
trade,BTCUSDT,111960328,97445.44,1.070058,False,104272.27263552
trade,ETHUSDT,143950531,3488.4,0.91704,False,3199.002336
trade,BTCUSDT,111960811,96669.22,1.850508,True,178887.16496376
trade,ETHUSDT,143951131,3494.11,1.706483,True,5962.63931513
trade,ETHUSDT,143951057,3499.57,0.766819,False,2683.5367678300004
trade,ETHUSDT,143951589,3510.76,1.626241,True,5709.341853160001
trade,ETHUSDT,143950836,3511.56,0.653208,True,2293.77908448
trade,ETHUSDT,143950693,3505.88,0.124886,False,437.83532968000003
trade,BTCUSDT,111960347,97281.51,1.069194,True,104012.80680293999
trade,BTCUSDT,111960618,97264.81,0.297089,False,28896.30513809
trade,ETHUSDT,143950230,3487.78,0.442463,False,1543.2136021400001
trade,BTCUSDT,111960090,96876.02,1.345202,False,130317.81585604
trade,BTCUSDT,111960336,96653.8,1.877877,True,181503.94798260002
trade,BTCUSDT,111961630,96521.62,0.178337,False,17213.376145939998
trade,BTCUSDT,111961179,96993.49,0.477868,False,46350.08507932
trade,ETHUSDT,143951933,3506.42,1.514043,True,5308.87065606
trade,ETHUSDT,143951926,3502.1,0.401303,False,1405.4032363000001
trade,ETHUSDT,143951474,3488.29,0.180596,False,629.97122084
trade,BTCUSDT,111961592,97187.81,1.710386,True,166228.66959466
trade,BTCUSDT,111961420,97354.74,1.659087,False,161519.98352238
trade,ETHUSDT,143951649,3513.87,1.590245,True,5587.91419815
trade,BTCUSDT,111960883,97296.11,0.911608,True,88695.91224488
trade,ETHUSDT,143950383,3495.18,1.48397,False,5186.7422645999995
trade,BTCUSDT,111961163,97170.54,1.733992,False,168492.93899568
trade,ETHUSDT,143951192,3491.25,0.600009,True,2094.78142125
trade,ETHUSDT,143950944,3514.79,0.08104,False,284.8385816
trade,BTCUSDT,111961676,96983.84,1.2167,False,118000.23812799998
trade,ETHUSDT,143950538,3507.1,1.898555,True,6658.4222405
trade,ETHUSDT,143950650,3501.58,1.230092,False,4307.26554536
trade,BTCUSDT,111961387,97270.35,0.649794,True,63205.6898079
trade,BTCUSDT,111961823,96749.38,1.568021,True,151705.05957698
trade,BTCUSDT,111961319,96870.83,1.882094,True,182320.00791801998
trade,ETHUSDT,143950348,3493.08,1.955985,True,6832.4120838
trade,ETHUSDT,143951066,3502.42,1.60121,True,5608.1099282000005
trade,ETHUSDT,143951755,3482.94,0.75786,False,2639.5809083999998
trade,BTCUSDT,111961021,97004.14,1.151416,True,111692.11886224
trade,BTCUSDT,111960457,96845.75,0.743596,True,72014.112317
trade,BTCUSDT,111960951,97266.03,0.130495,True,12692.73058485
trade,BTCUSDT,111960706,96697.69,0.383828,False,37115.28095732
trade,ETHUSDT,143951727,3508.46,0.579258,True,2032.3035226800002
trade,BTCUSDT,111961462,97441.48,1.139723,True,111056.29591004
trade,BTCUSDT,111961969,96815.12,0.042444,True,4109.22095328
trade,BTCUSDT,111960914,97402.86,1.589632,False,154834.70314752
trade,BTCUSDT,111961690,97119.99,0.569771,True,55336.153822290005
trade,BTCUSDT,111961715,96841.56,1.516062,False,146817.80913672
trade,BTCUSDT,111960300,97080.88,0.296534,True,28787.781669920005
trade,ETHUSDT,143950815,3506.13,1.642321,False,5758.19092773
trade,ETHUSDT,143950696,3501.33,1.429198,False,5004.09383334
trade,ETHUSDT,143950662,3488.44,1.500983,False,5236.08913652
trade,ETHUSDT,143951742,3508.62,1.066814,False,3743.0449366799994
trade,ETHUSDT,143950890,3491.86,0.813535,False,2840.7503251000003
trade,BTCUSDT,111960512,96733.86,1.021739,True,98836.75738254
trade,ETHUSDT,143950057,3496.81,1.693956,False,5923.44228036
trade,ETHUSDT,143951932,3484.72,0.707688,False,2466.0945273599996
trade,ETHUSDT,143950788,3494.43,1.112203,False,3886.51552929
trade,BTCUSDT,111961837,97451.15,0.115698,True,11274.903152699999
trade,BTCUSDT,111961738,97275.99,1.072241,True,104303.30479359001
trade,ETHUSDT,143951618,3490.68,1.512992,True,5281.37091456
trade,ETHUSDT,143951082,3484.52,1.262525,True,4399.293613
trade,ETHUSDT,143951805,3497.02,1.635041,True,5717.77107782
trade,ETHUSDT,143950570,3500.84,0.718526,False,2515.44456184
trade,BTCUSDT,111961150,97226.33,0.383599,False,37295.92296167
trade,ETHUSDT,143951929,3483.11,1.656114,True,5768.42723454
trade,ETHUSDT,143950901,3491.51,1.204585,False,4205.82057335
trade,BTCUSDT,111961955,97195.33,1.260559,False,122520.44798947
trade,ETHUSDT,143951830,3504.25,0.635925,True,2228.44018125
trade,ETHUSDT,143950312,3491.44,0.252539,False,881.7247661600001
trade,BTCUSDT,111961937,97450.79,1.809407,True,176328.14158152998
trade,ETHUSDT,143951792,3502.4,1.037024,True,3632.0728575999997
trade,BTCUSDT,111961940,96919.31,1.928346,False,186893.96376125998
trade,BTCUSDT,111960855,96991.29,1.18241,True,114683.4712089
trade,ETHUSDT,143951609,3517.05,1.572618,True,5530.976136900001
trade,ETHUSDT,143950830,3485.15,0.650736,False,2267.9125704
trade,ETHUSDT,143950865,3498.57,0.110417,True,386.30160369000004
trade,BTCUSDT,111960749,97232.45,0.202152,False,19655.7342324
trade,BTCUSDT,111961405,96741.66,1.964745,True,190072.69277670002
trade,ETHUSDT,143951128,3487.18,0.437765,False,1526.5653527
trade,ETHUSDT,143950191,3499.7,1.548652,True,5419.8174044
trade,BTCUSDT,111961139,97064.38,1.079756,True,104805.84669127999
trade,BTCUSDT,111961429,97174.33,1.020618,True,99177.87033594001
trade,BTCUSDT,111960394,96523.52,0.90724,True,87569.9982848
trade,ETHUSDT,143951059,3504.16,0.132586,True,464.60255776
trade,BTCUSDT,111960410,97195.47,1.829518,True,177820.86188346
trade,BTCUSDT,111961895,96755.58,0.41134,False,39799.440277199996
trade,ETHUSDT,143951106,3498.67,1.075865,False,3764.0965995500005
trade,BTCUSDT,111961318,96761.61,1.749604,False,169294.49990244
trade,BTCUSDT,111960432,96595.15,0.273305,True,26399.93747075
trade,ETHUSDT,143951415,3516.6,1.06241,False,3736.071006
trade,ETHUSDT,143950157,3482.59,0.903027,False,3144.8727999300004
trade,ETHUSDT,143950139,3506.0,0.171301,False,600.581306
trade,BTCUSDT,111961073,96857.43,0.53452,True,51772.23348359999
trade,ETHUSDT,143950764,3494.95,0.185203,True,647.27522485
trade,ETHUSDT,143950778,3510.46,1.046956,False,3675.29715976
trade,BTCUSDT,111961716,97089.45,0.228534,True,22188.240366299997
trade,BTCUSDT,111961024,96981.22,0.248569,False,24106.524874180002
trade,ETHUSDT,143950993,3505.96,0.804393,True,2820.16968228
trade,BTCUSDT,111960182,96788.37,1.374744,False,133059.23092728
trade,ETHUSDT,143950748,3506.56,1.926576,False,6755.65433856
trade,BTCUSDT,111961749,96809.53,1.948643,False,188647.21296779
trade,BTCUSDT,111960682,96620.3,0.965926,False,93328.0598978
trade,ETHUSDT,143950768,3492.53,0.29879,False,1043.5330387000001
trade,ETHUSDT,143950466,3506.85,0.833712,True,2923.7029272
trade,ETHUSDT,143951279,3494.27,1.750569,True,6116.96073963
trade,ETHUSDT,143950604,3484.37,1.141802,False,3978.46063474
trade,ETHUSDT,143950736,3496.19,0.480866,False,1681.19890054
trade,BTCUSDT,111960652,97023.75,0.179766,True,17441.5714425
trade,ETHUSDT,143950821,3497.76,0.726683,True,2541.76273008
trade,ETHUSDT,143951983,3488.39,1.569482,True,5474.96531398
trade,BTCUSDT,111960872,97095.77,0.297252,True,28861.911824040002
trade,ETHUSDT,143951085,3509.96,0.597912,True,2098.64720352
trade,BTCUSDT,111960355,97389.21,1.741224,True,169576.42979304004
trade,ETHUSDT,143951339,3490.91,0.660832,False,2306.9050371199996
trade,ETHUSDT,143951956,3497.57,1.348819,True,4717.5888698300005
trade,BTCUSDT,111960717,96544.48,1.145343,False,110576.54435663999
trade,BTCUSDT,111961938,96932.46,1.331563,True,129071.67723498002
trade,BTCUSDT,111961670,96926.24,0.330731,True,32056.512281440002
trade,ETHUSDT,143951756,3506.76,0.954399,False,3346.8482372400003
trade,ETHUSDT,143950922,3495.45,0.232656,False,813.2374152
trade,BTCUSDT,111960434,97307.76,0.723042,True,70357.59740592
trade,BTCUSDT,111961561,97445.35,1.523515,False,148459.45240525
trade,ETHUSDT,143950483,3512.49,1.533084,True,5384.94221916
trade,BTCUSDT,111961595,97451.23,1.206117,False,117537.58517391
trade,ETHUSDT,143950332,3512.95,0.964317,False,3387.5974051499998
trade,ETHUSDT,143951243,3488.02,0.376123,True,1311.9245464599999
trade,BTCUSDT,111961022,97110.49,1.342751,True,130395.20755799001
trade,ETHUSDT,143950401,3502.13,1.372413,False,4806.36873969
trade,BTCUSDT,111961256,96934.38,0.050393,True,4884.81421134
trade,ETHUSDT,143951407,3508.67,1.250149,True,4386.36029183
trade,BTCUSDT,111960172,96861.83,0.846837,True,82026.18153171
trade,ETHUSDT,143950433,3495.53,0.212507,False,742.82459371
trade,ETHUSDT,143951004,3486.0,0.153424,False,534.836064
trade,BTCUSDT,111961923,96700.18,0.083422,True,8066.922415959999
trade,ETHUSDT,143950608,3513.99,0.849576,True,2985.40156824
trade,ETHUSDT,143951901,3514.67,1.560947,True,5486.21359249
trade,BTCUSDT,111960527,96608.94,1.377105,False,133040.6543187
trade,ETHUSDT,143951448,3492.82,1.590273,False,5554.53733986
trade,BTCUSDT,111961916,97462.98,0.906665,False,88366.2727617
trade,BTCUSDT,111961224,96900.42,1.379603,True,133684.11013326
trade,BTCUSDT,111960750,96581.23,0.580968,True,56110.60403064
trade,ETHUSDT,143950790,3495.28,0.001926,False,6.73190928
trade,ETHUSDT,143951152,3491.15,0.218356,True,762.3135494
trade,BTCUSDT,111961297,97032.59,0.922894,False,89550.79511546
trade,ETHUSDT,143950161,3506.29,1.923341,False,6743.79131489
trade,ETHUSDT,143950642,3508.82,0.030299,True,106.31373718
trade,ETHUSDT,143950339,3491.29,1.792443,True,6257.93832147
trade,ETHUSDT,143951220,3508.03,1.60131,False,5617.4435193
trade,BTCUSDT,111961156,97025.88,1.295523,False,125699.25913524
trade,ETHUSDT,143950820,3513.65,1.779753,True,6253.42912845
trade,BTCUSDT,111960789,96652.51,0.99943,False,96597.4180693
trade,ETHUSDT,143951552,3485.3,0.132152,True,460.5893656
trade,ETHUSDT,143951274,3508.34,1.306368,False,4583.18310912
trade,ETHUSDT,143950719,3490.65,1.067788,True,3727.2741822
trade,ETHUSDT,143951046,3510.14,0.956989,False,3359.1653684599996
trade,BTCUSDT,111960617,96887.27,1.553098,True,150475.42526246002
trade,BTCUSDT,111960598,97381.97,1.464208,True,142587.45952976
trade,ETHUSDT,143951129,3514.25,1.667516,True,5860.068103
trade,BTCUSDT,111961861,97287.82,0.303787,True,29554.774974339998
trade,ETHUSDT,143951881,3495.89,0.181865,True,635.78003485
trade,ETHUSDT,143950676,3496.49,0.601326,True,2102.53034574
trade,ETHUSDT,143951353,3483.57,1.592778,False,5548.55365746
trade,BTCUSDT,111962044,96850.21,0.153692,False,14885.10247532
trade,BTCUSDT,111961922,97117.75,0.750193,False,72857.05622575
trade,BTCUSDT,111960507,97249.68,0.261709,False,25451.11650312
trade,BTCUSDT,111960860,96814.55,0.440574,True,42653.9735517
trade,BTCUSDT,111960346,96662.4,0.782972,True,75683.9526528
trade,BTCUSDT,111960296,97009.97,1.730379,False,167864.01487863
trade,ETHUSDT,143951568,3491.1,1.35435,False,4728.171284999999
trade,BTCUSDT,111960596,97025.96,0.336631,False,32661.945940760004
trade,BTCUSDT,111960108,97336.59,1.228551,False,119582.96498108999
trade,BTCUSDT,111961046,97069.18,1.892665,False,183719.43956469998
trade,ETHUSDT,143951675,3491.42,0.279576,False,976.11723792
trade,ETHUSDT,143951119,3513.69,0.639193,False,2245.9260521700003
trade,BTCUSDT,111960277,96980.3,0.096346,False,9343.663983800001
trade,ETHUSDT,143951904,3483.55,0.969119,False,3375.97449245
trade,BTCUSDT,111960633,97326.39,0.365866,False,35608.41700374
trade,ETHUSDT,143951949,3489.29,0.947332,False,3305.51607428
trade,ETHUSDT,143950511,3505.98,1.393995,False,4887.318590100001
trade,ETHUSDT,143950609,3492.33,0.661076,False,2308.69554708
trade,ETHUSDT,143950447,3488.57,1.541551,False,5377.80857207
trade,BTCUSDT,111961910,96540.7,1.499202,False,144734.0105214
trade,ETHUSDT,143950387,3494.53,1.223295,True,4274.841076350001
trade,ETHUSDT,143950243,3486.05,0.28123,True,980.3818415
trade,BTCUSDT,111960568,96829.0,1.100844,False,106593.62367599999
trade,BTCUSDT,111960472,96563.69,1.535043,False,148229.41638867
trade,BTCUSDT,111960401,97250.44,1.032574,True,100418.27583256002
trade,ETHUSDT,143950231,3509.34,0.774659,True,2718.54181506
trade,ETHUSDT,143951153,3483.45,1.847981,True,6437.34941445
trade,ETHUSDT,143950772,3485.55,0.181368,True,632.1672324
trade,ETHUSDT,143951707,3495.12,0.297045,False,1038.2079204
trade,BTCUSDT,111961055,96608.19,1.902226,False,183770.61083094002
trade,ETHUSDT,143950497,3510.93,1.669606,True,5861.869793579999
trade,ETHUSDT,143950851,3517.47,0.596469,False,2098.06181343
trade,BTCUSDT,111961078,96600.11,0.482348,True,46594.86985828
trade,ETHUSDT,143950307,3485.21,1.090206,True,3799.59685326
trade,BTCUSDT,111960558,96644.46,0.294427,True,28454.73842442
trade,ETHUSDT,143950114,3507.01,1.32985,True,4663.7972485
trade,ETHUSDT,143950699,3516.62,1.596491,False,5614.2521804200005
trade,BTCUSDT,111961830,97063.97,0.0628,True,6095.617316
trade,ETHUSDT,143951977,3493.63,1.31379,True,4589.8961577
trade,ETHUSDT,143951490,3510.87,1.085642,False,3811.5479285399997
trade,ETHUSDT,143951500,3509.55,1.931781,True,6779.68200855
trade,BTCUSDT,111961210,97153.08,0.164357,False,15967.78876956
trade,ETHUSDT,143951656,3509.22,0.779669,True,2736.0300481799995
trade,ETHUSDT,143951789,3501.84,1.429379,True,5005.45655736
trade,BTCUSDT,111961776,96702.14,1.521757,True,147157.15845998
trade,BTCUSDT,111962027,96648.18,1.622977,True,156857.77323186
trade,ETHUSDT,143951307,3509.47,0.535653,True,1879.85813391
trade,ETHUSDT,143951667,3492.52,1.153159,True,4027.43087068
trade,BTCUSDT,111960543,97470.9,1.246275,True,121475.5458975
trade,BTCUSDT,111960304,97161.19,0.294051,False,28570.34508069
trade,ETHUSDT,143950471,3485.94,1.239116,False,4319.484029040001
trade,ETHUSDT,143950513,3487.89,1.915314,False,6680.40454746
trade,ETHUSDT,143951989,3495.16,0.959361,True,3353.12019276
trade,BTCUSDT,111961902,97459.12,0.194069,True,18913.79395928
trade,BTCUSDT,111961452,96855.06,1.704218,False,165062.13664307998
trade,BTCUSDT,111961290,96996.37,1.326756,False,128690.51587572
trade,BTCUSDT,111961345,97295.91,0.107934,False,10501.53674994
trade,ETHUSDT,143951817,3503.46,0.396757,False,1390.0222792200002
trade,ETHUSDT,143950472,3494.2,0.815096,False,2848.1084432
trade,BTCUSDT,111960319,96741.82,0.102398,True,9906.16888436
trade,BTCUSDT,111961276,97339.52,1.794384,False,174664.47725568002
trade,BTCUSDT,111960733,97409.44,0.522318,True,50878.703881919995
trade,ETHUSDT,143951856,3485.21,0.041468,True,144.52468828
trade,ETHUSDT,143951121,3488.17,1.559825,False,5440.93477025
trade,BTCUSDT,111960483,97042.83,0.642741,True,62373.40559703
trade,ETHUSDT,143951906,3506.7,1.087072,True,3812.0353824
trade,BTCUSDT,111960077,96910.44,0.962491,False,93275.42630604
trade,ETHUSDT,143951380,3485.08,1.627384,True,5671.56343072
trade,BTCUSDT,111961729,96748.54,0.753472,False,72897.31593088
trade,BTCUSDT,111960210,96678.89,0.09175,True,8870.2881575
trade,BTCUSDT,111960594,96952.98,1.215693,True,117865.05911513999
trade,ETHUSDT,143950070,3486.36,0.077887,False,271.54212132
trade,BTCUSDT,111960922,97243.18,0.598175,False,58168.439196499996
trade,ETHUSDT,143950527,3486.88,1.517749,True,5292.20863312
trade,BTCUSDT,111960529,97133.36,1.436339,True,139516.43316904
trade,BTCUSDT,111961330,96534.49,1.448562,True,139836.19390338
trade,BTCUSDT,111961827,97371.85,1.318103,True,128346.12760055001
trade,BTCUSDT,111961057,97241.74,0.922588,True,89714.06242312
trade,BTCUSDT,111961688,97188.43,1.026738,False,99787.05424133998
trade,BTCUSDT,111960998,96517.13,1.9491,True,188121.53808300002
trade,BTCUSDT,111960356,97092.09,1.925618,True,186962.27616162
trade,BTCUSDT,111960331,97349.84,0.271971,True,26476.33333464
trade,ETHUSDT,143950915,3509.96,0.071325,False,250.347897
trade,BTCUSDT,111961166,97040.6,1.233033,True,119654.2621398
trade,ETHUSDT,143950425,3507.57,0.961821,True,3373.6544849700003
trade,BTCUSDT,111961153,97111.56,0.289596,False,28123.11932976
trade,BTCUSDT,111961145,96796.06,0.174057,True,16848.03181542
trade,BTCUSDT,111961859,96532.84,1.300976,False,125586.90805183999
trade,ETHUSDT,143950081,3502.84,1.985726,False,6955.680461840001
trade,ETHUSDT,143950871,3501.58,0.022175,False,77.6475365
trade,BTCUSDT,111960482,97017.17,1.501542,True,145675.35547614
trade,ETHUSDT,143950738,3498.49,0.453226,False,1585.60662874
trade,ETHUSDT,143950872,3485.39,1.032393,True,3598.2922382699994
trade,ETHUSDT,143951539,3506.03,1.387105,False,4863.2317431500005
trade,BTCUSDT,111960896,97450.92,0.834012,False,81275.23669104
trade,BTCUSDT,111961921,97012.4,0.216644,False,21017.1543856
trade,BTCUSDT,111960476,96840.33,0.047617,True,4611.24599361
trade,ETHUSDT,143951988,3482.8,1.953252,True,6802.7860656
trade,ETHUSDT,143951154,3506.91,1.719204,False,6029.09369964
trade,ETHUSDT,143951739,3483.57,0.177183,False,617.22938331
trade,BTCUSDT,111960805,97067.63,1.623249,True,157564.93332987
trade,ETHUSDT,143950794,3507.16,0.761755,True,2671.5966657999998
trade,BTCUSDT,111960628,96753.52,1.365959,True,132161.34142568
trade,ETHUSDT,143950974,3502.41,0.075385,True,264.02917784999994
trade,BTCUSDT,111961587,97030.36,0.03903,False,3787.0949508000003
trade,BTCUSDT,111960122,97229.87,1.096686,True,106630.63721082
trade,ETHUSDT,143950460,3484.26,1.94981,True,6793.644990600001
trade,BTCUSDT,111960854,97128.61,1.112851,True,108089.67076711
trade,BTCUSDT,111960968,97329.3,0.448815,True,43682.8497795
trade,ETHUSDT,143950918,3483.94,0.699618,False,2437.42713492
trade,BTCUSDT,111960367,97132.83,0.395843,False,38449.35082569
trade,BTCUSDT,111960254,96675.77,0.695081,False,67197.49088737
trade,ETHUSDT,143950539,3498.45,0.337068,True,1179.2155446
trade,BTCUSDT,111961577,97189.5,1.368232,True,132977.783964
trade,BTCUSDT,111960817,96925.86,1.080015,True,104681.3826879
trade,ETHUSDT,143951329,3487.05,1.259712,False,4392.6787296
trade,ETHUSDT,143951794,3485.64,0.826461,False,2880.74552004
trade,BTCUSDT,111961414,96937.89,1.533755,True,148678.97347695
trade,BTCUSDT,111960918,97218.02,1.05791,True,102847.91553819999
trade,BTCUSDT,111961480,97424.18,0.662129,True,64507.37487921999
trade,ETHUSDT,143950888,3497.03,1.687473,True,5901.14370519
trade,ETHUSDT,143951686,3490.75,0.088408,False,308.610226
trade,BTCUSDT,111961151,97027.17,0.431428,True,41860.237898759995
trade,ETHUSDT,143950584,3490.66,0.835861,False,2917.70655826
trade,BTCUSDT,111961207,97471.6,0.892156,True,86959.8727696
trade,ETHUSDT,143950990,3484.51,1.410325,True,4914.291565750001
trade,BTCUSDT,111960470,97327.69,0.603796,True,58766.06991124
trade,BTCUSDT,111961268,97322.3,0.217692,True,21186.2861316
trade,BTCUSDT,111962023,97145.54,0.50081,False,48651.45788739999
trade,ETHUSDT,143950044,3515.04,1.117138,False,3926.7847555199996
trade,ETHUSDT,143951818,3490.46,0.172507,True,602.12878322
trade,ETHUSDT,143951272,3500.24,1.591155,False,5569.4243772
trade,BTCUSDT,111960309,96681.96,0.051773,False,5005.51511508
trade,BTCUSDT,111961571,96582.8,0.304273,True,29387.5383044
trade,ETHUSDT,143950875,3492.53,0.747907,False,2612.08763471
trade,BTCUSDT,111961752,96655.97,1.889329,True,182614.92714413
trade,ETHUSDT,143951497,3492.55,0.432645,False,1511.03429475
trade,BTCUSDT,111961214,97453.93,1.538596,True,149942.22688228
trade,ETHUSDT,143950580,3483.51,0.497032,True,1731.41594232
trade,BTCUSDT,111961001,97099.3,0.787368,False,76452.8816424
trade,BTCUSDT,111961300,96680.16,0.442332,True,42764.728533120004
trade,BTCUSDT,111960731,96570.89,0.971001,False,93770.43076089
trade,BTCUSDT,111961576,97355.28,0.517139,False,50346.21214392
trade,ETHUSDT,143951888,3502.11,0.242726,True,850.0531518600001
trade,BTCUSDT,111961741,96545.56,1.58082,True,152621.1521592
trade,BTCUSDT,111962059,97232.24,0.119862,True,11654.45075088
trade,BTCUSDT,111960747,96750.93,1.73735,True,168090.2282355
trade,BTCUSDT,111962003,96531.44,0.364692,True,35204.24391648
trade,ETHUSDT,143951386,3514.75,1.985072,False,6977.031812
trade,ETHUSDT,143950474,3490.36,1.112605,True,3883.3919878
trade,ETHUSDT,143950666,3487.41,0.786012,False,2741.14610892
trade,BTCUSDT,111961254,97372.06,0.568894,True,55394.38070164
trade,BTCUSDT,111961962,97356.87,0.772372,True,75195.72039563999
trade,BTCUSDT,111961456,96836.66,1.420385,True,137545.3393141
trade,ETHUSDT,143950548,3513.11,1.083482,False,3806.3914490200004
trade,ETHUSDT,143951134,3487.66,1.862873,True,6497.06764718
trade,BTCUSDT,111960480,97108.74,1.374299,True,133456.44427326001
trade,BTCUSDT,111960431,96700.02,0.588056,True,56865.026961120006
trade,BTCUSDT,111960803,97336.8,0.911406,True,88713.34354080001
trade,BTCUSDT,111961460,96983.72,1.770482,False,171707.93055304
trade,ETHUSDT,143950796,3498.98,0.721989,True,2526.22507122
trade,BTCUSDT,111961342,97164.75,1.581194,True,153636.3197115
trade,BTCUSDT,111960642,97257.12,1.636469,True,159158.26190928
trade,ETHUSDT,143950896,3490.51,0.101778,True,355.25712678
trade,ETHUSDT,143951509,3498.96,0.67441,True,2359.7336136
trade,BTCUSDT,111961154,96533.88,1.314142,True,126859.22613096
trade,BTCUSDT,111960246,96649.09,1.198443,False,115828.42536686998
trade,BTCUSDT,111961935,96882.56,0.050807,False,4922.31222592
trade,ETHUSDT,143951842,3501.04,1.126273,False,3943.1268239200003
trade,BTCUSDT,111960248,96798.04,0.82588,True,79943.56527519999
trade,ETHUSDT,143951058,3501.54,0.884116,True,3095.76753864
trade,ETHUSDT,143950807,3515.81,1.823253,False,6410.2111299299995
trade,ETHUSDT,143951184,3484.07,0.971357,True,3384.27578299
trade,ETHUSDT,143951302,3504.86,1.586088,True,5559.01638768
trade,BTCUSDT,111961034,96874.97,1.742887,False,168842.12583839
trade,ETHUSDT,143950885,3516.93,1.611095,False,5666.10833835
trade,ETHUSDT,143951392,3491.84,0.527984,True,1843.6356505600002
trade,BTCUSDT,111960613,96662.87,0.471786,False,45604.18878582
trade,BTCUSDT,111960435,97143.61,1.990721,False,193385.82444281
trade,BTCUSDT,111960624,96682.03,1.224974,False,118432.97301721999
trade,ETHUSDT,143951180,3497.97,0.447358,True,1564.8448632599998
trade,BTCUSDT,111960932,96612.22,1.54867,False,149620.4467474
trade,ETHUSDT,143952017,3500.54,0.055759,False,195.18660986
trade,BTCUSDT,111960518,97218.82,1.584977,False,154089.59366714003
trade,BTCUSDT,111960792,97259.96,0.77677,False,75548.6191292
trade,BTCUSDT,111961557,96940.78,0.379643,True,36802.88854154
trade,BTCUSDT,111961624,97357.25,0.049145,False,4784.62205125
trade,BTCUSDT,111961554,96719.81,1.029963,True,99617.82566702999
trade,ETHUSDT,143950217,3507.11,1.360701,True,4772.12808411
trade,BTCUSDT,111960670,96638.55,0.079791,True,7710.88654305
trade,ETHUSDT,143951752,3491.37,1.358008,False,4741.30839096
trade,BTCUSDT,111961301,97276.55,0.701116,True,68202.1456298
trade,BTCUSDT,111961548,97367.46,1.348571,True,131306.93289966
trade,ETHUSDT,143950137,3512.58,0.36355,False,1276.998459
trade,ETHUSDT,143951231,3510.89,1.088436,True,3821.3790680399998
trade,ETHUSDT,143951847,3512.0,1.967169,False,6908.697528
trade,ETHUSDT,143950530,3494.03,0.119108,False,416.16692524000007
trade,ETHUSDT,143950210,3491.35,0.694425,True,2424.48072375
trade,BTCUSDT,111961813,96609.47,1.872954,False,180945.09327438
trade,BTCUSDT,111962014,97427.41,1.700137,True,165639.94455517002
trade,ETHUSDT,143951641,3484.81,1.267505,False,4417.01409905
trade,ETHUSDT,143951078,3505.35,1.3935,False,4884.705225
trade,BTCUSDT,111960712,97193.44,1.777693,True,172780.09793392
trade,ETHUSDT,143950920,3517.36,0.087983,True,309.46788488000004
trade,ETHUSDT,143950928,3492.69,1.458324,True,5093.47365156
trade,ETHUSDT,143950160,3501.74,0.31546,False,1104.6589004
trade,ETHUSDT,143951880,3500.64,1.550796,True,5428.77850944
trade,ETHUSDT,143950655,3489.7,0.971169,True,3389.0884592999996
trade,ETHUSDT,143950705,3510.18,1.806565,True,6341.3683316999995
trade,BTCUSDT,111961232,97021.83,0.535038,False,51910.365879540004
trade,BTCUSDT,111961553,97194.79,1.013211,True,98478.83037069
trade,BTCUSDT,111961359,97383.65,1.984181,False,193226.78804065
trade,ETHUSDT,143951701,3504.4,1.543316,False,5408.3965904
trade,ETHUSDT,143952013,3491.73,0.837843,True,2925.52153839
trade,ETHUSDT,143950169,3502.3,1.380576,False,4835.1913248
trade,ETHUSDT,143951770,3509.04,1.62792,False,5712.4363968
trade,BTCUSDT,111961373,96848.8,0.800538,False,77531.1446544
trade,BTCUSDT,111960969,96717.24,0.668011,False,64608.180209640006
trade,BTCUSDT,111961683,97292.95,0.76008,True,73950.42543599999
trade,ETHUSDT,143950762,3510.45,0.79538,False,2792.141721
trade,BTCUSDT,111961854,97469.2,0.750541,True,73154.6308372
trade,BTCUSDT,111960270,97393.42,0.374249,True,36449.39004158
trade,BTCUSDT,111961313,97210.89,0.88287,True,85824.5784543
trade,BTCUSDT,111960947,96929.48,0.335557,True,32525.36552036
trade,BTCUSDT,111960675,96656.63,1.599912,True,154642.10221656002
trade,BTCUSDT,111961464,96542.18,1.029405,True,99381.00280289998
trade,ETHUSDT,143950370,3492.87,0.388636,True,1357.45502532
trade,BTCUSDT,111961424,96521.79,0.376613,True,36351.360897269995
trade,ETHUSDT,143951627,3509.6,0.972957,True,3414.6898871999997
trade,BTCUSDT,111960756,97398.76,0.925752,False,90167.09686752
trade,BTCUSDT,111961622,97091.89,0.544642,False,52880.32115338
trade,ETHUSDT,143950047,3499.83,1.630834,False,5707.641758219999
trade,ETHUSDT,143951251,3499.44,1.662219,False,5816.8356573599995
trade,BTCUSDT,111961899,97148.33,1.50067,True,145787.5843811
trade,BTCUSDT,111960400,97464.81,0.806519,False,78607.22109639
trade,ETHUSDT,143950698,3509.55,1.394125,False,4892.751393750001
trade,ETHUSDT,143951874,3505.28,1.515691,False,5312.92134848
trade,BTCUSDT,111960230,97178.58,1.313609,False,127654.65729522001
trade,BTCUSDT,111960857,97428.69,0.713343,True,69500.07401067
trade,ETHUSDT,143950749,3498.08,1.921457,True,6721.41030256
trade,BTCUSDT,111960276,96960.81,1.432377,False,138884.43414537
trade,BTCUSDT,111960620,96630.61,0.114722,True,11085.65684042
trade,BTCUSDT,111961871,97457.93,1.5662,False,152638.609966
trade,ETHUSDT,143951952,3494.94,0.746492,True,2608.94475048
trade,ETHUSDT,143951922,3487.12,1.159745,False,4044.1699844
trade,BTCUSDT,111960375,97069.41,1.743074,True,169199.16476634002
trade,ETHUSDT,143951207,3501.96,1.367311,True,4788.26842956
trade,BTCUSDT,111961904,96836.05,0.113825,True,11022.363391249999
trade,ETHUSDT,143950502,3495.15,1.325132,False,4631.5351098
trade,BTCUSDT,111960339,97162.67,1.52541,False,148212.90844469998
trade,BTCUSDT,111961368,97070.08,0.724514,False,70328.63194112
trade,ETHUSDT,143951528,3484.72,0.939074,False,3272.4099492799996
trade,ETHUSDT,143950091,3496.95,1.025273,True,3585.32841735
trade,ETHUSDT,143950520,3488.54,1.188929,False,4147.626373659999
trade,BTCUSDT,111962031,96519.42,0.445116,False,42962.33815272
trade,BTCUSDT,111960225,97341.73,1.468514,False,142947.69328922
trade,BTCUSDT,111961737,96894.14,1.074072,False,104071.28273807999
trade,BTCUSDT,111960348,97029.67,1.492461,True,144812.99831787
trade,ETHUSDT,143950563,3488.65,1.396609,False,4872.27998785
trade,BTCUSDT,111962008,97175.62,1.267552,True,123175.15148223999
trade,BTCUSDT,111960888,97110.98,1.358187,True,131894.87059325998
trade,ETHUSDT,143952025,3484.52,1.905355,True,6639.247604599999
trade,BTCUSDT,111960612,96538.05,1.982313,True,191368.63150965
trade,BTCUSDT,111960314,97439.98,0.387649,False,37772.51080702
trade,ETHUSDT,143950839,3484.2,0.254159,False,885.5407878000001
trade,ETHUSDT,143950992,3492.92,1.649876,False,5762.88487792
trade,ETHUSDT,143950077,3488.85,1.828499,True,6379.35873615
trade,BTCUSDT,111961731,96730.46,1.184642,False,114590.96559532
trade,ETHUSDT,143951390,3482.59,0.806058,True,2807.1695302200005
trade,BTCUSDT,111960758,96666.14,0.616383,True,59583.36537162
trade,ETHUSDT,143950487,3489.43,1.85544,True,6474.427999199999
trade,ETHUSDT,143951402,3484.68,1.279256,False,4457.79779808
trade,ETHUSDT,143951551,3503.53,0.529664,True,1855.6937139200002
trade,ETHUSDT,143951534,3512.49,1.172732,False,4119.20942268
trade,ETHUSDT,143950753,3494.59,0.909375,False,3177.89278125
trade,ETHUSDT,143950927,3485.08,1.297138,False,4520.629701039999
trade,BTCUSDT,111960898,96746.96,1.217798,False,117818.25439408
trade,BTCUSDT,111961659,96877.5,0.803529,True,77843.8806975
trade,ETHUSDT,143951530,3503.92,1.36406,False,4779.5571152
trade,BTCUSDT,111960983,97303.92,1.946189,False,189371.81876087998
trade,ETHUSDT,143951233,3483.83,0.198477,True,691.46012691
trade,ETHUSDT,143950328,3486.51,0.752914,False,2625.04219014
trade,ETHUSDT,143950426,3500.39,0.502178,False,1757.8188494199999
trade,BTCUSDT,111961189,96649.06,0.106394,True,10282.88008964
trade,ETHUSDT,143951947,3486.35,1.589449,False,5541.375521149999
trade,BTCUSDT,111960648,96678.86,1.765451,False,170681.79006586
trade,BTCUSDT,111961566,96591.02,1.46556,True,141559.9352712
trade,BTCUSDT,111962022,96923.87,1.74857,True,169478.1713659
trade,BTCUSDT,111961842,96682.87,0.386711,True,37388.32934057
trade,BTCUSDT,111960128,96960.59,0.211383,False,20495.820395969997
trade,ETHUSDT,143951882,3497.89,1.77823,True,6220.052934699999
trade,BTCUSDT,111961278,97403.05,1.066958,True,103924.96342190001
trade,BTCUSDT,111960580,97231.42,0.326968,False,31791.56293456
trade,ETHUSDT,143951073,3500.53,1.964,False,6875.04092
trade,BTCUSDT,111962020,97277.58,1.768365,False,172022.2677567
trade,ETHUSDT,143951343,3483.78,0.695507,False,2422.99337646
trade,BTCUSDT,111961717,96910.14,0.480934,False,46607.381270759994
trade,ETHUSDT,143950581,3504.92,0.204908,False,718.1861473600001
trade,BTCUSDT,111960565,97437.74,0.51848,False,50519.51943520001
trade,BTCUSDT,111960303,96676.4,0.088767,False,8581.673998799999
trade,ETHUSDT,143951290,3503.2,0.642471,True,2250.7044072
trade,BTCUSDT,111960611,97351.24,1.463758,True,142498.65635992
trade,BTCUSDT,111961530,97110.44,1.586972,True,154111.54918768
trade,BTCUSDT,111960776,97456.05,0.196714,False,19170.9694197
trade,ETHUSDT,143951331,3485.64,1.42122,True,4953.8612808
trade,BTCUSDT,111960695,96605.09,1.26024,False,121745.5986216
trade,BTCUSDT,111961912,96709.83,1.026185,True,99242.17689855
trade,ETHUSDT,143950603,3512.45,1.986185,True,6976.37550325
trade,BTCUSDT,111961393,96527.97,0.37149,True,35859.175575299996
trade,ETHUSDT,143951577,3511.38,1.260138,False,4424.82337044
trade,BTCUSDT,111960369,97068.58,0.313609,True,30441.580305220003
trade,ETHUSDT,143951741,3511.7,1.760215,False,6181.3470154999995
trade,BTCUSDT,111961802,96523.04,0.024743,True,2388.26957872
trade,ETHUSDT,143950395,3500.8,1.653386,True,5788.1737088
trade,BTCUSDT,111961477,97484.91,1.838478,True,179223.86236698
trade,ETHUSDT,143951966,3488.53,1.039468,False,3626.2153020400006
trade,ETHUSDT,143951393,3483.95,0.713639,True,2486.28259405
trade,BTCUSDT,111961283,97466.19,0.60069,False,58546.9656711
trade,ETHUSDT,143950290,3510.29,0.09845,False,345.5880505
trade,BTCUSDT,111960773,97033.06,1.422926,True,138070.86393356
trade,ETHUSDT,143950495,3511.86,0.14025,True,492.53836500000006
trade,BTCUSDT,111961845,97114.82,0.073776,True,7164.74296032
trade,BTCUSDT,111960719,96531.81,0.051755,True,4996.00382655
trade,ETHUSDT,143951823,3493.4,1.814894,True,6340.1506996
trade,BTCUSDT,111961967,96792.57,1.263459,True,122293.44369963002
trade,ETHUSDT,143951311,3492.99,1.18514,True,4139.6821686
trade,BTCUSDT,111961767,96922.75,0.238615,True,23127.22199125
trade,ETHUSDT,143951142,3512.19,0.29441,True,1034.0238579
trade,BTCUSDT,111960315,96606.31,0.109247,False,10553.949548569999
trade,BTCUSDT,111960553,96722.85,1.078402,True,104306.11488570001
trade,BTCUSDT,111961529,97456.32,0.20735,False,20207.567952
trade,ETHUSDT,143951159,3516.17,1.176658,True,4137.32955986
trade,BTCUSDT,111961288,97236.34,1.021428,False,99319.92029352
trade,ETHUSDT,143950536,3503.89,0.567227,True,1987.50101303
trade,BTCUSDT,111961106,97245.0,1.179614,True,114711.56343
trade,ETHUSDT,143951349,3504.29,0.089874,False,314.94455946
trade,ETHUSDT,143951416,3508.74,0.843108,True,2958.24676392
trade,BTCUSDT,111961798,97347.13,1.757338,True,171071.81073994
trade,ETHUSDT,143951582,3504.88,0.805572,True,2823.43319136
trade,BTCUSDT,111961898,96698.27,0.74721,False,72253.9143267
trade,BTCUSDT,111961079,96803.44,1.421092,True,137566.59415648002
trade,BTCUSDT,111960489,96625.44,0.283899,False,27431.86579056
trade,ETHUSDT,143951303,3515.45,0.847118,True,2978.0009731
trade,BTCUSDT,111960782,97158.62,1.311385,False,127412.3568887
trade,BTCUSDT,111962009,97295.7,1.173045,False,114132.23440649999
trade,ETHUSDT,143950100,3503.08,1.641701,True,5751.009939080001
trade,ETHUSDT,143951213,3498.34,0.655795,True,2294.1938803000003
trade,BTCUSDT,111961975,96539.22,0.150871,False,14564.968660620001
trade,BTCUSDT,111960188,96835.06,1.277354,True,123692.65123124
trade,BTCUSDT,111961685,96896.53,0.648729,True,62859.58901037
trade,BTCUSDT,111961534,97478.8,0.083218,True,8111.990778400001
trade,BTCUSDT,111960216,97059.04,0.042254,False,4101.132676159999
trade,ETHUSDT,143951803,3492.48,1.081728,True,3777.91340544
trade,ETHUSDT,143950704,3497.32,1.378272,True,4820.25823104
trade,ETHUSDT,143950899,3501.82,0.64235,True,2249.394077
trade,BTCUSDT,111961489,97067.0,1.958979,True,190152.214593
trade,ETHUSDT,143950046,3507.96,0.893651,False,3134.89196196
trade,BTCUSDT,111960361,96726.95,1.452377,False,140483.99746014999
trade,ETHUSDT,143951866,3498.89,1.071473,True,3748.9661649699997
trade,BTCUSDT,111961081,96576.27,0.881462,True,85128.31210674
trade,ETHUSDT,143950273,3507.46,0.857098,True,3006.23695108
trade,BTCUSDT,111961005,96641.84,0.584314,False,56469.18009776
trade,BTCUSDT,111961518,97476.64,0.584517,True,56976.75318288
trade,BTCUSDT,111961314,97432.57,1.673482,False,163051.65210874
trade,BTCUSDT,111961711,96936.97,0.444968,True,43133.84966696
trade,ETHUSDT,143951341,3501.33,1.442711,True,5051.40730563
trade,ETHUSDT,143951681,3496.71,0.361246,True,1263.17250066
trade,BTCUSDT,111961070,97319.95,1.949809,True,189755.31438954998
trade,BTCUSDT,111961114,97336.26,1.332782,False,129728.01527531998
trade,ETHUSDT,143950923,3488.98,1.263962,False,4409.93813876
trade,ETHUSDT,143951186,3501.58,1.764734,False,6179.35727972
trade,ETHUSDT,143951837,3510.32,0.019751,False,69.33233032000001
trade,ETHUSDT,143950628,3507.33,0.558698,True,1959.53825634
trade,ETHUSDT,143951715,3496.65,0.326824,True,1142.7891396
trade,BTCUSDT,111960959,97012.3,0.28607,True,27752.308661
trade,BTCUSDT,111961484,97374.05,1.491603,True,145243.42510215
trade,BTCUSDT,111961348,97190.21,0.894203,False,86907.77735263
trade,BTCUSDT,111961496,96825.2,1.819873,True,176209.5671996
trade,BTCUSDT,111961280,97282.49,0.845716,False,82273.35831284
trade,ETHUSDT,143950932,3485.47,1.437834,True,5011.52727198
trade,BTCUSDT,111960787,96631.17,1.905079,False,184090.01271243
trade,ETHUSDT,143951758,3492.03,0.340177,False,1187.90828931
trade,BTCUSDT,111961265,96794.55,0.154828,True,14986.5065874
trade,ETHUSDT,143951151,3516.14,1.962456,False,6900.270039839999
trade,BTCUSDT,111961257,97193.85,0.350348,False,34051.6709598
trade,BTCUSDT,111961848,96788.52,0.464997,True,45006.37143444
trade,BTCUSDT,111960897,96987.43,1.318039,False,127833.21524976999
trade,ETHUSDT,143950129,3512.16,1.457138,True,5117.70179808
trade,BTCUSDT,111960697,97199.16,0.469115,True,45597.5839434
trade,ETHUSDT,143951033,3506.26,0.400618,False,1404.67086868
trade,ETHUSDT,143950948,3505.46,1.431044,True,5016.46750024
trade,ETHUSDT,143951141,3487.66,1.703415,True,5940.9323589
trade,ETHUSDT,143950619,3497.37,1.30392,True,4560.2906904
trade,BTCUSDT,111960948,97187.45,0.219468,False,21329.5352766
trade,BTCUSDT,111961244,97079.4,0.319651,True,31031.5272894
trade,BTCUSDT,111960148,97229.52,1.644606,True,159904.25196912
trade,ETHUSDT,143951768,3509.64,1.203857,True,4225.104681479999
trade,ETHUSDT,143951314,3487.86,0.324888,False,1133.16385968
trade,BTCUSDT,111960572,97099.11,1.156095,True,112255.79557545001
trade,BTCUSDT,111961178,96691.82,1.90978,False,184660.10399960002
trade,ETHUSDT,143950400,3486.17,0.45661,False,1591.8200837000002
trade,BTCUSDT,111960699,96825.21,0.497017,True,48123.775398570004
trade,ETHUSDT,143950492,3501.49,0.772839,True,2706.08803011
trade,ETHUSDT,143950942,3496.52,0.435645,False,1523.2414554
trade,ETHUSDT,143951868,3495.93,1.390309,False,4860.42294237
trade,BTCUSDT,111961237,96840.72,0.899516,False,87109.77709152
trade,BTCUSDT,111961302,97189.66,0.094695,True,9203.374853700001
trade,ETHUSDT,143950700,3503.54,0.228823,True,801.69053342
trade,BTCUSDT,111961270,97464.76,0.60732,True,59192.2980432
trade,ETHUSDT,143950457,3487.97,0.143248,True,499.6447265599999
trade,ETHUSDT,143950272,3487.08,1.552893,True,5415.06212244
trade,BTCUSDT,111960979,96818.09,0.18448,True,17861.0012432
trade,ETHUSDT,143951529,3507.4,1.420939,True,4983.8014486
trade,BTCUSDT,111961979,96687.75,0.814531,False,78755.16969525
trade,ETHUSDT,143950902,3497.03,1.221937,True,4273.15034711
trade,ETHUSDT,143951162,3502.4,0.868483,False,3041.7748592000003
trade,BTCUSDT,111961339,97338.87,1.164459,False,113347.12322132998
trade,ETHUSDT,143950236,3488.06,1.82952,False,6381.4755312
trade,ETHUSDT,143950398,3509.66,0.95711,True,3359.1306826
trade,BTCUSDT,111960878,97358.42,1.937334,False,188615.77725227998
trade,BTCUSDT,111961203,96520.25,0.863032,True,83300.064398
trade,BTCUSDT,111961465,97407.98,0.976949,False,95162.62865301999
trade,BTCUSDT,111961840,96701.65,0.446601,False,43187.05359165
trade,BTCUSDT,111960509,97229.82,1.680322,True,163377.40560204003
trade,BTCUSDT,111961914,96664.92,1.220299,True,117960.10521108
trade,BTCUSDT,111961709,97281.59,1.109366,False,107920.88837194
trade,BTCUSDT,111961753,97164.14,0.063924,False,6211.120485359999
trade,ETHUSDT,143950870,3486.11,0.025779,True,89.86842969
trade,ETHUSDT,143951810,3482.64,0.350427,True,1220.41108728
trade,BTCUSDT,111960150,97386.08,1.882778,True,183356.36893024002
trade,ETHUSDT,143951838,3493.7,0.573729,False,2004.4370073
trade,ETHUSDT,143950156,3505.38,1.964825,False,6887.458258500001
trade,ETHUSDT,143950917,3484.35,1.243851,False,4334.01223185
trade,ETHUSDT,143950477,3494.61,1.924351,True,6724.85624811
trade,ETHUSDT,143950415,3499.16,1.530408,False,5355.14245728
trade,ETHUSDT,143951281,3499.5,1.928194,False,6747.714903
trade,ETHUSDT,143951381,3482.59,0.304084,True,1058.9998975600001
trade,BTCUSDT,111961942,97314.28,0.876995,False,85344.1369886
trade,ETHUSDT,143950691,3509.09,0.390289,True,1369.55922701
trade,BTCUSDT,111961269,96850.24,0.180583,True,17489.50688992
trade,ETHUSDT,143950607,3491.64,1.81743,False,6345.8112852
trade,BTCUSDT,111961791,96529.15,1.976533,True,190793.05043695
trade,BTCUSDT,111960107,97229.15,0.856555,True,83282.11457825
trade,ETHUSDT,143951705,3500.97,1.736035,True,6077.806453949999
trade,BTCUSDT,111960459,97156.5,1.85368,True,180097.06092
trade,BTCUSDT,111960522,97010.09,0.667783,True,64781.68893047
trade,ETHUSDT,143951737,3485.96,0.248295,True,865.5464382
trade,ETHUSDT,143950069,3503.04,1.837924,False,6438.32128896
trade,BTCUSDT,111961908,97145.71,0.921091,False,89480.03916961001
trade,ETHUSDT,143951137,3496.04,0.786809,False,2750.71573636
trade,BTCUSDT,111961294,96528.33,1.326804,False,128074.17435732001
trade,ETHUSDT,143950035,3503.82,1.596553,False,5594.034332460001
trade,ETHUSDT,143950350,3502.69,1.200375,True,4204.54150875
trade,BTCUSDT,111961602,97013.61,0.791722,True,76807.80933642
trade,ETHUSDT,143950379,3483.79,1.649373,True,5746.06916367
trade,BTCUSDT,111961272,97360.82,0.470172,True,45776.331461040005
trade,BTCUSDT,111961450,96691.17,0.49543,True,47903.706353099995
trade,BTCUSDT,111960774,96525.14,1.143695,True,110395.31999229999
trade,BTCUSDT,111960297,97276.7,0.708976,False,68966.8456592
trade,BTCUSDT,111961896,96886.29,1.798884,True,174287.19690036
trade,BTCUSDT,111961628,96542.73,1.327098,True,128121.66389754
trade,ETHUSDT,143950390,3507.39,0.896778,True,3145.35018942
trade,BTCUSDT,111960975,96572.41,1.788618,True,172731.15082938
trade,BTCUSDT,111961123,96880.86,1.653991,True,160240.07051226
trade,ETHUSDT,143951116,3506.74,1.289035,True,4520.3105958999995
trade,BTCUSDT,111960164,96880.94,1.587347,True,153783.66946618
trade,ETHUSDT,143950729,3492.22,0.248737,False,868.64432614
trade,BTCUSDT,111960110,97229.82,0.447667,False,43526.58182994
trade,ETHUSDT,143951286,3488.09,1.896739,False,6615.99633851
trade,ETHUSDT,143951643,3490.19,0.755368,False,2636.37783992
trade,ETHUSDT,143950372,3489.5,1.875479,False,6544.4839704999995
trade,ETHUSDT,143951048,3506.39,0.46564,False,1632.7154395999999
trade,BTCUSDT,111960916,96906.71,0.651367,True,63121.83297257001
trade,BTCUSDT,111961634,97196.49,0.888113,True,86321.46632337001
trade,BTCUSDT,111960930,96838.35,0.927451,True,89812.82454585
trade,ETHUSDT,143951032,3495.07,1.154386,False,4034.65987702
trade,BTCUSDT,111961822,96886.88,0.015885,False,1539.0480888
trade,BTCUSDT,111961667,96765.06,1.127771,True,109128.82848126
trade,BTCUSDT,111961589,97016.56,0.095193,True,9235.297396079999
trade,ETHUSDT,143951132,3494.74,1.662348,False,5809.474049519999
trade,BTCUSDT,111960730,97025.68,0.583785,False,56642.136598799996
trade,BTCUSDT,111961604,96837.06,0.175787,False,17022.69626622
trade,BTCUSDT,111960380,97219.65,1.856953,True,180532.32072645
trade,ETHUSDT,143950726,3499.04,0.067461,False,236.04873743999997
trade,ETHUSDT,143951038,3504.77,1.990916,True,6977.70266932
trade,BTCUSDT,111960849,97234.55,1.836753,True,178595.85141615002
trade,BTCUSDT,111961761,96626.36,1.756638,True,169737.53577768
trade,BTCUSDT,111961646,97268.23,0.42317,True,41160.996889099995
trade,BTCUSDT,111961879,96675.92,0.263085,False,25433.9844132
trade,ETHUSDT,143951442,3517.16,1.448883,True,5095.95333228
trade,BTCUSDT,111960385,97271.41,0.914556,False,88960.15164396001
trade,ETHUSDT,143951996,3511.68,0.487755,False,1712.8394784
trade,ETHUSDT,143950596,3514.14,0.21728,True,763.5523392
trade,BTCUSDT,111961949,97297.03,1.347255,False,131083.91015265
trade,BTCUSDT,111961617,97384.4,1.751437,False,170562.64138279998
trade,ETHUSDT,143950959,3504.83,1.890053,True,6624.31445599
trade,ETHUSDT,143950633,3508.55,0.034761,False,121.96070655000001
trade,BTCUSDT,111960097,97438.03,0.521107,True,50775.639499209996
trade,BTCUSDT,111961432,97415.49,0.431099,True,41995.72032351
trade,BTCUSDT,111960606,96844.74,0.037011,True,3584.3206721400006
trade,BTCUSDT,111961732,97108.36,1.763023,False,171204.27217228
trade,BTCUSDT,111960082,96984.34,0.01461,False,1416.9412074
trade,ETHUSDT,143951088,3483.5,1.225133,False,4267.7508055
trade,ETHUSDT,143950506,3500.53,1.033988,False,3619.5060136399998
trade,BTCUSDT,111961858,96645.23,1.738153,True,167984.19646019
trade,ETHUSDT,143951639,3516.22,0.742658,False,2611.34891276
trade,ETHUSDT,143950556,3498.92,0.243555,False,852.1794606
trade,ETHUSDT,143950322,3493.84,1.874206,True,6548.17589104
trade,ETHUSDT,143951294,3499.44,0.193575,False,677.404098
trade,BTCUSDT,111961411,97006.38,1.972518,True,191346.83066484
trade,ETHUSDT,143951109,3495.13,1.475273,False,5156.27092049
trade,ETHUSDT,143950277,3491.94,0.363252,True,1268.4541888800002
trade,ETHUSDT,143951621,3508.92,1.395931,False,4898.21020452
trade,BTCUSDT,111960838,97162.31,0.012497,False,1214.23738807
trade,BTCUSDT,111962032,97384.65,1.468951,True,143053.27900214997
trade,BTCUSDT,111960835,97181.5,1.068385,False,103827.2568775
trade,ETHUSDT,143950728,3498.05,1.746744,False,6110.197849200001
trade,ETHUSDT,143951844,3486.85,1.319251,True,4600.03034935
trade,BTCUSDT,111961913,96741.98,0.008603,False,832.27125394
trade,ETHUSDT,143951693,3512.36,0.338059,False,1187.38490924
trade,BTCUSDT,111961186,96887.9,1.0921,False,105811.27559
trade,ETHUSDT,143950478,3508.5,1.814726,True,6366.966171
trade,BTCUSDT,111960552,97057.37,1.577702,True,153127.60676373998
trade,ETHUSDT,143951460,3515.65,0.265754,False,934.2980501
trade,ETHUSDT,143951020,3503.19,0.523037,True,1832.29798803
trade,ETHUSDT,143951426,3490.25,0.105281,False,367.45701025
trade,BTCUSDT,111961888,96535.17,1.976181,False,190770.96878577
trade,BTCUSDT,111961281,97287.12,1.825133,False,177561.93318695997
trade,ETHUSDT,143951732,3517.0,0.123953,False,435.942701
trade,BTCUSDT,111961009,96862.22,0.584166,False,56583.61560852
trade,ETHUSDT,143950779,3498.52,1.862194,True,6514.92295288
trade,ETHUSDT,143950365,3496.94,1.487957,False,5203.29635158
trade,ETHUSDT,143951499,3486.47,1.866814,True,6508.59100658
trade,BTCUSDT,111960544,97427.74,0.496887,False,48410.577445380004
trade,BTCUSDT,111961818,97199.78,0.425509,True,41359.38118802
trade,ETHUSDT,143951096,3493.47,1.311204,False,4580.65183788
trade,ETHUSDT,143950712,3485.89,1.003188,True,3497.00301732
trade,ETHUSDT,143950493,3486.91,1.257374,True,4384.34997434
trade,BTCUSDT,111960292,97169.0,1.255539,False,121999.46909099999
trade,BTCUSDT,111960407,97298.73,1.516474,True,147550.99427802
trade,ETHUSDT,143950462,3494.48,1.039754,True,3633.3995579200005
trade,ETHUSDT,143951257,3512.77,0.467659,False,1642.77850543
trade,BTCUSDT,111960070,96533.66,1.404835,False,135613.8642461
trade,BTCUSDT,111960173,97214.0,1.250449,True,121561.14908599999
trade,BTCUSDT,111961978,96958.56,1.607684,True,155878.72557503998
trade,BTCUSDT,111961444,97296.22,0.10688,False,10399.0199936
trade,BTCUSDT,111960427,97205.69,0.575534,False,55945.17958846
trade,BTCUSDT,111961564,96644.47,0.662289,True,64006.56939183
trade,BTCUSDT,111960171,97368.99,0.241902,True,23553.753418980003
trade,BTCUSDT,111961324,97102.94,0.694972,False,67483.82441768
trade,ETHUSDT,143950310,3504.03,0.582634,True,2041.56701502
trade,BTCUSDT,111961141,97406.01,1.303323,False,126951.49317122999
trade,BTCUSDT,111960409,97288.66,0.478054,False,46509.23306764
trade,ETHUSDT,143950288,3501.25,0.76054,True,2662.840675
trade,BTCUSDT,111961597,97210.78,0.363435,True,35329.7998293
trade,BTCUSDT,111961643,97256.94,0.32941,False,32037.4086054
trade,ETHUSDT,143950905,3487.67,1.651117,True,5758.55122739
trade,ETHUSDT,143950963,3497.72,1.305909,True,4567.704027479999
trade,BTCUSDT,111960224,97019.02,0.735682,False,71375.14667164
trade,ETHUSDT,143951897,3511.43,1.246052,True,4375.42437436
trade,BTCUSDT,111961650,97225.3,0.260503,False,25327.4823259
trade,BTCUSDT,111961756,96743.04,0.857013,True,82910.04293951999
trade,ETHUSDT,143951001,3516.79,1.789007,True,6291.56192753
trade,BTCUSDT,111961951,96652.84,1.411963,False,136470.23392492
trade,BTCUSDT,111961321,97466.23,0.435778,False,42473.638776939995
trade,BTCUSDT,111961181,97281.72,0.316965,False,30834.9003798
trade,BTCUSDT,111961322,96753.12,0.992471,True,96024.66575952
trade,ETHUSDT,143950094,3510.27,1.88241,True,6607.7673507
trade,BTCUSDT,111960283,96704.1,1.517923,True,146789.3775843
trade,ETHUSDT,143951504,3511.51,1.488243,True,5225.98017693
trade,ETHUSDT,143950819,3511.76,1.26293,True,4435.1070568000005
trade,ETHUSDT,143951412,3490.5,1.218625,True,4253.6105625
trade,ETHUSDT,143950672,3510.74,0.211369,False,742.0616030599999
trade,ETHUSDT,143950643,3516.52,1.413247,False,4969.71134044
trade,ETHUSDT,143951733,3483.91,1.648729,True,5744.023450389999
trade,ETHUSDT,143950286,3506.62,1.405162,False,4927.36917244
trade,BTCUSDT,111961488,96918.64,0.705222,False,68349.15713808
trade,ETHUSDT,143950913,3500.37,1.843897,True,6454.321741889999
trade,BTCUSDT,111961418,97238.03,0.774165,True,75278.27949495
trade,ETHUSDT,143951219,3493.11,1.068104,True,3731.00476344
trade,ETHUSDT,143950498,3493.04,0.881516,False,3079.17064864
trade,ETHUSDT,143950253,3515.5,0.706911,True,2485.1456205
trade,BTCUSDT,111961603,96702.8,0.193167,False,18679.7897676
trade,ETHUSDT,143950475,3516.05,0.724894,False,2548.7635487000002
trade,ETHUSDT,143950042,3517.04,1.716201,False,6035.94756504
trade,BTCUSDT,111960241,97405.19,0.639074,False,62249.12439406
trade,ETHUSDT,143951237,3509.67,1.392671,False,4887.81562857
trade,BTCUSDT,111961072,96743.42,0.095992,False,9286.59437264
trade,BTCUSDT,111960177,96852.32,1.579317,True,152960.51546544002
trade,BTCUSDT,111960437,96541.8,1.171872,False,113134.6322496
trade,BTCUSDT,111960207,97445.07,0.591836,False,57671.500448520004
trade,BTCUSDT,111960557,97350.28,0.963363,True,93783.65779164
trade,ETHUSDT,143951387,3506.49,0.54453,False,1909.3889996999997
trade,ETHUSDT,143951420,3503.41,0.801387,True,2807.58722967
trade,ETHUSDT,143950684,3504.44,0.488929,False,1713.42234476
trade,BTCUSDT,111960987,97094.93,1.008604,False,97930.33477772
trade,ETHUSDT,143951943,3506.31,1.439488,True,5047.29116928
trade,ETHUSDT,143951924,3496.92,0.748662,True,2618.01112104
trade,BTCUSDT,111961539,96977.84,1.179772,True,114411.74025248
trade,ETHUSDT,143950279,3492.53,1.345574,True,4699.45756222
trade,BTCUSDT,111961352,96619.95,0.471658,False,45571.5723771
trade,BTCUSDT,111960390,96522.66,0.36108,False,34852.4020728
trade,ETHUSDT,143951040,3493.92,1.532237,False,5353.51349904
trade,ETHUSDT,143950040,3498.34,1.770988,False,6195.5181599200005
trade,BTCUSDT,111960941,96668.71,1.388438,False,134218.51037498002
trade,ETHUSDT,143951524,3500.17,0.286576,True,1003.06471792
trade,BTCUSDT,111960524,96975.71,1.156535,True,112155.80276485001
trade,ETHUSDT,143950414,3484.64,1.991471,True,6939.55950544
trade,BTCUSDT,111960664,97379.86,1.405237,True,136841.78232682002
trade,BTCUSDT,111961127,97447.22,0.36235,True,35310.000167
trade,ETHUSDT,143950285,3495.72,1.814864,False,6344.25638208
trade,ETHUSDT,143951913,3503.94,0.279304,False,978.66445776
trade,BTCUSDT,111961783,97368.96,0.154511,True,15044.575378560003
trade,BTCUSDT,111960280,96965.61,1.116021,True,108215.65703781
trade,BTCUSDT,111960597,97015.3,1.043973,False,101281.35378690001
trade,BTCUSDT,111960198,97463.16,1.873853,False,182631.63475548002
trade,BTCUSDT,111961299,97156.58,0.755121,False,73364.97384618
trade,ETHUSDT,143951388,3502.26,1.941395,False,6799.270052700001
trade,BTCUSDT,111961374,97195.73,0.91293,True,88732.8977889
trade,ETHUSDT,143951449,3507.63,1.775471,False,6227.69534373
trade,ETHUSDT,143951484,3485.67,1.636359,True,5703.8074755299995
trade,ETHUSDT,143951149,3489.43,0.459854,True,1604.6283432199998
trade,BTCUSDT,111960433,96631.28,0.665318,False,64290.52994704
trade,BTCUSDT,111961740,96829.96,1.017946,False,98567.67046216001
trade,ETHUSDT,143950601,3495.74,0.744571,False,2602.8266275399997
trade,BTCUSDT,111961821,97123.21,0.711754,True,69127.83321034
trade,ETHUSDT,143951304,3502.01,0.468131,False,1639.3994433100002
trade,BTCUSDT,111960563,96607.2,1.319518,False,127474.93932959999
trade,ETHUSDT,143951862,3510.97,0.451593,False,1585.52947521
trade,BTCUSDT,111960893,96656.8,1.033152,False,99861.16623360002
trade,ETHUSDT,143951147,3505.14,1.165462,True,4085.10747468
trade,ETHUSDT,143952022,3482.87,1.349014,True,4698.44039018
trade,BTCUSDT,111960516,97376.1,1.207586,False,117590.0150946
trade,ETHUSDT,143950622,3485.68,0.830198,True,2893.8045646399996
trade,ETHUSDT,143950850,3498.83,1.49413,True,5227.706867899999
trade,BTCUSDT,111960421,96919.75,0.498728,False,48336.593078
trade,BTCUSDT,111960446,97009.85,0.428829,True,41600.63696565
trade,ETHUSDT,143951785,3511.2,0.697826,True,2450.2066511999997
trade,BTCUSDT,111960061,96840.9,0.652364,False,63175.5168876
trade,BTCUSDT,111960819,96942.46,0.122388,False,11864.59379448
trade,ETHUSDT,143950766,3491.75,1.859853,True,6494.14171275
trade,ETHUSDT,143951322,3482.5,0.046188,True,160.84971
trade,ETHUSDT,143951594,3502.49,1.831511,True,6414.8489623899995
trade,BTCUSDT,111960163,97340.45,1.763629,True,171672.44049304997
trade,ETHUSDT,143951787,3504.02,0.667368,True,2338.47081936
trade,BTCUSDT,111960929,97279.45,1.465907,True,142602.62671115
trade,ETHUSDT,143950159,3491.48,0.460412,False,1607.51928976
trade,ETHUSDT,143951261,3511.13,1.187387,False,4169.07011731
trade,BTCUSDT,111961112,96828.88,1.150141,False,111366.86487208001
trade,ETHUSDT,143951389,3494.17,0.342203,True,1195.71545651
trade,BTCUSDT,111960243,96755.79,1.589586,False,153801.64920294
trade,BTCUSDT,111961255,96557.13,1.647264,False,159055.08419232
trade,BTCUSDT,111961180,97235.01,1.506157,False,146451.19095656998
trade,ETHUSDT,143951595,3494.71,0.169839,False,593.53805169
trade,ETHUSDT,143950071,3496.92,0.419467,False,1466.84254164
trade,BTCUSDT,111960403,96981.3,0.010217,True,990.8579421000001
trade,ETHUSDT,143950718,3490.84,0.39141,True,1366.3496844
trade,ETHUSDT,143951531,3496.2,0.266358,True,931.2408395999998
trade,ETHUSDT,143951145,3494.69,0.614703,False,2148.19642707
trade,BTCUSDT,111960460,97333.17,1.246329,False,121309.15243293
trade,BTCUSDT,111960154,97392.03,1.947841,True,189704.18910723
trade,ETHUSDT,143951914,3500.45,1.591226,True,5570.0070516999995
trade,ETHUSDT,143951337,3501.45,1.058563,True,3706.5054163499995
trade,BTCUSDT,111961054,96761.79,0.175092,False,16942.215334679997
trade,BTCUSDT,111960963,97111.26,1.621088,True,157425.89825088
trade,ETHUSDT,143950330,3496.48,1.664254,True,5819.03082592
trade,ETHUSDT,143951703,3484.56,1.014677,True,3535.70288712
trade,BTCUSDT,111960461,96890.02,0.734071,True,71124.15387142
trade,BTCUSDT,111960071,97057.37,0.699202,False,67862.70721873999
trade,BTCUSDT,111960886,97174.17,0.421877,True,40995.54731709
trade,ETHUSDT,143950878,3495.86,1.401484,False,4899.39185624
trade,BTCUSDT,111961977,96684.26,1.61253,True,155906.2697778
trade,BTCUSDT,111960643,96847.25,0.064655,False,6261.6589487500005
trade,BTCUSDT,111960195,96559.9,0.385754,False,37248.367664599995
trade,BTCUSDT,111961506,97015.37,0.874268,True,84817.43349916
trade,ETHUSDT,143950635,3516.4,1.540358,True,5416.5148712
trade,BTCUSDT,111961338,96538.37,0.167919,True,16210.62655203
trade,BTCUSDT,111960923,96581.13,0.797836,True,77055.90243468
trade,ETHUSDT,143951960,3496.27,0.183184,False,640.46072368
trade,ETHUSDT,143951730,3492.68,1.688443,False,5897.191097239999
trade,ETHUSDT,143950900,3509.19,1.7103,True,6001.767656999999
trade,BTCUSDT,111961878,96612.28,1.706586,True,164877.16447607998
trade,BTCUSDT,111960877,97319.65,0.943062,False,91778.46376829999
trade,ETHUSDT,143950659,3492.31,0.863992,False,3017.32790152
trade,BTCUSDT,111961807,96657.07,1.486593,False,143689.72366251002
trade,ETHUSDT,143951581,3487.62,0.151116,False,527.03518392
trade,ETHUSDT,143950407,3491.32,0.462194,False,1613.66715608
trade,BTCUSDT,111961422,96777.8,0.623951,True,60384.6050878
trade,ETHUSDT,143951685,3514.83,1.228142,False,4316.71034586
trade,ETHUSDT,143950873,3510.68,0.722686,False,2537.11928648
trade,ETHUSDT,143950955,3486.28,1.207333,False,4209.10089124
trade,ETHUSDT,143951746,3495.65,0.983507,True,3437.99624455
trade,ETHUSDT,143950503,3505.44,1.044443,False,3661.23226992
trade,ETHUSDT,143950600,3502.82,0.808743,False,2832.88115526
trade,BTCUSDT,111961206,96643.0,0.611056,False,59054.285008000006
trade,ETHUSDT,143951345,3509.0,0.230946,False,810.3895140000001
trade,ETHUSDT,143950925,3501.02,1.720522,False,6023.58193244
trade,BTCUSDT,111960661,97113.65,1.451395,False,140950.26604175
trade,ETHUSDT,143950163,3515.95,0.814338,False,2863.1716911
trade,BTCUSDT,111961572,96825.3,1.722411,True,166772.9617983
trade,ETHUSDT,143950373,3486.77,0.620619,False,2163.95571063
trade,BTCUSDT,111960880,96642.22,0.9977,False,96419.942894
trade,ETHUSDT,143950504,3499.15,1.237937,False,4331.727253550001
trade,BTCUSDT,111961755,96955.3,0.105083,True,10188.3537899
trade,ETHUSDT,143950417,3516.66,1.874388,True,6591.585304079999
trade,ETHUSDT,143950930,3510.52,0.655245,True,2300.2506774
trade,ETHUSDT,143950671,3496.55,0.643542,True,2250.1767801
trade,BTCUSDT,111960645,97310.02,1.627767,True,158398.03932534
trade,ETHUSDT,143951143,3486.86,1.022018,False,3563.6336834800004
trade,BTCUSDT,111961084,97096.09,0.604019,True,58647.883185709994
trade,ETHUSDT,143951995,3499.36,0.100542,False,351.83265312000003
trade,ETHUSDT,143950858,3495.01,0.185983,False,650.01244483
trade,BTCUSDT,111960183,97412.81,0.141007,True,13735.888099669999
trade,BTCUSDT,111960351,96871.96,1.402151,True,135829.11558596
trade,BTCUSDT,111961562,96732.64,1.379575,False,133449.931828
trade,BTCUSDT,111961238,96707.47,1.477523,True,142887.51119681
trade,BTCUSDT,111961796,97096.48,1.71711,True,166725.3367728
trade,BTCUSDT,111960379,96618.19,0.190214,False,18378.13239266
trade,ETHUSDT,143951802,3503.78,0.451185,True,1580.8529793
trade,BTCUSDT,111960141,96576.84,1.192784,True,115195.30952256
trade,BTCUSDT,111960777,96800.18,0.521669,True,50497.65310042
trade,BTCUSDT,111960961,97193.02,1.655138,False,160867.86073676002
trade,ETHUSDT,143951229,3512.38,0.043803,True,153.85278114000002
trade,BTCUSDT,111960917,96710.97,1.014941,True,98155.92860277001
trade,BTCUSDT,111961824,96666.36,0.831289,True,80357.68173803999
trade,BTCUSDT,111960985,96517.14,1.206638,True,116461.24877532001
trade,ETHUSDT,143950834,3483.22,1.05601,True,3678.3151521999994
trade,BTCUSDT,111960759,97114.04,1.618944,False,157222.19237376
trade,BTCUSDT,111961103,97118.05,1.865191,True,181143.71279755002
trade,BTCUSDT,111960268,97051.74,1.654506,False,160572.68614044003
trade,BTCUSDT,111960953,97455.57,1.401943,True,136627.15417251
trade,ETHUSDT,143951469,3507.28,0.864814,False,3033.14484592
trade,BTCUSDT,111960357,96769.05,1.44464,False,139796.440392
trade,BTCUSDT,111960176,96608.17,0.817333,False,78961.04541061
trade,ETHUSDT,143952023,3514.3,0.871803,True,3063.7772829
trade,BTCUSDT,111960956,96664.58,0.934012,False,90285.87769496
trade,BTCUSDT,111960723,96968.27,0.699638,False,67842.68648626
trade,ETHUSDT,143951081,3497.96,0.924061,True,3232.32841556
trade,BTCUSDT,111960960,96795.89,0.046495,False,4500.52490555
trade,BTCUSDT,111961083,96554.64,0.878215,True,84795.7331676
trade,ETHUSDT,143951852,3488.39,0.508206,False,1772.8207283400002
trade,ETHUSDT,143950855,3505.55,1.123752,False,3939.3688236000007
trade,ETHUSDT,143951561,3485.14,1.859197,True,6479.56183258
trade,BTCUSDT,111961129,97170.54,0.641758,True,62359.97140932
trade,ETHUSDT,143951077,3517.22,1.295129,True,4555.2536213799995
trade,BTCUSDT,111961111,96606.85,0.868251,False,83878.99411935
trade,ETHUSDT,143950452,3513.77,0.36721,True,1290.2914816999998
trade,BTCUSDT,111961613,96950.5,1.270512,True,123176.773656
trade,BTCUSDT,111960578,96864.43,1.172816,True,113604.15333488
trade,BTCUSDT,111961120,97416.33,1.439984,True,140277.95653872
trade,BTCUSDT,111960502,96596.41,0.808366,True,78085.25356606001
trade,ETHUSDT,143950585,3503.19,1.868967,False,6547.346504730001
trade,BTCUSDT,111960238,96840.86,1.417538,True,137275.59900267998
trade,BTCUSDT,111961249,96530.9,0.22331,True,21556.315279
trade,ETHUSDT,143951833,3516.28,1.860514,False,6542.08816792
trade,ETHUSDT,143950984,3510.07,1.248021,True,4380.6410714700005
trade,ETHUSDT,143950454,3507.95,0.426092,False,1494.7094314
trade,ETHUSDT,143951962,3492.65,1.7455,True,6096.420575
trade,ETHUSDT,143951114,3508.02,1.008117,False,3536.49459834
trade,BTCUSDT,111961243,97474.03,1.334252,True,130054.91947556
trade,ETHUSDT,143950829,3494.46,1.41886,False,4958.1495156
trade,ETHUSDT,143951241,3508.78,1.134799,False,3981.7600352199997
trade,BTCUSDT,111961136,96553.86,0.376781,True,36379.659924659994
trade,BTCUSDT,111961499,97344.66,1.54685,False,150577.587321
trade,ETHUSDT,143951851,3515.07,0.008331,True,29.284048170000002
trade,ETHUSDT,143951382,3505.0,0.308119,True,1079.957095
trade,ETHUSDT,143950674,3487.71,0.405959,True,1415.86726389
trade,ETHUSDT,143951182,3493.05,1.585354,False,5537.7207897
trade,BTCUSDT,111961999,96520.9,0.722085,False,69696.2940765
trade,ETHUSDT,143951477,3511.3,1.232724,True,4328.4637812
trade,BTCUSDT,111961971,97085.17,0.522444,False,50721.56455548
trade,BTCUSDT,111960134,97200.96,0.546052,True,53076.77860992
trade,BTCUSDT,111960169,96701.35,1.79381,True,173463.8486435
trade,BTCUSDT,111960754,96711.74,0.325663,False,31495.43538362
trade,BTCUSDT,111961458,96946.85,0.894248,False,86694.52671880001
trade,ETHUSDT,143950610,3515.02,0.361082,False,1269.21045164
trade,BTCUSDT,111962029,97330.29,0.912114,False,88776.32013306
trade,BTCUSDT,111960671,96624.82,0.016437,True,1588.22216634
trade,ETHUSDT,143950319,3495.56,1.517943,True,5306.06083308
trade,ETHUSDT,143950961,3506.3,0.329365,True,1154.8524995
trade,BTCUSDT,111960703,96557.34,1.84132,False,177792.9612888
trade,ETHUSDT,143951364,3500.84,1.749425,False,6124.457017000001
trade,ETHUSDT,143950681,3496.34,0.084493,False,295.41625562
trade,BTCUSDT,111961308,97167.76,0.77613,True,75414.81356879999
trade,BTCUSDT,111960106,96669.94,1.30238,True,125900.99645720002
trade,ETHUSDT,143950510,3510.96,1.972193,False,6924.29073528
trade,BTCUSDT,111960313,97346.31,0.236836,False,23055.11067516
trade,BTCUSDT,111960424,96955.68,1.442837,True,139891.24246416
trade,BTCUSDT,111961909,96641.61,0.997034,True,96354.97098474
trade,ETHUSDT,143951935,3500.17,0.195355,False,683.77571035
trade,ETHUSDT,143950868,3491.37,0.094002,True,328.19576274
trade,BTCUSDT,111961116,97124.73,1.665378,True,161749.38859794
trade,BTCUSDT,111960092,97122.28,0.406543,False,39484.383078039995
trade,ETHUSDT,143950410,3504.88,1.74778,True,6125.7591664
trade,ETHUSDT,143950389,3485.47,1.270871,False,4429.58274437
trade,ETHUSDT,143951700,3483.23,1.998665,True,6961.809887949999
trade,BTCUSDT,111961728,97333.58,0.1083,True,10541.226714
trade,BTCUSDT,111960650,97396.4,0.555206,False,54075.065658399995
trade,BTCUSDT,111961862,96597.15,0.179936,False,17381.3047824
trade,ETHUSDT,143951946,3512.61,1.110665,True,3901.3329856500004
trade,BTCUSDT,111961058,96777.58,1.634798,True,158211.79422884
trade,BTCUSDT,111960316,96703.7,1.944053,True,187997.1180961
trade,BTCUSDT,111961510,96967.63,0.996349,False,96613.60118287001
trade,ETHUSDT,143950341,3490.21,0.881065,True,3075.10187365
trade,ETHUSDT,143951585,3511.01,0.579564,False,2034.85499964
trade,BTCUSDT,111960495,97373.11,0.272862,False,26569.42154082
trade,ETHUSDT,143951284,3505.08,1.559754,False,5467.06255032
trade,ETHUSDT,143950301,3482.63,1.001861,True,3489.1111744299997
trade,BTCUSDT,111961616,97298.26,1.236214,False,120281.47118763998
trade,ETHUSDT,143951809,3487.39,0.367876,False,1282.9270836399999
trade,ETHUSDT,143951670,3489.67,1.13136,False,3948.0730512
trade,BTCUSDT,111961407,97256.01,1.628232,True,158355.34767432
trade,BTCUSDT,111960486,97108.97,0.576707,True,56003.422761789996
trade,BTCUSDT,111960971,97217.56,0.911109,False,88575.79387404
trade,ETHUSDT,143950541,3486.67,1.87479,True,6536.7740493
trade,BTCUSDT,111961998,97268.41,1.638924,False,159415.53159084002
trade,BTCUSDT,111960178,97278.32,1.151873,False,112052.27029336
trade,ETHUSDT,143951451,3495.83,1.548474,False,5413.201863419999
trade,BTCUSDT,111960925,97177.23,1.518975,True,147609.78293925
trade,BTCUSDT,111961626,97440.83,0.618837,True,60299.99091471
trade,BTCUSDT,111960799,97023.52,1.903951,False,184728.02792752002
trade,BTCUSDT,111961004,96521.44,0.808983,True,78084.20409552
trade,ETHUSDT,143950904,3483.15,0.90311,True,3145.6675965
trade,BTCUSDT,111960658,96816.37,1.653609,True,160096.42077933002
trade,ETHUSDT,143951616,3490.33,0.77241,False,2695.9657953
trade,ETHUSDT,143950862,3504.45,1.130626,False,3962.2222856999997
trade,ETHUSDT,143950283,3514.42,0.189935,False,667.5113627
trade,BTCUSDT,111961470,97273.19,1.418083,False,137941.45709477
trade,ETHUSDT,143951556,3517.13,0.881445,False,3100.1566528500002
trade,BTCUSDT,111960158,97228.68,1.313941,True,127752.74902788
trade,ETHUSDT,143951708,3503.51,0.174304,False,610.67580704
trade,ETHUSDT,143950686,3510.87,0.571693,False,2007.13980291
trade,ETHUSDT,143951318,3495.38,1.843974,True,6445.38984012
trade,ETHUSDT,143950550,3499.28,0.410597,True,1436.79387016
trade,ETHUSDT,143950579,3504.01,0.766132,True,2684.53418932
trade,BTCUSDT,111960574,97223.21,1.354034,True,131643.53192914
trade,ETHUSDT,143951463,3485.67,0.621408,True,2166.02322336
trade,ETHUSDT,143950083,3502.02,0.53835,True,1885.312467
trade,BTCUSDT,111960946,97356.88,0.304845,False,29678.758083599998
trade,BTCUSDT,111960322,97233.29,0.630895,False,61343.996494549996
trade,ETHUSDT,143950921,3490.11,0.373197,True,1302.49858167
trade,BTCUSDT,111960655,97021.98,1.463125,False,141955.2844875
trade,ETHUSDT,143951578,3513.53,0.392091,False,1377.6234912300001
trade,ETHUSDT,143950809,3505.38,1.134254,True,3975.9912865200004
trade,BTCUSDT,111960258,96846.96,1.61337,False,156249.9798552
trade,ETHUSDT,143951026,3493.22,1.045096,False,3650.75024912
trade,ETHUSDT,143950760,3505.85,1.871001,False,6559.44885585
trade,BTCUSDT,111960291,97428.49,1.47583,False,143787.8883967
trade,ETHUSDT,143951591,3498.81,1.232904,True,4313.69684424
trade,BTCUSDT,111961655,97442.7,0.411417,True,40089.5833059
trade,BTCUSDT,111961781,97071.03,1.757045,False,170558.16790635
trade,BTCUSDT,111960317,96884.7,1.55634,False,150785.533998
trade,ETHUSDT,143950664,3492.65,1.263977,False,4414.6292690499995
trade,ETHUSDT,143951465,3507.45,1.519137,True,5328.29707065
trade,BTCUSDT,111960934,96893.11,1.996826,False,193478.68126886
trade,ETHUSDT,143951634,3487.8,1.913735,False,6674.724933
trade,BTCUSDT,111960546,96906.73,0.447422,True,43358.20295006
trade,ETHUSDT,143951517,3489.35,1.962371,False,6847.39924885
trade,BTCUSDT,111961700,96674.91,0.959511,True,92760.63956901
trade,BTCUSDT,111961673,97074.37,0.007352,True,713.69076824
trade,ETHUSDT,143950320,3501.79,1.882813,False,6593.215735270001
trade,ETHUSDT,143951863,3502.08,0.407369,True,1426.63882752
trade,BTCUSDT,111960249,97256.57,0.375156,False,36486.38577492
trade,ETHUSDT,143951174,3486.66,1.021139,False,3560.36450574
trade,ETHUSDT,143950889,3482.51,0.226679,False,789.41188429
trade,BTCUSDT,111961311,97078.88,1.81649,True,176342.8147312
trade,ETHUSDT,143950667,3509.64,0.33468,True,1174.6063152
trade,BTCUSDT,111961897,97068.71,0.190637,False,18504.887668270003
trade,ETHUSDT,143951325,3488.52,1.132365,True,3950.2779498
trade,ETHUSDT,143951978,3507.59,1.401522,False,4915.96455198
trade,ETHUSDT,143951127,3491.7,0.540221,True,1886.2896656999997
trade,ETHUSDT,143951981,3485.48,1.526049,True,5319.01326852
trade,ETHUSDT,143951604,3499.84,1.422176,False,4977.388451840001
trade,ETHUSDT,143951884,3505.71,1.996966,False,7000.783675860001
trade,ETHUSDT,143950559,3489.36,1.096139,True,3824.82358104
trade,ETHUSDT,143951133,3486.79,0.974608,True,3398.2534283200002
trade,BTCUSDT,111960420,96787.25,0.646844,True,62606.251938999994
trade,ETHUSDT,143951013,3504.2,0.161643,False,566.4294006
trade,ETHUSDT,143951580,3504.39,0.255322,True,894.74786358
trade,ETHUSDT,143951709,3515.28,1.566379,False,5506.26077112
trade,ETHUSDT,143951429,3491.84,1.679339,True,5863.98309376
trade,BTCUSDT,111961493,96906.5,0.653555,True,63333.7276075
trade,BTCUSDT,111961402,97371.09,1.5627,True,152161.802343
trade,ETHUSDT,143951979,3492.37,1.465961,True,5119.67821757
trade,BTCUSDT,111960915,96985.93,0.646813,False,62731.76034108999
trade,ETHUSDT,143951893,3484.4,1.749173,True,6094.8184012
trade,ETHUSDT,143950120,3490.72,0.063715,False,222.41122479999996
trade,BTCUSDT,111960505,96794.91,1.965793,True,190278.75651363
trade,BTCUSDT,111961950,96710.15,0.596583,False,57695.63141744999
trade,BTCUSDT,111961792,96734.76,1.48716,False,143860.06568159998
trade,ETHUSDT,143950481,3502.41,0.789213,True,2764.1475033300003
trade,BTCUSDT,111960233,96948.87,1.76864,False,171467.64943679998
trade,ETHUSDT,143950381,3487.2,1.81975,True,6345.8322
trade,ETHUSDT,143950741,3507.8,1.342895,False,4710.607081
trade,ETHUSDT,143951663,3509.49,0.282121,True,990.10082829
trade,BTCUSDT,111960196,96726.43,1.307465,True,126466.42179995
trade,BTCUSDT,111961326,97347.5,1.302229,False,126768.73757750001
trade,ETHUSDT,143951626,3509.86,1.995245,True,7003.0306157
trade,BTCUSDT,111961578,97230.11,0.285871,False,27795.26877581
trade,BTCUSDT,111960111,96994.41,1.063103,False,103115.04825423
trade,BTCUSDT,111960570,96975.41,1.482581,False,143773.90033321
trade,ETHUSDT,143950649,3517.38,0.595165,True,2093.4214677000004
trade,ETHUSDT,143950880,3484.68,1.734048,False,6042.602384639999
trade,ETHUSDT,143950810,3488.19,0.72671,True,2534.9025549
trade,ETHUSDT,143951728,3517.22,0.786522,False,2766.37090884
trade,ETHUSDT,143950576,3501.67,0.191286,False,669.8204476200001
trade,BTCUSDT,111960145,96533.59,0.107533,False,10380.54653347
trade,BTCUSDT,111960725,97075.95,0.92333,True,89633.1369135
trade,BTCUSDT,111960371,96791.47,1.130394,True,109412.49693918
trade,ETHUSDT,143951749,3496.31,0.655157,False,2290.63197067
trade,BTCUSDT,111961734,97140.91,1.425752,False,138498.84671432
trade,BTCUSDT,111960501,97194.45,0.343168,False,33354.0250176
trade,BTCUSDT,111960519,96957.43,1.809177,True,175413.15233511
trade,BTCUSDT,111961751,96843.35,0.815793,True,79004.12702655
trade,BTCUSDT,111960112,97430.08,1.22744,False,119589.57739520002
trade,ETHUSDT,143950418,3516.81,1.489088,True,5236.8395692799995
trade,ETHUSDT,143951986,3490.59,1.071438,False,3739.95076842
trade,ETHUSDT,143950140,3502.68,0.940104,True,3292.88347872
trade,ETHUSDT,143951646,3500.37,0.873866,True,3058.85433042
trade,ETHUSDT,143951295,3485.26,0.482236,False,1680.7178413600002
trade,BTCUSDT,111960208,96764.25,1.676577,False,162232.71597225
trade,ETHUSDT,143950403,3482.92,1.168699,False,4070.4851210799998
trade,BTCUSDT,111960726,96556.94,1.442004,False,139235.49370776
trade,BTCUSDT,111961048,96984.51,0.091833,False,8906.378506829999
trade,BTCUSDT,111960765,96765.69,1.588305,False,153693.42925545
trade,ETHUSDT,143950690,3510.04,1.183049,True,4152.54931196
trade,ETHUSDT,143950359,3495.05,0.294622,True,1029.7186211
trade,ETHUSDT,143951549,3509.1,0.767817,True,2694.3466347
trade,ETHUSDT,143951891,3496.31,1.128692,True,3946.25712652
trade,ETHUSDT,143951008,3516.23,0.297051,True,1044.4996377300001
trade,BTCUSDT,111960448,97224.02,0.578921,False,56285.02688242
trade,ETHUSDT,143950954,3482.99,0.925928,True,3224.99796472
trade,ETHUSDT,143951511,3497.14,0.300445,False,1050.6982273
trade,ETHUSDT,143951440,3484.5,0.186261,True,649.0264545
trade,BTCUSDT,111961228,97250.93,0.079874,True,7767.820782819999
trade,BTCUSDT,111960804,97050.06,0.975294,False,94652.34121764
trade,ETHUSDT,143951092,3508.85,0.089491,True,314.01049535
trade,BTCUSDT,111961964,97146.55,0.84992,False,82566.795776
trade,ETHUSDT,143950740,3497.15,1.779907,False,6224.60176505
trade,ETHUSDT,143951848,3503.29,1.279178,False,4481.331495619999
trade,BTCUSDT,111961817,96682.59,1.016588,True,98286.36080292
trade,BTCUSDT,111960289,96893.95,0.922894,False,89422.8450913
trade,ETHUSDT,143950777,3499.63,1.049462,True,3672.7286990599996
trade,BTCUSDT,111961240,97288.51,0.964067,True,93792.64197016999
trade,ETHUSDT,143950097,3489.28,1.093723,True,3816.3057894400004
trade,ETHUSDT,143951470,3517.13,1.571023,True,5525.49212399
trade,ETHUSDT,143951395,3507.15,1.807337,False,6338.60195955
trade,ETHUSDT,143951445,3490.44,0.148914,True,519.7753821599999
trade,BTCUSDT,111961782,97025.81,1.685564,False,163543.21240684
trade,BTCUSDT,111960186,96937.03,1.014637,True,98355.89730811
trade,ETHUSDT,143951931,3503.57,0.837854,True,2935.4801387800003
trade,ETHUSDT,143951630,3498.49,0.190562,True,666.67925138
trade,BTCUSDT,111961775,96964.95,1.677146,True,162624.37803269998
trade,ETHUSDT,143950306,3509.92,1.994449,False,7000.356434079999
trade,ETHUSDT,143951623,3506.7,0.730444,True,2561.4479748
trade,BTCUSDT,111961972,96732.03,1.814138,True,175485.25144014
trade,ETHUSDT,143950637,3499.63,0.693154,True,2425.7825330200003
trade,BTCUSDT,111960087,96688.66,1.035331,False,100104.76704646001
trade,ETHUSDT,143950050,3487.59,0.972968,False,3393.3134671200005
trade,BTCUSDT,111960441,96594.78,0.320766,False,30984.321201479997
trade,ETHUSDT,143950568,3502.2,1.748077,False,6122.1152694
trade,BTCUSDT,111960678,96990.52,0.215489,False,20900.39016428
trade,ETHUSDT,143951189,3509.29,1.876894,True,6586.56534526
trade,ETHUSDT,143951172,3511.64,1.504312,False,5282.60219168
trade,BTCUSDT,111960137,96535.78,0.086953,False,8394.07567834
trade,BTCUSDT,111960802,97350.46,0.891499,True,86787.83773954002
trade,BTCUSDT,111961340,96913.21,0.805316,False,78045.75862436001
trade,BTCUSDT,111960559,97313.61,1.593516,True,155070.79455276
trade,ETHUSDT,143951958,3496.26,0.362163,False,1266.2160103800002
trade,ETHUSDT,143951319,3500.96,1.576476,False,5519.17941696
trade,ETHUSDT,143950933,3486.0,0.34565,False,1204.9359
trade,BTCUSDT,111961138,97103.19,0.85733,True,83249.47788270001
trade,ETHUSDT,143950535,3485.62,0.554435,False,1932.5497247
trade,BTCUSDT,111960964,96924.5,0.056622,True,5488.059039
trade,BTCUSDT,111960374,97198.78,0.629438,False,61180.60568564
trade,BTCUSDT,111961191,97029.64,1.683916,True,163389.76327024
trade,BTCUSDT,111960763,96865.69,1.229894,True,119134.53093686001
trade,ETHUSDT,143950816,3489.44,0.897897,False,3133.15770768
trade,ETHUSDT,143951406,3489.24,1.243199,True,4337.819678759999
trade,BTCUSDT,111960679,96716.19,0.706017,False,68283.27431523
trade,ETHUSDT,143950648,3499.58,0.553663,True,1937.58796154
trade,BTCUSDT,111960556,96942.88,1.521293,True,147478.52474384
trade,BTCUSDT,111961505,96719.37,0.418562,True,40483.05294594
trade,ETHUSDT,143950152,3499.97,0.009637,True,33.72921089
trade,ETHUSDT,143950910,3482.54,0.633701,True,2206.8890805399997
trade,BTCUSDT,111961236,97151.09,1.558487,True,151408.71080082998
trade,ETHUSDT,143951587,3509.21,1.92454,True,6753.6150134
trade,ETHUSDT,143950363,3512.51,1.608203,True,5648.829119530001
trade,ETHUSDT,143951970,3504.67,1.371421,True,4806.37803607
trade,ETHUSDT,143951161,3502.19,1.579808,False,5532.78777952
trade,ETHUSDT,143950270,3488.19,1.598843,True,5577.06816417
trade,ETHUSDT,143950068,3503.98,1.24347,True,4357.094010600001
trade,ETHUSDT,143950064,3516.37,0.488922,False,1719.23065314
trade,BTCUSDT,111961866,97215.96,1.444432,False,140421.84353472
trade,BTCUSDT,111960447,97333.77,1.11493,True,108520.3401861
trade,BTCUSDT,111961719,97392.34,1.271274,False,123812.34964115999
trade,BTCUSDT,111961934,97011.2,1.173528,False,113845.3595136
trade,ETHUSDT,143950043,3509.77,1.963768,True,6892.3740133599995
trade,ETHUSDT,143951575,3515.38,1.404247,True,4936.461818860001
trade,ETHUSDT,143951661,3489.81,0.913584,True,3188.23457904
trade,ETHUSDT,143951998,3515.27,0.546347,False,1920.5572186900001
trade,ETHUSDT,143950937,3501.47,0.447924,True,1568.3924482799998
trade,BTCUSDT,111961434,97292.87,0.20317,True,19766.992397899998
trade,ETHUSDT,143952026,3511.16,1.57895,True,5543.946082
trade,ETHUSDT,143950216,3499.04,1.45779,False,5100.8655216
trade,BTCUSDT,111960673,97426.55,1.980602,True,192963.2197831
trade,BTCUSDT,111960444,96823.54,0.963302,False,93270.30972907999
trade,ETHUSDT,143951260,3512.03,1.204686,False,4230.89337258
trade,ETHUSDT,143951347,3506.54,1.410499,True,4945.97116346
trade,BTCUSDT,111961631,96656.71,0.647584,False,62593.338888640006
trade,BTCUSDT,111960850,96754.05,0.70509,True,68220.31311450001
trade,ETHUSDT,143951779,3514.93,0.874333,True,3073.21929169
trade,BTCUSDT,111961412,96533.36,1.98863,True,191969.1356968
trade,ETHUSDT,143950441,3497.8,0.259965,True,909.3055770000001
trade,ETHUSDT,143950971,3512.88,0.003193,False,11.21662584
trade,BTCUSDT,111961010,96732.09,0.925734,True,89548.18460405999
trade,BTCUSDT,111961850,96888.15,1.244823,True,120608.59754745
trade,BTCUSDT,111961544,96707.26,1.804181,True,174477.40105406
trade,ETHUSDT,143950412,3501.16,1.757432,False,6153.05062112
trade,BTCUSDT,111960228,96535.74,1.291671,True,124692.41582154001
trade,ETHUSDT,143950523,3508.65,1.098671,True,3854.85200415
trade,ETHUSDT,143951724,3503.31,1.419575,False,4973.21129325
trade,ETHUSDT,143950244,3516.12,1.559562,True,5483.60713944
trade,ETHUSDT,143950292,3512.58,1.177243,False,4135.16021694
trade,ETHUSDT,143950104,3506.96,1.082971,False,3797.9359781599996
trade,ETHUSDT,143950116,3499.68,1.402518,False,4908.36419424
trade,ETHUSDT,143950562,3484.22,1.995261,False,6951.92828142
trade,BTCUSDT,111961945,96979.21,1.194998,True,115889.96199158001
trade,BTCUSDT,111962030,97281.29,1.777064,True,172875.07833256
trade,BTCUSDT,111960439,97170.88,1.13958,False,110733.99143040001
trade,BTCUSDT,111960285,96953.04,0.967637,True,93815.34876647999
trade,BTCUSDT,111961832,97318.85,1.946806,True,189460.9210931
trade,BTCUSDT,111961777,97024.1,1.127828,True,109426.49665480001
trade,ETHUSDT,143951080,3486.73,1.141965,False,3981.7236244499995
trade,BTCUSDT,111961366,96998.89,1.085489,False,105291.22810720999
trade,ETHUSDT,143951953,3499.96,1.851998,False,6481.91892008
trade,BTCUSDT,111961770,96841.09,1.209795,True,117157.86647654999
trade,BTCUSDT,111961941,96949.28,0.000255,True,24.722066400000003
trade,BTCUSDT,111961508,97406.15,1.842834,True,179503.3650291
trade,ETHUSDT,143950464,3488.38,0.679172,False,2369.21002136
trade,ETHUSDT,143951711,3492.01,1.085779,False,3791.5511257900002
trade,ETHUSDT,143950588,3486.62,0.112289,True,391.50907318
trade,BTCUSDT,111960076,96866.67,0.88007,False,85249.4502669
trade,ETHUSDT,143951879,3504.85,1.602916,False,5617.980142599999
trade,BTCUSDT,111960982,96592.05,1.783348,False,172257.2391834
trade,ETHUSDT,143951069,3516.8,1.055725,True,3712.7736800000002
trade,BTCUSDT,111961264,97350.62,0.163069,False,15874.86825278
trade,ETHUSDT,143951104,3483.44,0.026393,False,91.93843192
trade,BTCUSDT,111960279,97128.73,1.194844,False,116053.68026811999
trade,BTCUSDT,111961230,97081.37,0.86637,True,84108.3865269
trade,ETHUSDT,143950048,3510.56,0.866836,True,3043.07978816
trade,BTCUSDT,111961666,96557.46,1.661853,True,160464.30457338
trade,ETHUSDT,143951645,3484.8,1.605802,True,5595.8988096
trade,BTCUSDT,111961857,96524.82,1.568896,True,151437.40399872002
trade,ETHUSDT,143950075,3485.24,1.40836,False,4908.4726064
trade,BTCUSDT,111961260,97275.89,1.54607,False,150395.3352523
trade,ETHUSDT,143951683,3500.01,0.450893,True,1578.13000893
trade,ETHUSDT,143951713,3516.09,1.183785,False,4162.294600650001
trade,BTCUSDT,111960219,97343.92,1.178806,False,114749.59695952
trade,BTCUSDT,111960165,96776.66,0.12934,False,12517.093204400002
trade,ETHUSDT,143951473,3514.09,0.458416,False,1610.91508144
trade,ETHUSDT,143950166,3486.85,1.278865,False,4459.210425249999
trade,ETHUSDT,143951997,3498.56,1.439237,False,5035.25699872
trade,ETHUSDT,143950323,3486.75,1.74881,False,6097.6632675
trade,BTCUSDT,111961615,96877.24,0.556721,False,53933.593930040006
trade,BTCUSDT,111961375,96527.58,1.469828,True,141878.93985624
trade,BTCUSDT,111960131,96738.08,0.431345,False,41727.4871176
trade,ETHUSDT,143950438,3495.8,0.922193,False,3223.8022894000005
trade,BTCUSDT,111960884,97387.1,0.783207,False,76274.2584297
trade,ETHUSDT,143951091,3506.54,1.896298,True,6649.44478892
trade,BTCUSDT,111960442,97334.24,0.007024,False,683.67570176
trade,BTCUSDT,111960775,96894.9,1.010791,False,97940.4928659
trade,ETHUSDT,143951368,3505.72,1.973908,False,6919.968753759999
trade,BTCUSDT,111960540,96785.19,0.936731,False,90661.68781389
trade,BTCUSDT,111960468,96745.25,0.942163,False,91149.79497575
trade,ETHUSDT,143951047,3487.16,0.300173,True,1046.75127868
trade,BTCUSDT,111961605,96552.03,1.173893,False,113341.75215279001
trade,ETHUSDT,143950735,3487.58,1.083868,False,3780.07635944
trade,ETHUSDT,143950626,3489.19,0.958515,True,3344.44095285
trade,BTCUSDT,111960732,96842.12,1.45712,True,141110.58989439998
trade,ETHUSDT,143950831,3509.42,0.136488,True,478.99371696000003
trade,BTCUSDT,111961309,96887.42,0.722142,False,69966.47525363999
trade,BTCUSDT,111961304,97152.63,0.140232,True,13623.90761016
trade,BTCUSDT,111960136,96803.86,0.055798,False,5401.46178028
trade,ETHUSDT,143950171,3503.2,0.949995,True,3328.022484
trade,BTCUSDT,111961279,97266.42,0.640107,False,62260.916306939995
trade,BTCUSDT,111961697,97007.42,0.678068,True,65777.62726456
trade,ETHUSDT,143951642,3503.43,0.351995,False,1233.1898428499999
trade,ETHUSDT,143951305,3488.97,1.253633,True,4373.88792801
trade,ETHUSDT,143950612,3497.79,0.561404,False,1963.67329716
trade,BTCUSDT,111960060,96927.73,0.634424,True,61493.27817752
trade,ETHUSDT,143950602,3509.1,1.719828,False,6035.048434799999
trade,BTCUSDT,111961959,97241.51,1.252639,True,121808.50784489
trade,BTCUSDT,111961182,96734.59,0.960914,True,92953.62181526
trade,ETHUSDT,143951259,3515.15,1.781791,False,6263.26263365
trade,ETHUSDT,143951543,3493.26,1.2819,True,4478.009994
trade,ETHUSDT,143950168,3510.79,0.65177,False,2288.2275983
trade,BTCUSDT,111960335,97174.07,1.315291,False,127812.17970437
trade,ETHUSDT,143950443,3494.24,1.603444,False,5602.81816256
trade,BTCUSDT,111960370,97227.93,1.940019,True,188624.03153066998
trade,ETHUSDT,143951372,3489.92,0.953335,False,3327.0628832
trade,ETHUSDT,143951232,3509.73,0.767164,False,2692.5385057199996
trade,BTCUSDT,111961234,97171.95,0.126757,False,12317.22486615
trade,ETHUSDT,143950689,3508.32,1.221549,False,4285.58478768
trade,BTCUSDT,111961965,97208.81,1.257396,False,122229.96885876
trade,ETHUSDT,143950849,3513.39,0.842353,False,2959.51460667
trade,ETHUSDT,143951178,3499.46,0.753186,False,2635.74427956
trade,ETHUSDT,143950056,3505.55,1.37125,False,4806.9854375
trade,BTCUSDT,111960153,97176.99,1.296919,True,126030.68469381
trade,ETHUSDT,143951062,3503.36,1.960907,True,6869.7631475200005
trade,ETHUSDT,143951300,3483.28,1.780604,False,6202.34230112
trade,ETHUSDT,143951948,3506.59,0.106845,True,374.66160855
trade,ETHUSDT,143951993,3490.4,0.256682,True,895.9228528000001
trade,BTCUSDT,111961426,96739.44,0.517483,True,50061.01562952001
trade,BTCUSDT,111961621,96611.66,0.115971,False,11204.150821860001
trade,ETHUSDT,143950211,3506.03,1.900302,False,6662.51582106
trade,ETHUSDT,143950489,3496.5,1.451159,False,5073.9774435
trade,BTCUSDT,111961461,97023.68,1.879564,True,182362.21607552
trade,BTCUSDT,111961974,97453.26,0.99972,True,97425.9730872
trade,ETHUSDT,143951105,3509.53,0.162533,True,570.4144394900001
trade,BTCUSDT,111961985,97216.59,1.861893,False,181006.88840487
trade,ETHUSDT,143951890,3496.41,0.255613,True,893.7278493299999
trade,ETHUSDT,143951379,3486.4,1.036071,False,3612.1579344
trade,BTCUSDT,111961104,97050.99,0.920122,True,89298.75102078001
trade,ETHUSDT,143950950,3503.45,1.582426,True,5543.9503697
trade,BTCUSDT,111962013,96901.01,1.993651,True,193186.79548750998
trade,ETHUSDT,143951447,3510.55,0.752217,False,2640.6953893500004
trade,ETHUSDT,143951666,3486.6,1.660147,False,5788.2685302
trade,ETHUSDT,143951869,3502.59,0.949796,True,3326.74597164
trade,ETHUSDT,143950413,3498.04,1.264797,True,4424.31049788
trade,BTCUSDT,111961335,97471.23,0.989491,False,96446.90484393
trade,ETHUSDT,143951831,3494.78,1.086603,False,3797.43843234
trade,BTCUSDT,111961475,97258.44,1.324775,True,128845.549851
trade,BTCUSDT,111960972,97142.77,0.556555,True,54065.29435735
trade,ETHUSDT,143951635,3502.64,0.928625,False,3252.63907
trade,ETHUSDT,143950354,3505.57,1.706431,False,5982.01332067
trade,BTCUSDT,111961500,96663.46,0.290742,False,28104.12768732
trade,BTCUSDT,111962058,97460.3,1.657309,False,161521.8323327
trade,BTCUSDT,111960816,97023.97,0.437248,True,42423.53683456
trade,ETHUSDT,143951031,3516.72,0.600274,False,2110.99558128
trade,BTCUSDT,111960657,96868.28,1.021615,True,98962.08787219999
trade,ETHUSDT,143950045,3484.6,0.437841,False,1525.7007486
trade,ETHUSDT,143950302,3502.04,0.561636,True,1966.87173744
trade,ETHUSDT,143950739,3488.13,0.616345,True,2149.8914848500003
trade,BTCUSDT,111960100,97291.13,0.872223,True,84859.56128199
trade,BTCUSDT,111961663,97314.01,1.995621,True,194201.88195021
trade,BTCUSDT,111961363,97045.9,1.476557,True,143293.8029663
trade,BTCUSDT,111961400,97315.63,1.233391,True,120028.22220132999
trade,BTCUSDT,111961803,96887.54,0.322968,False,31291.575018719996
trade,ETHUSDT,143951283,3491.51,1.440049,False,5027.94548399
trade,ETHUSDT,143951103,3515.99,0.071177,False,250.25762023
trade,ETHUSDT,143950221,3497.45,0.658475,True,2302.98338875
trade,BTCUSDT,111961581,97377.4,1.904729,False,185477.5577246
trade,BTCUSDT,111961503,96932.19,0.84633,True,82036.6203627
trade,BTCUSDT,111961610,96958.44,0.791926,False,76783.90955544
trade,ETHUSDT,143950883,3497.2,1.77129,True,6194.555388
trade,BTCUSDT,111961436,96654.07,0.090976,False,8793.200672320001
trade,ETHUSDT,143951177,3507.6,0.346726,True,1216.1761176
trade,ETHUSDT,143951801,3493.42,1.890655,True,6604.8519901
trade,ETHUSDT,143950065,3490.11,1.790524,True,6249.12571764
trade,ETHUSDT,143951248,3485.59,0.931074,False,3245.34222366
trade,ETHUSDT,143950706,3503.68,0.210777,False,738.4951593599999
trade,ETHUSDT,143951464,3502.37,1.406922,False,4927.56140514
trade,BTCUSDT,111960318,96615.42,0.418805,True,40463.0209731
trade,ETHUSDT,143951957,3503.21,1.531226,False,5364.20623546
trade,BTCUSDT,111960069,96910.91,0.299534,False,29028.112515940004
trade,BTCUSDT,111960801,96643.38,1.234122,False,119269.72141236
trade,BTCUSDT,111961825,97108.5,1.112612,True,108044.082402
trade,ETHUSDT,143950186,3491.29,0.51261,False,1789.6701669
trade,BTCUSDT,111960456,97124.18,1.261117,False,122484.95450906
trade,ETHUSDT,143951815,3492.28,0.332424,True,1160.9176867200001
trade,ETHUSDT,143950912,3482.5,0.597929,True,2082.2877425
trade,ETHUSDT,143951226,3484.19,0.228288,False,795.39876672
trade,ETHUSDT,143951605,3491.99,1.180334,True,4121.714524659999
trade,BTCUSDT,111960549,96516.65,1.050267,True,101368.25244555
trade,ETHUSDT,143950561,3490.35,1.570331,True,5481.00480585
trade,ETHUSDT,143951940,3505.34,1.184753,True,4152.96208102
trade,ETHUSDT,143950793,3504.04,1.735191,False,6080.178671639999
trade,BTCUSDT,111961689,96614.56,1.285113,True,124160.62704528
trade,ETHUSDT,143951722,3511.61,0.715961,False,2514.17580721
trade,BTCUSDT,111961849,96833.4,0.111165,False,10764.484911
trade,ETHUSDT,143950931,3502.33,0.310613,True,1087.86922829
trade,BTCUSDT,111960105,97384.88,0.1158,True,11277.169104
trade,BTCUSDT,111960337,97149.19,0.2879,False,27969.251801
trade,ETHUSDT,143951523,3489.79,1.730816,False,6040.18436864
trade,ETHUSDT,143951751,3514.83,0.775402,True,2725.4062116600003
trade,ETHUSDT,143950860,3495.01,1.348095,True,4711.60550595
trade,BTCUSDT,111961693,97343.81,1.699614,True,165446.90228933998
trade,BTCUSDT,111961660,96840.74,0.152281,False,14747.00472794
trade,BTCUSDT,111960820,97251.24,1.161638,True,112970.73593112
trade,ETHUSDT,143950951,3510.04,1.656555,False,5814.5743122
trade,BTCUSDT,111960942,96658.27,1.551315,False,149947.42412505002
trade,ETHUSDT,143950708,3510.3,1.803349,False,6330.295994700001
trade,ETHUSDT,143950618,3502.72,1.30439,True,4568.9129408
trade,BTCUSDT,111961846,96939.57,0.481375,False,46664.28550875001
trade,ETHUSDT,143951321,3514.18,0.155494,True,546.4339049199999
trade,ETHUSDT,143951858,3517.32,1.551092,False,5455.68691344
trade,BTCUSDT,111962028,97025.62,0.396822,False,38501.90057964
trade,ETHUSDT,143952018,3509.08,1.32742,True,4658.0229736
trade,BTCUSDT,111960994,97401.99,1.387695,False,135164.25451305
trade,ETHUSDT,143951021,3484.14,0.100707,True,350.87728698
trade,ETHUSDT,143951774,3495.27,0.443219,False,1549.1700741299999
trade,BTCUSDT,111960646,97344.69,1.239412,True,120650.17692227999
trade,BTCUSDT,111961515,96677.09,1.705609,False,164893.31479781
trade,ETHUSDT,143950268,3507.51,0.243479,False,854.00502729
trade,BTCUSDT,111961273,97285.72,1.060442,False,103165.86348824001
trade,BTCUSDT,111961370,97166.57,0.96129,True,93405.2520753
trade,ETHUSDT,143951187,3490.83,0.308844,False,1078.12190052
trade,ETHUSDT,143951421,3499.6,1.084697,True,3796.0056212
trade,ETHUSDT,143950593,3483.91,1.928883,False,6720.054772529999
trade,ETHUSDT,143950583,3513.68,0.306376,True,1076.50722368
trade,BTCUSDT,111960589,96593.09,1.630317,False,157477.35670953
trade,ETHUSDT,143951014,3491.98,0.742587,False,2593.09895226
trade,ETHUSDT,143951196,3503.64,0.310565,True,1088.1079565999999
trade,BTCUSDT,111960114,97307.73,0.346451,True,33712.36036623
trade,ETHUSDT,143952028,3507.48,0.523406,True,1835.83607688
trade,ETHUSDT,143950386,3499.92,0.850739,True,2977.51844088
trade,BTCUSDT,111961894,96921.91,0.719315,False,69717.38369165
trade,BTCUSDT,111960430,97162.08,1.101229,True,106997.70019632
trade,ETHUSDT,143950702,3515.78,0.800767,True,2815.32060326
trade,ETHUSDT,143950893,3504.74,0.15355,True,538.1528269999999
trade,ETHUSDT,143951247,3504.83,1.898799,True,6654.96769917
trade,BTCUSDT,111960772,97356.46,0.597579,False,58178.17601034
trade,ETHUSDT,143951570,3509.49,1.769588,True,6210.351390119999
trade,BTCUSDT,111962025,96603.59,1.113919,True,107608.57436921001
trade,ETHUSDT,143950224,3508.09,1.742851,True,6114.07816459
trade,ETHUSDT,143950551,3499.62,1.618407,False,5663.809505339999
trade,BTCUSDT,111961816,96815.03,0.632037,True,61190.68111611
trade,ETHUSDT,143950376,3504.23,0.141362,True,495.36496126
trade,ETHUSDT,143951430,3496.14,0.816567,False,2854.83255138
trade,ETHUSDT,143950183,3495.77,0.801278,True,2801.08359406
trade,BTCUSDT,111960869,97025.08,0.845102,True,81996.08915816
trade,ETHUSDT,143950822,3510.05,0.027207,False,95.49793035
trade,ETHUSDT,143951256,3514.6,0.934705,False,3285.114193
trade,ETHUSDT,143950299,3500.26,0.355038,True,1242.7253098800002
trade,BTCUSDT,111960397,96693.25,0.983359,True,95084.17762675
trade,BTCUSDT,111960910,96943.51,1.075669,True,104279.12845819
trade,BTCUSDT,111961252,96613.26,0.717464,True,69316.53597263999
trade,ETHUSDT,143950087,3486.96,1.031304,False,3596.11579584
trade,ETHUSDT,143951955,3499.78,1.271258,True,4449.12332324
trade,BTCUSDT,111961066,96940.21,1.392285,False,134968.40027985
trade,ETHUSDT,143951567,3483.69,0.414166,True,1442.82595254
trade,BTCUSDT,111961656,96903.58,0.447996,False,43412.416225680005
trade,ETHUSDT,143951056,3503.65,1.574233,True,5515.56145045
trade,BTCUSDT,111960325,96982.88,0.143352,True,13902.689813760002
trade,ETHUSDT,143950582,3501.91,1.720138,False,6023.76846358
trade,BTCUSDT,111960601,96559.01,1.288448,False,124411.26331647999
trade,BTCUSDT,111961135,96541.32,1.859884,False,179555.65640688004
trade,ETHUSDT,143951807,3505.44,0.614826,True,2155.23565344
trade,ETHUSDT,143950592,3486.71,1.488187,True,5188.87649477
trade,BTCUSDT,111960864,97045.16,1.167159,True,113267.13190044001
trade,BTCUSDT,111961538,96524.81,1.736659,True,167630.68000979
trade,ETHUSDT,143950956,3496.45,1.603155,True,5605.35129975
trade,BTCUSDT,111960575,96878.46,1.192613,False,115538.51081598
trade,ETHUSDT,143951373,3500.9,1.795238,False,6284.9487142
trade,ETHUSDT,143951441,3496.91,0.012249,True,42.83365059
trade,BTCUSDT,111960133,97201.99,0.151442,True,14720.46376958
trade,BTCUSDT,111961766,97331.01,1.779761,True,173225.93568860998
trade,BTCUSDT,111961952,97342.8,1.636623,True,159313.4653644
trade,BTCUSDT,111960135,97034.58,0.536981,False,52105.72580298001
trade,ETHUSDT,143951211,3495.68,1.640336,True,5734.08974848
trade,ETHUSDT,143950514,3506.0,0.701999,False,2461.208494
trade,ETHUSDT,143951338,3487.1,0.027646,False,96.4043666
trade,BTCUSDT,111960647,96749.87,0.029493,False,2853.4439159099998
trade,BTCUSDT,111961516,97107.42,0.826671,True,80275.88799882
trade,BTCUSDT,111961184,97364.9,0.35589,True,34651.194261
trade,BTCUSDT,111962012,97483.76,0.491564,True,47919.50700064
trade,ETHUSDT,143951961,3501.09,1.077514,True,3772.4734902600003
trade,ETHUSDT,143951653,3512.82,1.062247,True,3731.48250654
trade,ETHUSDT,143951684,3512.6,0.929174,True,3263.8165924
trade,BTCUSDT,111960739,96867.39,1.704535,False,165113.85661365
trade,ETHUSDT,143950813,3482.63,1.265485,False,4407.21602555
trade,BTCUSDT,111960513,96671.66,1.059796,False,102452.23858136
trade,BTCUSDT,111960944,96616.97,1.350837,True,130513.77790389
trade,BTCUSDT,111961627,97222.93,0.928111,True,90233.67078523
trade,BTCUSDT,111960562,96605.46,0.966007,True,93321.55059822
trade,ETHUSDT,143950516,3511.28,0.962065,True,3378.0795932
trade,ETHUSDT,143950195,3493.12,0.433644,False,1514.77052928
trade,ETHUSDT,143950975,3508.63,0.985402,False,3457.41101926
trade,BTCUSDT,111960614,96531.37,0.106161,False,10247.86677057
trade,ETHUSDT,143951167,3506.46,0.064228,False,225.21291287999998
trade,ETHUSDT,143951308,3509.4,1.410317,False,4949.3664798
trade,BTCUSDT,111961183,96832.76,1.99549,False,193228.80425239998
trade,ETHUSDT,143951836,3487.97,1.304618,False,4550.46844546
trade,BTCUSDT,111961536,96814.29,0.060179,True,5826.18715791
trade,BTCUSDT,111961421,96516.25,0.300084,False,28962.982365000003
trade,ETHUSDT,143951738,3517.46,0.805235,False,2832.3819031000003
trade,ETHUSDT,143950675,3516.51,0.54755,False,1925.4650505
trade,BTCUSDT,111960939,97164.29,1.649208,True,160244.12438231998
trade,ETHUSDT,143950970,3516.03,0.304811,True,1071.72462033
trade,ETHUSDT,143951340,3492.65,0.192125,False,671.02538125
trade,ETHUSDT,143950665,3491.64,1.211187,True,4229.02897668
trade,BTCUSDT,111961096,96856.82,1.084434,True,105034.82873988
trade,ETHUSDT,143951723,3502.28,0.989442,False,3465.3029277600003
trade,BTCUSDT,111961809,96730.6,1.36196,True,131743.207976
trade,BTCUSDT,111961039,96862.71,1.136016,False,110037.58836336
trade,ETHUSDT,143950246,3487.21,1.645624,False,5738.63646904
trade,ETHUSDT,143950717,3512.59,0.214637,True,753.93177983
trade,BTCUSDT,111961447,97416.05,0.028016,False,2729.2080568
trade,BTCUSDT,111960372,97111.54,0.625743,True,60766.86637422
trade,ETHUSDT,143951778,3503.0,1.418989,False,4970.718467000001
trade,BTCUSDT,111961875,96942.69,1.149512,False,111436.78546728002
trade,ETHUSDT,143950818,3506.98,1.136932,True,3987.19778536
trade,BTCUSDT,111960822,96610.05,1.681519,True,162451.63466595
trade,BTCUSDT,111960841,97124.97,0.329371,True,31990.14849387
trade,BTCUSDT,111961654,97456.44,0.280241,True,27311.290202040003
trade,BTCUSDT,111960085,97175.28,0.920205,False,89421.17853240001
trade,ETHUSDT,143950935,3511.64,1.984361,False,6968.36146204
trade,ETHUSDT,143950052,3496.68,1.623901,False,5678.26214868
trade,BTCUSDT,111961799,96982.11,0.806276,False,78194.34772236
trade,ETHUSDT,143950823,3506.6,1.765435,False,6190.674371
trade,BTCUSDT,111961930,97393.15,0.894962,False,87163.1683103
trade,BTCUSDT,111960989,97255.14,1.380947,True,134304.19381758
trade,BTCUSDT,111960833,96757.22,0.016551,True,1601.42874822
trade,BTCUSDT,111961430,97004.77,1.695526,True,164474.10965902
trade,BTCUSDT,111961435,97449.88,1.040752,True,101421.15750976
trade,ETHUSDT,143950599,3507.55,1.153281,True,4045.19077155
trade,BTCUSDT,111960950,97138.94,1.514762,False,147142.37503228
trade,ETHUSDT,143951689,3503.49,0.964532,True,3379.2282166799996
trade,ETHUSDT,143950117,3498.51,1.409384,True,4930.74401784
trade,ETHUSDT,143950284,3495.34,0.642518,False,2245.81886612
trade,BTCUSDT,111961677,96890.45,0.341285,False,33067.25722825
trade,BTCUSDT,111960936,96636.46,0.376577,False,36391.068197420005
trade,BTCUSDT,111960561,97073.66,1.779816,True,172773.25324656002
trade,BTCUSDT,111961353,96840.78,0.746355,False,72277.6003569
trade,BTCUSDT,111961485,97328.35,1.888332,False,183788.2378122
trade,BTCUSDT,111961678,97293.54,1.428708,True,139004.05894632
trade,BTCUSDT,111961174,97176.92,0.894103,True,86886.17570276
trade,BTCUSDT,111960089,96840.91,1.220913,True,118234.32595083
trade,ETHUSDT,143951223,3489.92,0.61604,True,2149.9303168
trade,BTCUSDT,111960713,96948.06,1.873289,False,181611.73436934
trade,BTCUSDT,111961157,96529.35,0.94016,True,90753.033696
trade,ETHUSDT,143950724,3502.98,0.444037,False,1555.45273026
trade,ETHUSDT,143951291,3515.34,0.986331,False,3467.28881754
trade,ETHUSDT,143950084,3508.54,0.192374,False,674.95187396
trade,BTCUSDT,111961698,96702.95,1.171154,True,113254.0467043
trade,ETHUSDT,143951597,3493.08,0.712096,True,2487.40829568
trade,ETHUSDT,143951759,3513.74,0.127983,True,449.69898642000004
trade,BTCUSDT,111960231,96753.54,1.56373,False,151296.4131042
trade,BTCUSDT,111961786,97222.76,0.978513,True,95133.73455587999
trade,BTCUSDT,111961217,97287.95,0.010402,True,1011.9892559
trade,ETHUSDT,143951029,3515.62,1.147177,False,4033.0384047399994
trade,ETHUSDT,143950720,3511.76,1.918019,False,6735.62240344
trade,ETHUSDT,143951781,3517.35,1.256781,True,4420.538650349999
trade,ETHUSDT,143951871,3513.89,1.257407,True,4418.389883229999
trade,BTCUSDT,111961468,97070.85,1.761716,False,171011.2695786
trade,ETHUSDT,143951677,3495.32,0.555962,True,1943.26509784
trade,ETHUSDT,143951093,3512.42,1.111259,True,3903.20833678
trade,ETHUSDT,143950838,3503.38,0.636303,False,2229.21120414
trade,BTCUSDT,111961639,97048.95,1.475586,True,143204.0719347
trade,BTCUSDT,111960879,96736.84,1.057084,False,102258.96577455998
trade,ETHUSDT,143950660,3494.82,0.30884,False,1079.3402088
trade,ETHUSDT,143951536,3512.69,1.960522,True,6886.706024180001
trade,BTCUSDT,111961552,96897.59,0.360055,True,34888.46176745
trade,BTCUSDT,111960873,97091.08,1.696197,True,164685.59862276
trade,BTCUSDT,111961487,97302.86,0.931154,False,90603.94730044
trade,ETHUSDT,143951622,3497.53,0.894991,False,3130.25787223
trade,BTCUSDT,111961973,96555.3,0.043445,True,4194.8450084999995
trade,BTCUSDT,111960239,96806.4,1.899705,False,183903.602112
trade,BTCUSDT,111960685,97278.93,0.636218,True,61890.60628673999
trade,ETHUSDT,143951964,3494.78,1.998998,False,6986.05823044
trade,ETHUSDT,143951923,3495.47,0.632748,True,2211.7516515599996
trade,BTCUSDT,111960823,96839.52,1.805378,False,174831.93893856
trade,BTCUSDT,111960691,97073.49,0.534799,False,51914.805378510006
trade,ETHUSDT,143950153,3515.79,0.439243,True,1544.28614697
trade,ETHUSDT,143950727,3505.29,1.569164,False,5500.37487756
trade,BTCUSDT,111962053,96663.01,1.682013,False,162588.43943913
trade,ETHUSDT,143950639,3502.85,0.60446,False,2117.332711
trade,BTCUSDT,111961812,96892.49,1.517086,False,146994.24008414
trade,ETHUSDT,143951824,3501.72,0.687583,True,2407.72314276
trade,ETHUSDT,143951217,3484.49,0.937579,False,3266.9846497099998
trade,BTCUSDT,111961511,96537.89,0.943745,False,91107.15099805
trade,BTCUSDT,111960327,96702.56,1.77151,True,171309.5520656
trade,ETHUSDT,143950240,3494.09,0.874098,False,3054.1770808200004
trade,BTCUSDT,111961137,96944.67,1.722063,False,166944.82925421
trade,BTCUSDT,111961569,96749.3,1.085909,False,105060.9356137
trade,BTCUSDT,111961053,96938.67,1.16787,False,113211.7645329
trade,BTCUSDT,111960242,97064.61,1.412111,True,137066.00349171
trade,BTCUSDT,111961990,97414.81,0.083918,False,8174.85602558
trade,BTCUSDT,111960464,96847.93,0.329136,True,31876.140288479997
trade,ETHUSDT,143951878,3515.83,1.714181,False,6026.76898523
trade,ETHUSDT,143951374,3493.42,1.97852,True,6911.8013384000005
trade,ETHUSDT,143950060,3488.02,1.872316,True,6530.67565432
trade,BTCUSDT,111961472,97103.38,0.154433,True,14995.96628354
trade,BTCUSDT,111961061,97127.05,1.573097,False,152790.27097385
trade,BTCUSDT,111961008,96937.94,1.17212,True,113622.89823280001
trade,ETHUSDT,143950759,3500.29,0.436642,True,1528.37362618
trade,BTCUSDT,111960474,97117.67,1.102266,True,107049.50564022
trade,BTCUSDT,111961194,96753.29,0.51079,False,49420.61299909999
trade,ETHUSDT,143950547,3493.27,1.88777,True,6594.4903079
trade,ETHUSDT,143951625,3507.51,0.104605,False,366.90308355
trade,ETHUSDT,143951525,3504.11,0.888624,True,3113.83624464
trade,ETHUSDT,143950982,3508.87,0.202789,True,711.5602384299999
trade,BTCUSDT,111961772,97068.42,1.931953,True,187531.62522426
trade,BTCUSDT,111960273,97150.42,0.302038,True,29343.118555959998
trade,BTCUSDT,111961486,97009.85,0.987192,False,95767.3478412
trade,ETHUSDT,143950427,3513.57,0.380581,False,1337.1979841700002
trade,ETHUSDT,143951356,3502.72,1.794402,False,6285.28777344
trade,BTCUSDT,111960535,96875.01,0.624747,False,60522.37187247
trade,BTCUSDT,111960109,96936.31,0.506752,True,49122.66896512
trade,BTCUSDT,111960386,97350.05,1.928275,False,187717.66766375
trade,ETHUSDT,143951503,3496.7,0.356546,False,1246.7343981999998
trade,ETHUSDT,143950086,3508.44,1.797499,True,6306.41739156
trade,BTCUSDT,111960734,96612.7,0.950783,False,91857.7127441
trade,BTCUSDT,111961208,97018.26,1.44278,True,139976.0051628
trade,ETHUSDT,143950598,3514.97,0.758778,True,2667.0819066599997
trade,BTCUSDT,111960534,97376.89,0.624675,True,60828.90876075
trade,ETHUSDT,143950073,3489.87,1.659913,False,5792.88058131
trade,ETHUSDT,143950965,3502.17,0.074006,True,259.18159302000004
trade,ETHUSDT,143950089,3511.16,1.351334,False,4744.74988744
trade,BTCUSDT,111960940,96641.58,0.599302,False,57917.49217716
trade,BTCUSDT,111960859,96940.13,0.582672,False,56484.29942736
trade,BTCUSDT,111960072,97074.41,0.930059,True,90284.92869019
trade,ETHUSDT,143950995,3517.49,0.062925,True,221.33805824999996
trade,BTCUSDT,111961190,97312.99,1.519285,True,147846.16601215
trade,BTCUSDT,111960294,97442.39,0.286439,True,27911.30074921
trade,BTCUSDT,111960187,97179.19,1.947527,True,189259.09636313
trade,BTCUSDT,111962039,97117.38,1.229367,False,119392.90209846002
trade,ETHUSDT,143950357,3510.41,0.818002,True,2871.52240082
trade,ETHUSDT,143950524,3490.75,1.82868,True,6383.46471
trade,ETHUSDT,143950989,3515.28,0.242572,True,852.7085001600001
trade,ETHUSDT,143950384,3508.19,0.617129,False,2165.0057865100002
trade,BTCUSDT,111961903,96629.76,1.674293,False,161786.53075968
trade,BTCUSDT,111960662,96976.02,1.397891,True,135561.90557382
trade,BTCUSDT,111960237,96980.16,1.098839,False,106565.58203424
trade,BTCUSDT,111961355,96998.99,0.398255,True,38630.33276245
trade,ETHUSDT,143951771,3507.27,1.692406,True,5935.72479162
trade,BTCUSDT,111961980,96691.62,0.544156,False,52615.32517272
trade,ETHUSDT,143951887,3496.83,1.482485,True,5183.99802255
trade,BTCUSDT,111960531,96774.6,1.914623,True,185286.87497580002
trade,BTCUSDT,111961065,97184.39,1.788975,True,173860.44410025
trade,BTCUSDT,111961851,96669.7,1.896273,True,183312.1420281
trade,BTCUSDT,111960184,96841.85,1.517913,False,146997.50305905
trade,ETHUSDT,143951969,3501.62,1.955907,True,6848.84306934
trade,ETHUSDT,143951144,3511.75,0.096604,True,339.249097
trade,BTCUSDT,111961963,97404.25,1.587849,False,154663.24095825
trade,BTCUSDT,111960429,96879.05,1.821381,False,176453.66096805
trade,ETHUSDT,143950036,3506.9,0.066147,False,231.9709143
trade,BTCUSDT,111960716,97398.05,0.677135,True,65951.62858675001
trade,ETHUSDT,143950801,3493.76,1.648997,False,5761.19975872
trade,ETHUSDT,143950093,3494.11,1.612535,False,5634.3746688500005
trade,ETHUSDT,143950521,3488.84,1.439866,False,5023.462095440001
trade,BTCUSDT,111960354,97369.87,1.832081,False,178389.48879947
trade,ETHUSDT,143950940,3489.06,1.192783,False,4161.69145398
trade,BTCUSDT,111960209,97002.07,1.353502,False,131292.49574914
trade,BTCUSDT,111961014,96880.89,0.789812,False,76517.68949268
trade,BTCUSDT,111961119,96833.0,0.787144,True,76221.514952
trade,BTCUSDT,111960545,96838.47,1.211232,True,117293.85369504002
trade,BTCUSDT,111960222,97275.63,1.3837,False,134600.289231
trade,BTCUSDT,111961926,96775.16,0.802272,False,77640.00116352
trade,BTCUSDT,111961933,97437.95,1.405106,False,136910.6481727
trade,BTCUSDT,111960603,96520.46,1.628446,True,157178.35700516
trade,BTCUSDT,111961863,97476.21,0.222932,True,21730.56644772
trade,BTCUSDT,111960913,96881.28,0.155001,False,15016.69528128
trade,ETHUSDT,143951611,3484.27,0.092536,False,322.42040871999995
trade,ETHUSDT,143951799,3491.24,0.239959,False,837.75445916
trade,ETHUSDT,143950260,3502.56,1.814627,False,6355.83994512
trade,BTCUSDT,111960266,96911.72,0.215515,True,20885.929335800003
trade,ETHUSDT,143950621,3511.33,0.008289,False,29.10541437
trade,ETHUSDT,143950713,3492.6,0.968882,False,3383.9172732
trade,ETHUSDT,143951230,3508.12,0.416082,False,1459.66558584
trade,BTCUSDT,111961522,97144.17,1.44611,False,140481.1556787
trade,BTCUSDT,111961443,96699.15,0.011272,True,1089.9928188
trade,ETHUSDT,143950946,3483.21,0.878621,False,3060.42145341
trade,BTCUSDT,111960704,96851.12,0.732425,False,70936.181566
trade,ETHUSDT,143951548,3505.32,1.94478,True,6817.0762296
trade,BTCUSDT,111961541,96924.21,0.661448,True,64110.324856080006
trade,ETHUSDT,143951324,3515.79,0.802587,True,2821.7273487300004
trade,ETHUSDT,143951246,3498.08,1.295718,True,4532.52522144
trade,BTCUSDT,111961334,96705.69,1.832483,False,177211.53292827003
trade,BTCUSDT,111960909,96767.69,1.039378,True,100578.20809681999
trade,ETHUSDT,143950267,3495.2,0.132853,False,464.34780559999996
trade,ETHUSDT,143950800,3506.22,0.409002,True,1434.0509924399998
trade,ETHUSDT,143951363,3488.56,0.758973,False,2647.72284888
trade,ETHUSDT,143950201,3502.97,0.743054,True,2602.89587038
trade,ETHUSDT,143950515,3502.6,0.504737,False,1767.8918162
trade,ETHUSDT,143950090,3510.22,1.788027,True,6276.36813594
trade,BTCUSDT,111961838,97129.18,0.952297,True,92495.82672645999
trade,ETHUSDT,143951039,3507.45,0.250851,True,879.8473399499999
trade,BTCUSDT,111961672,96983.25,1.073091,True,104071.85272575
trade,ETHUSDT,143950325,3494.18,1.298091,False,4535.7636103800005
trade,ETHUSDT,143950874,3515.13,1.714407,False,6026.36347791
trade,ETHUSDT,143951409,3514.75,0.236874,True,832.5528915
trade,BTCUSDT,111961310,96890.04,0.479946,True,46501.98713784
trade,BTCUSDT,111961774,97299.56,1.095269,True,106569.19178164001
trade,BTCUSDT,111960571,96706.78,0.668563,False,64654.57495714
trade,ETHUSDT,143950355,3511.09,1.125137,True,3950.45726933
trade,BTCUSDT,111961248,97297.54,1.419667,True,138130.10671917998
trade,BTCUSDT,111960766,96605.77,1.908312,False,184353.95016024
trade,BTCUSDT,111960779,96885.24,1.875282,True,181687.14663768
trade,BTCUSDT,111961376,96808.57,0.703771,False,68131.06411747001
trade,ETHUSDT,143951391,3486.21,0.708638,False,2470.46088198
trade,BTCUSDT,111960793,97257.53,0.252054,False,24514.14946662
trade,BTCUSDT,111962001,97469.59,1.623893,True,158280.18491387
trade,ETHUSDT,143950723,3505.95,1.415159,True,4961.47669605
trade,BTCUSDT,111961075,96524.55,1.219684,False,117729.4492422
trade,ETHUSDT,143951111,3483.36,1.434888,False,4998.23146368
trade,BTCUSDT,111961395,96787.96,1.620911,True,156884.66903156
trade,BTCUSDT,111961275,96894.94,1.236746,False,119834.42946524
trade,ETHUSDT,143951791,3500.55,1.447625,True,5067.48369375
trade,BTCUSDT,111960724,96674.96,0.430658,True,41633.84492368
trade,ETHUSDT,143950180,3503.0,1.622251,True,5682.745253
trade,BTCUSDT,111960252,96801.61,0.614832,False,59516.72747952001
trade,ETHUSDT,143951928,3496.43,1.495362,True,5228.4285576600005
trade,ETHUSDT,143950440,3511.25,1.554316,False,5457.592055
trade,BTCUSDT,111961293,97109.85,0.77108,False,74879.463138
trade,ETHUSDT,143951821,3513.15,0.402621,True,1414.4679661500002
trade,BTCUSDT,111961277,96584.52,1.013221,True,97861.46393892
trade,ETHUSDT,143951853,3486.34,0.963251,True,3358.22049134
trade,BTCUSDT,111960836,96537.49,0.95962,True,92639.3061538
trade,BTCUSDT,111960345,96833.28,1.774345,False,171815.6462016
trade,BTCUSDT,111960257,96882.15,0.841485,True,81524.87599274999
trade,BTCUSDT,111961476,96636.87,1.92312,True,185844.29743439998
trade,BTCUSDT,111960748,96745.42,0.045965,True,4446.903230299999
trade,ETHUSDT,143951296,3508.18,1.883749,False,6608.530566819999
trade,ETHUSDT,143950854,3505.55,0.32674,False,1145.403407
trade,BTCUSDT,111960722,96577.27,1.050851,False,101488.32075677
trade,ETHUSDT,143951647,3506.88,1.273972,False,4467.666927360001
trade,ETHUSDT,143950997,3511.74,0.93417,True,3280.5621558
trade,BTCUSDT,111960788,97190.89,0.815657,False,79274.42976473
trade,ETHUSDT,143950934,3503.05,0.85946,True,3010.731353
trade,ETHUSDT,143951934,3494.23,0.384014,True,1341.83323922
trade,BTCUSDT,111960577,96584.76,1.794095,True,173282.23499219998
trade,ETHUSDT,143951044,3509.51,1.163633,True,4083.78164983
trade,ETHUSDT,143951072,3486.98,0.120643,False,420.67972814
trade,ETHUSDT,143950278,3511.78,1.92698,False,6767.1298244
trade,BTCUSDT,111960609,97214.99,0.12697,False,12343.387280300001
trade,ETHUSDT,143951662,3510.09,1.682308,True,5905.05248772
trade,ETHUSDT,143951150,3503.19,0.476971,False,1670.92003749
trade,ETHUSDT,143951315,3512.93,1.212286,False,4258.67585798
trade,ETHUSDT,143951813,3508.25,0.815233,False,2860.04117225
trade,ETHUSDT,143951323,3506.76,1.607615,True,5637.5199774
trade,ETHUSDT,143950127,3501.83,0.07635,False,267.3647205
trade,ETHUSDT,143950986,3498.75,0.226432,False,792.22896
trade,BTCUSDT,111960980,97086.92,0.948092,False,92047.33215664
trade,BTCUSDT,111961583,96921.07,1.89696,True,183855.39294720002
trade,ETHUSDT,143951190,3506.43,1.504158,False,5274.22473594
trade,BTCUSDT,111960680,96910.21,0.082641,False,8008.756664610001
trade,ETHUSDT,143950102,3488.55,0.217988,False,760.4620374
trade,BTCUSDT,111960262,97051.82,1.850099,False,179555.47513018
trade,ETHUSDT,143950906,3489.62,0.342928,True,1196.68840736
trade,BTCUSDT,111960638,97198.77,0.86945,True,84509.4705765
trade,BTCUSDT,111960830,96763.7,0.03751,True,3629.6063870000003
trade,BTCUSDT,111960928,97002.76,0.305951,False,29678.091424759994
trade,BTCUSDT,111961204,97258.25,1.132659,False,110160.43218675001
trade,ETHUSDT,143951696,3509.57,0.961078,False,3372.97051646
trade,BTCUSDT,111960636,97223.55,1.62171,False,157668.4032705
trade,ETHUSDT,143951780,3487.0,0.777576,False,2711.407512
trade,ETHUSDT,143951487,3489.02,0.169833,False,592.55073366
trade,BTCUSDT,111960218,97167.95,1.983831,False,192764.79141645
trade,BTCUSDT,111961392,96875.28,1.368627,True,132586.12384056
trade,ETHUSDT,143950107,3502.83,0.816483,True,2860.0011468899997
trade,BTCUSDT,111961397,96660.3,1.808093,False,174770.8118079
trade,ETHUSDT,143951330,3508.71,0.783951,True,2750.65671321
trade,BTCUSDT,111960341,96720.64,0.310097,True,29992.780302080002
trade,ETHUSDT,143950943,3499.81,0.235972,True,825.8571653199999
trade,BTCUSDT,111961124,97246.27,0.04553,True,4427.622673100001
trade,ETHUSDT,143951495,3483.19,1.173522,True,4087.6000951799997
trade,BTCUSDT,111961306,97428.95,0.438452,True,42717.9179854
trade,ETHUSDT,143951224,3491.82,1.177387,False,4111.22347434
trade,BTCUSDT,111961107,97014.06,1.923789,True,186634.58147334
trade,ETHUSDT,143950317,3485.62,0.763449,False,2661.0931033800002
trade,ETHUSDT,143951921,3500.21,1.332378,False,4663.60279938
trade,ETHUSDT,143951583,3486.49,0.433167,True,1510.23241383
trade,BTCUSDT,111960629,97232.44,1.727578,True,167976.62423032
trade,BTCUSDT,111960063,96547.64,1.48284,True,143164.7024976
trade,BTCUSDT,111960426,97319.06,0.505279,True,49173.27731774
trade,ETHUSDT,143950369,3494.48,1.616732,False,5649.63763936
trade,BTCUSDT,111961736,97090.36,0.374288,True,36339.756663680004
trade,ETHUSDT,143951886,3510.13,0.156335,False,548.75617355
trade,ETHUSDT,143951102,3488.11,1.673188,False,5836.26379468
trade,BTCUSDT,111962037,96773.4,1.99779,True,193332.93078599998
trade,ETHUSDT,143951712,3513.54,0.203151,True,713.77916454
trade,BTCUSDT,111960812,97040.16,0.378216,False,36702.14115456
trade,BTCUSDT,111960536,96730.34,1.69159,True,163628.07584059998
trade,ETHUSDT,143951918,3502.74,1.984762,True,6952.105247879999
trade,ETHUSDT,143950434,3485.79,0.065911,True,229.75190468999998
trade,BTCUSDT,111960837,96750.66,1.292913,False,125090.18607258
trade,BTCUSDT,111962035,97174.54,1.97814,True,192224.8445556
trade,BTCUSDT,111960206,96920.44,1.379204,True,133673.05852976002
trade,BTCUSDT,111960423,97441.09,0.164348,False,16014.248259319998
trade,ETHUSDT,143951951,3502.2,1.366078,True,4784.278371599999
trade,ETHUSDT,143950437,3505.34,1.502978,False,5268.44890252
trade,ETHUSDT,143951900,3490.84,1.618467,True,5649.80934228
trade,BTCUSDT,111960935,97479.37,0.26675,False,26002.621947499996
trade,BTCUSDT,111960863,96523.81,0.620867,False,59928.44834326999
trade,ETHUSDT,143951065,3484.43,1.821255,False,6346.03555965
trade,BTCUSDT,111961130,96947.9,0.240466,False,23312.6737214
trade,ETHUSDT,143950886,3500.46,0.665506,False,2329.57713276
trade,ETHUSDT,143950843,3495.52,0.30036,True,1049.9143872
trade,ETHUSDT,143950326,3497.7,1.890675,False,6613.0139475
trade,ETHUSDT,143950939,3497.86,0.141873,True,496.25189178
trade,BTCUSDT,111961090,97340.36,0.226697,False,22066.76759092
trade,BTCUSDT,111960281,96573.73,0.087371,True,8437.74336383
trade,ETHUSDT,143950560,3505.71,0.481379,False,1687.57517409
trade,BTCUSDT,111961625,97281.62,0.034153,True,3322.45916786
trade,ETHUSDT,143950783,3513.75,1.249892,True,4391.808015
trade,BTCUSDT,111961920,96692.5,0.037193,True,3596.2841525
trade,BTCUSDT,111960414,96833.7,1.541474,True,149266.6308738
trade,ETHUSDT,143951227,3498.24,1.268076,False,4436.03418624
trade,BTCUSDT,111960672,96616.98,0.66284,True,64041.5990232
trade,ETHUSDT,143951191,3505.46,1.856337,False,6507.31510002
trade,ETHUSDT,143951422,3486.78,0.463442,True,1615.9202967600002
trade,BTCUSDT,111961750,96910.62,1.229705,True,119171.4739671
trade,ETHUSDT,143950828,3514.35,1.502674,False,5280.9223719
trade,BTCUSDT,111961383,96897.97,0.200665,True,19444.031150050003
trade,BTCUSDT,111961556,96682.17,1.013549,False,97992.11672133
trade,ETHUSDT,143951720,3485.45,1.730129,False,6030.2781230499995
trade,BTCUSDT,111961118,97410.34,1.240552,False,120842.59210768
trade,ETHUSDT,143951678,3491.73,0.53669,True,1873.9765737
trade,BTCUSDT,111961614,97347.8,1.492301,True,145272.21928780002
trade,ETHUSDT,143951197,3507.24,1.398209,False,4903.85453316
trade,BTCUSDT,111960359,97157.92,0.560304,True,54437.97120768
trade,BTCUSDT,111961202,97068.75,1.796001,True,174335.57206874999
trade,BTCUSDT,111961504,96788.52,1.169099,False,113155.36194348002
trade,ETHUSDT,143951542,3492.63,0.760164,True,2654.97159132
trade,ETHUSDT,143950977,3494.45,0.582988,False,2037.2224165999996
trade,BTCUSDT,111960116,96816.95,0.333423,True,32280.99791985
trade,BTCUSDT,111961573,97356.41,0.245636,False,23914.23912676
trade,ETHUSDT,143950203,3505.69,1.20532,True,4225.4782708
trade,BTCUSDT,111960955,97132.0,1.247278,False,121150.60669600002
trade,BTCUSDT,111960388,96546.58,0.936412,False,90407.37607096
trade,BTCUSDT,111961649,97322.56,1.321399,False,128601.93346144
trade,BTCUSDT,111961225,96961.23,1.014256,False,98343.50929488
trade,ETHUSDT,143951016,3509.4,1.294576,False,4543.1850144
trade,ETHUSDT,143951892,3507.3,0.383701,False,1345.7545173
trade,ETHUSDT,143950692,3490.44,1.063294,False,3711.36390936
trade,ETHUSDT,143951726,3497.13,0.524779,False,1835.22038427
trade,ETHUSDT,143951586,3507.97,0.52133,True,1828.8100000999998
trade,ETHUSDT,143950184,3502.56,1.508122,True,5282.287792319999
trade,BTCUSDT,111961235,96846.38,0.73873,True,71543.32629740001
trade,ETHUSDT,143951745,3496.88,0.695641,True,2432.57310008
trade,ETHUSDT,143951610,3514.72,1.477106,True,5191.61400032
trade,ETHUSDT,143950353,3495.16,0.46025,True,1608.6473899999999
trade,ETHUSDT,143950545,3483.28,0.804099,True,2800.9019647200003
trade,ETHUSDT,143951482,3504.22,1.643209,True,5758.16584198
trade,ETHUSDT,143950605,3501.36,1.373784,False,4810.11234624
trade,ETHUSDT,143950218,3487.44,1.207875,False,4212.39159
trade,BTCUSDT,111961028,97345.77,0.305243,False,29714.11487211
trade,BTCUSDT,111960236,97331.74,1.462218,False,142320.22219932
trade,BTCUSDT,111961696,96979.12,0.745195,False,72268.35532840001
trade,BTCUSDT,111960687,97277.19,0.378756,True,36844.31937564
trade,ETHUSDT,143950399,3483.64,1.287138,False,4483.92542232
trade,BTCUSDT,111961316,96602.06,1.662852,False,160634.92867512
trade,BTCUSDT,111962040,96542.36,0.992986,True,95865.21188696001
trade,ETHUSDT,143950420,3502.72,1.026567,False,3595.7767622399997
trade,ETHUSDT,143951865,3513.6,1.634185,False,5741.872416
trade,ETHUSDT,143950529,3497.21,1.593139,False,5571.54164219
trade,BTCUSDT,111960845,96864.72,0.754666,True,73100.51078351999
trade,ETHUSDT,143950250,3485.93,0.266463,True,928.87136559
trade,BTCUSDT,111961531,97147.49,0.453772,True,44082.81083228
trade,BTCUSDT,111961417,96544.89,0.982804,False,94884.70407156
trade,BTCUSDT,111961927,97457.12,0.573565,True,55897.9930328
trade,ETHUSDT,143950882,3494.72,0.865841,False,3025.87185952
trade,BTCUSDT,111960686,96947.74,1.342478,False,130150.20809972001
trade,BTCUSDT,111960118,97444.22,0.383477,True,37367.61715294
trade,ETHUSDT,143951002,3503.7,0.572659,True,2006.4253383
trade,BTCUSDT,111960653,97356.7,1.849261,True,180037.9483987
trade,ETHUSDT,143950144,3498.9,1.80223,True,6305.822547
trade,ETHUSDT,143951357,3507.03,0.069253,True,242.87234859
trade,BTCUSDT,111960525,96863.54,1.263471,True,122384.27374733999
trade,BTCUSDT,111961976,96631.75,0.26242,True,25358.103834999998
trade,ETHUSDT,143951638,3491.83,1.485994,False,5188.83842902
trade,ETHUSDT,143952012,3494.97,1.555835,True,5437.59664995
trade,ETHUSDT,143951450,3499.84,0.76677,False,2683.5723168
trade,ETHUSDT,143951664,3510.51,0.923388,False,3241.56280788
trade,ETHUSDT,143951916,3503.32,1.584881,True,5552.34530492
trade,ETHUSDT,143951071,3514.06,0.255658,False,898.39755148
trade,ETHUSDT,143950167,3502.5,0.78239,False,2740.320975
trade,BTCUSDT,111960494,96923.7,0.698525,False,67703.62754249999
trade,BTCUSDT,111960504,96774.05,0.831413,True,80459.20323265
trade,ETHUSDT,143951042,3494.07,1.425196,True,4979.73458772
trade,BTCUSDT,111960911,96748.14,1.028891,True,99543.29051274
trade,BTCUSDT,111961653,96747.52,1.579944,True,152855.66373888002
trade,ETHUSDT,143950806,3490.76,0.251973,True,879.57726948
trade,BTCUSDT,111961599,97286.85,0.351874,False,34232.71305690001
trade,ETHUSDT,143950338,3500.64,1.965987,True,6882.21273168
trade,BTCUSDT,111961459,97337.42,0.666775,True,64902.1582205
trade,BTCUSDT,111961495,96726.47,0.981334,False,94920.97371098
trade,ETHUSDT,143951798,3492.93,0.903834,True,3157.02889362
trade,ETHUSDT,143951601,3514.05,0.740526,True,2602.2453903
trade,BTCUSDT,111961720,96711.46,0.93691,True,90609.93398860001
trade,BTCUSDT,111961241,97424.32,0.715648,True,69721.51975936
trade,ETHUSDT,143951170,3507.38,0.813048,True,2851.6682942400003
trade,BTCUSDT,111961725,97165.08,1.303235,False,126628.9330338
trade,BTCUSDT,111960523,96779.84,1.791846,False,173414.56918464
trade,BTCUSDT,111961133,97042.63,1.881013,True,182538.44858419002
trade,ETHUSDT,143950884,3508.7,1.486753,False,5216.5702511
trade,BTCUSDT,111961892,96671.3,1.308558,True,126500.00298540002
trade,ETHUSDT,143951023,3510.15,0.685444,False,2406.0112566000003
trade,ETHUSDT,143951668,3514.84,1.568605,True,5513.395598200001
trade,BTCUSDT,111960508,97188.46,1.615927,True,157049.45660242
trade,ETHUSDT,143950455,3497.88,0.945963,False,3308.86505844
trade,ETHUSDT,143951446,3494.43,1.581177,True,5525.31234411
trade,ETHUSDT,143950212,3515.42,0.161575,True,568.0039865
trade,ETHUSDT,143950553,3504.01,1.137698,False,3986.5051689800007
trade,ETHUSDT,143951183,3507.01,1.059506,False,3715.6981370600006
trade,ETHUSDT,143950130,3494.44,1.189184,False,4155.532136960001
trade,BTCUSDT,111961201,97363.57,0.362721,False,35315.81147397
trade,BTCUSDT,111961633,97326.89,0.24167,True,23520.9895063
trade,ETHUSDT,143951846,3485.68,1.474769,False,5140.57280792
trade,ETHUSDT,143951126,3487.6,0.352452,False,1229.2115952
trade,BTCUSDT,111961853,97079.77,0.775554,False,75290.60394258
trade,BTCUSDT,111961159,96884.0,0.554634,False,53735.160456
trade,ETHUSDT,143950375,3494.76,1.060896,True,3707.5769049600003
trade,ETHUSDT,143950192,3494.67,0.70306,False,2456.9626902
trade,BTCUSDT,111960632,96968.16,1.561583,False,151423.83019728
trade,BTCUSDT,111960736,97117.23,1.606805,False,156048.45075015
trade,ETHUSDT,143951850,3502.72,0.34709,True,1215.7590848
trade,ETHUSDT,143951697,3495.65,0.737705,False,2578.75848325
trade,BTCUSDT,111960445,97318.24,0.417524,True,40632.70083776
trade,ETHUSDT,143950887,3500.5,0.882418,True,3088.9042090000003
trade,ETHUSDT,143950518,3494.45,0.901212,True,3149.2402733999998
trade,ETHUSDT,143952020,3493.63,1.438942,True,5027.13093946
trade,BTCUSDT,111961635,97361.78,1.631003,False,158797.35526533998
trade,BTCUSDT,111960834,97098.44,0.830041,False,80595.68623604001
trade,BTCUSDT,111960498,97179.17,1.019936,False,99116.53393312
trade,ETHUSDT,143951444,3510.96,1.203885,True,4226.792079600001
trade,ETHUSDT,143951358,3489.83,1.410339,True,4921.84335237
trade,BTCUSDT,111961546,96664.87,1.780976,True,172157.81351311997
trade,ETHUSDT,143950863,3504.67,1.452971,False,5092.18387457
trade,ETHUSDT,143951731,3485.37,1.441749,True,5025.02871213
trade,ETHUSDT,143951063,3503.54,1.340785,False,4697.4938789
trade,ETHUSDT,143951155,3487.19,0.998676,True,3482.57296044
trade,ETHUSDT,143950037,3504.47,0.158951,True,557.03901097
trade,BTCUSDT,111961540,96529.43,1.589171,True,153401.77080252997
trade,BTCUSDT,111960829,96973.39,1.105651,False,107218.72562689
trade,BTCUSDT,111960147,97480.32,1.738337,False,169453.64702784002
trade,BTCUSDT,111960290,96676.88,1.175076,False,113602.68144288001
trade,ETHUSDT,143951984,3487.23,0.099601,True,347.33159523
trade,BTCUSDT,111960449,96870.0,1.046822,True,101405.64713999999
trade,BTCUSDT,111962052,97118.29,0.737278,True,71603.17861461999
trade,ETHUSDT,143951194,3501.05,1.076427,True,3768.62474835
trade,BTCUSDT,111962042,97188.37,0.696126,False,67655.35125461999
trade,ETHUSDT,143951107,3509.68,0.269134,True,944.57421712
trade,ETHUSDT,143950894,3508.01,0.924424,False,3242.8886362400003
trade,ETHUSDT,143951201,3513.65,1.982902,True,6967.2236123
trade,ETHUSDT,143952024,3491.72,0.591964,True,2066.97253808
trade,ETHUSDT,143951205,3504.08,0.79069,False,2770.6410152
trade,BTCUSDT,111960560,96780.94,1.330172,True,128735.29652168
trade,BTCUSDT,111961570,97296.26,0.600886,True,58463.96048636
trade,ETHUSDT,143950074,3489.3,0.333919,True,1165.1435667
trade,BTCUSDT,111961551,96777.78,1.424662,False,137875.62561036
trade,BTCUSDT,111961644,97422.25,1.942248,True,189218.17021799998
trade,ETHUSDT,143950473,3495.76,1.110628,False,3882.48893728
trade,ETHUSDT,143951269,3495.32,0.477423,True,1668.74616036
trade,ETHUSDT,143950486,3483.19,1.873365,True,6525.28623435
trade,BTCUSDT,111961657,97007.74,1.786612,False,173315.19237688
trade,BTCUSDT,111960166,97319.39,1.952467,False,190012.89743513
trade,ETHUSDT,143951348,3502.66,0.233141,True,816.6136550599999
trade,ETHUSDT,143950512,3511.56,0.197719,False,694.30213164
trade,ETHUSDT,143950205,3512.69,0.475201,True,1669.23380069
trade,BTCUSDT,111960139,97352.45,1.009781,True,98304.65431345
trade,BTCUSDT,111960488,96929.96,1.635609,True,158539.51494564002
trade,BTCUSDT,111960144,97280.66,1.03344,False,100533.7252704
trade,ETHUSDT,143950259,3514.99,1.465247,True,5150.32855253
trade,ETHUSDT,143950617,3494.21,0.561019,False,1960.3181999900003
trade,BTCUSDT,111961016,96708.44,0.518068,False,50101.54809392
trade,ETHUSDT,143950688,3489.74,1.841946,False,6427.91263404
trade,ETHUSDT,143951633,3491.78,1.061024,True,3704.86238272
trade,ETHUSDT,143950228,3502.89,0.332362,False,1164.2275261799998
trade,BTCUSDT,111961067,97051.94,1.871669,False,181649.10748786002
trade,BTCUSDT,111960062,96965.6,0.408848,True,39644.1916288
trade,BTCUSDT,111960600,97342.0,0.825235,True,80330.02537
trade,BTCUSDT,111961917,97349.73,0.485188,True,47232.92079924
trade,ETHUSDT,143950614,3508.22,1.689386,False,5926.73775292
trade,ETHUSDT,143951905,3496.02,0.656375,True,2294.7001275000002
trade,BTCUSDT,111961483,97151.73,0.521761,True,50689.98379653
trade,ETHUSDT,143951806,3493.9,0.249483,True,871.6686537
trade,ETHUSDT,143950187,3489.37,1.153355,True,4024.4823363499995
trade,ETHUSDT,143950949,3490.55,1.426467,False,4979.15438685
trade,ETHUSDT,143951895,3502.77,1.839612,True,6443.73772524
trade,BTCUSDT,111960809,96930.49,1.993452,False,193226.27915148
trade,BTCUSDT,111961140,96794.75,0.095429,True,9237.02619775
trade,ETHUSDT,143950176,3498.66,1.366658,True,4781.47167828
trade,ETHUSDT,143951994,3487.01,0.024993,True,87.15084093000002
trade,BTCUSDT,111960902,97231.43,1.833779,False,178300.95447397
trade,ETHUSDT,143951938,3513.23,0.589156,True,2069.84053388
trade,ETHUSDT,143951919,3500.07,0.06173,True,216.0593211
trade,ETHUSDT,143950182,3489.78,0.194072,True,677.26858416
trade,ETHUSDT,143950431,3513.15,0.91799,False,3225.0365685
trade,BTCUSDT,111961801,97201.79,0.694174,False,67474.95537145999
trade,ETHUSDT,143951541,3509.51,1.789791,True,6281.28941241
trade,BTCUSDT,111960352,96573.16,1.941347,True,187482.01444652
trade,BTCUSDT,111961320,97429.73,0.468109,False,45607.73348057
trade,ETHUSDT,143950994,3513.82,1.53305,True,5386.861751
trade,ETHUSDT,143951285,3486.5,0.323767,False,1128.8136455000001
trade,ETHUSDT,143950066,3501.99,1.433454,True,5019.94157346
trade,BTCUSDT,111961113,97127.66,0.532294,True,51700.47065204001
trade,ETHUSDT,143951012,3507.73,0.885344,True,3105.54770912
trade,ETHUSDT,143950342,3510.31,1.834638,True,6440.14811778
trade,BTCUSDT,111960189,96985.49,0.675145,False,65479.268646050004
trade,BTCUSDT,111961637,97319.81,0.080826,True,7865.970963059999
trade,ETHUSDT,143951095,3489.92,1.778362,True,6206.34111104
trade,BTCUSDT,111960698,96628.86,0.901592,True,87119.80714512
trade,BTCUSDT,111961988,97440.02,0.618656,True,60281.85301312
trade,BTCUSDT,111961242,96900.51,0.230304,True,22316.57505504
trade,ETHUSDT,143950061,3497.08,0.642944,True,2248.42660352
trade,ETHUSDT,143950953,3496.48,0.455792,False,1593.6676121599999
trade,ETHUSDT,143950173,3493.51,0.611078,True,2134.80710378
trade,BTCUSDT,111961559,97372.87,0.984378,True,95851.71102486
trade,BTCUSDT,111961641,97176.45,1.46446,True,142311.02396700002
trade,ETHUSDT,143950549,3498.11,1.052367,True,3681.2955263700005
trade,BTCUSDT,111960843,96666.32,1.904275,False,184079.256518
trade,ETHUSDT,143951734,3503.15,0.06376,False,223.360844
trade,ETHUSDT,143951942,3493.69,0.5941,True,2075.601229
trade,ETHUSDT,143951118,3501.02,0.526916,False,1844.7434543200002
trade,ETHUSDT,143950715,3501.11,0.283608,True,992.9428048800002
trade,BTCUSDT,111961160,96785.89,0.82769,True,80108.7132941
trade,BTCUSDT,111960537,96582.24,1.677982,False,162063.26023968
trade,BTCUSDT,111961748,97097.07,0.283122,True,27490.31665254
trade,BTCUSDT,111960584,97439.23,0.941005,False,91690.80262614999
trade,BTCUSDT,111961880,97344.7,0.562779,True,54783.552921300005
trade,ETHUSDT,143950895,3502.28,0.39226,False,1373.8043528
trade,BTCUSDT,111960605,97342.64,1.483993,False,144455.79636151998
trade,BTCUSDT,111960689,97448.98,1.912511,True,186372.24618878
trade,BTCUSDT,111960473,96790.36,1.589095,False,153809.0771242
trade,ETHUSDT,143951076,3513.91,1.208766,False,4247.49493506
trade,BTCUSDT,111960708,96972.58,0.810743,True,78619.84042694
trade,BTCUSDT,111961609,96949.56,0.550483,False,53369.084637479995
trade,ETHUSDT,143951936,3503.74,1.086266,True,3805.9936348399997
trade,BTCUSDT,111961056,97148.71,0.668993,True,64991.80694903
trade,BTCUSDT,111961298,97196.56,1.615147,False,156986.73229432
trade,BTCUSDT,111961346,97441.52,1.476096,True,143833.03790592
trade,BTCUSDT,111961808,96805.72,1.31846,True,127634.4695912
trade,ETHUSDT,143951566,3517.1,1.550361,True,5452.774673100001
trade,BTCUSDT,111961887,96677.04,0.723345,True,69930.8534988
trade,ETHUSDT,143951875,3508.91,1.68454,False,5910.899251399999
trade,ETHUSDT,143950509,3484.99,1.12094,True,3906.4646906
trade,ETHUSDT,143951954,3494.09,0.050977,True,178.11822593000002
trade,ETHUSDT,143951439,3513.91,0.669445,True,2352.36947995
trade,ETHUSDT,143951839,3505.7,0.455328,False,1596.2433696
trade,BTCUSDT,111961092,97271.54,1.790461,True,174160.89877994
trade,ETHUSDT,143951584,3496.43,1.394346,True,4875.23318478
trade,ETHUSDT,143951985,3491.24,1.456609,False,5085.3716051599995
trade,BTCUSDT,111961142,97181.4,1.196282,False,116256.3595548
trade,BTCUSDT,111961946,96814.83,0.094645,False,9163.039585350001
trade,ETHUSDT,143951383,3509.48,0.261613,False,918.12559124
trade,ETHUSDT,143950615,3482.58,0.955643,False,3328.10319894
trade,ETHUSDT,143951193,3515.08,0.302506,True,1063.3327904799999
trade,BTCUSDT,111961960,96568.62,0.114864,False,11092.25796768
trade,BTCUSDT,111961787,97313.29,1.578493,False,153608.34707196997
trade,BTCUSDT,111961449,96776.8,1.846806,False,178727.9749008
trade,ETHUSDT,143950565,3492.08,1.929058,True,6736.42486064
trade,BTCUSDT,111960083,97400.53,1.967493,False,191634.86097128998
trade,ETHUSDT,143950220,3496.27,1.168531,False,4085.49987937
trade,BTCUSDT,111960974,96845.36,0.787811,False,76295.83990696
trade,ETHUSDT,143951902,3496.2,0.087839,True,307.1027118
trade,ETHUSDT,143950661,3502.12,1.84475,True,6460.53587
trade,ETHUSDT,143951538,3511.75,0.755652,False,2653.660911
trade,ETHUSDT,143951999,3511.48,1.653164,True,5805.05232272
trade,ETHUSDT,143951195,3498.39,0.276151,True,966.0838968899999
trade,BTCUSDT,111961089,96811.91,0.16233,True,15715.477350300001
trade,BTCUSDT,111961148,96650.32,0.468385,True,45269.5601332
trade,ETHUSDT,143951210,3509.35,1.105613,True,3879.9829815499997
trade,ETHUSDT,143950770,3501.04,1.887975,True,6609.875994
trade,BTCUSDT,111960832,96881.72,0.727466,True,70478.15732151999
trade,ETHUSDT,143951808,3499.6,0.911766,False,3190.8162936
trade,ETHUSDT,143950194,3489.01,1.173411,False,4094.04271311
trade,ETHUSDT,143951200,3489.14,1.221497,False,4261.97404258
trade,BTCUSDT,111961155,97378.56,0.243253,False,23687.62685568
trade,ETHUSDT,143951775,3484.37,1.436753,False,5006.17905061
trade,BTCUSDT,111961953,97388.89,1.017737,False,99116.27674192999
trade,ETHUSDT,143951332,3493.74,1.148084,True,4011.1069941600003
trade,ETHUSDT,143951236,3494.55,0.117738,True,411.44132790000003
trade,BTCUSDT,111960656,97405.32,0.748882,False,72945.09085224001
trade,BTCUSDT,111960649,96666.31,1.679378,True,162339.27435518
trade,BTCUSDT,111961282,96979.8,1.23966,True,120221.978868
trade,ETHUSDT,143950382,3503.5,0.372002,True,1303.309007
trade,ETHUSDT,143951699,3485.85,1.851803,False,6455.10748755
trade,ETHUSDT,143951544,3515.09,1.68445,False,5920.9933505
trade,BTCUSDT,111960684,96688.09,1.323719,True,127987.86180671
trade,BTCUSDT,111960806,96813.99,0.148868,False,14412.50506332
trade,BTCUSDT,111960146,97286.83,0.220322,False,21434.42895926
trade,ETHUSDT,143951615,3489.96,1.042008,False,3636.5662396800003
trade,BTCUSDT,111961567,96570.82,1.005455,False,97097.61382310001
trade,BTCUSDT,111961882,96772.48,0.767577,True,74280.32988096
trade,ETHUSDT,143950170,3496.83,1.128421,True,3945.8964054299995
trade,ETHUSDT,143951872,3507.64,1.220161,True,4279.88553004
trade,BTCUSDT,111960305,97324.61,0.985383,True,95902.01617563001
trade,ETHUSDT,143950345,3485.24,1.385881,True,4830.12789644
trade,BTCUSDT,111961219,96601.55,1.478493,True,142824.71546415
trade,ETHUSDT,143950903,3516.85,1.424135,False,5008.469174749999
trade,ETHUSDT,143951937,3516.35,1.79864,False,6324.647764
trade,BTCUSDT,111961834,97064.07,1.89575,False,184009.21070250002
trade,BTCUSDT,111960301,97250.15,1.694913,False,164830.54348695
trade,BTCUSDT,111961098,96686.2,1.735319,True,167781.3998978
trade,BTCUSDT,111960415,96731.21,1.983032,False,191821.08482872
trade,BTCUSDT,111961033,96748.19,1.417174,True,137109.01941506
trade,BTCUSDT,111961547,96770.5,0.304763,True,29492.0678915
trade,ETHUSDT,143950333,3489.83,0.294598,False,1028.0969383400002
trade,ETHUSDT,143951588,3513.09,0.719037,False,2526.04169433
trade,ETHUSDT,143951084,3506.47,0.063162,True,221.47565813999998
trade,ETHUSDT,143951488,3504.8,0.950946,True,3332.8755408
trade,ETHUSDT,143950467,3483.72,1.892925,True,6594.420681
trade,BTCUSDT,111961852,97371.4,0.488573,True,47573.037012199995
trade,BTCUSDT,111961794,97383.54,0.057595,True,5608.8049863
trade,ETHUSDT,143951533,3505.4,0.85629,True,3001.638966
trade,BTCUSDT,111961939,96737.77,0.862888,True,83473.86087976
trade,BTCUSDT,111960287,97260.4,1.911798,False,185942.2381992
trade,BTCUSDT,111961492,97156.4,0.030741,False,2986.6848924
trade,ETHUSDT,143951992,3515.45,0.484816,True,1704.3464072
trade,ETHUSDT,143952027,3495.26,1.556154,True,5439.162830040001
trade,BTCUSDT,111961454,96975.27,0.878657,False,85207.99981239
trade,BTCUSDT,111961997,97049.81,1.015296,True,98534.28389375999
trade,ETHUSDT,143950687,3509.28,0.524814,False,1841.7192739200002
trade,ETHUSDT,143951845,3494.58,1.51652,True,5299.6004616
trade,ETHUSDT,143951573,3496.5,1.743636,True,6096.623274
trade,ETHUSDT,143951148,3490.16,0.104779,False,365.69547464
trade,ETHUSDT,143950451,3512.3,1.344324,True,4721.6691852
trade,ETHUSDT,143950147,3510.2,0.125899,True,441.93066980000003
trade,BTCUSDT,111960796,97346.58,1.627789,True,158459.69211162
trade,BTCUSDT,111961068,96559.44,0.760883,True,73470.43638552
trade,ETHUSDT,143950408,3491.45,0.076213,True,266.09387885
trade,BTCUSDT,111961223,96679.99,1.964425,True,189920.58935575
trade,ETHUSDT,143950298,3494.43,1.061587,True,3709.64146041
trade,ETHUSDT,143951376,3507.48,1.081831,False,3794.5005958799998
trade,ETHUSDT,143951459,3487.78,1.276792,True,4453.16960176
trade,BTCUSDT,111961905,97419.26,1.051612,False,102447.26284712
trade,BTCUSDT,111960851,96739.17,1.155345,True,111767.11636365
trade,BTCUSDT,111961684,97021.35,0.060164,False,5837.192501400001
trade,ETHUSDT,143950245,3498.02,0.261665,True,915.3094033
trade,BTCUSDT,111961466,97305.35,0.446666,True,43462.99146310001
trade,BTCUSDT,111960221,97444.28,1.107056,False,107876.27483968
trade,ETHUSDT,143951051,3513.17,1.481029,False,5203.10665193
trade,BTCUSDT,111960452,97100.86,0.122245,True,11870.094630700001
trade,BTCUSDT,111960269,97126.91,0.939661,False,91266.36937751
trade,ETHUSDT,143950346,3504.45,0.005901,False,20.67975945
trade,BTCUSDT,111960528,96996.89,1.641923,False,159261.42461947
trade,BTCUSDT,111961209,97145.63,1.065936,True,103551.02425968001
trade,BTCUSDT,111960503,96778.05,1.158653,True,112132.17796665
trade,BTCUSDT,111961354,96569.14,1.32541,True,127993.7038474
trade,BTCUSDT,111960659,97386.23,0.724532,True,70559.43999435999
trade,ETHUSDT,143950329,3502.05,1.573102,False,5509.081859100001
trade,BTCUSDT,111961423,97432.39,0.736125,True,71722.41808875
trade,ETHUSDT,143951397,3486.26,0.530443,False,1849.2622131800001
trade,BTCUSDT,111961239,97418.1,0.717087,False,69857.25307470001
trade,BTCUSDT,111961126,97138.54,0.051354,True,4988.452583159999
trade,BTCUSDT,111961919,97244.46,1.829692,True,177927.41050632
trade,BTCUSDT,111960517,96913.41,0.135048,True,13087.962193680001
trade,BTCUSDT,111961117,96997.75,1.507176,True,146192.680854
trade,ETHUSDT,143950062,3500.38,1.671577,False,5851.154699260001
trade,BTCUSDT,111962024,96640.05,0.124153,True,11998.15212765
trade,ETHUSDT,143951562,3515.57,1.894873,False,6661.55867261
trade,BTCUSDT,111961245,97407.18,1.459742,True,142189.35174756
trade,BTCUSDT,111960798,96789.78,0.271998,False,26326.626580440003
trade,BTCUSDT,111961855,97428.56,1.253276,False,122104.87596256
trade,ETHUSDT,143950185,3497.92,0.629608,False,2202.31841536
trade,BTCUSDT,111960997,97325.63,0.343578,True,33438.94530414
trade,ETHUSDT,143950525,3497.94,1.509871,False,5281.43816574
trade,ETHUSDT,143950694,3507.88,0.932988,False,3272.8099454400003
trade,ETHUSDT,143950574,3503.75,0.098357,False,344.61833875
trade,ETHUSDT,143950710,3511.29,0.601766,False,2112.97493814
trade,ETHUSDT,143951225,3482.69,1.666594,False,5804.23025786
trade,ETHUSDT,143950833,3517.01,0.957834,False,3368.71175634
trade,BTCUSDT,111961886,96634.63,0.871048,True,84173.40119224001
trade,ETHUSDT,143950627,3487.98,0.869109,False,3031.4348098200003
trade,ETHUSDT,143952021,3513.51,1.891408,False,6645.480922080001
trade,ETHUSDT,143951316,3483.26,0.478505,True,1666.7573263000002
trade,ETHUSDT,143950558,3509.98,1.747199,False,6132.63354602
trade,ETHUSDT,143950304,3483.65,0.535196,True,1864.4355454000001
trade,BTCUSDT,111961442,97370.9,0.943191,False,91839.3565419
trade,BTCUSDT,111960497,96732.31,1.952383,True,188858.51759473
trade,ETHUSDT,143951234,3482.51,0.499027,True,1737.8665177700002
trade,BTCUSDT,111961332,96871.67,1.194784,True,115740.72136928
trade,BTCUSDT,111960533,97387.9,1.411103,False,137424.3578537
trade,BTCUSDT,111960284,97061.37,1.37315,True,133279.8202155
trade,ETHUSDT,143950804,3484.79,1.350077,False,4704.73482883
trade,ETHUSDT,143950546,3496.83,0.569801,True,1992.49723083
trade,BTCUSDT,111960908,96995.36,0.140026,False,13581.87227936
trade,ETHUSDT,143950335,3496.0,1.121437,False,3920.543752
trade,ETHUSDT,143950103,3486.82,1.591799,False,5550.31658918
trade,ETHUSDT,143951179,3503.27,0.46344,True,1623.5554488
trade,ETHUSDT,143951361,3490.75,1.531935,False,5347.6021012500005
trade,ETHUSDT,143950053,3505.6,1.81592,True,6365.889152
trade,ETHUSDT,143950744,3501.3,1.164315,True,4076.6161095
trade,BTCUSDT,111962056,97371.51,1.446434,True,140841.46269534
trade,BTCUSDT,111961691,97433.34,1.24148,True,120961.5429432
trade,BTCUSDT,111960865,97128.75,0.967829,False,94004.02098375
trade,ETHUSDT,143951280,3515.72,1.771923,False,6229.58512956
trade,BTCUSDT,111960768,97373.52,0.03853,False,3751.8017256000003
trade,ETHUSDT,143950879,3501.54,1.379358,False,4829.87721132
trade,ETHUSDT,143950364,3516.41,0.059376,True,208.79036015999998
trade,ETHUSDT,143950606,3482.82,0.010552,False,36.75071664000001
trade,BTCUSDT,111961662,97142.24,0.794704,False,77199.32669696001
trade,ETHUSDT,143951346,3513.1,0.876274,False,3078.4381894
trade,BTCUSDT,111960892,97008.21,0.341954,False,33172.34544234
trade,BTCUSDT,111961497,97107.42,0.797738,False,77466.27901596
trade,ETHUSDT,143950897,3504.19,0.299032,False,1047.86494408
trade,BTCUSDT,111960784,97078.93,0.449688,True,43655.22987383999
trade,BTCUSDT,111961448,96789.04,1.566603,True,151630.00043112
trade,BTCUSDT,111961780,96547.66,1.680652,True,162263.01787432
trade,ETHUSDT,143951173,3482.89,0.061252,False,213.33397828
trade,ETHUSDT,143950148,3516.69,1.860443,True,6542.60129367
trade,ETHUSDT,143950402,3512.37,0.614473,False,2158.25653101
trade,ETHUSDT,143951485,3488.08,1.288455,False,4494.2341164
trade,BTCUSDT,111960302,96639.08,0.309517,True,29911.43812436
trade,BTCUSDT,111961651,97141.67,1.213223,False,117854.50830240999
trade,ETHUSDT,143950368,3482.61,1.258664,True,4383.43583304
trade,ETHUSDT,143952011,3493.34,0.332711,False,1162.27264474
trade,BTCUSDT,111960874,96872.68,1.891887,False,183272.16394716
trade,ETHUSDT,143950446,3509.98,0.254777,True,894.2621744599999
trade,ETHUSDT,143951576,3501.39,0.671605,False,2351.55103095
trade,ETHUSDT,143951857,3503.49,1.39248,False,4878.5397551999995
trade,BTCUSDT,111960676,96790.76,0.656023,True,63496.96474748
trade,ETHUSDT,143951385,3499.74,1.690939,True,5917.84685586
trade,ETHUSDT,143950274,3500.27,0.469133,True,1642.0921659100002
trade,BTCUSDT,111960526,97334.44,1.261157,False,122754.01034708001
trade,BTCUSDT,111961739,96640.65,0.841081,False,81282.61454264999
trade,ETHUSDT,143951344,3485.79,1.019351,True,3553.2435222899994
trade,BTCUSDT,111961722,96671.53,0.427398,True,41317.21857894
trade,BTCUSDT,111961991,97412.59,0.416183,False,40541.463943970004
trade,BTCUSDT,111960871,96961.93,1.684437,False,163326.26248340998
trade,ETHUSDT,143951250,3506.63,1.237732,True,4340.268163160001
trade,ETHUSDT,143951017,3489.03,1.423883,True,4967.970503490001
trade,ETHUSDT,143951025,3498.32,1.392423,False,4871.14122936
trade,BTCUSDT,111961591,97410.8,0.7851,True,76477.21908000001
trade,BTCUSDT,111960436,97257.93,0.658078,True,64003.30405854
trade,ETHUSDT,143951941,3484.09,0.086825,True,302.50611425
trade,BTCUSDT,111960564,96704.88,0.138525,True,13396.043502000002
trade,ETHUSDT,143950969,3501.01,1.337915,False,4684.053794150001
trade,BTCUSDT,111961537,97327.9,1.135911,True,110555.83221689999
trade,BTCUSDT,111961086,96676.14,1.997722,False,193132.05175307998
trade,BTCUSDT,111962043,97353.86,1.680934,False,163645.41330523998
trade,ETHUSDT,143951262,3502.01,1.136968,False,3981.6733056800003
trade,BTCUSDT,111960599,96895.3,1.131693,False,109655.73274290001
trade,BTCUSDT,111961266,97129.56,1.706753,True,165776.16791868
trade,BTCUSDT,111961598,96631.8,1.075911,False,103967.2165698
trade,BTCUSDT,111960949,97383.0,0.144035,True,14026.560405
trade,ETHUSDT,143950775,3495.86,1.203866,False,4208.54699476
trade,ETHUSDT,143950155,3503.59,0.930626,False,3260.53194734
trade,BTCUSDT,111960875,96724.9,0.299859,False,29003.831789099997
trade,ETHUSDT,143950701,3513.18,0.906496,True,3184.68361728
trade,BTCUSDT,111960856,96519.39,0.618499,True,59697.14619561
trade,ETHUSDT,143951253,3513.69,1.171136,True,4115.00885184
trade,BTCUSDT,111961596,96905.84,0.940237,True,91114.45628407999
trade,BTCUSDT,111960168,96719.2,1.019934,False,98647.2005328
trade,ETHUSDT,143951991,3514.18,0.344585,True,1210.9337153
trade,BTCUSDT,111960780,96617.77,0.54533,True,52688.5685141
trade,ETHUSDT,143951550,3506.07,1.456318,True,5105.952850260001
trade,ETHUSDT,143951873,3503.06,0.349212,False,1223.3105887200002
trade,ETHUSDT,143951188,3509.01,1.040021,True,3649.4440892100006
trade,BTCUSDT,111960808,96635.89,0.50598,True,48895.8276222
trade,BTCUSDT,111961305,97157.91,0.635826,False,61775.525283660005
trade,ETHUSDT,143951417,3496.51,1.872498,False,6547.20798198
trade,BTCUSDT,111961550,96961.58,1.961943,True,190233.09314994
trade,ETHUSDT,143950876,3493.3,1.643365,False,5740.7669545
trade,ETHUSDT,143950867,3510.76,0.184112,False,646.37304512
trade,ETHUSDT,143951400,3489.27,1.968872,False,6869.9260034399995
trade,ETHUSDT,143951694,3510.94,0.936661,True,3288.56057134
trade,ETHUSDT,143950573,3512.46,1.008044,True,3540.71422824
trade,ETHUSDT,143951090,3507.08,1.27293,True,4464.267344399999
trade,ETHUSDT,143951034,3498.3,0.120069,False,420.0373827
trade,ETHUSDT,143951804,3493.55,0.608439,True,2125.61206845
trade,BTCUSDT,111961094,97268.25,0.148998,False,14492.774713499999
trade,BTCUSDT,111960192,96560.08,0.671828,True,64871.76542624
trade,ETHUSDT,143950067,3501.25,0.893685,True,3129.01460625
trade,ETHUSDT,143951438,3485.13,0.18438,True,642.5882694
trade,ETHUSDT,143950336,3492.28,1.16541,False,4069.9380348000004
trade,BTCUSDT,111960175,97368.36,1.721472,True,167616.90542591998
trade,BTCUSDT,111961527,96811.34,0.0566,False,5479.521844
trade,BTCUSDT,111960692,96803.7,1.514249,True,146584.9059213
trade,BTCUSDT,111960338,96788.41,1.533268,True,148402.57182388002
trade,ETHUSDT,143950972,3511.73,1.693487,False,5947.0691025099995
trade,BTCUSDT,111962019,97357.77,0.047768,True,4650.58595736
trade,ETHUSDT,143950703,3483.75,0.030063,False,104.73197625
trade,ETHUSDT,143951277,3487.91,1.674629,False,5840.95523539
trade,ETHUSDT,143951515,3499.27,0.038892,False,136.09360884
trade,ETHUSDT,143951532,3483.92,1.43273,False,4991.5167016000005
trade,ETHUSDT,143950281,3495.05,1.784596,True,6237.252249800001
trade,BTCUSDT,111960159,97247.34,0.911291,False,88620.62571594
trade,BTCUSDT,111960532,97046.85,0.010824,True,1050.4351044
trade,BTCUSDT,111961433,96951.67,1.987494,False,192690.86241498002
trade,ETHUSDT,143951414,3497.69,0.083929,False,293.55762401000004
trade,BTCUSDT,111960340,96772.0,0.426962,False,41317.966664
trade,BTCUSDT,111961517,97460.2,1.863668,False,181633.4560136
trade,ETHUSDT,143951070,3512.76,0.088823,True,312.01388148
trade,BTCUSDT,111960320,97001.27,0.331195,False,32126.335617650002
trade,BTCUSDT,111960422,97248.66,0.229181,False,22287.54514746
trade,BTCUSDT,111961025,97231.84,0.104587,True,10169.18645008
trade,BTCUSDT,111961523,97269.51,1.670814,True,162519.25908114
trade,BTCUSDT,111961638,96666.24,1.457891,False,140928.84129984002
trade,ETHUSDT,143950453,3504.15,1.951389,False,6837.95976435
trade,ETHUSDT,143950371,3491.27,1.67968,True,5864.216393600001
trade,BTCUSDT,111961250,97097.78,1.474137,True,143135.43011586
trade,BTCUSDT,111961620,97032.59,0.63768,False,61875.7419912
trade,BTCUSDT,111961019,97125.24,1.642889,False,159565.98841836
trade,ETHUSDT,143950213,3487.02,1.464799,False,5107.78340898
trade,BTCUSDT,111960425,97426.37,1.252146,True,121992.03949001999
trade,ETHUSDT,143951028,3505.52,0.436464,False,1530.03328128
trade,BTCUSDT,111960921,97105.23,1.954709,False,189812.46702807
trade,BTCUSDT,111960440,96537.01,0.593115,True,57257.54868614999
trade,BTCUSDT,111961026,97159.62,1.645294,True,159856.13982828
trade,ETHUSDT,143950115,3487.74,1.511167,False,5270.557592579999
trade,ETHUSDT,143951471,3509.52,0.998957,False,3505.85957064
trade,ETHUSDT,143950030,3483.98,0.92481,True,3222.0195438
trade,BTCUSDT,111961594,97423.95,1.119213,False,109038.15135135
trade,BTCUSDT,111961687,96876.79,1.550047,False,150163.57770912998
trade,ETHUSDT,143951087,3513.84,1.157099,False,4065.8607501600004
trade,BTCUSDT,111960156,96861.73,1.514055,False,146653.98661514997
trade,ETHUSDT,143951553,3483.99,1.977542,False,6889.73655258
trade,BTCUSDT,111960471,97201.26,0.081753,False,7946.49460878
trade,BTCUSDT,111960358,97247.55,1.597554,False,155358.2124927
trade,ETHUSDT,143951776,3486.2,0.066716,False,232.5853192
trade,ETHUSDT,143951443,3506.76,0.786239,False,2757.15147564
trade,BTCUSDT,111961872,96618.86,0.568102,True,54889.36760372
trade,ETHUSDT,143950374,3500.17,1.264104,True,4424.5788976799995
trade,ETHUSDT,143951772,3511.88,1.931415,False,6782.897710200001
trade,ETHUSDT,143950898,3495.95,1.452761,False,5078.77981795
trade,BTCUSDT,111961790,96864.37,0.294291,True,28506.31231167
trade,ETHUSDT,143950501,3509.26,0.888619,False,3118.3951119400003
trade,ETHUSDT,143951636,3505.11,0.061899,True,216.96280389
trade,BTCUSDT,111961893,97326.32,1.936956,False,188516.79948192
trade,ETHUSDT,143950444,3501.84,0.69268,False,2425.6545312
trade,ETHUSDT,143950258,3487.47,0.310619,True,1083.27444393
trade,BTCUSDT,111962015,96720.32,0.168093,True,16258.00874976
trade,BTCUSDT,111960592,97164.76,0.10527,True,10228.5342852
trade,BTCUSDT,111961820,97240.31,1.04968,False,102071.20860079999
trade,ETHUSDT,143951378,3485.99,1.99467,True,6953.399673299999
trade,BTCUSDT,111960635,97448.31,0.185636,True,18089.91447516
trade,BTCUSDT,111961757,97213.79,0.729888,False,70955.17875552
trade,BTCUSDT,111960271,97176.88,0.360225,True,35005.541598
trade,BTCUSDT,111960900,96613.12,1.545414,False,149307.26823168
trade,ETHUSDT,143950589,3502.81,1.313747,False,4601.80612907
trade,ETHUSDT,143950751,3517.12,1.11,False,3904.0032
trade,ETHUSDT,143950295,3510.01,1.879245,True,6596.1687424500005
trade,BTCUSDT,111961192,96676.24,1.647321,False,159256.80035304002
trade,BTCUSDT,111960484,97181.99,1.822225,False,177087.45172775
trade,ETHUSDT,143950123,3499.07,0.338163,True,1183.25600841
trade,BTCUSDT,111960232,97073.73,1.185011,True,115033.43786103
trade,ETHUSDT,143951466,3512.94,0.625312,False,2196.68353728
trade,BTCUSDT,111960690,97401.6,0.124722,True,12148.122355200001
trade,BTCUSDT,111961185,96782.37,0.340858,True,32989.045073459994
trade,ETHUSDT,143951896,3514.65,0.349845,True,1229.58272925
trade,BTCUSDT,111960438,97181.27,0.158492,True,15402.45384484
trade,BTCUSDT,111961213,96913.31,0.519493,False,50345.78615183
trade,BTCUSDT,111960727,97143.96,0.447899,False,43510.682540040005
trade,BTCUSDT,111961745,97330.43,0.001154,True,112.31931622
trade,ETHUSDT,143950634,3484.21,1.125018,True,3919.7989657800003
trade,BTCUSDT,111960586,97217.32,1.06628,True,103660.88396959999
trade,BTCUSDT,111961936,96900.59,1.422452,True,137836.43804668
trade,BTCUSDT,111960500,97394.13,0.724531,False,70565.06640303001
trade,BTCUSDT,111960197,96976.67,1.72704,True,167482.5881568
trade,ETHUSDT,143951098,3506.66,0.07108,True,249.2533928
trade,ETHUSDT,143951350,3489.78,1.109921,False,3873.38010738
trade,BTCUSDT,111961907,97077.16,0.119635,False,11613.826036600001
trade,ETHUSDT,143950814,3512.16,0.899712,True,3159.9324979199996
trade,ETHUSDT,143951453,3484.7,1.720349,False,5994.9001603
trade,BTCUSDT,111962045,96619.71,1.227324,True,118583.68895604002
trade,ETHUSDT,143951827,3483.25,0.543816,True,1894.2470819999999
trade,ETHUSDT,143951651,3494.59,0.695013,True,2428.78547967
trade,ETHUSDT,143951579,3502.45,0.481159,False,1685.23533955
trade,ETHUSDT,143950973,3484.54,0.615383,True,2144.32667882
trade,ETHUSDT,143951508,3482.65,1.849004,False,6439.4337806
trade,ETHUSDT,143950296,3505.34,1.017182,True,3565.56875188
trade,ETHUSDT,143950391,3487.87,1.811542,False,6318.42299554
trade,BTCUSDT,111960081,96576.6,0.720923,False,69624.2922018
trade,ETHUSDT,143951793,3506.3,0.600494,True,2105.5121122
trade,BTCUSDT,111961891,97156.76,1.596764,True,155136.41672464
trade,BTCUSDT,111961889,96759.62,0.779641,True,75437.76689642
trade,BTCUSDT,111960623,96818.43,0.738804,True,71529.84335771999
trade,ETHUSDT,143951007,3510.99,0.438187,False,1538.47017513
trade,BTCUSDT,111961699,97459.67,1.730308,False,168635.24667835998
trade,BTCUSDT,111961143,97178.31,0.748576,True,72745.35058656
trade,BTCUSDT,111961612,97425.89,1.306404,False,127277.57239955998
trade,ETHUSDT,143951557,3509.56,0.468729,True,1645.03254924
trade,BTCUSDT,111961680,96685.55,1.459067,True,141070.69538185
trade,ETHUSDT,143950476,3490.85,0.061833,True,215.84972804999998
trade,ETHUSDT,143950039,3506.52,1.954473,True,6853.39866396
trade,ETHUSDT,143951554,3516.41,1.134514,True,3989.41637474
trade,BTCUSDT,111961831,97458.39,0.797222,False,77695.97259258
trade,ETHUSDT,143951022,3488.79,0.214261,True,747.51163419
trade,ETHUSDT,143950842,3501.87,1.501009,False,5256.33838683
trade,BTCUSDT,111960103,96862.6,1.527247,False,147933.1152622
trade,ETHUSDT,143951665,3494.85,1.223115,False,4274.6034577499995
trade,ETHUSDT,143951967,3515.42,1.5996,True,5623.265832
trade,BTCUSDT,111961695,96754.54,1.717013,True,166128.80298901998
trade,BTCUSDT,111961128,96644.23,0.166881,True,16128.08574663
trade,BTCUSDT,111960933,97373.6,1.456131,False,141788.71754160002
trade,ETHUSDT,143951052,3500.11,1.455886,False,5095.76114746
trade,BTCUSDT,111961989,96584.18,0.74501,False,71956.17994179999
trade,BTCUSDT,111960674,97235.17,1.967734,False,191332.95000478
trade,BTCUSDT,111961379,97461.45,1.232705,False,120141.21672224998
trade,ETHUSDT,143951427,3499.9,0.143204,True,501.1996796
trade,BTCUSDT,111960957,97061.09,1.057882,False,102679.18001138
trade,ETHUSDT,143951367,3507.4,0.246464,False,864.4478336
trade,BTCUSDT,111960842,96829.39,1.555751,True,150642.42032189
trade,BTCUSDT,111960965,97474.6,1.772035,False,172728.402811
trade,ETHUSDT,143950929,3508.25,0.102426,False,359.33601450000003
trade,ETHUSDT,143951648,3504.85,0.771523,False,2704.07238655
trade,ETHUSDT,143950146,3487.41,0.53681,True,1872.0765621
trade,BTCUSDT,111960622,97181.42,1.085391,False,105479.83863522
trade,BTCUSDT,111961671,97455.91,1.749963,False,170544.23663133
trade,BTCUSDT,111960412,97429.54,1.575643,True,153514.17269421997
trade,BTCUSDT,111961954,96704.76,0.082542,True,7982.20429992
trade,ETHUSDT,143951198,3489.22,1.176599,True,4105.41276278
trade,ETHUSDT,143951829,3489.28,0.006452,True,22.51283456
trade,ETHUSDT,143951540,3500.58,0.523099,True,1831.14989742
trade,BTCUSDT,111961944,96958.23,1.511393,False,146541.99011439
trade,ETHUSDT,143950411,3491.65,1.735156,False,6058.5574474
trade,BTCUSDT,111960889,96836.34,1.853535,True,179489.54546189998
trade,BTCUSDT,111960720,97439.12,0.619751,False,60387.99205912
trade,BTCUSDT,111960458,97336.31,0.262161,True,25517.784365909996
trade,BTCUSDT,111961744,96663.85,1.093667,True,105718.06283795
trade,BTCUSDT,111960800,97034.41,1.300069,False,126151.42837429
trade,ETHUSDT,143950347,3485.14,1.427628,False,4975.48344792
trade,ETHUSDT,143950111,3506.03,0.386755,False,1355.97463265
trade,ETHUSDT,143951370,3495.81,1.648845,True,5764.04883945
trade,BTCUSDT,111961051,96884.69,0.117665,True,11399.93704885
trade,BTCUSDT,111960740,97160.94,0.459936,True,44687.814099840005
trade,ETHUSDT,143951418,3510.93,1.542772,False,5416.56449796
trade,BTCUSDT,111960086,96766.72,1.446178,False,139941.90159616
trade,BTCUSDT,111960393,97062.74,1.053506,False,102256.17896644001
trade,ETHUSDT,143951861,3483.51,0.886412,True,3087.82506612
trade,BTCUSDT,111961427,96611.45,0.573385,True,55395.55625825
trade,ETHUSDT,143950424,3490.31,0.956755,True,3339.37154405
trade,ETHUSDT,143950632,3506.77,1.999693,False,7012.463421609999
trade,BTCUSDT,111961220,96666.92,1.644997,False,159016.79339924
trade,BTCUSDT,111961197,96955.25,1.04019,True,100851.8814975
trade,BTCUSDT,111961844,97047.55,0.14316,True,13893.327258000001
trade,BTCUSDT,111961029,97202.25,1.554949,True,151144.54143525
trade,ETHUSDT,143950774,3500.99,0.080827,True,282.97451872999994
trade,BTCUSDT,111961343,97134.93,1.900243,False,184579.97078798997
trade,ETHUSDT,143951094,3516.7,0.897928,False,3157.7433975999998
trade,ETHUSDT,143950787,3488.58,1.346362,True,4696.89154596
trade,ETHUSDT,143951834,3502.4,1.388602,True,4863.4396448
trade,ETHUSDT,143950264,3514.54,1.608257,False,5652.28355678
trade,ETHUSDT,143951097,3485.14,0.495097,True,1725.48235858
trade,ETHUSDT,143951945,3505.78,0.548674,False,1923.53033572
trade,BTCUSDT,111960582,97160.74,0.673336,True,65421.82402864001
trade,BTCUSDT,111960539,96911.03,0.666157,True,64557.96101171
trade,BTCUSDT,111960828,96698.62,1.614894,False,156158.02124628
trade,BTCUSDT,111961901,97370.82,0.171128,True,16662.873684960003
trade,BTCUSDT,111961694,96957.44,1.040517,False,100885.86459648
trade,BTCUSDT,111961629,97344.96,0.835695,True,81350.6963472
trade,BTCUSDT,111961819,96575.74,0.806457,True,77884.18155318001
trade,BTCUSDT,111961080,97013.52,0.642887,True,62368.73083224
trade,BTCUSDT,111960475,96691.15,0.948311,True,91693.28114764999
trade,BTCUSDT,111962049,96984.1,1.181285,True,114565.8625685
trade,BTCUSDT,111961031,96677.69,1.110554,True,107365.79534026001
trade,ETHUSDT,143950522,3512.71,0.11424,True,401.2919904
trade,BTCUSDT,111961071,97057.33,1.980581,False,192229.90370873
trade,ETHUSDT,143951811,3486.84,1.155285,False,4028.2939493999997
trade,BTCUSDT,111960593,96734.4,1.540531,False,149022.3419664
trade,BTCUSDT,111960783,96681.23,1.317579,True,127385.15834217
trade,ETHUSDT,143950287,3488.75,0.959449,False,3347.27769875
trade,BTCUSDT,111960493,96543.25,1.022618,False,98726.8652285
trade,BTCUSDT,111961681,97351.85,0.686697,False,66851.22333945
trade,ETHUSDT,143950351,3512.97,1.934776,True,6796.8100447199995
trade,BTCUSDT,111961199,97282.44,1.080367,True,105100.73785548001
trade,ETHUSDT,143951160,3493.49,1.075106,True,3755.8720599399994
trade,BTCUSDT,111960701,96571.4,0.271787,False,26246.8510918
trade,ETHUSDT,143951480,3486.85,1.287159,True,4488.13035915
trade,BTCUSDT,111961032,97256.97,0.929539,True,90404.14663683
trade,ETHUSDT,143950996,3504.14,0.197011,False,690.3541255399999
trade,BTCUSDT,111961491,96635.67,1.94218,False,187683.8655606
trade,ETHUSDT,143950611,3504.31,0.048108,True,168.58534548
trade,ETHUSDT,143951117,3515.81,0.487924,True,1715.44807844
trade,BTCUSDT,111960199,96589.49,1.032385,True,99717.54063365002
trade,BTCUSDT,111960102,97221.77,1.4796,True,143849.330892
trade,ETHUSDT,143951362,3494.57,1.093169,False,3820.15559233
trade,ETHUSDT,143950248,3483.11,1.174289,False,4090.1777587899996
trade,BTCUSDT,111960080,97147.36,0.123671,True,12014.31115856
trade,BTCUSDT,111961542,96587.79,0.57818,False,55845.128422199996
trade,BTCUSDT,111961360,97172.51,1.940228,False,188536.82473228
trade,ETHUSDT,143950468,3513.89,0.432235,False,1518.8262441499999
trade,BTCUSDT,111960193,96908.94,0.161999,False,15699.151371060001
trade,ETHUSDT,143950623,3502.55,0.130932,False,458.5958766
trade,BTCUSDT,111960760,97176.86,1.996019,True,193966.85892034
trade,ETHUSDT,143951512,3487.85,0.643038,False,2242.8200883
trade,ETHUSDT,143951222,3506.84,0.157498,True,552.32028632
trade,BTCUSDT,111960794,97349.76,1.377996,False,134147.57988096
trade,BTCUSDT,111961514,97457.74,0.23313,False,22720.322926200002
trade,BTCUSDT,111960324,97389.77,1.414592,False,137766.78952384
trade,BTCUSDT,111960205,97255.83,0.230019,True,22370.68876077
trade,ETHUSDT,143951165,3484.37,1.145495,True,3991.3284131499995
trade,BTCUSDT,111961233,97098.58,1.9926,False,193478.630508
trade,ETHUSDT,143951506,3495.83,0.270867,False,946.90498461
trade,BTCUSDT,111961251,97324.7,1.623077,True,157965.4821019
trade,ETHUSDT,143951366,3486.28,1.727776,True,6023.51091328
trade,BTCUSDT,111960786,97299.86,0.168321,True,16377.60973506
trade,BTCUSDT,111961060,96639.0,1.632109,True,157725.381651
trade,BTCUSDT,111961526,96895.61,0.569885,True,55219.35470485
trade,BTCUSDT,111961593,97371.46,1.218388,False,118636.21840648001
trade,ETHUSDT,143951800,3487.87,0.414958,True,1447.31955946
trade,BTCUSDT,111960769,96718.68,1.785935,False,172733.2757658
trade,ETHUSDT,143951593,3487.12,1.995441,False,6958.3422199199995
trade,ETHUSDT,143951428,3499.19,0.025337,True,88.65897703
trade,ETHUSDT,143951214,3512.28,1.866174,False,6554.5256167200005
trade,BTCUSDT,111960666,97339.08,0.366043,False,35630.28886044
trade,BTCUSDT,111961212,96644.95,1.196561,True,115641.57801694999
trade,ETHUSDT,143951535,3501.3,1.099119,True,3848.3453547
trade,ETHUSDT,143950657,3497.17,0.267085,True,934.04164945
trade,BTCUSDT,111960660,96889.21,0.710775,True,68866.42823775
trade,ETHUSDT,143950537,3509.34,1.810692,False,6354.3338632800005
trade,BTCUSDT,111961869,97074.31,1.106275,True,107390.88229524999
trade,ETHUSDT,143950765,3486.47,0.51882,False,1808.8503653999996
trade,ETHUSDT,143952010,3497.12,0.03203,True,112.01275360000001
trade,ETHUSDT,143950641,3495.69,0.967251,True,3381.20964819
trade,ETHUSDT,143951486,3499.23,1.13569,False,3974.0405187
trade,BTCUSDT,111960492,97061.62,1.13469,True,110134.8495978
trade,BTCUSDT,111960064,97314.39,1.387787,True,135051.64535493002
trade,ETHUSDT,143950226,3513.23,0.387894,False,1362.76083762
trade,BTCUSDT,111961498,97209.53,0.954313,False,92768.31820288999
trade,BTCUSDT,111960101,97300.13,1.257981,False,122401.71483753
trade,ETHUSDT,143951068,3493.62,0.710721,False,2482.98910002
trade,ETHUSDT,143951695,3498.97,0.797325,True,2789.81625525
trade,ETHUSDT,143951491,3503.9,1.454309,True,5095.7533051
trade,ETHUSDT,143950463,3490.99,1.550447,True,5412.59497253
trade,ETHUSDT,143951273,3505.0,0.736337,False,2580.861185
trade,BTCUSDT,111961873,96652.51,0.899306,False,86920.18215806
trade,BTCUSDT,111961102,97272.57,0.537068,False,52241.98462476
trade,BTCUSDT,111960729,97230.36,0.398578,True,38753.882428079996
trade,BTCUSDT,111960235,97059.26,0.840475,False,81575.8815485
trade,ETHUSDT,143950557,3506.78,1.497298,False,5250.69468044
trade,ETHUSDT,143950907,3495.21,1.576743,False,5511.0479010300005
trade,ETHUSDT,143951238,3507.07,1.808871,False,6343.83721797
trade,ETHUSDT,143951100,3493.34,1.463981,False,5114.18338654
trade,BTCUSDT,111960312,96647.05,0.099819,True,9647.21188395
trade,ETHUSDT,143950331,3489.38,1.584992,False,5530.63938496
trade,ETHUSDT,143951571,3500.83,1.367071,False,4785.88316893
trade,BTCUSDT,111960202,96799.09,0.836922,False,81013.28800098
trade,ETHUSDT,143951375,3506.54,0.589381,False,2066.68805174
trade,BTCUSDT,111961724,96976.89,0.257731,False,24993.95083659
trade,BTCUSDT,111961826,97415.91,0.879878,True,85714.11605898001
trade,ETHUSDT,143951313,3506.03,1.432929,False,5023.89206187
trade,ETHUSDT,143951526,3512.62,1.40984,False,4952.2321808
trade,BTCUSDT,111960382,97050.41,0.571875,False,55500.70321875
trade,ETHUSDT,143951461,3494.98,0.086557,False,302.51498386
trade,ETHUSDT,143950366,3509.63,1.439053,False,5050.54358039
trade,ETHUSDT,143950864,3489.28,0.536527,False,1872.09293056
trade,BTCUSDT,111961585,97008.88,1.605791,False,155775.98642408
trade,ETHUSDT,143951009,3491.71,1.813296,True,6331.50377616
trade,BTCUSDT,111961704,97033.33,0.11534,True,11191.8242822
trade,ETHUSDT,143951520,3484.73,0.251273,True,875.6185612900001
trade,BTCUSDT,111961925,96874.47,1.478827,True,143260.58184668998
trade,ETHUSDT,143951249,3489.43,1.477966,True,5157.258899379999
trade,ETHUSDT,143950247,3483.98,1.19905,True,4177.466219
trade,ETHUSDT,143950591,3483.68,0.403335,True,1405.0900728
trade,ETHUSDT,143951674,3500.24,0.280372,True,981.36928928
trade,BTCUSDT,111960450,97056.93,0.706964,False,68615.75546052
trade,ETHUSDT,143951476,3487.6,1.20149,True,4190.316524
trade,BTCUSDT,111960217,96815.14,0.452942,True,43851.64314188
trade,ETHUSDT,143951592,3493.2,0.106007,False,370.3036524
trade,BTCUSDT,111960443,96543.61,0.943225,True,91062.34654225
trade,BTCUSDT,111961778,96685.28,0.497764,False,48126.451713919996
trade,BTCUSDT,111961692,96872.94,1.483311,True,143692.69750434
trade,BTCUSDT,111961647,96656.99,1.630902,False,157638.07830498
trade,BTCUSDT,111961804,97019.65,0.386188,True,37467.82459419999
trade,BTCUSDT,111962041,97094.53,0.191313,False,18575.445817890002
trade,BTCUSDT,111961864,97176.96,1.40139,True,136182.8199744
trade,BTCUSDT,111960142,96533.17,1.370216,False,132271.29406472002
trade,BTCUSDT,111960634,96926.56,0.43731,True,42386.953953599994
trade,ETHUSDT,143950033,3501.89,0.628483,False,2200.87833287
trade,ETHUSDT,143951920,3502.76,0.269503,True,944.00432828
trade,ETHUSDT,143951782,3505.11,1.131717,True,3966.7925738700005
trade,BTCUSDT,111961069,97106.73,0.758078,False,73614.47566494
trade,BTCUSDT,111961161,97328.91,1.670911,True,162627.94633701
trade,BTCUSDT,111961172,97116.39,0.168534,False,16367.41367226
trade,ETHUSDT,143951435,3513.45,0.543261,False,1908.7203604499998
trade,ETHUSDT,143950668,3499.48,1.864001,True,6523.0342194800005
trade,BTCUSDT,111961437,97097.99,1.622051,True,157497.89177749
trade,ETHUSDT,143951671,3494.93,0.611687,False,2137.80324691
trade,ETHUSDT,143951083,3485.21,1.794936,False,6255.72889656
trade,BTCUSDT,111961520,97450.86,1.408717,True,137280.68314662
trade,ETHUSDT,143950199,3515.06,1.257408,False,4419.86456448
trade,BTCUSDT,111960681,96590.57,1.693591,False,163584.92003687003
trade,BTCUSDT,111961122,96658.41,1.783896,False,172428.55096536
trade,ETHUSDT,143951840,3505.01,1.470771,True,5155.067062710001
trade,ETHUSDT,143951819,3515.47,0.11705,False,411.48576349999996
trade,ETHUSDT,143951975,3503.12,1.139341,False,3991.24824392
trade,ETHUSDT,143951278,3515.96,1.767519,True,6214.52610324
trade,ETHUSDT,143951157,3493.99,0.486577,True,1700.09517223
trade,BTCUSDT,111960295,97279.28,1.369728,True,133246.15363584
trade,BTCUSDT,111961479,96665.41,1.426962,True,137937.86678442
trade,BTCUSDT,111960797,96962.77,0.036018,False,3492.4050498600004
trade,BTCUSDT,111960428,97215.98,1.47371,False,143268.16188580001
trade,BTCUSDT,111960360,97234.57,0.819864,False,79719.12349848001
trade,BTCUSDT,111961839,97470.31,0.42176,False,41109.0779456
trade,BTCUSDT,111961307,97199.13,1.232656,True,119813.09078928
trade,BTCUSDT,111961315,97317.19,0.218193,True,21233.92963767
trade,BTCUSDT,111961773,96686.32,1.858738,False,179714.53706416002
trade,ETHUSDT,143950125,3497.14,1.172398,True,4100.03994172
trade,ETHUSDT,143951637,3516.89,1.265466,True,4450.504720739999
trade,ETHUSDT,143950827,3495.66,0.05632,False,196.8755712
trade,BTCUSDT,111960762,97015.49,1.392132,False,135058.36812468
trade,BTCUSDT,111960121,97121.63,0.129835,True,12609.786831050002
trade,ETHUSDT,143950947,3509.31,0.804902,False,2824.65063762
trade,ETHUSDT,143951513,3501.43,1.133588,True,3969.17903084
trade,BTCUSDT,111960185,96869.26,1.076443,False,104274.23684217999
trade,ETHUSDT,143951692,3499.55,0.858864,True,3005.6375112
trade,ETHUSDT,143950165,3504.94,0.968427,True,3394.2785293800002
trade,BTCUSDT,111960223,96781.21,1.314157,True,127185.70458997002
trade,ETHUSDT,143951502,3501.46,0.805764,False,2821.3504154400002
trade,ETHUSDT,143951765,3515.65,0.617955,True,2172.51349575
trade,ETHUSDT,143952004,3508.26,0.472033,False,1656.01449258
trade,ETHUSDT,143950196,3488.68,1.164444,True,4062.37249392
trade,ETHUSDT,143950678,3484.14,0.256494,True,893.66100516
trade,BTCUSDT,111960293,96725.85,0.805403,True,77903.28976755
trade,ETHUSDT,143950945,3509.44,1.211584,True,4251.98135296
trade,ETHUSDT,143950979,3494.45,0.379603,True,1326.50370335
trade,ETHUSDT,143950058,3508.46,1.191841,False,4181.52647486
trade,ETHUSDT,143950909,3515.11,0.633015,True,2225.11735665
trade,ETHUSDT,143950189,3514.64,1.481006,False,5205.20292784
trade,ETHUSDT,143950282,3515.39,0.88974,True,3127.7830986
trade,ETHUSDT,143951221,3489.14,1.906395,False,6651.6790503
trade,BTCUSDT,111960700,97072.11,0.122501,False,11891.43054711
trade,ETHUSDT,143950926,3512.98,1.323806,False,4650.50400188
trade,BTCUSDT,111961679,97418.53,1.160325,True,113037.15582225
trade,BTCUSDT,111961714,96703.31,0.414347,True,40068.72638857
trade,ETHUSDT,143951766,3517.06,0.887906,False,3122.8186763599997
trade,ETHUSDT,143950406,3490.24,1.989056,False,6942.28281344
trade,BTCUSDT,111960204,96941.01,1.309575,False,126951.52317074999
trade,ETHUSDT,143951003,3482.53,1.845816,True,6428.10959448
trade,ETHUSDT,143951797,3484.52,1.443868,True,5031.18692336
trade,BTCUSDT,111960152,97134.92,0.530468,False,51526.966742560006
trade,BTCUSDT,111961327,96871.0,1.197977,False,116049.229967
trade,BTCUSDT,111960368,96867.78,0.137437,False,13313.21707986
trade,ETHUSDT,143951660,3497.94,1.411183,True,4936.23346302
trade,BTCUSDT,111960669,97008.7,0.396195,False,38434.3618965
trade,BTCUSDT,111961706,96895.79,0.420432,False,40738.09078127999
trade,BTCUSDT,111960212,97103.67,0.041589,False,4038.44453163
trade,ETHUSDT,143950249,3509.46,0.877537,True,3079.6810000200003
trade,ETHUSDT,143950416,3512.74,1.675359,True,5885.10057366
trade,BTCUSDT,111961372,97410.49,0.287678,True,28022.85494222
trade,BTCUSDT,111960705,97390.02,0.189267,False,18432.71691534
trade,BTCUSDT,111960683,96635.52,1.841125,False,177918.07176
trade,BTCUSDT,111961415,96916.35,0.743638,True,72070.6806813
trade,ETHUSDT,143950149,3510.68,1.439797,True,5054.66653196
trade,BTCUSDT,111960573,96872.48,0.60591,True,58696.00435679999
trade,ETHUSDT,143950566,3483.42,0.26972,True,939.5480424000001
trade,ETHUSDT,143950500,3511.7,0.241662,False,848.6444453999999
trade,BTCUSDT,111961085,97135.13,1.562715,False,151794.52467795002
trade,BTCUSDT,111960143,97156.72,1.057668,False,102759.55372896
trade,ETHUSDT,143951075,3517.38,0.744776,True,2619.6602068800003
trade,BTCUSDT,111961742,97319.68,1.612958,False,156972.55641343998
trade,BTCUSDT,111960744,97024.1,1.206094,True,117020.1848654
trade,BTCUSDT,111961995,97414.84,0.063008,True,6137.914238719999
trade,BTCUSDT,111960858,97318.96,0.854276,True,83137.25187296001
trade,ETHUSDT,143950193,3513.62,1.735461,False,6097.750478819999
trade,BTCUSDT,111960737,96625.13,1.571719,True,151867.55269847
trade,BTCUSDT,111962033,96876.05,0.105906,True,10259.7549513
trade,BTCUSDT,111961403,96672.27,1.055612,False,102048.40827924
trade,ETHUSDT,143950099,3482.52,0.127285,False,443.27255820000005
trade,ETHUSDT,143950962,3510.6,1.569792,True,5510.9117952
trade,ETHUSDT,143951000,3493.48,0.266841,False,932.20369668
trade,ETHUSDT,143952009,3517.27,1.141404,True,4014.6260470800003
trade,BTCUSDT,111961763,96722.69,0.833601,True,80628.13110669001
trade,BTCUSDT,111960530,97161.6,1.25426,False,121865.908416
trade,ETHUSDT,143950808,3515.84,1.579321,True,5552.63994464
trade,BTCUSDT,111961661,96562.4,0.444861,False,42956.8458264
trade,BTCUSDT,111960548,97338.85,0.970157,False,94433.96669945001
trade,ETHUSDT,143951405,3501.94,1.635898,True,5728.81664212
trade,BTCUSDT,111960583,96952.95,1.380566,False,133849.9463697
trade,ETHUSDT,143951761,3492.63,0.0033,False,11.525679
trade,ETHUSDT,143951320,3515.55,0.402713,False,1415.75768715
trade,ETHUSDT,143951505,3503.57,0.718135,False,2516.03624195
trade,ETHUSDT,143951377,3502.79,1.105171,True,3871.1819270899996
trade,BTCUSDT,111960130,96787.09,1.24199,True,120208.59790909999
trade,BTCUSDT,111960477,97365.29,1.929397,False,187856.29843013
trade,BTCUSDT,111960155,97148.48,0.13078,True,12705.0782144
trade,ETHUSDT,143950644,3507.57,1.105996,False,3879.35838972
trade,ETHUSDT,143950630,3511.39,0.373756,True,1312.4030808399998
trade,ETHUSDT,143950049,3504.81,1.10733,True,3880.9812572999995
trade,ETHUSDT,143951760,3513.21,1.235524,True,4340.65527204
trade,BTCUSDT,111960742,96969.9,1.115381,True,108158.38403189999
trade,BTCUSDT,111960839,97033.99,1.082565,False,105045.60138435001
trade,BTCUSDT,111960608,97331.81,0.528836,True,51472.565073159996
trade,ETHUSDT,143950785,3509.64,0.399064,False,1400.5709769599998
trade,BTCUSDT,111960350,97310.74,0.999562,True,97268.11789588
trade,ETHUSDT,143951436,3489.56,0.857709,True,2993.0270180400003
trade,BTCUSDT,111961797,97368.22,0.508953,True,49555.84767366
trade,BTCUSDT,111960778,97206.76,0.718858,False,69877.85708008
trade,BTCUSDT,111961788,97296.62,0.202784,True,19730.197790079998
trade,ETHUSDT,143950983,3485.22,0.840843,False,2930.5228404599998
trade,ETHUSDT,143951537,3493.89,1.582511,False,5529.119357789999
trade,ETHUSDT,143950172,3493.62,0.651308,False,2275.42265496
trade,ETHUSDT,143950085,3500.74,0.852599,False,2984.72742326
trade,BTCUSDT,111962005,97012.58,0.864005,True,83819.3541829
trade,BTCUSDT,111960827,97422.68,0.764285,False,74458.69298379999
trade,ETHUSDT,143951110,3486.52,1.988641,True,6933.43661932
trade,ETHUSDT,143951826,3514.74,1.378137,False,4843.793239379999
trade,BTCUSDT,111961549,96861.95,0.386524,True,37439.4683618
trade,ETHUSDT,143951917,3487.43,1.609667,True,5613.60098581
trade,BTCUSDT,111960639,96651.26,1.220876,False,117999.20370376
trade,ETHUSDT,143950177,3490.23,0.489959,True,1710.06960057
trade,BTCUSDT,111960203,96833.57,0.035823,False,3468.86897811
trade,BTCUSDT,111961431,96847.46,0.943913,True,91415.57651098001
trade,ETHUSDT,143950652,3487.36,1.084478,True,3781.9651980800004
trade,BTCUSDT,111960510,96656.48,0.928675,True,89762.456564
trade,ETHUSDT,143950289,3501.85,1.892073,False,6625.755835049999
trade,ETHUSDT,143951478,3501.77,1.294397,True,4532.68058269
trade,ETHUSDT,143951762,3488.34,0.658562,True,2297.28816708
trade,ETHUSDT,143950242,3496.21,0.220215,True,769.91788515
trade,BTCUSDT,111961682,96587.5,1.107424,False,106963.3156
trade,BTCUSDT,111960125,96982.14,0.509418,False,49404.447794520005
trade,BTCUSDT,111960113,96956.72,0.28746,False,27871.1787312
trade,BTCUSDT,111961042,97246.47,1.392514,True,135417.07092558002
trade,BTCUSDT,111961993,96703.57,0.921928,False,89153.72888296
trade,ETHUSDT,143951333,3488.38,1.437587,False,5014.84973906
trade,BTCUSDT,111960326,97396.83,0.326539,True,31803.86347137
trade,BTCUSDT,111961292,96626.39,1.333037,True,128806.55304643
trade,BTCUSDT,111961341,96732.74,1.120277,False,108367.46376898
trade,ETHUSDT,143950079,3483.11,1.267339,False,4414.28114429
trade,BTCUSDT,111961762,96929.84,0.006784,False,657.57203456
trade,BTCUSDT,111960990,96555.32,1.784481,True,172301.13398892002
trade,BTCUSDT,111961984,96941.54,0.525005,False,50894.7932077
trade,ETHUSDT,143951522,3504.31,0.578435,True,2027.0155548500002
trade,ETHUSDT,143951976,3483.88,1.111425,True,3872.0713290000003
trade,BTCUSDT,111961885,96542.38,1.238079,True,119527.09328802
trade,BTCUSDT,111960761,96667.31,0.868565,True,83961.84211015
trade,ETHUSDT,143951743,3483.95,1.063175,True,3704.0485412499997
trade,ETHUSDT,143951899,3492.38,0.400367,False,1398.23370346
trade,BTCUSDT,111960881,96537.74,1.329987,False,128393.93920938001
trade,BTCUSDT,111961380,97208.18,0.955896,False,92920.91042927999
trade,BTCUSDT,111960579,96733.9,1.128584,True,109172.3317976
trade,ETHUSDT,143951725,3483.73,0.552548,False,1924.9280440400003
trade,ETHUSDT,143951968,3497.14,0.204716,False,715.92051224
trade,ETHUSDT,143951718,3499.08,1.167421,False,4084.89947268
trade,BTCUSDT,111961528,97373.47,0.39724,False,38680.6372228
trade,BTCUSDT,111961205,97021.22,1.984601,False,192548.41023322
trade,BTCUSDT,111961532,97117.42,0.002748,True,266.87867016
trade,ETHUSDT,143950856,3493.04,0.528547,True,1846.23581288
trade,ETHUSDT,143950154,3495.61,0.439668,True,1536.90785748
trade,ETHUSDT,143950577,3502.85,0.106102,True,371.6593907
trade,BTCUSDT,111960499,96718.21,0.72959,True,70564.6388339
trade,ETHUSDT,143950162,3505.03,0.853418,False,2991.2556925400004
trade,ETHUSDT,143950214,3506.82,0.075562,True,264.98233284
trade,BTCUSDT,111960602,96996.04,0.292296,True,28351.55450784
trade,BTCUSDT,111960825,97134.67,0.251267,False,24406.737126890002
trade,BTCUSDT,111960654,97249.14,1.502868,True,146152.62053352
trade,ETHUSDT,143950237,3487.63,0.960415,False,3349.57216645
trade,BTCUSDT,111961295,97370.79,0.120871,True,11769.30475809
trade,BTCUSDT,111961701,96873.75,0.64622,False,62601.754725
trade,BTCUSDT,111961535,97343.14,0.679576,True,66152.06170864
trade,BTCUSDT,111960619,97218.46,0.272009,True,26444.296086140002
trade,ETHUSDT,143950396,3515.38,1.201681,True,4224.36535378
trade,ETHUSDT,143951959,3501.77,0.234942,False,822.71284734
trade,ETHUSDT,143950554,3510.49,0.733392,False,2574.56528208
trade,BTCUSDT,111961246,97371.21,0.387814,False,37761.91843494
trade,BTCUSDT,111961361,96777.09,1.81684,True,175828.4881956
trade,ETHUSDT,143950799,3486.26,0.707213,False,2465.52839338
trade,BTCUSDT,111960377,97411.04,0.343796,True,33489.52590784
trade,BTCUSDT,111960299,96878.17,0.319086,False,30912.46775262
trade,ETHUSDT,143950754,3483.55,1.00809,True,3511.7319195
trade,ETHUSDT,143950683,3516.44,1.076877,False,3786.7733578800003
trade,ETHUSDT,143950978,3485.51,0.819334,False,2855.79685034
trade,BTCUSDT,111961966,97207.29,1.475912,True,143469.40579847997
trade,BTCUSDT,111960138,97333.9,1.666679,True,162224.3671181
trade,BTCUSDT,111960853,97464.05,0.122455,False,11934.96024275
trade,ETHUSDT,143950465,3496.1,1.372959,False,4800.0019599
trade,ETHUSDT,143951855,3501.18,1.355421,True,4745.57289678
trade,ETHUSDT,143951607,3488.38,0.494524,False,1725.0876311200002
trade,BTCUSDT,111960180,97130.71,1.318788,False,128094.81477948002
trade,BTCUSDT,111961198,96781.85,1.750633,False,169429.50041105002
trade,ETHUSDT,143951860,3487.25,1.735715,False,6052.872133749999
trade,BTCUSDT,111960770,96811.68,0.542715,True,52541.15091119999
trade,ETHUSDT,143950733,3491.26,0.380891,False,1329.78951266
trade,ETHUSDT,143951704,3500.26,0.18485,False,647.023061
trade,ETHUSDT,143951130,3483.52,1.200675,True,4182.575376
trade,ETHUSDT,143951606,3500.69,1.293098,False,4526.735237620001
trade,BTCUSDT,111961132,97230.09,1.101373,False,107086.59591357
trade,BTCUSDT,111961457,97160.0,0.857349,False,83300.02884
trade,BTCUSDT,111960229,97407.27,0.058602,True,5708.26083654
trade,ETHUSDT,143951883,3515.46,0.666306,True,2342.37209076
trade,BTCUSDT,111961668,96787.98,0.088026,True,8519.85872748
trade,BTCUSDT,111960711,96984.06,0.248004,True,24052.43481624
trade,ETHUSDT,143950032,3507.73,1.771934,True,6215.46604982
trade,ETHUSDT,143950305,3488.23,0.679581,True,2370.53483163
trade,BTCUSDT,111960511,96659.17,1.264601,False,122235.28304117001
trade,ETHUSDT,143950063,3490.37,1.607653,False,5611.30380161
trade,ETHUSDT,143951437,3513.7,0.689165,False,2421.5190605
trade,ETHUSDT,143951123,3491.13,0.252937,True,883.0359488100001
trade,ETHUSDT,143950358,3506.51,1.279244,True,4485.68187844
trade,ETHUSDT,143951769,3503.18,1.758097,True,6158.930248459999
trade,BTCUSDT,111960167,96696.06,1.280605,False,123829.4579163
trade,ETHUSDT,143950175,3492.31,0.502149,False,1753.6599741899997
trade,BTCUSDT,111960332,96528.13,0.187433,True,18092.55699029
trade,BTCUSDT,111960541,97354.29,1.87087,False,182137.22053229998
trade,ETHUSDT,143950786,3503.61,1.229261,False,4306.85113221
trade,ETHUSDT,143950952,3509.6,1.024925,False,3597.0767800000003
trade,BTCUSDT,111961961,97174.45,1.905839,True,185198.85661355
trade,ETHUSDT,143950121,3485.48,1.825665,True,6363.3188442
trade,ETHUSDT,143951335,3489.84,0.60819,False,2122.4857896000003
trade,ETHUSDT,143951135,3516.36,1.503064,True,5285.31412704
trade,BTCUSDT,111960362,97086.71,1.425234,True,138371.28004014
trade,ETHUSDT,143950651,3483.94,1.885686,False,6569.61688284
trade,BTCUSDT,111961331,96600.96,1.326778,False,128168.02850688001
trade,ETHUSDT,143950763,3492.51,1.274729,True,4452.00377979
trade,BTCUSDT,111960353,96916.19,0.012855,False,1245.85762245
trade,ETHUSDT,143951885,3510.46,0.559203,False,1963.05976338
trade,ETHUSDT,143951209,3515.12,1.826938,True,6421.90630256
trade,BTCUSDT,111960581,96870.64,1.276744,False,123679.00839616
trade,BTCUSDT,111961221,97036.86,1.781936,False,172913.47416096
trade,ETHUSDT,143950958,3512.58,0.009028,True,31.71157224
trade,ETHUSDT,143951679,3497.85,1.388191,True,4855.68388935
trade,ETHUSDT,143950673,3489.35,1.054447,True,3679.3346394499995
trade,ETHUSDT,143950209,3510.61,1.034423,True,3631.4557280300005
trade,BTCUSDT,111960815,97430.51,0.343593,False,33476.441222429996
trade,ETHUSDT,143950119,3499.61,0.692542,False,2423.62690862
trade,ETHUSDT,143951889,3510.78,0.860313,False,3020.3696741400004
trade,ETHUSDT,143950677,3509.14,1.86311,True,6537.9138254
trade,BTCUSDT,111961856,96589.24,0.554362,False,53545.40426488
trade,BTCUSDT,111961743,96572.37,0.254702,True,24597.175783739996
trade,ETHUSDT,143950324,3510.76,0.281218,True,987.2889056800002
trade,ETHUSDT,143950853,3505.48,1.124728,False,3942.7115094399996
trade,ETHUSDT,143951788,3517.09,1.283924,True,4515.676261160001
trade,BTCUSDT,111960451,97466.57,1.419356,False,138339.76092892
trade,ETHUSDT,143952003,3503.57,1.554404,False,5445.96322228
trade,ETHUSDT,143951301,3516.59,1.121445,False,3943.66227255
trade,ETHUSDT,143950145,3512.49,1.862836,True,6543.192821639999
trade,BTCUSDT,111961555,96954.46,1.146821,False,111189.41077166001
trade,BTCUSDT,111960194,96877.96,1.38831,True,134496.6406476
trade,ETHUSDT,143951563,3503.11,1.98755,False,6962.6062805
trade,ETHUSDT,143950534,3502.38,1.343261,False,4704.61046118
trade,BTCUSDT,111960931,97081.89,0.24957,False,24228.7272873
trade,ETHUSDT,143950334,3499.79,1.68806,False,5907.8555074
trade,BTCUSDT,111960376,97230.86,1.824452,False,177393.03698872
trade,BTCUSDT,111961401,96971.23,0.519356,False,50362.59012788
trade,BTCUSDT,111960286,96885.22,0.398882,False,38645.77032404
trade,BTCUSDT,111961419,97224.02,0.037232,False,3619.84471264
trade,ETHUSDT,143950362,3483.75,0.657713,True,2291.30766375
trade,BTCUSDT,111961406,97063.55,0.21271,True,20646.387720500003
trade,BTCUSDT,111960904,97378.38,1.562476,True,152151.38166888
trade,BTCUSDT,111960091,97001.44,1.435552,False,139250.61119488
trade,ETHUSDT,143951843,3511.76,1.83725,True,6451.981060000001
trade,ETHUSDT,143950911,3496.1,1.231907,False,4306.8700627
trade,BTCUSDT,111960201,97378.24,0.140002,True,13633.14835648
trade,ETHUSDT,143950101,3483.52,0.66378,False,2312.2909056000003
trade,BTCUSDT,111962016,96671.61,0.150957,True,14593.256230770001
trade,BTCUSDT,111960093,97451.51,0.058257,False,5677.23261807
trade,ETHUSDT,143950327,3496.53,0.783848,False,2740.74804744
trade,BTCUSDT,111960847,96865.44,0.26173,True,25352.5916112
trade,BTCUSDT,111960604,96753.31,0.545063,False,52736.64940852999
trade,ETHUSDT,143950029,3505.44,0.673425,False,2360.650932
trade,BTCUSDT,111961765,97306.53,1.715376,False,166917.28620528
trade,BTCUSDT,111960078,96874.32,1.670122,False,161791.93306704002
trade,BTCUSDT,111960840,96894.9,0.347592,False,33679.8920808
trade,ETHUSDT,143950128,3511.67,0.98939,True,3474.4111813
trade,BTCUSDT,111961769,96556.99,0.360395,True,34798.656411050004
trade,ETHUSDT,143950685,3482.53,1.962075,False,6832.98504975
trade,ETHUSDT,143951122,3483.42,0.652735,True,2273.7501537
trade,BTCUSDT,111961367,96773.46,0.559251,False,54120.65427846001
trade,BTCUSDT,111960469,96636.17,1.720196,True,166233.15308932
trade,ETHUSDT,143951403,3513.48,0.226906,True,797.22969288
trade,BTCUSDT,111961050,97010.93,0.783331,False,75991.66880782999
trade,ETHUSDT,143951328,3486.68,0.244398,True,852.13761864
trade,ETHUSDT,143951974,3507.67,0.093455,False,327.80929985
trade,BTCUSDT,111960378,96951.09,0.207309,True,20098.83351681
trade,ETHUSDT,143951822,3510.79,0.127899,True,449.02653021000003
trade,BTCUSDT,111961519,96658.8,0.10051,False,9715.175988
trade,ETHUSDT,143950442,3499.06,0.291731,True,1020.7842728600001
trade,ETHUSDT,143951212,3503.59,1.096325,True,3841.07330675
trade,ETHUSDT,143951496,3506.58,1.340542,False,4700.71776636
trade,ETHUSDT,143950080,3494.21,0.138302,False,483.25623142
trade,ETHUSDT,143950108,3487.94,0.350008,False,1220.8069035199999
trade,BTCUSDT,111961883,97046.54,0.745224,True,72321.41072495999
trade,BTCUSDT,111960333,96747.9,1.20907,False,116974.98345300001
trade,BTCUSDT,111960211,96756.39,0.978305,False,94657.26011895
trade,BTCUSDT,111960771,96899.59,1.448279,False,140337.64130561
trade,ETHUSDT,143950265,3494.62,1.136248,False,3970.7549857599997
trade,BTCUSDT,111960413,96894.96,0.747399,False,72419.19620904
trade,ETHUSDT,143950586,3499.81,0.1372,False,480.173932
trade,ETHUSDT,143951812,3510.01,0.753193,False,2643.7149619300003
trade,ETHUSDT,143950095,3495.15,1.315032,True,4596.2340948
trade,ETHUSDT,143950313,3497.78,0.317165,True,1109.3733937
trade,ETHUSDT,143950484,3491.92,1.697258,False,5926.68915536
trade,BTCUSDT,111960259,96806.74,0.283078,False,27403.85834572
trade,ETHUSDT,143950256,3499.33,1.784182,False,6243.44159806
trade,ETHUSDT,143950421,3488.14,1.126422,False,3929.11763508
trade,BTCUSDT,111960903,97336.33,0.970699,True,94484.27819467
trade,ETHUSDT,143950924,3490.76,1.1457,True,3999.3637320000003
trade,BTCUSDT,111960119,97083.91,0.218535,False,21216.23227185
trade,BTCUSDT,111961928,96984.45,1.817259,False,176245.86462255
trade,ETHUSDT,143950275,3484.21,0.334025,True,1163.8132452500001
trade,BTCUSDT,111960265,97090.28,0.037728,False,3663.0220838399996
trade,ETHUSDT,143951963,3490.76,0.713483,False,2490.59791708
trade,ETHUSDT,143950841,3502.39,0.5514,True,1931.217846
trade,ETHUSDT,143950991,3492.39,0.827458,True,2889.80604462
trade,BTCUSDT,111960465,96793.11,1.04701,True,101343.3541011
trade,BTCUSDT,111962006,96940.21,0.545106,False,52842.69011226
trade,BTCUSDT,111961287,96578.75,0.16736,False,16163.419600000001
trade,ETHUSDT,143950567,3486.71,1.001721,False,3492.7106279100003
trade,ETHUSDT,143950430,3503.01,0.680815,True,2384.90175315
trade,BTCUSDT,111960256,96926.04,0.559285,True,54209.2802814
trade,BTCUSDT,111960491,96941.71,1.537943,False,149090.82430253
trade,BTCUSDT,111961747,96591.66,1.54485,True,149219.62595100002
trade,BTCUSDT,111961365,97162.6,0.102623,False,9971.1174998
trade,BTCUSDT,111960810,97064.92,1.641282,False,159310.90602743998
trade,ETHUSDT,143950877,3516.44,0.976764,False,3434.73200016
trade,BTCUSDT,111961027,97322.91,0.450022,True,43797.45060402
trade,ETHUSDT,143950824,3499.92,1.572777,False,5504.59367784
trade,BTCUSDT,111960226,96555.53,0.093034,True,8982.94717802
trade,ETHUSDT,143951355,3515.58,1.881423,False,6614.29307034
trade,ETHUSDT,143950113,3508.56,1.797494,False,6306.615548639999
trade,ETHUSDT,143951312,3515.09,0.828456,True,2912.09740104
trade,ETHUSDT,143950780,3488.58,1.466128,True,5114.70481824
trade,ETHUSDT,143951672,3495.16,0.40818,True,1426.6544087999998
trade,ETHUSDT,143950866,3486.03,0.342439,False,1193.75262717
trade,ETHUSDT,143950208,3517.25,0.273293,False,961.23980425
trade,ETHUSDT,143950825,3483.12,0.820462,True,2857.76760144
trade,ETHUSDT,143950088,3499.62,0.081045,True,283.6267029
trade,BTCUSDT,111962054,96612.68,1.715944,True,165781.94856991997
trade,BTCUSDT,111961006,96840.29,0.697435,True,67539.80765614999
trade,ETHUSDT,143950861,3484.32,0.680672,True,2371.6790630400005
trade,ETHUSDT,143951841,3486.97,1.355951,False,4728.160458469999
trade,ETHUSDT,143951041,3486.08,1.745199,True,6083.90332992
trade,ETHUSDT,143950682,3483.97,0.327804,True,1142.0593018799998
trade,ETHUSDT,143951252,3509.41,0.411922,True,1445.60318602
trade,BTCUSDT,111961012,96603.35,1.082275,False,104551.39062125002
trade,ETHUSDT,143951006,3485.51,0.237371,False,827.35899421
trade,ETHUSDT,143951206,3516.96,0.470067,True,1653.20683632
trade,BTCUSDT,111960821,97480.28,0.710965,False,69305.0672702
trade,ETHUSDT,143951245,3511.87,0.116355,False,408.62363385
trade,ETHUSDT,143951215,3492.0,1.653002,False,5772.282984
trade,BTCUSDT,111961218,97412.74,1.540051,False,150020.58764974002
trade,ETHUSDT,143950255,3497.1,1.325001,True,4633.6609971
trade,BTCUSDT,111960387,97230.28,0.92156,False,89603.5368368
trade,ETHUSDT,143951673,3507.63,1.131602,True,3969.24112326
trade,ETHUSDT,143950422,3513.61,0.867952,True,3049.64482672
trade,BTCUSDT,111961958,97169.35,0.777014,False,75501.9453209
trade,ETHUSDT,143950837,3502.95,0.511652,False,1792.2913733999999
trade,ETHUSDT,143950964,3503.88,0.989273,True,3466.29387924
trade,BTCUSDT,111961439,96768.97,0.649394,False,62841.188504180005
trade,BTCUSDT,111960637,97241.07,0.829089,False,80621.50148523001
trade,ETHUSDT,143950490,3500.44,1.748723,False,6121.29993812
trade,ETHUSDT,143950564,3493.93,0.161504,False,564.28367072
trade,BTCUSDT,111961658,96523.86,0.515898,False,49796.466326279995
trade,BTCUSDT,111961108,96751.47,1.730088,False,167388.55722936
trade,ETHUSDT,143951650,3493.75,1.783538,False,6231.2358875
trade,ETHUSDT,143950578,3488.04,1.606543,True,5603.68624572
trade,ETHUSDT,143950782,3495.39,1.065289,True,3723.6005177099996
trade,ETHUSDT,143951360,3501.59,0.637201,True,2231.21664959
trade,ETHUSDT,143951108,3504.7,0.085938,True,301.1869086
trade,BTCUSDT,111960250,96791.43,0.199607,True,19320.24696801
trade,ETHUSDT,143951876,3515.94,0.243511,True,856.1700653400001
trade,BTCUSDT,111961890,96538.89,1.014114,True,97901.43989345999
trade,BTCUSDT,111961726,97009.93,1.000004,True,97010.31803971998
trade,ETHUSDT,143950428,3493.1,1.425553,False,4979.5991843
trade,BTCUSDT,111961017,96979.82,1.719026,True,166710.83205532
trade,ETHUSDT,143951204,3499.13,0.535465,True,1873.66164545
trade,ETHUSDT,143951624,3485.16,1.850995,False,6451.0137342
trade,BTCUSDT,111961195,97016.84,1.443787,True,140071.65237308
trade,ETHUSDT,143950857,3485.91,0.128529,False,448.04052638999997
trade,BTCUSDT,111960945,96944.92,1.035624,True,100398.48583008001
trade,BTCUSDT,111960621,96531.08,0.081167,True,7835.13817036
trade,ETHUSDT,143950136,3496.64,1.187784,True,4153.25304576
trade,ETHUSDT,143951908,3486.96,1.119082,False,3902.19417072
trade,ETHUSDT,143950223,3507.98,1.857131,True,6514.778405380001
trade,BTCUSDT,111961870,97429.16,1.512634,True,147374.66000744002
trade,ETHUSDT,143951680,3505.55,1.540059,False,5398.75382745
trade,BTCUSDT,111961843,97393.24,0.296079,False,28836.09310596
trade,BTCUSDT,111961582,96749.4,0.15532,False,15027.116808
trade,BTCUSDT,111960307,96836.03,1.283992,True,124336.68783176
trade,ETHUSDT,143951565,3512.83,1.179608,True,4143.76237064
trade,BTCUSDT,111960521,97127.02,0.863286,True,83848.39658772001
trade,BTCUSDT,111960245,96599.16,1.477001,False,142677.05591916002
trade,BTCUSDT,111961759,96974.8,0.883675,False,85694.20639
trade,BTCUSDT,111960149,97450.22,1.088487,False,106073.29761714
trade,ETHUSDT,143950695,3492.0,1.720081,True,6006.522852
trade,ETHUSDT,143950142,3499.72,1.263093,True,4420.4718339599995
trade,ETHUSDT,143950318,3489.67,1.738364,True,6066.31669988
trade,BTCUSDT,111961811,97328.23,0.828105,False,80597.99390414999
trade,ETHUSDT,143951753,3485.59,1.342763,False,4680.32128517
trade,ETHUSDT,143950388,3508.17,0.205028,True,719.27307876
trade,BTCUSDT,111961258,97326.86,1.480589,True,144101.07832054
trade,BTCUSDT,111960665,96627.84,1.498196,True,144767.44337664
trade,ETHUSDT,143951757,3503.07,0.839069,False,2939.31744183
trade,BTCUSDT,111961665,97383.66,1.560464,False,151963.69561824002
trade,ETHUSDT,143950640,3517.32,1.10223,False,3876.8956236000004
trade,ETHUSDT,143950767,3516.97,0.048215,True,169.57070855
trade,BTCUSDT,111961608,96973.88,1.245568,False,120787.56176384
trade,BTCUSDT,111960275,96755.23,0.333669,False,32284.22083887
trade,BTCUSDT,111960943,96884.47,1.716508,False,166302.96783076
trade,ETHUSDT,143950321,3516.43,1.232052,False,4332.424614359999
trade,ETHUSDT,143951828,3514.33,0.695521,True,2444.29031593
trade,BTCUSDT,111960174,96913.91,0.324813,False,31478.89784883
trade,ETHUSDT,143950078,3504.18,1.936265,False,6785.021087699999
trade,BTCUSDT,111960463,97231.2,1.537718,True,149514.1664016
trade,BTCUSDT,111961385,96609.55,0.572858,True,55343.5535939
trade,ETHUSDT,143950533,3500.39,1.21357,False,4247.9682923
trade,ETHUSDT,143950543,3492.7,0.958828,False,3348.8985556
trade,ETHUSDT,143951784,3491.09,1.442682,False,5036.53270338
trade,BTCUSDT,111960364,96874.04,0.644943,False,62478.23397972
trade,ETHUSDT,143951669,3499.26,0.665744,False,2329.61134944
trade,BTCUSDT,111961455,97014.23,1.46555,False,142179.20477649997
trade,BTCUSDT,111960882,96588.7,0.117979,False,11395.438237299999
trade,BTCUSDT,111960485,96581.38,0.30483,False,29440.9020654
trade,ETHUSDT,143951944,3509.26,1.606927,True,5639.12464402
trade,BTCUSDT,111960066,97306.83,1.603589,True,156040.16221287
trade,ETHUSDT,143951716,3486.74,1.126978,True,3929.47927172
trade,ETHUSDT,143951027,3486.91,1.050794,False,3664.02410654
trade,ETHUSDT,143951939,3485.46,0.983591,False,3428.26708686
trade,ETHUSDT,143950092,3486.86,1.920682,False,6697.14923852
trade,ETHUSDT,143950436,3488.16,1.51514,False,5285.0507424
trade,ETHUSDT,143950419,3501.52,1.754299,True,6142.71303448
trade,ETHUSDT,143951600,3499.7,1.125324,True,3938.2964027999997
trade,ETHUSDT,143951401,3505.84,0.8627,False,3024.4881680000003
trade,ETHUSDT,143951849,3485.02,0.980667,True,3417.64410834
trade,ETHUSDT,143950797,3492.88,1.161813,False,4058.0733914400003
trade,BTCUSDT,111960993,96853.11,1.543572,False,149499.74870892
trade,BTCUSDT,111961705,97439.75,1.654297,True,161194.28610574998
trade,BTCUSDT,111960920,97094.56,0.889909,False,86405.32279503999
trade,ETHUSDT,143950393,3503.97,1.890676,False,6624.87198372
trade,ETHUSDT,143951795,3501.75,1.356161,True,4748.93678175
trade,ETHUSDT,143950542,3506.57,1.278012,False,4481.43853884
trade,BTCUSDT,111961052,96553.51,1.784377,True,172287.86251327
trade,ETHUSDT,143951139,3491.18,1.733697,True,6052.6482924599995
trade,ETHUSDT,143950999,3494.92,0.190307,True,665.10774044
trade,BTCUSDT,111960550,97072.84,1.970835,True,191314.55062139998
trade,BTCUSDT,111960894,97479.59,0.763965,True,74470.99497435
trade,ETHUSDT,143950938,3482.72,0.447286,False,1557.77189792
trade,ETHUSDT,143951632,3499.56,1.044237,False,3654.37003572
trade,ETHUSDT,143951124,3490.96,1.71789,False,5997.085274399999
trade,BTCUSDT,111960866,96792.05,0.139256,False,13478.8737148
trade,BTCUSDT,111960966,97433.86,0.778649,False,75866.77765514
trade,BTCUSDT,111961565,97350.07,1.743451,False,169725.07689157003
trade,ETHUSDT,143950356,3485.13,0.179063,False,624.05783319
trade,BTCUSDT,111961285,96896.98,1.438127,False,139350.16315645998
trade,ETHUSDT,143951654,3493.36,0.62341,True,2177.7955576
trade,ETHUSDT,143951254,3516.76,1.744492,False,6134.95968592
trade,BTCUSDT,111961386,97096.77,0.123906,False,12030.87238362
trade,BTCUSDT,111961093,96984.34,0.657743,False,63790.77074461999
trade,BTCUSDT,111960365,97461.07,0.460094,False,44841.25354058
trade,BTCUSDT,111960162,96932.77,0.824306,True,79902.26390762
trade,ETHUSDT,143950308,3516.23,0.725445,False,2550.8314723500002
trade,ETHUSDT,143950122,3505.11,1.78718,False,6264.2624898
trade,BTCUSDT,111960995,97191.69,0.452212,True,43951.24851828
trade,BTCUSDT,111960179,97330.95,1.078229,False,104945.05288755
trade,ETHUSDT,143951574,3500.66,0.688294,True,2409.4832740399997
trade,BTCUSDT,111961231,96824.56,1.300783,True,125947.74163048
trade,ETHUSDT,143950051,3484.13,0.306744,True,1068.73597272
trade,BTCUSDT,111961874,97361.59,1.788389,True,174120.39657851
trade,BTCUSDT,111961350,96922.97,1.924415,True,186520.01731255002
trade,ETHUSDT,143951744,3509.62,1.965453,True,6897.993157859999
trade,BTCUSDT,111960785,96588.8,1.269743,False,122642.9526784
trade,ETHUSDT,143951297,3500.0,1.062071,True,3717.2485
trade,ETHUSDT,143951479,3493.19,0.106415,False,371.72781385
trade,ETHUSDT,143951467,3512.42,0.67999,False,2388.4104758
trade,ETHUSDT,143950976,3503.57,1.525273,True,5343.900724610001
trade,ETHUSDT,143951912,3516.86,0.287838,True,1012.2859486799999
trade,ETHUSDT,143951164,3483.98,0.248298,True,865.06526604
trade,ETHUSDT,143951089,3494.0,0.139819,False,488.527586
trade,BTCUSDT,111960405,96550.84,1.042456,False,100650.00246304
trade,BTCUSDT,111960818,96898.63,0.131452,True,12737.518710760001
trade,ETHUSDT,143950595,3484.01,1.742927,False,6072.37509727
trade,BTCUSDT,111961473,96765.09,1.367453,False,132321.71261577
trade,ETHUSDT,143950941,3508.81,0.119649,False,419.82560769
trade,BTCUSDT,111960958,96848.53,0.1403,False,13587.848759
trade,ETHUSDT,143950707,3489.37,0.360681,True,1258.54946097
trade,BTCUSDT,111961274,96861.11,0.944973,True,91531.13370003
trade,ETHUSDT,143950737,3485.15,1.169142,True,4074.6352413
trade,ETHUSDT,143950721,3499.72,1.807177,False,6324.61349044
trade,ETHUSDT,143951268,3491.18,1.276618,True,4456.90322924
trade,BTCUSDT,111960992,97092.16,0.879861,False,85427.60498976
trade,BTCUSDT,111961982,97118.92,0.606893,True,58940.79271556
trade,BTCUSDT,111961606,96730.63,0.627432,True,60691.892642160004
trade,BTCUSDT,111960079,97326.69,0.619858,False,60328.72741002
trade,ETHUSDT,143951115,3509.7,1.245114,False,4369.9766058
trade,BTCUSDT,111962007,97310.39,0.364842,False,35502.91730838
trade,ETHUSDT,143950844,3516.85,1.718107,False,6042.32460295
trade,BTCUSDT,111961110,97260.69,0.533193,True,51858.719083170006
trade,BTCUSDT,111961586,97134.32,0.22443,False,21799.8554376
trade,BTCUSDT,111961018,96765.08,1.218279,True,117886.86489731999
trade,ETHUSDT,143950303,3512.7,0.944823,False,3318.8797520999997
trade,BTCUSDT,111961764,96819.92,1.115976,False,108048.70704192
trade,BTCUSDT,111960240,96516.09,0.711209,False,68643.11185280999
trade,ETHUSDT,143950631,3513.79,0.949388,False,3335.95006052
trade,BTCUSDT,111961262,96949.88,1.26326,False,122472.90540880001
trade,ETHUSDT,143951706,3495.34,0.471504,True,1648.06679136
trade,BTCUSDT,111960868,96769.08,0.447105,False,43265.9395134
trade,ETHUSDT,143950238,3507.44,1.092048,True,3830.2928371199996
trade,ETHUSDT,143950239,3495.01,0.541599,False,1892.8939209900002
trade,BTCUSDT,111961428,96617.82,0.343715,False,33208.9940013
trade,BTCUSDT,111961390,97042.69,1.856127,True,180123.55706163
trade,BTCUSDT,111960631,97068.67,1.305159,False,126690.04826853
trade,ETHUSDT,143950458,3492.94,0.257373,False,898.9884466200001
trade,BTCUSDT,111961015,96744.22,1.711421,True,165570.08973662002
trade,BTCUSDT,111961109,97116.84,1.777456,False,172620.90995904
trade,ETHUSDT,143950118,3511.23,1.379291,False,4843.0079379300005
trade,ETHUSDT,143950432,3494.65,0.41173,True,1438.8522445
trade,BTCUSDT,111961389,96751.28,1.062525,True,102800.653782
trade,BTCUSDT,111960738,96841.3,1.967303,False,190516.1800139
trade,ETHUSDT,143951629,3516.54,1.736271,False,6105.666422339999
trade,BTCUSDT,111961525,96726.05,1.74755,False,169033.6086775
trade,ETHUSDT,143950190,3505.31,0.105681,True,370.44466610999996
trade,ETHUSDT,143951218,3511.26,1.370099,True,4810.7738147400005
trade,ETHUSDT,143952000,3491.96,1.061032,True,3705.08130272
trade,BTCUSDT,111961038,97163.72,0.579265,False,56283.5422658
trade,BTCUSDT,111961382,96550.44,1.974071,True,190597.42364124
trade,ETHUSDT,143950826,3511.85,1.955337,True,6866.850243450001
trade,ETHUSDT,143951492,3491.33,0.438492,True,1530.92027436
trade,BTCUSDT,111960132,96579.88,1.179281,True,113894.81746628
trade,BTCUSDT,111960496,96724.4,0.985229,False,95295.6838876
trade,ETHUSDT,143951351,3506.03,0.093867,True,329.10051801000003
trade,ETHUSDT,143950394,3490.5,0.202177,False,705.6988185
trade,BTCUSDT,111961619,96816.74,1.94706,False,188508.00178440002
trade,BTCUSDT,111960373,96888.49,1.432854,True,138827.06045046
trade,BTCUSDT,111960876,96926.07,0.097069,False,9408.516688830001
trade,ETHUSDT,143950469,3485.57,1.696019,True,5911.59294583
trade,BTCUSDT,111961165,96610.67,0.834137,False,80586.53444179
trade,ETHUSDT,143950532,3513.67,1.666656,False,5856.07918752
trade,ETHUSDT,143951425,3510.13,1.992525,True,6994.02177825
trade,BTCUSDT,111961391,96962.1,0.994875,False,96465.1692375
trade,BTCUSDT,111961317,97132.47,1.3164,True,127865.183508
trade,BTCUSDT,111960099,97474.24,0.440626,True,42949.684474240006
trade,BTCUSDT,111961362,97145.58,1.79785,False,174653.181003
trade,ETHUSDT,143950200,3491.25,0.726465,True,2536.27093125
trade,BTCUSDT,111961146,96668.83,1.021142,False,98712.60240386
trade,ETHUSDT,143950742,3515.8,0.052975,True,186.24950500000003
trade,ETHUSDT,143951721,3489.81,0.347882,True,1214.04208242
trade,ETHUSDT,143950852,3493.24,0.486358,True,1698.96521992
trade,BTCUSDT,111960907,97087.78,1.126888,True,109407.05422863999
trade,BTCUSDT,111960170,96672.89,1.911102,True,184751.75342478
trade,ETHUSDT,143951454,3499.69,0.344105,True,1204.26082745
trade,ETHUSDT,143951736,3498.39,1.850705,True,6474.48786495
trade,BTCUSDT,111961059,97382.13,0.231725,True,22565.87407425
trade,ETHUSDT,143950181,3485.75,0.546286,False,1904.2164245000001
trade,ETHUSDT,143951777,3512.11,1.877277,True,6593.203324470001
trade,BTCUSDT,111962050,97236.65,0.753399,True,73257.99487335
trade,BTCUSDT,111961097,96544.58,1.524625,True,147194.2802825
trade,BTCUSDT,111960310,97179.48,1.062187,True,103222.78032276
trade,BTCUSDT,111961723,96753.34,0.790012,True,76436.29964008
trade,BTCUSDT,111961358,96885.44,1.460159,True,141468.14718496
trade,BTCUSDT,111961381,96538.32,0.367494,True,35477.253370080005
trade,ETHUSDT,143950449,3508.51,1.097246,True,3849.69856346
trade,ETHUSDT,143951682,3503.16,1.433798,True,5022.82380168
trade,ETHUSDT,143950280,3514.28,0.287481,False,1010.28872868
trade,ETHUSDT,143951740,3514.73,1.527033,True,5367.10869609
trade,BTCUSDT,111960569,96572.53,1.847583,False,178425.76469499
trade,ETHUSDT,143951413,3492.72,0.895435,False,3127.5037331999997
trade,BTCUSDT,111961409,97091.98,1.579575,False,153364.06430849998
trade,BTCUSDT,111960924,96955.44,0.431782,False,41863.61379408
trade,BTCUSDT,111961445,97296.62,0.289475,True,28164.9390745
trade,ETHUSDT,143950812,3509.1,1.742951,False,6116.1893541
trade,BTCUSDT,111961652,96846.0,0.3939,False,38147.6394
trade,ETHUSDT,143951043,3516.57,0.613372,False,2156.9655740400003
trade,ETHUSDT,143950654,3505.91,1.70404,True,5974.2108763999995
trade,BTCUSDT,111962057,97217.02,1.731965,False,168376.4760443
trade,ETHUSDT,143951434,3505.96,0.93181,True,3266.8885876
trade,ETHUSDT,143951298,3511.82,0.827946,False,2907.59732172
trade,BTCUSDT,111961263,97052.4,1.216431,True,118057.5479844
trade,BTCUSDT,111961364,97170.67,1.836494,False,178453.35243098
trade,ETHUSDT,143950646,3493.05,1.417158,True,4950.2037519
trade,BTCUSDT,111960190,97298.16,1.218173,True,118525.99146168
trade,BTCUSDT,111960615,96827.57,0.837965,True,81138.11469505
trade,ETHUSDT,143950309,3501.02,0.823869,True,2884.38184638
trade,BTCUSDT,111961121,96777.43,0.499332,False,48324.067676759994
trade,ETHUSDT,143951717,3511.79,1.951275,False,6852.46803225
trade,BTCUSDT,111960419,97434.2,0.462578,False,45070.9173676
trade,BTCUSDT,111961789,97382.44,1.703036,False,165845.80108784
trade,ETHUSDT,143951835,3492.12,1.166088,True,4072.11922656
trade,ETHUSDT,143951270,3502.68,1.366173,False,4785.26684364
trade,BTCUSDT,111961611,96688.29,0.418981,True,40510.55643249
trade,BTCUSDT,111961398,97260.78,1.603963,True,156002.69247114
trade,BTCUSDT,111960515,97415.87,0.953583,False,92894.11756221
trade,BTCUSDT,111960381,97361.01,1.658814,False,161503.80644214
trade,ETHUSDT,143951235,3496.29,0.624341,True,2182.8771948900003
trade,BTCUSDT,111961793,96603.23,0.299381,False,28921.17160063
trade,ETHUSDT,143950450,3483.82,1.280573,True,4461.28582886
trade,ETHUSDT,143950059,3507.87,0.6619,False,2321.859153
trade,ETHUSDT,143951628,3499.43,1.931958,False,6760.75178394
trade,ETHUSDT,143950316,3497.29,1.682469,False,5884.08200901
trade,BTCUSDT,111960981,96572.16,1.194233,True,115329.66035328
trade,BTCUSDT,111961303,96711.7,0.560637,True,54220.1573529
trade,BTCUSDT,111961600,97179.78,0.850118,True,82614.28021404
trade,BTCUSDT,111960506,96586.56,1.756818,True,169685.00716608
trade,BTCUSDT,111960455,97045.2,0.426837,False,41422.4820324
trade,ETHUSDT,143951239,3506.89,0.281247,True,986.3022918300001
trade,BTCUSDT,111961384,97184.51,0.782446,False,76041.63111146
trade,BTCUSDT,111961481,96907.32,1.355519,True,131359.71349908
trade,ETHUSDT,143950881,3513.88,0.773227,True,2717.0268907600002
trade,BTCUSDT,111961047,97290.51,0.579726,True,56401.83820025999
trade,BTCUSDT,111961829,96921.79,1.447578,False,140301.85092462
trade,ETHUSDT,143951877,3483.46,1.642062,True,5720.05729452
trade,ETHUSDT,143951049,3504.09,1.947944,True,6825.77109096
trade,ETHUSDT,143950204,3510.72,0.708117,True,2486.00051424
trade,BTCUSDT,111960861,97238.22,0.434435,True,42243.6861057
trade,BTCUSDT,111961175,96668.15,1.304461,True,126099.83161715
trade,BTCUSDT,111961983,97042.81,0.354786,False,34429.430388659996
trade,BTCUSDT,111960342,97417.96,0.692919,True,67502.75542524
trade,BTCUSDT,111960260,97086.53,0.188851,False,18334.88827703
trade,BTCUSDT,111960715,97010.15,0.278047,False,26973.381177049996
trade,ETHUSDT,143950198,3510.6,0.893394,True,3136.3489764
trade,BTCUSDT,111960542,97331.74,0.238554,True,23218.87590396
trade,ETHUSDT,143950590,3499.58,0.226321,False,792.02844518
