e,symbol,trade_id,price,quantity,trade_time,m,trade_value
trade,BTCUSDT,119557800,97423.81,0.245805,2026-03-20 04:31:24.634,True,23947.25961705
trade,ETHUSDT,111431385,3497.93,1.490467,2026-03-20 04:31:26.901,False,5213.54923331
trade,BTCUSDT,119557801,97106.37,1.988973,2026-03-20 04:31:27.637,True,193141.94805801
trade,BTCUSDT,119557802,96981.09,1.298284,2026-03-20 04:31:28.218,False,125908.99744955999
trade,ETHUSDT,111431386,3502.04,1.412044,2026-03-20 04:31:29.846,False,4945.0345697600005
trade,BTCUSDT,119557803,97405.17,1.559995,2026-03-20 04:31:32.703,True,151951.57817415
trade,ETHUSDT,111431387,3504.55,0.168716,2026-03-20 04:31:33.962,False,591.2736578
trade,BTCUSDT,119557804,97137.01,0.052342,2026-03-20 04:31:34.302,True,5084.34537742
trade,ETHUSDT,111431388,3486.83,1.264427,2026-03-20 04:31:34.433,False,4408.841996409999
trade,ETHUSDT,111431389,3495.19,0.925262,2026-03-20 04:31:34.815,True,3233.9664897800003
trade,BTCUSDT,119557805,97213.32,0.259316,2026-03-20 04:31:37.557,False,25208.96928912
trade,ETHUSDT,111431390,3503.71,1.676773,2026-03-20 04:31:38.234,True,5874.92632783
trade,BTCUSDT,119557806,97180.75,0.516064,2026-03-20 04:31:41.083,False,50151.486568
trade,ETHUSDT,111431391,3488.52,0.645836,2026-03-20 04:31:42.644,False,2253.0118027199997
trade,BTCUSDT,119557807,96564.69,0.147216,2026-03-20 04:31:45.277,True,14215.867403040002
trade,BTCUSDT,119557808,96725.3,0.380054,2026-03-20 04:31:46.425,False,36760.8371662
trade,ETHUSDT,111431392,3495.98,0.741255,2026-03-20 04:31:47.402,True,2591.4126549
trade,BTCUSDT,119557809,97096.94,1.445805,2026-03-20 04:31:48.065,False,140383.2413367
trade,BTCUSDT,119557810,97043.94,0.50395,2026-03-20 04:31:50.464,False,48905.293563
trade,ETHUSDT,111431393,3488.72,1.551858,2026-03-20 04:31:51.210,True,5413.99804176
trade,BTCUSDT,119557811,97409.95,1.271703,2026-03-20 04:31:51.452,True,123876.52564485
trade,ETHUSDT,111431394,3496.71,0.470355,2026-03-20 04:31:55.332,True,1644.69503205
trade,BTCUSDT,119557812,96733.83,1.686871,2026-03-20 04:31:56.316,True,163177.49254593
trade,ETHUSDT,111431395,3483.37,0.21203,2026-03-20 04:31:59.818,False,738.5789411
trade,ETHUSDT,111431396,3494.26,1.066038,2026-03-20 04:32:00.469,False,3725.0139418800004
trade,BTCUSDT,119557813,96577.21,1.90641,2026-03-20 04:32:01.007,True,184115.7589161
trade,BTCUSDT,119557814,97137.4,1.566825,2026-03-20 04:32:03.814,False,152197.30675499997
trade,BTCUSDT,119557815,96530.64,1.053257,2026-03-20 04:32:03.998,False,101671.57229448
trade,ETHUSDT,111431397,3482.5,0.844411,2026-03-20 04:32:05.211,False,2940.6613075
trade,BTCUSDT,119557816,96879.75,0.724193,2026-03-20 04:32:07.225,True,70159.63679175
trade,ETHUSDT,111431398,3502.58,1.257056,2026-03-20 04:32:08.208,True,4402.93920448
trade,BTCUSDT,119557817,97110.56,1.111476,2026-03-20 04:32:09.082,True,107936.05678655999
trade,ETHUSDT,111431399,3506.86,1.38795,2026-03-20 04:32:11.014,False,4867.346337
trade,BTCUSDT,119557818,97337.72,1.772324,2026-03-20 04:32:11.363,False,172513.97726128
trade,BTCUSDT,119557819,96987.57,0.066858,2026-03-20 04:32:14.520,False,6484.394955060001
trade,ETHUSDT,111431400,3506.52,0.266424,2026-03-20 04:32:15.238,False,934.22108448
trade,ETHUSDT,111431401,3497.19,0.303701,2026-03-20 04:32:16.437,True,1062.10010019
trade,BTCUSDT,119557820,97389.75,1.265561,2026-03-20 04:32:18.803,True,123252.66939975
trade,ETHUSDT,111431402,3504.41,1.929482,2026-03-20 04:32:20.847,True,6761.696015619999
trade,ETHUSDT,111431403,3503.31,0.7374,2026-03-20 04:32:21.085,False,2583.340794
trade,BTCUSDT,119557821,96534.5,1.648978,2026-03-20 04:32:22.368,True,159183.266741
trade,BTCUSDT,119557822,97421.44,0.563306,2026-03-20 04:32:24.379,False,54878.081680639996
trade,ETHUSDT,111431404,3501.25,1.949506,2026-03-20 04:32:25.350,True,6825.7078825
trade,BTCUSDT,119557823,96522.22,1.526861,2026-03-20 04:32:27.246,False,147376.01335142
trade,BTCUSDT,119557824,97274.95,0.357855,2026-03-20 04:32:27.468,True,34810.32723225
trade,ETHUSDT,111431405,3497.28,0.968974,2026-03-20 04:32:28.339,True,3388.7733907200004
trade,ETHUSDT,111431406,3502.93,1.826112,2026-03-20 04:32:28.942,True,6396.7425081599995
trade,ETHUSDT,111431407,3486.59,1.436537,2026-03-20 04:32:29.649,False,5008.61553883
trade,BTCUSDT,119557825,97469.58,1.603128,2026-03-20 04:32:29.853,True,156256.21284624
trade,BTCUSDT,119557826,97079.01,1.153815,2026-03-20 04:32:30.638,False,112011.21792314999
trade,ETHUSDT,111431408,3506.24,1.894509,2026-03-20 04:32:31.881,True,6642.603236159999
trade,ETHUSDT,111431409,3484.57,1.298192,2026-03-20 04:32:33.065,True,4523.64089744
trade,BTCUSDT,119557827,97268.81,1.77499,2026-03-20 04:32:33.693,True,172651.1650619
trade,BTCUSDT,119557828,96917.21,0.171652,2026-03-20 04:32:37.802,False,16636.032930920002
trade,ETHUSDT,111431410,3509.46,1.513252,2026-03-20 04:32:37.923,False,5310.6973639200005
trade,ETHUSDT,111431411,3483.68,0.288886,2026-03-20 04:32:40.498,True,1006.3863804799998
trade,ETHUSDT,111431412,3505.34,1.593459,2026-03-20 04:32:40.690,False,5585.61557106
trade,BTCUSDT,119557829,96999.84,0.879612,2026-03-20 04:32:41.943,True,85322.22326207999
trade,ETHUSDT,111431413,3516.89,1.830441,2026-03-20 04:32:43.050,False,6437.459648489999
trade,BTCUSDT,119557830,96898.04,1.311096,2026-03-20 04:32:45.750,False,127042.63265184
trade,ETHUSDT,111431414,3516.6,1.864484,2026-03-20 04:32:47.463,False,6556.6444344
trade,BTCUSDT,119557831,97301.6,1.923402,2026-03-20 04:32:48.368,False,187150.0920432
trade,BTCUSDT,119557832,96770.13,0.456648,2026-03-20 04:32:48.996,True,44189.886324240004
trade,ETHUSDT,111431415,3515.81,0.914847,2026-03-20 04:32:51.362,False,3216.42823107
trade,BTCUSDT,119557833,97232.41,1.707314,2026-03-20 04:32:53.122,True,166006.25484674002
trade,ETHUSDT,111431416,3493.92,0.049569,2026-03-20 04:32:55.251,True,173.19012048000002
trade,BTCUSDT,119557834,96583.43,0.724449,2026-03-20 04:32:55.718,False,69969.76928007
trade,BTCUSDT,119557835,96874.36,0.869179,2026-03-20 04:32:56.087,False,84201.15935044001
trade,BTCUSDT,119557836,96712.7,0.228369,2026-03-20 04:32:58.364,True,22086.182586299998
trade,ETHUSDT,111431417,3490.95,0.646752,2026-03-20 04:32:59.269,False,2257.7788944
trade,BTCUSDT,119557837,96525.46,1.570389,2026-03-20 04:33:02.414,False,151582.52060394
trade,ETHUSDT,111431418,3482.94,0.896472,2026-03-20 04:33:03.179,True,3122.3581876800004
trade,BTCUSDT,119557838,96631.71,0.245663,2026-03-20 04:33:04.312,False,23738.83577373
trade,ETHUSDT,111431419,3496.74,1.973901,2026-03-20 04:33:04.648,True,6902.218582739999
trade,BTCUSDT,119557839,96523.73,0.736466,2026-03-20 04:33:06.004,True,71086.44533818
trade,BTCUSDT,119557840,96784.1,0.507718,2026-03-20 04:33:07.064,False,49139.02968380001
trade,ETHUSDT,111431420,3516.38,1.037245,2026-03-20 04:33:09.422,True,3647.3475731
trade,ETHUSDT,111431421,3515.78,0.64819,2026-03-20 04:33:09.934,True,2278.8934382
trade,BTCUSDT,119557841,97189.83,0.09525,2026-03-20 04:33:11.639,False,9257.3313075
trade,ETHUSDT,111431422,3491.06,0.488498,2026-03-20 04:33:12.090,False,1705.3758278799999
trade,BTCUSDT,119557842,97397.96,0.711388,2026-03-20 04:33:14.432,True,69287.73996848
trade,ETHUSDT,111431423,3497.66,1.686151,2026-03-20 04:33:14.690,True,5897.58290666
trade,BTCUSDT,119557843,96964.38,0.02,2026-03-20 04:33:18.294,False,1939.2876
trade,ETHUSDT,111431424,3499.89,0.293899,2026-03-20 04:33:18.413,False,1028.6141711100001
trade,BTCUSDT,119557844,96691.52,1.550489,2026-03-20 04:33:18.592,False,149919.13815328002
trade,ETHUSDT,111431425,3516.78,1.521844,2026-03-20 04:33:18.681,False,5351.99054232
trade,ETHUSDT,111431426,3494.56,1.981628,2026-03-20 04:33:23.153,False,6924.91794368
trade,BTCUSDT,119557845,97381.22,0.368461,2026-03-20 04:33:23.514,True,35881.18170242
trade,BTCUSDT,119557846,97073.64,0.205151,2026-03-20 04:33:26.353,False,19914.75431964
trade,ETHUSDT,111431427,3487.51,0.145345,2026-03-20 04:33:27.636,True,506.89214095000005
trade,BTCUSDT,119557847,96980.33,0.055177,2026-03-20 04:33:29.535,True,5351.0836684099995
trade,ETHUSDT,111431428,3492.58,1.127413,2026-03-20 04:33:31.636,False,3937.58009554
trade,ETHUSDT,111431429,3503.04,1.152523,2026-03-20 04:33:32.384,True,4037.33416992
trade,BTCUSDT,119557848,96579.13,0.917023,2026-03-20 04:33:34.125,False,88565.28352999
trade,ETHUSDT,111431430,3495.2,1.142008,2026-03-20 04:33:34.133,True,3991.5463615999993
trade,ETHUSDT,111431431,3498.32,0.650738,2026-03-20 04:33:36.065,False,2276.48976016
trade,BTCUSDT,119557849,96764.1,1.315773,2026-03-20 04:33:36.647,True,127319.59014930001
trade,ETHUSDT,111431432,3512.6,1.413907,2026-03-20 04:33:37.125,True,4966.4897282
trade,ETHUSDT,111431433,3506.95,1.633606,2026-03-20 04:33:37.946,True,5728.974561699999
trade,BTCUSDT,119557850,96693.23,0.802665,2026-03-20 04:33:40.633,True,77612.27145794999
trade,ETHUSDT,111431434,3513.69,1.033443,2026-03-20 04:33:42.664,True,3631.19833467
trade,ETHUSDT,111431435,3512.43,0.616319,2026-03-20 04:33:43.045,False,2164.7773451699995
trade,BTCUSDT,119557851,97071.32,1.966266,2026-03-20 04:33:44.356,False,190868.03609112
trade,ETHUSDT,111431436,3506.82,1.525177,2026-03-20 04:33:44.949,False,5348.52120714
trade,BTCUSDT,119557852,97394.24,1.356139,2026-03-20 04:33:47.958,False,132080.12723936
trade,ETHUSDT,111431437,3508.05,1.687329,2026-03-20 04:33:48.640,False,5919.2344984500005
trade,ETHUSDT,111431438,3517.41,0.689964,2026-03-20 04:33:51.575,True,2426.88627324
trade,BTCUSDT,119557853,97474.28,0.809556,2026-03-20 04:33:51.855,True,78910.88821968001
trade,ETHUSDT,111431439,3507.61,0.935554,2026-03-20 04:33:54.966,True,3281.55856594
trade,BTCUSDT,119557854,97374.13,1.673889,2026-03-20 04:33:55.127,True,162993.48509157
trade,ETHUSDT,111431440,3487.51,1.966182,2026-03-20 04:33:56.055,False,6857.079386820001
trade,ETHUSDT,111431441,3485.82,0.001742,2026-03-20 04:33:59.276,False,6.072298440000001
trade,BTCUSDT,119557855,97188.58,0.486856,2026-03-20 04:33:59.727,False,47316.843304480004
trade,ETHUSDT,111431442,3498.31,0.274272,2026-03-20 04:34:02.070,True,959.48848032
trade,BTCUSDT,119557856,96544.4,1.908466,2026-03-20 04:34:04.219,True,184251.7048904
trade,BTCUSDT,119557857,97162.53,0.409931,2026-03-20 04:34:06.780,False,39829.93308543
trade,ETHUSDT,111431443,3502.76,0.574035,2026-03-20 04:34:06.790,False,2010.7068366
trade,BTCUSDT,119557858,96603.5,1.666184,2026-03-20 04:34:06.979,False,160959.20604400002
trade,ETHUSDT,111431444,3487.97,0.70625,2026-03-20 04:34:10.503,False,2463.3788125
trade,BTCUSDT,119557859,96680.75,1.437317,2026-03-20 04:34:11.129,True,138960.88554775
trade,ETHUSDT,111431445,3486.07,1.845633,2026-03-20 04:34:12.469,True,6434.00583231
trade,ETHUSDT,111431446,3497.86,0.984593,2026-03-20 04:34:12.819,False,3443.9684709800003
trade,BTCUSDT,119557860,97030.77,0.159925,2026-03-20 04:34:13.796,False,15517.645892250002
trade,ETHUSDT,111431447,3507.42,0.835426,2026-03-20 04:34:13.918,False,2930.1898609200002
trade,BTCUSDT,119557861,97344.79,0.269588,2026-03-20 04:34:15.952,True,26242.98724652
trade,BTCUSDT,119557862,96982.77,0.159953,2026-03-20 04:34:17.452,True,15512.685009810002
trade,ETHUSDT,111431448,3498.08,1.263195,2026-03-20 04:34:18.268,True,4418.7571656
trade,BTCUSDT,119557863,97476.29,0.577135,2026-03-20 04:34:18.644,True,56256.97862914999
trade,BTCUSDT,119557864,97154.84,0.64387,2026-03-20 04:34:20.653,True,62555.086830800006
trade,ETHUSDT,111431449,3511.8,0.244492,2026-03-20 04:34:22.215,True,858.6070056
trade,BTCUSDT,119557865,97274.56,1.023162,2026-03-20 04:34:24.668,False,99527.63335871999
trade,ETHUSDT,111431450,3505.7,1.720555,2026-03-20 04:34:26.504,True,6031.7496635
trade,BTCUSDT,119557866,97008.04,0.172253,2026-03-20 04:34:27.184,True,16709.92591412
trade,ETHUSDT,111431451,3488.93,0.383786,2026-03-20 04:34:27.745,False,1339.00248898
trade,ETHUSDT,111431452,3493.5,1.677762,2026-03-20 04:34:28.373,False,5861.261547
trade,BTCUSDT,119557867,96657.54,0.32179,2026-03-20 04:34:29.282,False,31103.4297966
trade,BTCUSDT,119557868,96695.72,0.482972,2026-03-20 04:34:30.940,False,46701.32527984
trade,ETHUSDT,111431453,3517.2,1.254875,2026-03-20 04:34:32.506,True,4413.64635
trade,BTCUSDT,119557869,97420.72,0.678265,2026-03-20 04:34:35.089,True,66077.0646508
trade,ETHUSDT,111431454,3497.81,0.20078,2026-03-20 04:34:37.228,False,702.2902918
trade,BTCUSDT,119557870,96987.75,0.815456,2026-03-20 04:34:39.288,True,79089.24266399999
trade,BTCUSDT,119557871,96995.73,0.045956,2026-03-20 04:34:39.993,False,4457.535767879999
trade,ETHUSDT,111431455,3485.99,0.097909,2026-03-20 04:34:40.197,False,341.30979490999994
trade,ETHUSDT,111431456,3503.68,1.338161,2026-03-20 04:34:41.548,False,4688.4879324799995
trade,ETHUSDT,111431457,3490.21,0.41558,2026-03-20 04:34:42.369,False,1450.4614718
trade,BTCUSDT,119557872,96906.93,1.129418,2026-03-20 04:34:42.642,False,109448.43106674
trade,ETHUSDT,111431458,3489.76,1.331815,2026-03-20 04:34:43.006,True,4647.7147144
trade,ETHUSDT,111431459,3490.17,0.656034,2026-03-20 04:34:43.956,False,2289.67018578
trade,BTCUSDT,119557873,96741.97,1.150068,2026-03-20 04:34:45.690,False,111259.84395396001
trade,ETHUSDT,111431460,3491.82,0.053118,2026-03-20 04:34:46.313,False,185.47849476
trade,BTCUSDT,119557874,97360.95,0.867656,2026-03-20 04:34:47.372,True,84475.8124332
trade,ETHUSDT,111431461,3484.29,0.821616,2026-03-20 04:34:48.608,True,2862.74841264
trade,BTCUSDT,119557875,96969.41,1.280387,2026-03-20 04:34:48.954,False,124158.37196167
trade,BTCUSDT,119557876,97321.8,0.404999,2026-03-20 04:34:51.516,True,39415.2316782
trade,BTCUSDT,119557877,97023.09,0.984923,2026-03-20 04:34:52.230,False,95560.27287207
trade,BTCUSDT,119557878,97023.9,1.426972,2026-03-20 04:34:53.068,True,138450.38863079998
trade,ETHUSDT,111431462,3483.93,1.531913,2026-03-20 04:34:53.302,True,5337.07765809
trade,BTCUSDT,119557879,96577.55,0.314549,2026-03-20 04:34:55.754,True,30378.371774950003
trade,ETHUSDT,111431463,3493.04,1.362881,2026-03-20 04:34:56.880,True,4760.59784824
trade,BTCUSDT,119557880,96853.45,1.608193,2026-03-20 04:34:58.892,True,155759.04031585
trade,ETHUSDT,111431464,3510.02,0.957581,2026-03-20 04:35:00.084,False,3361.12846162
trade,BTCUSDT,119557881,97221.23,1.527738,2026-03-20 04:35:02.105,False,148528.56747774
trade,ETHUSDT,111431465,3498.93,0.542748,2026-03-20 04:35:03.267,False,1899.03725964
trade,BTCUSDT,119557882,97192.4,1.017978,2026-03-20 04:35:04.499,True,98939.7249672
trade,BTCUSDT,119557883,96836.23,0.982366,2026-03-20 04:35:06.332,False,95128.61992017999
trade,BTCUSDT,119557884,96990.66,0.54959,2026-03-20 04:35:06.500,True,53305.096829400005
trade,BTCUSDT,119557885,96615.6,1.894957,2026-03-20 04:35:06.678,False,183082.40752920002
trade,ETHUSDT,111431466,3483.01,0.895167,2026-03-20 04:35:06.835,True,3117.8756126700005
trade,BTCUSDT,119557886,96716.69,0.824887,2026-03-20 04:35:07.113,False,79780.34026403
trade,BTCUSDT,119557887,96884.95,0.457577,2026-03-20 04:35:08.115,True,44332.32476615
trade,ETHUSDT,111431467,3506.4,1.52956,2026-03-20 04:35:10.248,True,5363.249184
trade,ETHUSDT,111431468,3491.22,0.592774,2026-03-20 04:35:11.412,True,2069.50444428
trade,BTCUSDT,119557888,97366.26,0.226411,2026-03-20 04:35:12.556,False,22044.79229286
trade,BTCUSDT,119557889,96741.74,0.642786,2026-03-20 04:35:13.314,True,62184.23608764
trade,ETHUSDT,111431469,3502.43,1.196488,2026-03-20 04:35:15.606,False,4190.61546584
trade,ETHUSDT,111431470,3500.95,1.512483,2026-03-20 04:35:16.610,True,5295.12735885
trade,ETHUSDT,111431471,3498.6,0.316447,2026-03-20 04:35:16.855,False,1107.1214742
trade,BTCUSDT,119557890,96540.17,1.961921,2026-03-20 04:35:17.065,True,189404.18686657
trade,ETHUSDT,111431472,3515.65,1.174621,2026-03-20 04:35:17.350,False,4129.556318649999
trade,BTCUSDT,119557891,97028.89,0.344408,2026-03-20 04:35:19.783,False,33417.52594712
trade,BTCUSDT,119557892,97468.09,1.24536,2026-03-20 04:35:19.941,False,121382.8605624
trade,ETHUSDT,111431473,3517.14,1.494507,2026-03-20 04:35:22.068,True,5256.39034998
trade,BTCUSDT,119557893,96533.43,0.840143,2026-03-20 04:35:22.218,True,81101.88548048999
trade,BTCUSDT,119557894,97074.01,0.666487,2026-03-20 04:35:24.840,True,64698.56570287
trade,ETHUSDT,111431474,3494.28,1.298702,2026-03-20 04:35:26.000,False,4538.0284245600005
trade,ETHUSDT,111431475,3500.22,1.718496,2026-03-20 04:35:29.484,False,6015.11406912
trade,BTCUSDT,119557895,97040.47,1.448177,2026-03-20 04:35:29.783,True,140531.77672319
trade,ETHUSDT,111431476,3486.38,1.438696,2026-03-20 04:35:30.859,True,5015.84096048
trade,BTCUSDT,119557896,97040.98,0.26872,2026-03-20 04:35:30.896,False,26076.8521456
trade,ETHUSDT,111431477,3497.08,1.658913,2026-03-20 04:35:33.234,True,5801.3514740400005
trade,ETHUSDT,111431478,3508.7,1.160406,2026-03-20 04:35:33.812,True,4071.5165322
trade,BTCUSDT,119557897,96662.76,1.684448,2026-03-20 04:35:35.824,True,162823.39275648
trade,ETHUSDT,111431479,3516.19,0.215338,2026-03-20 04:35:38.769,True,757.16932222
trade,BTCUSDT,119557898,96852.76,0.187845,2026-03-20 04:35:38.929,True,18193.3067022
trade,ETHUSDT,111431480,3483.84,1.284746,2026-03-20 04:35:40.228,True,4475.84950464
trade,ETHUSDT,111431481,3514.48,1.35281,2026-03-20 04:35:41.693,True,4754.4236888000005
trade,BTCUSDT,119557899,96939.18,1.729559,2026-03-20 04:35:41.775,True,167662.03122161998
trade,ETHUSDT,111431482,3516.73,1.887706,2026-03-20 04:35:42.868,True,6638.552321380001
trade,BTCUSDT,119557900,97333.96,0.321341,2026-03-20 04:35:43.257,False,31277.392040360002
trade,BTCUSDT,119557901,96648.07,1.920578,2026-03-20 04:35:43.442,True,185620.15698446002
trade,ETHUSDT,111431483,3485.55,1.225002,2026-03-20 04:35:43.463,False,4269.8057211
trade,ETHUSDT,111431484,3516.95,0.602396,2026-03-20 04:35:44.102,True,2118.5966122
trade,ETHUSDT,111431485,3500.22,0.047338,2026-03-20 04:35:44.463,True,165.69341436
trade,BTCUSDT,119557902,97037.41,0.605757,2026-03-20 04:35:44.711,True,58781.09036937
trade,BTCUSDT,119557903,97133.48,0.975137,2026-03-20 04:35:46.672,False,94718.45028676
trade,ETHUSDT,111431486,3499.52,0.613235,2026-03-20 04:35:46.725,True,2146.0281471999997
trade,BTCUSDT,119557904,97358.45,1.150568,2026-03-20 04:35:47.336,False,112017.5170996
trade,BTCUSDT,119557905,97381.11,0.258181,2026-03-20 04:35:49.069,True,25141.95236091
trade,BTCUSDT,119557906,96647.95,0.768931,2026-03-20 04:35:50.595,False,74315.60484145
trade,ETHUSDT,111431487,3482.97,0.428544,2026-03-20 04:35:50.678,False,1492.6058956799998
trade,ETHUSDT,111431488,3485.76,1.407383,2026-03-20 04:35:50.909,True,4905.79936608
trade,BTCUSDT,119557907,97444.02,1.7597,2026-03-20 04:35:50.909,True,171472.241994
trade,ETHUSDT,111431489,3498.22,1.558245,2026-03-20 04:35:51.990,False,5451.0838239
trade,ETHUSDT,111431490,3502.22,0.886045,2026-03-20 04:35:52.502,True,3103.1245198999995
trade,ETHUSDT,111431491,3482.98,0.771888,2026-03-20 04:35:54.380,False,2688.47046624
trade,ETHUSDT,111431492,3507.61,0.046751,2026-03-20 04:35:54.784,False,163.98427511
trade,BTCUSDT,119557908,96999.39,1.670742,2026-03-20 04:35:55.649,True,162060.95484738
trade,BTCUSDT,119557909,97388.28,1.688647,2026-03-20 04:35:55.882,False,164454.42685716
trade,ETHUSDT,111431493,3502.86,1.283109,2026-03-20 04:35:59.002,False,4494.55119174
trade,BTCUSDT,119557910,96529.46,1.324734,2026-03-20 04:35:59.439,True,127875.85766364001
trade,ETHUSDT,111431494,3492.37,1.086763,2026-03-20 04:36:02.772,False,3795.3784983099995
trade,BTCUSDT,119557911,96713.0,1.20138,2026-03-20 04:36:03.724,False,116189.06394
trade,ETHUSDT,111431495,3495.0,0.569748,2026-03-20 04:36:06.006,False,1991.26926
trade,BTCUSDT,119557912,96630.48,1.090028,2026-03-20 04:36:06.478,True,105329.92885344
trade,ETHUSDT,111431496,3515.96,0.068369,2026-03-20 04:36:08.077,True,240.38266924
trade,BTCUSDT,119557913,97293.51,0.14581,2026-03-20 04:36:08.362,False,14186.366693099999
trade,BTCUSDT,119557914,96883.89,1.079987,2026-03-20 04:36:10.673,False,104633.34170943001
trade,ETHUSDT,111431497,3510.5,0.830069,2026-03-20 04:36:11.635,False,2913.9572245
trade,ETHUSDT,111431498,3482.69,1.074367,2026-03-20 04:36:13.043,True,3741.6872072300002
trade,BTCUSDT,119557915,97120.64,0.139129,2026-03-20 04:36:13.338,False,13512.29752256
trade,BTCUSDT,119557916,96634.02,0.439695,2026-03-20 04:36:13.542,True,42489.4954239
trade,ETHUSDT,111431499,3504.48,0.461186,2026-03-20 04:36:14.867,False,1616.21711328
trade,BTCUSDT,119557917,97192.37,1.185892,2026-03-20 04:36:16.402,False,115259.65404403998
trade,BTCUSDT,119557918,97377.55,0.101158,2026-03-20 04:36:16.571,False,9850.5182029
trade,ETHUSDT,111431500,3499.57,0.498727,2026-03-20 04:36:17.801,False,1745.33004739
trade,ETHUSDT,111431501,3516.16,1.183663,2026-03-20 04:36:18.128,False,4161.948494079999
trade,ETHUSDT,111431502,3498.76,1.077673,2026-03-20 04:36:18.725,False,3770.5191854800005
trade,ETHUSDT,111431503,3507.53,1.482165,2026-03-20 04:36:20.365,False,5198.73820245
trade,BTCUSDT,119557919,96972.32,1.825759,2026-03-20 04:36:20.706,False,177048.08599088
trade,ETHUSDT,111431504,3517.22,0.926872,2026-03-20 04:36:21.620,True,3260.01273584
trade,ETHUSDT,111431505,3506.73,1.728439,2026-03-20 04:36:22.372,True,6061.16889447
trade,ETHUSDT,111431506,3510.09,0.040007,2026-03-20 04:36:22.658,False,140.42817063
trade,BTCUSDT,119557920,97096.75,1.396501,2026-03-20 04:36:22.951,False,135595.70847175
trade,BTCUSDT,119557921,97279.61,1.924752,2026-03-20 04:36:23.279,False,187239.12390672
trade,BTCUSDT,119557922,97008.95,0.209342,2026-03-20 04:36:23.734,False,20308.0476109
trade,ETHUSDT,111431507,3500.28,1.966503,2026-03-20 04:36:24.098,False,6883.31112084
trade,ETHUSDT,111431508,3498.74,1.26032,2026-03-20 04:36:25.986,True,4409.5319968
trade,BTCUSDT,119557923,97156.14,1.688278,2026-03-20 04:36:27.197,True,164026.57372692
trade,ETHUSDT,111431509,3499.14,0.042892,2026-03-20 04:36:28.632,False,150.08511288
trade,ETHUSDT,111431510,3488.62,0.392122,2026-03-20 04:36:29.685,False,1367.96465164
trade,BTCUSDT,119557924,96852.34,0.444488,2026-03-20 04:36:30.183,True,43049.70290192
trade,BTCUSDT,119557925,96616.9,0.331123,2026-03-20 04:36:30.578,True,31992.077778699997
trade,BTCUSDT,119557926,96906.57,1.83439,2026-03-20 04:36:32.783,False,177764.4429423
trade,ETHUSDT,111431511,3493.72,0.657342,2026-03-20 04:36:34.076,True,2296.56889224
trade,ETHUSDT,111431512,3499.67,0.933975,2026-03-20 04:36:37.083,True,3268.60428825
trade,BTCUSDT,119557927,96965.8,0.237656,2026-03-20 04:36:37.710,True,23044.5041648
trade,BTCUSDT,119557928,96754.13,0.4702,2026-03-20 04:36:38.747,False,45493.791926000005
trade,ETHUSDT,111431513,3491.57,1.798658,2026-03-20 04:36:40.355,True,6280.140313060001
trade,ETHUSDT,111431514,3510.88,1.626512,2026-03-20 04:36:42.202,True,5710.48845056
trade,BTCUSDT,119557929,97396.21,1.789893,2026-03-20 04:36:42.804,False,174328.79450553
trade,ETHUSDT,111431515,3494.74,1.131733,2026-03-20 04:36:43.609,True,3955.11258442
trade,ETHUSDT,111431516,3507.57,0.72315,2026-03-20 04:36:44.390,False,2536.4992455
trade,ETHUSDT,111431517,3504.5,0.220092,2026-03-20 04:36:45.289,False,771.312414
trade,BTCUSDT,119557930,96922.78,0.437677,2026-03-20 04:36:47.713,False,42420.87158206
trade,ETHUSDT,111431518,3511.39,1.276569,2026-03-20 04:36:49.138,False,4482.53162091
trade,ETHUSDT,111431519,3485.54,0.688757,2026-03-20 04:36:49.696,True,2400.6900737799997
trade,BTCUSDT,119557931,96771.97,1.780246,2026-03-20 04:36:51.808,True,172277.91250462
trade,BTCUSDT,119557932,97021.2,0.031756,2026-03-20 04:36:52.007,True,3081.0052272
trade,ETHUSDT,111431520,3505.78,0.460282,2026-03-20 04:36:53.848,False,1613.6474299600002
trade,BTCUSDT,119557933,97281.02,0.679085,2026-03-20 04:36:54.956,False,66062.08146670001
trade,BTCUSDT,119557934,97333.31,1.911477,2026-03-20 04:36:55.452,True,186050.38339887
trade,ETHUSDT,111431521,3509.81,0.369082,2026-03-20 04:36:56.784,False,1295.40769442
trade,ETHUSDT,111431522,3511.69,1.568431,2026-03-20 04:36:57.030,False,5507.84345839
trade,BTCUSDT,119557935,96976.76,0.963912,2026-03-20 04:36:58.615,False,93477.06268511999
trade,ETHUSDT,111431523,3516.89,0.223796,2026-03-20 04:37:00.490,False,787.0659144399999
trade,ETHUSDT,111431524,3492.65,0.521684,2026-03-20 04:37:01.189,True,1822.0596226000002
trade,ETHUSDT,111431525,3489.58,0.239245,2026-03-20 04:37:02.266,False,834.8645671
trade,BTCUSDT,119557936,97199.98,0.649574,2026-03-20 04:37:03.283,True,63138.57980851999
trade,BTCUSDT,119557937,97447.26,1.843724,2026-03-20 04:37:03.464,True,179665.85199623997
trade,ETHUSDT,111431526,3505.58,1.657658,2026-03-20 04:37:05.354,True,5811.05273164
trade,BTCUSDT,119557938,97049.24,1.996301,2026-03-20 04:37:06.045,False,193739.49486124003
trade,BTCUSDT,119557939,96541.3,0.415775,2026-03-20 04:37:06.232,True,40139.4590075
trade,ETHUSDT,111431527,3500.77,1.081419,2026-03-20 04:37:09.307,True,3785.7991926299997
trade,ETHUSDT,111431528,3515.78,1.23548,2026-03-20 04:37:10.917,True,4343.6758744
trade,BTCUSDT,119557940,96797.59,0.320141,2026-03-20 04:37:11.066,True,30988.87726019
trade,ETHUSDT,111431529,3491.4,0.034708,2026-03-20 04:37:11.694,True,121.17951120000001
trade,ETHUSDT,111431530,3503.07,0.115268,2026-03-20 04:37:13.686,True,403.79187276
trade,BTCUSDT,119557941,97251.29,0.798571,2026-03-20 04:37:14.141,True,77662.05990659
trade,ETHUSDT,111431531,3509.26,1.695308,2026-03-20 04:37:17.372,True,5949.27655208
trade,BTCUSDT,119557942,97316.57,0.386781,2026-03-20 04:37:17.707,True,37640.20026117
trade,ETHUSDT,111431532,3497.91,0.370454,2026-03-20 04:37:18.235,True,1295.81475114
trade,BTCUSDT,119557943,96896.11,0.041534,2026-03-20 04:37:21.065,True,4024.48303274
trade,ETHUSDT,111431533,3513.81,0.59081,2026-03-20 04:37:22.047,False,2075.9940861
trade,ETHUSDT,111431534,3486.29,1.66816,2026-03-20 04:37:24.547,True,5815.6895264
trade,BTCUSDT,119557944,96598.96,0.314632,2026-03-20 04:37:25.121,True,30393.123982720004
trade,BTCUSDT,119557945,97386.79,0.626507,2026-03-20 04:37:28.095,True,61013.50564253
trade,BTCUSDT,119557946,96743.07,0.317114,2026-03-20 04:37:28.380,True,30678.581899980003
trade,ETHUSDT,111431535,3502.65,1.420063,2026-03-20 04:37:28.612,True,4973.98366695
trade,BTCUSDT,119557947,97371.05,1.75482,2026-03-20 04:37:31.517,False,170868.66596100002
trade,ETHUSDT,111431536,3484.9,1.886156,2026-03-20 04:37:32.091,False,6573.0650444
trade,ETHUSDT,111431537,3503.04,1.826552,2026-03-20 04:37:34.425,False,6398.48471808
trade,BTCUSDT,119557948,97470.07,1.993081,2026-03-20 04:37:34.439,False,194265.74458567004
trade,BTCUSDT,119557949,97450.1,0.129804,2026-03-20 04:37:35.027,False,12649.412780400002
trade,ETHUSDT,111431538,3489.01,0.580171,2026-03-20 04:37:35.387,True,2024.22242071
trade,ETHUSDT,111431539,3487.32,1.160705,2026-03-20 04:37:36.581,False,4047.7497606000006
trade,BTCUSDT,119557950,97189.55,0.631925,2026-03-20 04:37:38.345,False,61416.50638375
trade,ETHUSDT,111431540,3485.01,0.907433,2026-03-20 04:37:39.892,True,3162.4130793300005
trade,BTCUSDT,119557951,96782.6,1.016828,2026-03-20 04:37:42.637,False,98411.25759280002
trade,ETHUSDT,111431541,3512.54,1.634201,2026-03-20 04:37:43.427,True,5740.19638054
trade,BTCUSDT,119557952,96530.61,0.462979,2026-03-20 04:37:44.074,False,44691.64528719
trade,ETHUSDT,111431542,3507.61,0.342217,2026-03-20 04:37:45.744,True,1200.36377137
trade,BTCUSDT,119557953,97305.16,0.041866,2026-03-20 04:37:46.512,False,4073.77782856
trade,BTCUSDT,119557954,97437.96,0.650805,2026-03-20 04:37:46.641,False,63413.1115578
trade,ETHUSDT,111431543,3510.26,0.378338,2026-03-20 04:37:48.147,True,1328.0647478800001
trade,BTCUSDT,119557955,97345.76,1.066763,2026-03-20 04:37:51.592,True,103844.85497487999
trade,ETHUSDT,111431544,3497.28,0.209429,2026-03-20 04:37:51.671,True,732.43185312
trade,ETHUSDT,111431545,3493.97,0.628151,2026-03-20 04:37:51.877,True,2194.74074947
trade,ETHUSDT,111431546,3485.21,1.670557,2026-03-20 04:37:53.737,False,5822.24196197
trade,BTCUSDT,119557956,97310.58,1.992413,2026-03-20 04:37:55.646,False,193882.86462954
trade,BTCUSDT,119557957,96531.78,1.902381,2026-03-20 04:37:57.787,True,183640.22416818
trade,ETHUSDT,111431547,3483.87,0.444457,2026-03-20 04:37:58.624,True,1548.4304085899998
trade,ETHUSDT,111431548,3507.83,1.739775,2026-03-20 04:37:58.859,True,6102.83493825
trade,BTCUSDT,119557958,97082.1,1.199093,2026-03-20 04:37:59.525,True,116410.4665353
trade,ETHUSDT,111431549,3516.54,0.878846,2026-03-20 04:38:03.091,True,3090.49711284
trade,BTCUSDT,119557959,97177.66,1.743189,2026-03-20 04:38:04.296,False,169399.02795774
trade,BTCUSDT,119557960,96734.95,0.453358,2026-03-20 04:38:05.774,True,43855.5634621
trade,ETHUSDT,111431550,3502.65,0.404461,2026-03-20 04:38:06.089,False,1416.68532165
trade,ETHUSDT,111431551,3496.07,1.825898,2026-03-20 04:38:08.763,True,6383.46722086
trade,ETHUSDT,111431552,3515.21,0.808188,2026-03-20 04:38:09.285,False,2840.9505394800003
trade,BTCUSDT,119557961,97328.07,1.790663,2026-03-20 04:38:09.882,False,174281.77381041
trade,ETHUSDT,111431553,3507.16,1.976588,2026-03-20 04:38:13.417,False,6932.21037008
trade,BTCUSDT,119557962,96580.36,1.320074,2026-03-20 04:38:14.117,True,127493.22214664
trade,ETHUSDT,111431554,3490.66,1.664494,2026-03-20 04:38:15.222,False,5810.182626039999
trade,BTCUSDT,119557963,97348.74,1.756248,2026-03-20 04:38:16.107,True,170968.52992752002
trade,ETHUSDT,111431555,3492.15,0.085431,2026-03-20 04:38:19.393,False,298.33786665
trade,ETHUSDT,111431556,3483.02,1.265933,2026-03-20 04:38:19.702,False,4409.26995766
trade,BTCUSDT,119557964,97121.94,1.855631,2026-03-20 04:38:19.926,False,180222.48264414
trade,ETHUSDT,111431557,3483.04,0.233432,2026-03-20 04:38:22.102,False,813.05299328
trade,BTCUSDT,119557965,97293.15,0.877851,2026-03-20 04:38:22.962,False,85408.88902065
trade,ETHUSDT,111431558,3486.17,0.031321,2026-03-20 04:38:23.666,True,109.19033057000001
trade,ETHUSDT,111431559,3510.62,0.415544,2026-03-20 04:38:25.647,True,1458.8170772800001
trade,BTCUSDT,119557966,97256.05,1.411837,2026-03-20 04:38:26.681,False,137309.68986385
trade,BTCUSDT,119557967,96965.56,1.114667,2026-03-20 04:38:27.212,False,108084.30986852001
trade,ETHUSDT,111431560,3516.88,0.80111,2026-03-20 04:38:27.482,True,2817.4077368
trade,BTCUSDT,119557968,96889.27,1.866526,2026-03-20 04:38:27.734,True,180846.34157602
trade,ETHUSDT,111431561,3496.08,1.261207,2026-03-20 04:38:30.200,True,4409.28056856
trade,BTCUSDT,119557969,97221.89,1.435318,2026-03-20 04:38:32.017,False,139544.32871102
trade,ETHUSDT,111431562,3484.8,0.697807,2026-03-20 04:38:34.436,False,2431.7178336
trade,BTCUSDT,119557970,97227.87,1.946928,2026-03-20 04:38:36.478,True,189295.66248335998
trade,ETHUSDT,111431563,3486.48,0.724774,2026-03-20 04:38:39.169,True,2526.9100555200002
trade,BTCUSDT,119557971,96917.34,0.342272,2026-03-20 04:38:41.085,True,33172.09179648
trade,ETHUSDT,111431564,3487.44,0.221132,2026-03-20 04:38:43.671,False,771.18458208
trade,BTCUSDT,119557972,97132.92,1.884123,2026-03-20 04:38:45.343,False,183010.36862916
trade,ETHUSDT,111431565,3507.04,1.814899,2026-03-20 04:38:45.665,True,6364.92338896
trade,ETHUSDT,111431566,3482.87,1.808216,2026-03-20 04:38:47.896,True,6297.78125992
trade,BTCUSDT,119557973,97343.93,0.119663,2026-03-20 04:38:48.646,False,11648.46669559
trade,ETHUSDT,111431567,3490.27,1.55934,2026-03-20 04:38:50.414,True,5442.5176218
trade,ETHUSDT,111431568,3505.36,0.041443,2026-03-20 04:38:51.732,False,145.27263448
trade,BTCUSDT,119557974,97433.42,1.336402,2026-03-20 04:38:51.867,True,130210.21735484
trade,ETHUSDT,111431569,3489.08,0.67397,2026-03-20 04:38:55.149,False,2351.5352476
trade,BTCUSDT,119557975,96710.8,0.422105,2026-03-20 04:38:55.555,False,40822.112234
trade,BTCUSDT,119557976,96695.51,0.907851,2026-03-20 04:38:56.626,False,87785.11544900999
trade,ETHUSDT,111431570,3486.19,1.304194,2026-03-20 04:38:57.117,False,4546.66808086
trade,BTCUSDT,119557977,96673.16,1.671254,2026-03-20 04:39:00.793,False,161565.40534264
trade,ETHUSDT,111431571,3508.98,0.753397,2026-03-20 04:39:01.509,True,2643.65500506
trade,ETHUSDT,111431572,3482.76,1.639307,2026-03-20 04:39:03.999,False,5709.31284732
trade,BTCUSDT,119557978,97356.94,1.183861,2026-03-20 04:39:04.977,False,115257.08434534
trade,ETHUSDT,111431573,3483.2,1.616367,2026-03-20 04:39:06.450,True,5630.1295344
trade,BTCUSDT,119557979,96524.89,1.257128,2026-03-20 04:39:06.611,False,121344.14191592
trade,BTCUSDT,119557980,97455.69,0.563015,2026-03-20 04:39:09.131,False,54869.01530535
trade,ETHUSDT,111431574,3510.82,0.517797,2026-03-20 04:39:09.514,False,1817.89206354
trade,ETHUSDT,111431575,3489.57,0.588492,2026-03-20 04:39:11.314,False,2053.58402844
trade,BTCUSDT,119557981,97011.49,0.02753,2026-03-20 04:39:11.410,False,2670.7263197
trade,ETHUSDT,111431576,3498.74,1.793513,2026-03-20 04:39:13.168,True,6275.035673619999
trade,ETHUSDT,111431577,3487.96,1.49548,2026-03-20 04:39:13.386,False,5216.1744208
trade,BTCUSDT,119557982,97180.42,0.561543,2026-03-20 04:39:13.409,False,54570.98458806
trade,BTCUSDT,119557983,96620.24,1.410115,2026-03-20 04:39:16.222,False,136245.64972760002
trade,ETHUSDT,111431578,3508.21,1.339196,2026-03-20 04:39:17.387,True,4698.18079916
trade,BTCUSDT,119557984,96939.8,0.389773,2026-03-20 04:39:17.894,False,37784.5166654
trade,ETHUSDT,111431579,3508.17,0.775915,2026-03-20 04:39:19.684,False,2722.04172555
trade,ETHUSDT,111431580,3504.13,0.584866,2026-03-20 04:39:20.245,False,2049.4464965800003
trade,BTCUSDT,119557985,97061.47,0.570459,2026-03-20 04:39:22.855,True,55369.589114730006
trade,BTCUSDT,119557986,97050.69,1.887762,2026-03-20 04:39:23.488,False,183208.60465578
trade,ETHUSDT,111431581,3496.05,0.365233,2026-03-20 04:39:23.709,True,1276.87282965
trade,BTCUSDT,119557987,96990.41,1.119727,2026-03-20 04:39:25.182,False,108602.78081807
trade,ETHUSDT,111431582,3492.55,1.671767,2026-03-20 04:39:25.741,True,5838.72983585
trade,BTCUSDT,119557988,96690.55,1.586351,2026-03-20 04:39:28.677,False,153385.15068305001
trade,ETHUSDT,111431583,3498.06,1.862986,2026-03-20 04:39:29.886,False,6516.83680716
trade,ETHUSDT,111431584,3511.03,1.181449,2026-03-20 04:39:31.230,False,4148.10288247
trade,BTCUSDT,119557989,97049.55,0.686402,2026-03-20 04:39:32.048,True,66615.0052191
trade,ETHUSDT,111431585,3494.6,1.55774,2026-03-20 04:39:33.947,True,5443.678204
trade,BTCUSDT,119557990,96597.76,1.004733,2026-03-20 04:39:35.696,True,97054.95719808001
trade,ETHUSDT,111431586,3502.63,1.239113,2026-03-20 04:39:37.546,False,4340.15436719
trade,ETHUSDT,111431587,3511.78,0.630552,2026-03-20 04:39:39.027,False,2214.35990256
trade,BTCUSDT,119557991,96821.26,1.659602,2026-03-20 04:39:39.613,False,160684.75673852
trade,ETHUSDT,111431588,3508.92,1.34823,2026-03-20 04:39:39.643,False,4730.831211600001
trade,ETHUSDT,111431589,3491.78,1.482404,2026-03-20 04:39:41.886,False,5176.2286391200005
trade,ETHUSDT,111431590,3483.73,1.194998,2026-03-20 04:39:42.683,True,4163.05038254
trade,BTCUSDT,119557992,96832.02,1.989293,2026-03-20 04:39:42.771,True,192627.25956186
trade,ETHUSDT,111431591,3508.11,1.761515,2026-03-20 04:39:44.521,True,6179.58838665
trade,BTCUSDT,119557993,97224.57,0.793282,2026-03-20 04:39:46.716,False,77126.50133874001
trade,ETHUSDT,111431592,3485.15,0.346458,2026-03-20 04:39:47.717,False,1207.4580987
trade,ETHUSDT,111431593,3499.08,0.462192,2026-03-20 04:39:48.060,False,1617.2467833599999
trade,ETHUSDT,111431594,3510.38,0.268239,2026-03-20 04:39:51.260,True,941.6208208200001
trade,BTCUSDT,119557994,96678.56,0.591796,2026-03-20 04:39:51.643,False,57213.98509376
trade,ETHUSDT,111431595,3516.54,0.211266,2026-03-20 04:39:54.619,True,742.9253396400001
trade,BTCUSDT,119557995,96971.31,0.742252,2026-03-20 04:39:56.469,True,71977.14879012
trade,ETHUSDT,111431596,3510.49,0.23752,2026-03-20 04:39:56.652,False,833.8115848
trade,BTCUSDT,119557996,96747.53,0.188305,2026-03-20 04:39:56.838,True,18218.04363665
trade,ETHUSDT,111431597,3516.6,1.087201,2026-03-20 04:39:57.447,True,3823.2510366
trade,BTCUSDT,119557997,96785.14,0.237227,2026-03-20 04:39:57.465,True,22960.04840678
trade,BTCUSDT,119557998,97483.17,1.648492,2026-03-20 04:40:01.014,False,160700.22587964
trade,BTCUSDT,119557999,97123.21,1.263185,2026-03-20 04:40:01.197,True,122684.58202385
trade,ETHUSDT,111431598,3512.26,0.594345,2026-03-20 04:40:01.684,True,2087.4941697000004
trade,ETHUSDT,111431599,3515.91,1.765148,2026-03-20 04:40:02.351,True,6206.101504679999
trade,BTCUSDT,119558000,97453.2,0.917084,2026-03-20 04:40:02.760,True,89372.7704688
trade,BTCUSDT,119558001,96963.53,0.492586,2026-03-20 04:40:06.182,False,47762.877388580004
trade,ETHUSDT,111431600,3511.07,1.835782,2026-03-20 04:40:07.304,False,6445.55910674
trade,BTCUSDT,119558002,96589.08,0.237504,2026-03-20 04:40:07.599,True,22940.29285632
trade,ETHUSDT,111431601,3503.06,0.943924,2026-03-20 04:40:09.943,True,3306.6224074399997
trade,BTCUSDT,119558003,97420.0,1.122709,2026-03-20 04:40:11.032,True,109374.31078
trade,BTCUSDT,119558004,96562.31,1.431688,2026-03-20 04:40:11.762,False,138247.10047928
trade,ETHUSDT,111431602,3490.52,0.38422,2026-03-20 04:40:13.767,True,1341.1275944
trade,ETHUSDT,111431603,3508.91,1.853013,2026-03-20 04:40:14.413,True,6502.05584583
trade,BTCUSDT,119558005,97296.89,1.713305,2026-03-20 04:40:14.972,False,166699.24812145001
trade,ETHUSDT,111431604,3501.95,0.843757,2026-03-20 04:40:16.983,False,2954.7948261499996
trade,ETHUSDT,111431605,3515.45,1.171199,2026-03-20 04:40:18.493,False,4117.29152455
trade,BTCUSDT,119558006,97116.93,1.032355,2026-03-20 04:40:19.120,True,100259.14827014998
trade,ETHUSDT,111431606,3492.42,1.790243,2026-03-20 04:40:22.639,True,6252.2804580600005
trade,BTCUSDT,119558007,97098.93,1.953415,2026-03-20 04:40:22.728,True,189674.50634594998
trade,ETHUSDT,111431607,3490.12,1.807357,2026-03-20 04:40:26.374,True,6307.89281284
trade,BTCUSDT,119558008,96518.18,0.903553,2026-03-20 04:40:27.245,True,87209.29109354
trade,BTCUSDT,119558009,97288.11,1.862576,2026-03-20 04:40:27.524,False,181206.49877136
trade,BTCUSDT,119558010,96824.49,0.52839,2026-03-20 04:40:29.122,True,51161.0922711
trade,BTCUSDT,119558011,96603.44,0.335142,2026-03-20 04:40:30.726,True,32375.870088480002
trade,ETHUSDT,111431608,3504.78,0.805027,2026-03-20 04:40:31.363,True,2821.44252906
trade,BTCUSDT,119558012,96693.7,1.327082,2026-03-20 04:40:31.542,True,128320.4687834
trade,ETHUSDT,111431609,3498.8,1.287044,2026-03-20 04:40:33.737,False,4503.109547200001
trade,BTCUSDT,119558013,96989.93,0.993922,2026-03-20 04:40:35.704,True,96400.42520546
trade,ETHUSDT,111431610,3491.14,1.384273,2026-03-20 04:40:37.275,False,4832.69084122
trade,ETHUSDT,111431611,3488.76,1.711769,2026-03-20 04:40:40.059,True,5971.95121644
trade,BTCUSDT,119558014,96670.84,1.835695,2026-03-20 04:40:40.693,False,177458.1776338
trade,BTCUSDT,119558015,97123.2,0.506777,2026-03-20 04:40:40.879,False,49219.8039264
trade,ETHUSDT,111431612,3509.23,1.366342,2026-03-20 04:40:41.731,True,4794.808336659999
trade,ETHUSDT,111431613,3515.84,0.053226,2026-03-20 04:40:42.960,True,187.13409984
trade,BTCUSDT,119558016,97111.41,0.152478,2026-03-20 04:40:44.856,False,14807.35357398
trade,BTCUSDT,119558017,96976.79,0.956951,2026-03-20 04:40:45.901,True,92802.03616728999
trade,ETHUSDT,111431614,3508.82,1.086511,2026-03-20 04:40:47.560,True,3812.37152702
trade,ETHUSDT,111431615,3506.61,0.458269,2026-03-20 04:40:48.630,False,1606.97065809
trade,ETHUSDT,111431616,3513.5,1.195771,2026-03-20 04:40:50.401,False,4201.3414084999995
trade,BTCUSDT,119558018,97261.77,1.042089,2026-03-20 04:40:50.539,True,101355.42063753001
trade,ETHUSDT,111431617,3509.17,0.109403,2026-03-20 04:40:50.850,True,383.91372551
trade,BTCUSDT,119558019,96903.17,0.387545,2026-03-20 04:40:52.365,True,37554.339017649996
trade,ETHUSDT,111431618,3506.08,0.629454,2026-03-20 04:40:53.658,False,2206.9160803199998
trade,ETHUSDT,111431619,3491.84,0.279478,2026-03-20 04:40:54.320,False,975.8924595200001
trade,BTCUSDT,119558020,96763.07,0.46118,2026-03-20 04:40:56.006,False,44625.1926226
trade,BTCUSDT,119558021,97297.79,1.144965,2026-03-20 04:40:56.236,True,111402.56412735
trade,BTCUSDT,119558022,97167.76,1.949967,2026-03-20 04:40:56.658,True,189473.92546392
trade,BTCUSDT,119558023,97191.63,1.177049,2026-03-20 04:40:57.016,False,114399.31089987
trade,ETHUSDT,111431620,3505.41,1.515952,2026-03-20 04:40:57.730,False,5314.033300319999
trade,BTCUSDT,119558024,97169.16,0.511299,2026-03-20 04:41:01.012,True,49682.49433884
trade,ETHUSDT,111431621,3500.48,0.561674,2026-03-20 04:41:01.905,True,1966.12860352
trade,ETHUSDT,111431622,3507.39,1.25026,2026-03-20 04:41:03.924,True,4385.1494213999995
trade,BTCUSDT,119558025,97216.71,1.905466,2026-03-20 04:41:04.579,False,185243.13553686003
trade,ETHUSDT,111431623,3491.97,0.957599,2026-03-20 04:41:07.946,True,3343.90698003
trade,BTCUSDT,119558026,96653.09,1.763302,2026-03-20 04:41:09.446,False,170428.58690318
trade,ETHUSDT,111431624,3503.9,0.206839,2026-03-20 04:41:09.929,False,724.7431721
trade,ETHUSDT,111431625,3506.46,0.793558,2026-03-20 04:41:12.138,True,2782.57938468
trade,BTCUSDT,119558027,96610.85,0.124772,2026-03-20 04:41:12.976,True,12054.3289762
trade,BTCUSDT,119558028,96764.38,0.017754,2026-03-20 04:41:13.855,False,1717.95480252
trade,ETHUSDT,111431626,3506.97,1.557738,2026-03-20 04:41:16.912,True,5462.94043386
trade,BTCUSDT,119558029,97069.9,0.826442,2026-03-20 04:41:17.773,False,80222.64229579999
trade,BTCUSDT,119558030,96672.62,0.766045,2026-03-20 04:41:18.323,False,74055.5771879
trade,ETHUSDT,111431627,3486.26,1.505749,2026-03-20 04:41:21.798,True,5249.43250874
trade,BTCUSDT,119558031,96912.02,1.859518,2026-03-20 04:41:22.291,True,180209.64560636002
trade,ETHUSDT,111431628,3488.42,0.622513,2026-03-20 04:41:23.406,True,2171.58679946
trade,BTCUSDT,119558032,97149.97,0.28203,2026-03-20 04:41:26.421,True,27399.2060391
trade,ETHUSDT,111431629,3506.02,0.816799,2026-03-20 04:41:28.083,False,2863.71362998
trade,BTCUSDT,119558033,97173.12,0.90579,2026-03-20 04:41:31.150,True,88018.4403648
trade,ETHUSDT,111431630,3507.53,0.326937,2026-03-20 04:41:31.332,True,1146.74133561
trade,BTCUSDT,119558034,97362.47,0.253739,2026-03-20 04:41:32.026,True,24704.65577533
trade,ETHUSDT,111431631,3487.24,0.466389,2026-03-20 04:41:32.680,False,1626.4103763599999
trade,ETHUSDT,111431632,3483.02,1.363536,2026-03-20 04:41:34.277,True,4749.22315872
trade,BTCUSDT,119558035,97271.15,1.33233,2026-03-20 04:41:36.475,False,129597.2712795
trade,ETHUSDT,111431633,3492.53,1.219056,2026-03-20 04:41:37.009,False,4257.58965168
trade,BTCUSDT,119558036,96631.59,0.978479,2026-03-20 04:41:39.513,True,94551.98155160999
trade,ETHUSDT,111431634,3494.26,0.512376,2026-03-20 04:41:41.398,False,1790.3749617600004
trade,ETHUSDT,111431635,3508.93,0.06797,2026-03-20 04:41:41.815,False,238.5019721
trade,BTCUSDT,119558037,96953.56,0.372129,2026-03-20 04:41:42.502,False,36079.23132924
trade,ETHUSDT,111431636,3497.95,1.365339,2026-03-20 04:41:42.628,True,4775.88755505
trade,ETHUSDT,111431637,3498.69,0.580913,2026-03-20 04:41:44.740,True,2032.4345039700002
trade,BTCUSDT,119558038,96654.84,1.98372,2026-03-20 04:41:46.322,False,191736.13920479998
trade,BTCUSDT,119558039,97455.37,1.16344,2026-03-20 04:41:46.898,True,113383.47567279999
trade,ETHUSDT,111431638,3517.47,1.90716,2026-03-20 04:41:47.704,True,6708.378085199999
trade,ETHUSDT,111431639,3507.12,0.710783,2026-03-20 04:41:48.180,True,2492.8012749600002
trade,ETHUSDT,111431640,3513.88,1.339685,2026-03-20 04:41:50.673,True,4707.492327800001
trade,BTCUSDT,119558040,97057.93,0.769437,2026-03-20 04:41:51.549,False,74679.96248541
trade,BTCUSDT,119558041,96537.88,0.001322,2026-03-20 04:41:52.485,False,127.62307736000001
trade,BTCUSDT,119558042,97087.48,0.191042,2026-03-20 04:41:54.771,False,18547.786354159998
trade,ETHUSDT,111431641,3506.63,1.26675,2026-03-20 04:41:55.434,True,4442.023552500001
trade,ETHUSDT,111431642,3482.67,1.973391,2026-03-20 04:41:56.520,False,6872.66963397
trade,BTCUSDT,119558043,97038.15,0.306264,2026-03-20 04:41:58.541,True,29719.291971599996
trade,ETHUSDT,111431643,3515.51,0.523034,2026-03-20 04:42:00.882,False,1838.7312573400002
trade,BTCUSDT,119558044,97202.36,1.4821,2026-03-20 04:42:01.566,False,144063.617756
trade,BTCUSDT,119558045,96634.51,1.375137,2026-03-20 04:42:02.506,True,132885.69017787
trade,ETHUSDT,111431644,3509.0,1.144915,2026-03-20 04:42:05.047,False,4017.5067349999995
trade,ETHUSDT,111431645,3502.62,1.374568,2026-03-20 04:42:05.388,False,4814.58936816
trade,ETHUSDT,111431646,3503.94,0.716444,2026-03-20 04:42:06.425,False,2510.3767893599997
trade,BTCUSDT,119558046,96866.37,1.925702,2026-03-20 04:42:07.432,False,186535.76244174
trade,BTCUSDT,119558047,96871.76,0.48508,2026-03-20 04:42:07.654,False,46990.5533408
trade,BTCUSDT,119558048,97480.49,0.959254,2026-03-20 04:42:08.793,False,93508.54995446002
trade,ETHUSDT,111431647,3500.8,1.466688,2026-03-20 04:42:08.940,False,5134.5813504
trade,ETHUSDT,111431648,3487.61,1.614992,2026-03-20 04:42:11.711,True,5632.46224912
trade,ETHUSDT,111431649,3497.71,0.936057,2026-03-20 04:42:12.797,False,3274.05592947
trade,BTCUSDT,119558049,96650.16,0.45541,2026-03-20 04:42:13.602,True,44015.4493656
trade,BTCUSDT,119558050,96965.32,0.929271,2026-03-20 04:42:15.095,False,90107.05988172001
trade,BTCUSDT,119558051,96796.2,1.682751,2026-03-20 04:42:17.377,True,162883.90234620002
trade,BTCUSDT,119558052,97430.29,0.940663,2026-03-20 04:42:17.527,True,91649.06888227
trade,ETHUSDT,111431650,3497.64,0.215577,2026-03-20 04:42:17.537,True,754.0107382799999
trade,ETHUSDT,111431651,3487.86,1.330644,2026-03-20 04:42:18.426,True,4641.09998184
trade,BTCUSDT,119558053,96549.71,0.444306,2026-03-20 04:42:20.351,True,42897.615451260004
trade,ETHUSDT,111431652,3512.65,0.277614,2026-03-20 04:42:21.017,False,975.1608171000001
trade,ETHUSDT,111431653,3504.75,0.887387,2026-03-20 04:42:22.691,False,3110.06958825
trade,BTCUSDT,119558054,96989.76,1.797966,2026-03-20 04:42:24.435,False,174384.29082815998
trade,ETHUSDT,111431654,3512.87,1.902759,2026-03-20 04:42:26.202,False,6684.14500833
trade,BTCUSDT,119558055,97070.46,1.533335,2026-03-20 04:42:27.926,True,148841.5337841
trade,ETHUSDT,111431655,3485.68,1.362402,2026-03-20 04:42:29.268,True,4748.89740336
trade,ETHUSDT,111431656,3490.92,0.956013,2026-03-20 04:42:30.495,False,3337.36490196
trade,ETHUSDT,111431657,3485.89,1.594507,2026-03-20 04:42:32.029,True,5558.276006229999
trade,BTCUSDT,119558056,97178.19,1.48242,2026-03-20 04:42:32.687,False,144058.89241980002
trade,BTCUSDT,119558057,96660.18,1.39924,2026-03-20 04:42:33.390,True,135250.7902632
trade,ETHUSDT,111431658,3493.52,1.708116,2026-03-20 04:42:34.104,True,5967.33740832
trade,ETHUSDT,111431659,3514.24,1.627178,2026-03-20 04:42:34.558,True,5718.29401472
trade,ETHUSDT,111431660,3484.47,0.157901,2026-03-20 04:42:34.717,True,550.20129747
trade,ETHUSDT,111431661,3499.97,1.543858,2026-03-20 04:42:34.963,False,5403.45668426
trade,BTCUSDT,119558058,97290.78,0.178341,2026-03-20 04:42:36.333,True,17350.93499598
trade,ETHUSDT,111431662,3497.39,0.870074,2026-03-20 04:42:36.538,False,3042.98810686
trade,ETHUSDT,111431663,3504.95,0.146393,2026-03-20 04:42:37.775,True,513.1001453499999
trade,BTCUSDT,119558059,96805.75,0.439928,2026-03-20 04:42:40.311,False,42587.559986
trade,ETHUSDT,111431664,3513.2,1.092391,2026-03-20 04:42:41.037,False,3837.7880611999994
trade,BTCUSDT,119558060,97121.86,0.016888,2026-03-20 04:42:42.605,False,1640.19397168
trade,ETHUSDT,111431665,3498.33,1.655124,2026-03-20 04:42:45.517,True,5790.16994292
trade,BTCUSDT,119558061,96694.01,0.428112,2026-03-20 04:42:45.901,True,41395.86600912
trade,BTCUSDT,119558062,96593.49,1.94577,2026-03-20 04:42:49.110,False,187948.71503730002
trade,ETHUSDT,111431666,3494.34,0.586137,2026-03-20 04:42:50.202,False,2048.16196458
trade,BTCUSDT,119558063,97192.41,1.581808,2026-03-20 04:42:50.208,True,153739.73167728
trade,ETHUSDT,111431667,3508.76,1.869663,2026-03-20 04:42:51.508,False,6560.198747880001
trade,ETHUSDT,111431668,3512.08,0.669664,2026-03-20 04:42:52.445,False,2351.91354112
trade,BTCUSDT,119558064,97016.58,0.522333,2026-03-20 04:42:54.765,True,50674.96128114001
trade,ETHUSDT,111431669,3503.88,1.6114,2026-03-20 04:42:55.977,True,5646.152232
trade,BTCUSDT,119558065,96760.91,1.836167,2026-03-20 04:42:57.217,True,177669.18983197003
trade,BTCUSDT,119558066,96569.51,0.735149,2026-03-20 04:42:58.283,False,70992.97870699
trade,ETHUSDT,111431670,3487.64,1.367115,2026-03-20 04:43:00.224,True,4768.0049586000005
trade,ETHUSDT,111431671,3513.43,1.233879,2026-03-20 04:43:00.724,True,4335.14749497
trade,ETHUSDT,111431672,3493.4,0.155463,2026-03-20 04:43:01.024,False,543.0944442
trade,ETHUSDT,111431673,3495.54,1.713961,2026-03-20 04:43:01.243,False,5991.21923394
trade,BTCUSDT,119558067,96702.99,0.697421,2026-03-20 04:43:01.262,False,67442.69598879
trade,ETHUSDT,111431674,3486.32,0.491481,2026-03-20 04:43:01.514,True,1713.46003992
trade,ETHUSDT,111431675,3511.41,0.78619,2026-03-20 04:43:05.073,False,2760.6354279
trade,BTCUSDT,119558068,96937.9,0.549836,2026-03-20 04:43:06.026,False,53299.94718439999
trade,ETHUSDT,111431676,3512.8,1.268363,2026-03-20 04:43:09.742,True,4455.5055464
trade,BTCUSDT,119558069,97413.81,1.0754,2026-03-20 04:43:10.426,True,104758.81127399999
trade,BTCUSDT,119558070,96660.21,1.561661,2026-03-20 04:43:11.846,False,150950.48020881
trade,ETHUSDT,111431677,3487.2,0.56259,2026-03-20 04:43:12.473,True,1961.863848
trade,ETHUSDT,111431678,3486.93,1.1986,2026-03-20 04:43:13.034,False,4179.434298
trade,ETHUSDT,111431679,3510.08,1.758344,2026-03-20 04:43:14.605,False,6171.92810752
trade,ETHUSDT,111431680,3515.8,0.898773,2026-03-20 04:43:15.169,True,3159.9061134000003
trade,BTCUSDT,119558071,96633.95,1.041338,2026-03-20 04:43:15.814,True,100628.6042251
trade,ETHUSDT,111431681,3505.96,1.726816,2026-03-20 04:43:17.116,False,6054.14782336
trade,BTCUSDT,119558072,97023.55,1.458562,2026-03-20 04:43:18.698,False,141514.8631351
trade,ETHUSDT,111431682,3485.43,0.649751,2026-03-20 04:43:19.554,False,2264.6616279299997
trade,ETHUSDT,111431683,3508.7,1.330694,2026-03-20 04:43:20.455,False,4669.0060378
trade,ETHUSDT,111431684,3493.17,0.49377,2026-03-20 04:43:21.805,False,1724.8225509
trade,BTCUSDT,119558073,97166.09,1.310744,2026-03-20 04:43:22.347,False,127359.86947095998
trade,ETHUSDT,111431685,3507.64,0.190243,2026-03-20 04:43:23.190,False,667.3039565199999
trade,BTCUSDT,119558074,96928.21,0.105645,2026-03-20 04:43:24.858,False,10239.98074545
trade,ETHUSDT,111431686,3513.71,1.22348,2026-03-20 04:43:25.249,False,4298.9539108
trade,ETHUSDT,111431687,3510.87,1.438146,2026-03-20 04:43:25.876,True,5049.14364702
trade,ETHUSDT,111431688,3515.85,1.96199,2026-03-20 04:43:26.279,False,6898.0625414999995
trade,BTCUSDT,119558075,96648.55,0.127329,2026-03-20 04:43:28.304,False,12306.163222950001
trade,ETHUSDT,111431689,3510.86,1.787037,2026-03-20 04:43:29.179,False,6274.03672182
trade,BTCUSDT,119558076,97318.23,0.04987,2026-03-20 04:43:30.478,False,4853.2601300999995
trade,ETHUSDT,111431690,3493.13,1.704361,2026-03-20 04:43:33.680,False,5953.55453993
trade,BTCUSDT,119558077,97370.38,0.181052,2026-03-20 04:43:34.082,False,17629.10203976
trade,BTCUSDT,119558078,97232.57,0.135711,2026-03-20 04:43:35.089,True,13195.52930727
trade,BTCUSDT,119558079,96699.9,1.056855,2026-03-20 04:43:37.289,False,102197.7728145
trade,ETHUSDT,111431691,3491.85,1.385745,2026-03-20 04:43:37.324,True,4838.81367825
trade,BTCUSDT,119558080,96963.12,0.150837,2026-03-20 04:43:40.726,True,14625.62613144
trade,ETHUSDT,111431692,3511.79,0.132499,2026-03-20 04:43:42.119,False,465.30866321
trade,BTCUSDT,119558081,97383.11,0.181471,2026-03-20 04:43:42.179,True,17672.21035481
trade,BTCUSDT,119558082,97365.65,1.882823,2026-03-20 04:43:44.435,False,183322.28522994998
trade,ETHUSDT,111431693,3494.83,1.677899,2026-03-20 04:43:44.546,False,5863.97176217
trade,ETHUSDT,111431694,3498.64,0.809154,2026-03-20 04:43:45.140,False,2830.93855056
trade,BTCUSDT,119558083,96663.08,0.379406,2026-03-20 04:43:45.318,True,36674.55253048
trade,BTCUSDT,119558084,96526.59,1.556914,2026-03-20 04:43:46.475,False,150283.59934326
trade,ETHUSDT,111431695,3487.0,0.439775,2026-03-20 04:43:46.557,False,1533.495425
trade,ETHUSDT,111431696,3482.77,1.821409,2026-03-20 04:43:48.942,False,6343.54862293
trade,ETHUSDT,111431697,3484.6,0.471712,2026-03-20 04:43:50.895,True,1643.7276352000001
trade,BTCUSDT,119558085,97307.44,1.205702,2026-03-20 04:43:50.965,True,117323.77502288001
trade,BTCUSDT,119558086,97481.41,1.819366,2026-03-20 04:43:55.609,True,177354.36298606
trade,ETHUSDT,111431698,3501.91,0.281895,2026-03-20 04:43:55.611,True,987.1709194499999
trade,ETHUSDT,111431699,3503.89,1.939677,2026-03-20 04:43:56.246,True,6796.41484353
trade,BTCUSDT,119558087,97245.68,0.725978,2026-03-20 04:43:58.481,True,70598.22427503999
trade,ETHUSDT,111431700,3508.4,0.019815,2026-03-20 04:43:59.107,False,69.518946
trade,BTCUSDT,119558088,96790.35,0.511092,2026-03-20 04:44:00.939,False,49468.773562200004
trade,ETHUSDT,111431701,3492.05,0.530612,2026-03-20 04:44:02.489,False,1852.9236346
trade,ETHUSDT,111431702,3503.63,0.195637,2026-03-20 04:44:04.262,False,685.43966231
trade,BTCUSDT,119558089,96649.48,0.461263,2026-03-20 04:44:05.085,True,44580.82909324
trade,BTCUSDT,119558090,96552.42,0.671825,2026-03-20 04:44:05.608,False,64866.3295665
trade,ETHUSDT,111431703,3504.11,1.395957,2026-03-20 04:44:06.799,True,4891.58688327
trade,BTCUSDT,119558091,97307.57,0.466022,2026-03-20 04:44:09.519,True,45347.46838654
trade,ETHUSDT,111431704,3512.91,0.198094,2026-03-20 04:44:09.570,True,695.88639354
trade,ETHUSDT,111431705,3490.15,0.118637,2026-03-20 04:44:11.794,False,414.06092555000004
trade,BTCUSDT,119558092,96887.47,1.638685,2026-03-20 04:44:13.388,True,158768.04377694998
trade,ETHUSDT,111431706,3505.46,0.234168,2026-03-20 04:44:15.867,True,820.8665572799999
trade,BTCUSDT,119558093,96873.58,1.924681,2026-03-20 04:44:17.895,False,186450.73882798
trade,BTCUSDT,119558094,96554.91,1.521638,2026-03-20 04:44:19.067,True,146921.62014258
trade,BTCUSDT,119558095,97414.17,0.827707,2026-03-20 04:44:19.475,True,80630.39040819
trade,ETHUSDT,111431707,3511.36,1.423269,2026-03-20 04:44:20.398,False,4997.6098358399995
trade,ETHUSDT,111431708,3494.16,0.923762,2026-03-20 04:44:21.219,True,3227.77222992
trade,BTCUSDT,119558096,97220.14,1.132513,2026-03-20 04:44:22.022,True,110103.07241182002
trade,BTCUSDT,119558097,96765.63,0.828288,2026-03-20 04:44:22.275,True,80149.81014144
trade,BTCUSDT,119558098,96976.34,1.441966,2026-03-20 04:44:23.237,False,139836.58508444
trade,ETHUSDT,111431709,3494.77,1.355513,2026-03-20 04:44:23.544,False,4737.20616701
trade,ETHUSDT,111431710,3509.22,1.382378,2026-03-20 04:44:25.472,True,4851.06852516
trade,ETHUSDT,111431711,3515.74,0.338354,2026-03-20 04:44:25.683,False,1189.56469196
trade,ETHUSDT,111431712,3498.52,0.654202,2026-03-20 04:44:27.656,False,2288.7387810399996
trade,BTCUSDT,119558099,96610.11,0.068243,2026-03-20 04:44:27.863,True,6592.96373673
trade,ETHUSDT,111431713,3491.89,0.176597,2026-03-20 04:44:28.175,True,616.65729833
trade,BTCUSDT,119558100,96725.79,0.95518,2026-03-20 04:44:29.626,True,92390.5400922
trade,ETHUSDT,111431714,3516.09,1.145475,2026-03-20 04:44:32.591,True,4027.59319275
trade,BTCUSDT,119558101,97452.28,0.50579,2026-03-20 04:44:32.880,False,49290.3887012
trade,BTCUSDT,119558102,97444.51,1.838288,2026-03-20 04:44:34.276,False,179131.07339888
trade,ETHUSDT,111431715,3512.41,1.694398,2026-03-20 04:44:34.416,True,5951.42047918
trade,BTCUSDT,119558103,96988.75,1.659776,2026-03-20 04:44:34.894,False,160979.59952
trade,BTCUSDT,119558104,97411.46,0.271419,2026-03-20 04:44:36.198,True,26439.321061740004
trade,ETHUSDT,111431716,3515.73,1.817553,2026-03-20 04:44:38.315,False,6390.02560869
trade,BTCUSDT,119558105,97236.61,1.40705,2026-03-20 04:44:38.659,False,136816.7721005
trade,ETHUSDT,111431717,3500.32,0.092841,2026-03-20 04:44:41.816,True,324.97320912000004
trade,ETHUSDT,111431718,3501.4,1.796974,2026-03-20 04:44:43.097,False,6291.9247636
trade,BTCUSDT,119558106,96647.79,0.22741,2026-03-20 04:44:43.629,True,21978.673923899998
trade,BTCUSDT,119558107,96937.69,0.057789,2026-03-20 04:44:43.865,False,5601.93216741
trade,ETHUSDT,111431719,3498.14,1.248185,2026-03-20 04:44:46.647,False,4366.3258759
trade,ETHUSDT,111431720,3491.17,1.756824,2026-03-20 04:44:47.303,False,6133.37124408
trade,BTCUSDT,119558108,97295.13,0.899513,2026-03-20 04:44:47.908,True,87518.23427169
trade,BTCUSDT,119558109,96745.11,1.194159,2026-03-20 04:44:48.849,True,115529.04381249
trade,BTCUSDT,119558110,96631.06,1.275647,2026-03-20 04:44:49.413,False,123267.12179582
trade,BTCUSDT,119558111,96841.17,1.755125,2026-03-20 04:44:50.094,True,169968.35849625
trade,ETHUSDT,111431721,3498.71,0.161616,2026-03-20 04:44:51.545,False,565.44751536
trade,ETHUSDT,111431722,3511.79,1.843427,2026-03-20 04:44:53.407,False,6473.72850433
trade,ETHUSDT,111431723,3499.76,1.232172,2026-03-20 04:44:54.240,True,4312.306278720001
trade,BTCUSDT,119558112,96949.39,1.609895,2026-03-20 04:44:54.454,True,156078.33821405002
trade,BTCUSDT,119558113,96811.7,0.523218,2026-03-20 04:44:55.175,False,50653.624050599996
trade,BTCUSDT,119558114,97420.83,0.96392,2026-03-20 04:44:55.857,True,93905.8864536
trade,ETHUSDT,111431724,3501.63,1.612274,2026-03-20 04:44:58.152,False,5645.5870066200005
trade,BTCUSDT,119558115,97266.93,0.826595,2026-03-20 04:44:58.372,False,80400.35800334999
trade,BTCUSDT,119558116,97085.55,0.146743,2026-03-20 04:45:00.845,False,14246.624863650002
trade,ETHUSDT,111431725,3488.14,1.675524,2026-03-20 04:45:02.484,False,5844.462285359999
trade,BTCUSDT,119558117,96705.61,0.624313,2026-03-20 04:45:04.367,False,60374.56949593
trade,BTCUSDT,119558118,96604.99,0.400523,2026-03-20 04:45:04.495,False,38692.520409770004
trade,ETHUSDT,111431726,3486.39,1.228512,2026-03-20 04:45:06.227,False,4283.07195168
trade,BTCUSDT,119558119,97425.58,0.899796,2026-03-20 04:45:06.321,False,87663.14718168
trade,BTCUSDT,119558120,97476.4,0.758324,2026-03-20 04:45:08.013,False,73918.6935536
trade,ETHUSDT,111431727,3493.76,0.535317,2026-03-20 04:45:10.066,False,1870.2691219200003
trade,ETHUSDT,111431728,3487.62,0.973396,2026-03-20 04:45:11.041,False,3394.83535752
trade,BTCUSDT,119558121,96734.8,0.580528,2026-03-20 04:45:11.134,False,56157.2599744
trade,BTCUSDT,119558122,96713.29,1.190449,2026-03-20 04:45:11.252,True,115132.23936721
trade,ETHUSDT,111431729,3497.58,1.133444,2026-03-20 04:45:15.673,False,3964.3110655199994
trade,BTCUSDT,119558123,96868.21,1.353886,2026-03-20 04:45:16.170,True,131148.51336406
trade,ETHUSDT,111431730,3502.99,0.667952,2026-03-20 04:45:20.594,True,2339.8291764799997
trade,BTCUSDT,119558124,96676.6,1.162748,2026-03-20 04:45:21.106,False,112410.52329679999
trade,ETHUSDT,111431731,3502.03,1.089923,2026-03-20 04:45:22.111,True,3816.94304369
trade,BTCUSDT,119558125,96851.29,0.887487,2026-03-20 04:45:22.253,False,85954.26080823
trade,ETHUSDT,111431732,3514.27,1.884901,2026-03-20 04:45:24.415,True,6624.05103727
trade,BTCUSDT,119558126,97331.56,1.807143,2026-03-20 04:45:26.187,True,175892.04733308
trade,ETHUSDT,111431733,3495.3,0.361865,2026-03-20 04:45:26.538,False,1264.8267345
trade,BTCUSDT,119558127,97013.47,0.928436,2026-03-20 04:45:28.711,True,90070.79803292
trade,ETHUSDT,111431734,3507.82,0.342363,2026-03-20 04:45:28.737,True,1200.94777866
trade,ETHUSDT,111431735,3515.91,0.150624,2026-03-20 04:45:29.364,False,529.58042784
trade,ETHUSDT,111431736,3499.07,0.341944,2026-03-20 04:45:30.579,True,1196.4859920800002
trade,ETHUSDT,111431737,3510.84,1.280193,2026-03-20 04:45:31.954,True,4494.55279212
trade,BTCUSDT,119558128,97304.39,0.45748,2026-03-20 04:45:31.982,True,44514.8123372
trade,BTCUSDT,119558129,96789.94,0.844397,2026-03-20 04:45:32.513,True,81729.13496617999
trade,ETHUSDT,111431738,3494.45,0.517747,2026-03-20 04:45:33.105,False,1809.2410041499998
trade,BTCUSDT,119558130,96651.82,1.961566,2026-03-20 04:45:34.538,True,189588.92395012
trade,BTCUSDT,119558131,97076.2,1.04528,2026-03-20 04:45:35.952,True,101471.810336
trade,ETHUSDT,111431739,3486.89,1.552654,2026-03-20 04:45:36.688,False,5413.93370606
trade,BTCUSDT,119558132,97165.08,0.178652,2026-03-20 04:45:36.817,False,17358.73587216
trade,ETHUSDT,111431740,3482.56,1.067519,2026-03-20 04:45:37.592,True,3717.69896864
trade,BTCUSDT,119558133,96569.65,0.244255,2026-03-20 04:45:40.286,True,23587.619860749997
trade,ETHUSDT,111431741,3491.61,1.132901,2026-03-20 04:45:42.537,True,3955.64846061
trade,BTCUSDT,119558134,96972.57,1.923806,2026-03-20 04:45:44.410,True,186556.41200142002
trade,BTCUSDT,119558135,97343.15,0.132896,2026-03-20 04:45:45.126,False,12936.515262399998
trade,ETHUSDT,111431742,3503.29,1.011003,2026-03-20 04:45:45.379,True,3541.8366998700003
trade,ETHUSDT,111431743,3508.45,1.441703,2026-03-20 04:45:47.258,True,5058.14289035
trade,BTCUSDT,119558136,97104.56,0.051129,2026-03-20 04:45:49.520,True,4964.8590482399995
trade,BTCUSDT,119558137,96690.16,1.567904,2026-03-20 04:45:50.982,True,151600.88862464
trade,ETHUSDT,111431744,3499.15,0.675458,2026-03-20 04:45:51.994,True,2363.5288607
trade,ETHUSDT,111431745,3501.85,1.140937,2026-03-20 04:45:54.154,False,3995.3902334500003
trade,BTCUSDT,119558138,96644.88,0.632366,2026-03-20 04:45:55.004,False,61114.93618608
trade,BTCUSDT,119558139,96587.05,0.16073,2026-03-20 04:45:55.713,True,15524.436546500001
trade,BTCUSDT,119558140,96530.55,1.455382,2026-03-20 04:45:57.107,False,140488.82492009999
trade,ETHUSDT,111431746,3490.46,1.968586,2026-03-20 04:45:58.359,True,6871.2706895599995
trade,BTCUSDT,119558141,96957.85,0.074341,2026-03-20 04:45:59.546,False,7207.943526850001
trade,BTCUSDT,119558142,97082.97,1.642459,2026-03-20 04:46:02.167,False,159454.79782322998
trade,ETHUSDT,111431747,3493.62,0.461872,2026-03-20 04:46:02.564,True,1613.6052566399999
trade,ETHUSDT,111431748,3491.75,0.212227,2026-03-20 04:46:04.925,True,741.04362725
trade,BTCUSDT,119558143,96838.6,0.176129,2026-03-20 04:46:06.899,False,17056.0857794
trade,ETHUSDT,111431749,3498.62,0.484142,2026-03-20 04:46:09.394,True,1693.82888404
trade,ETHUSDT,111431750,3511.72,1.339202,2026-03-20 04:46:10.617,False,4702.902447439999
trade,BTCUSDT,119558144,97025.09,0.247473,2026-03-20 04:46:11.171,False,24011.09009757
trade,ETHUSDT,111431751,3503.25,0.298248,2026-03-20 04:46:11.313,False,1044.8373060000001
trade,BTCUSDT,119558145,96984.61,0.39635,2026-03-20 04:46:12.773,False,38439.850173499995
trade,ETHUSDT,111431752,3511.87,0.978163,2026-03-20 04:46:13.325,True,3435.18129481
trade,BTCUSDT,119558146,96912.43,1.765389,2026-03-20 04:46:15.092,False,171088.13788527
trade,ETHUSDT,111431753,3497.15,0.903429,2026-03-20 04:46:16.356,True,3159.4267273500004
trade,BTCUSDT,119558147,96933.8,0.824749,2026-03-20 04:46:17.039,False,79946.0546162
trade,BTCUSDT,119558148,97202.07,1.164039,2026-03-20 04:46:17.450,False,113147.00036073002
trade,BTCUSDT,119558149,97204.02,0.568366,2026-03-20 04:46:19.413,True,55247.460031320006
trade,ETHUSDT,111431754,3511.52,1.202821,2026-03-20 04:46:21.052,True,4223.72999792
trade,BTCUSDT,119558150,96912.76,0.084731,2026-03-20 04:46:22.711,True,8211.51506756
trade,ETHUSDT,111431755,3513.99,0.205557,2026-03-20 04:46:22.811,True,722.3252424299999
trade,ETHUSDT,111431756,3516.01,0.715895,2026-03-20 04:46:22.930,True,2517.09397895
trade,BTCUSDT,119558151,96801.5,1.313229,2026-03-20 04:46:23.709,True,127122.5370435
trade,ETHUSDT,111431757,3488.38,1.307652,2026-03-20 04:46:24.491,True,4561.5870837600005
trade,ETHUSDT,111431758,3501.48,1.255658,2026-03-20 04:46:25.077,True,4396.66137384
trade,ETHUSDT,111431759,3516.73,1.544559,2026-03-20 04:46:25.620,False,5431.79697207
trade,BTCUSDT,119558152,97171.14,1.719396,2026-03-20 04:46:28.031,True,167075.66943143998
trade,ETHUSDT,111431760,3494.56,0.101091,2026-03-20 04:46:29.967,True,353.26856496
trade,BTCUSDT,119558153,96707.82,1.343462,2026-03-20 04:46:30.074,True,129923.28127284
trade,BTCUSDT,119558154,97379.13,0.742206,2026-03-20 04:46:31.679,True,72275.37456078001
trade,ETHUSDT,111431761,3484.45,1.826687,2026-03-20 04:46:33.064,False,6364.9995171499995
trade,BTCUSDT,119558155,96708.3,1.289578,2026-03-20 04:46:35.028,True,124712.8960974
trade,ETHUSDT,111431762,3506.73,1.693518,2026-03-20 04:46:36.450,True,5938.71037614
trade,BTCUSDT,119558156,96640.48,0.57754,2026-03-20 04:46:36.782,True,55813.7428192
trade,ETHUSDT,111431763,3491.11,0.603607,2026-03-20 04:46:38.127,True,2107.25843377
trade,ETHUSDT,111431764,3491.44,1.128731,2026-03-20 04:46:39.031,False,3940.89656264
trade,ETHUSDT,111431765,3496.14,0.912727,2026-03-20 04:46:39.971,True,3191.0213737799995
trade,ETHUSDT,111431766,3516.07,0.811828,2026-03-20 04:46:40.133,True,2854.44407596
trade,BTCUSDT,119558157,97376.78,1.310086,2026-03-20 04:46:40.816,False,127571.95620308
trade,BTCUSDT,119558158,96735.68,1.159462,2026-03-20 04:46:41.886,True,112161.34500415999
trade,BTCUSDT,119558159,96798.26,0.429756,2026-03-20 04:46:43.786,True,41599.633024560004
trade,ETHUSDT,111431767,3488.56,1.292176,2026-03-20 04:46:44.298,False,4507.8335065599995
trade,ETHUSDT,111431768,3513.87,1.349891,2026-03-20 04:46:45.156,False,4743.34148817
trade,BTCUSDT,119558160,97165.41,0.48853,2026-03-20 04:46:45.286,False,47468.217747300005
trade,BTCUSDT,119558161,96811.1,1.414366,2026-03-20 04:46:47.840,False,136926.3282626
trade,ETHUSDT,111431769,3493.85,0.919864,2026-03-20 04:46:47.888,False,3213.8668364
trade,ETHUSDT,111431770,3506.04,1.063252,2026-03-20 04:46:50.157,True,3727.8040420800003
trade,ETHUSDT,111431771,3496.25,1.717773,2026-03-20 04:46:50.330,False,6005.76385125
trade,BTCUSDT,119558162,97268.13,0.577055,2026-03-20 04:46:51.454,True,56129.06075715
trade,BTCUSDT,119558163,96610.8,0.484192,2026-03-20 04:46:52.104,True,46778.176473600004
trade,ETHUSDT,111431772,3488.36,0.739106,2026-03-20 04:46:53.910,True,2578.2678061600004
trade,ETHUSDT,111431773,3499.65,0.064609,2026-03-20 04:46:56.164,False,226.10888685
trade,BTCUSDT,119558164,96530.57,1.055038,2026-03-20 04:46:57.082,False,101843.41951166
trade,BTCUSDT,119558165,96744.47,0.239708,2026-03-20 04:46:58.734,True,23190.42341476
trade,ETHUSDT,111431774,3510.57,0.747048,2026-03-20 04:46:59.019,True,2622.56429736
trade,ETHUSDT,111431775,3514.27,0.41057,2026-03-20 04:47:00.137,True,1442.8538339
trade,BTCUSDT,119558166,97407.22,1.151901,2026-03-20 04:47:01.026,True,112203.47412522
trade,BTCUSDT,119558167,97401.82,0.764672,2026-03-20 04:47:02.673,True,74480.44450304001
trade,ETHUSDT,111431776,3498.43,1.85237,2026-03-20 04:47:05.030,True,6480.3867791
trade,BTCUSDT,119558168,96711.7,0.402039,2026-03-20 04:47:06.078,True,38881.8751563
trade,BTCUSDT,119558169,96548.53,0.718499,2026-03-20 04:47:06.276,False,69370.02225647
trade,BTCUSDT,119558170,96955.78,1.235375,2026-03-20 04:47:07.169,True,119776.74671749999
trade,BTCUSDT,119558171,96842.85,0.720994,2026-03-20 04:47:08.046,True,69823.11379290001
trade,ETHUSDT,111431777,3505.07,0.990023,2026-03-20 04:47:08.482,False,3470.09991661
trade,BTCUSDT,119558172,96747.73,0.83779,2026-03-20 04:47:10.646,False,81054.2807167
trade,ETHUSDT,111431778,3496.25,1.705622,2026-03-20 04:47:10.875,True,5963.2809175
trade,ETHUSDT,111431779,3496.48,0.570643,2026-03-20 04:47:11.481,True,1995.24183664
trade,BTCUSDT,119558173,96723.38,0.833486,2026-03-20 04:47:12.795,True,80617.58310268
trade,BTCUSDT,119558174,96948.03,1.419103,2026-03-20 04:47:13.250,False,137579.24021709
trade,BTCUSDT,119558175,96522.83,1.794818,2026-03-20 04:47:14.624,True,173240.91269494
trade,ETHUSDT,111431780,3490.38,1.835985,2026-03-20 04:47:15.187,False,6408.2853243
trade,ETHUSDT,111431781,3497.56,1.708383,2026-03-20 04:47:16.102,True,5975.17204548
trade,BTCUSDT,119558176,97204.47,0.101536,2026-03-20 04:47:17.466,False,9869.75306592
trade,ETHUSDT,111431782,3485.86,1.63876,2026-03-20 04:47:17.708,False,5712.4879336
trade,BTCUSDT,119558177,96730.97,1.943382,2026-03-20 04:47:17.711,True,187985.22594054
trade,ETHUSDT,111431783,3493.19,1.592368,2026-03-20 04:47:17.854,True,5562.44397392
trade,BTCUSDT,119558178,96653.27,1.485438,2026-03-20 04:47:18.932,True,143572.44008226
trade,BTCUSDT,119558179,96810.48,1.134203,2026-03-20 04:47:19.384,False,109802.73684744
trade,ETHUSDT,111431784,3489.99,0.652268,2026-03-20 04:47:20.159,False,2276.40879732
trade,BTCUSDT,119558180,97366.36,0.44568,2026-03-20 04:47:21.087,False,43394.2393248
trade,ETHUSDT,111431785,3488.83,1.785426,2026-03-20 04:47:23.127,False,6229.047791579999
trade,BTCUSDT,119558181,97286.27,1.848118,2026-03-20 04:47:25.002,True,179796.50673986
trade,ETHUSDT,111431786,3503.69,0.674596,2026-03-20 04:47:25.770,True,2363.57525924
trade,BTCUSDT,119558182,97363.36,0.290744,2026-03-20 04:47:26.865,True,28307.81273984
trade,ETHUSDT,111431787,3503.88,0.096608,2026-03-20 04:47:28.657,False,338.50283904
trade,BTCUSDT,119558183,96690.65,1.056509,2026-03-20 04:47:29.162,False,102154.54194084999
trade,BTCUSDT,119558184,96648.69,0.604834,2026-03-20 04:47:30.705,True,58456.41376746
trade,ETHUSDT,111431788,3513.38,0.742625,2026-03-20 04:47:33.243,False,2609.1238225
trade,BTCUSDT,119558185,96561.92,0.759033,2026-03-20 04:47:35.700,True,73293.68382336
trade,ETHUSDT,111431789,3505.36,0.870039,2026-03-20 04:47:35.914,True,3049.7999090400003
trade,ETHUSDT,111431790,3483.0,1.977484,2026-03-20 04:47:38.198,True,6887.576772
trade,ETHUSDT,111431791,3494.11,1.335328,2026-03-20 04:47:38.826,False,4665.782918080001
trade,BTCUSDT,119558186,96683.46,1.899199,2026-03-20 04:47:39.301,True,183621.13054854
trade,BTCUSDT,119558187,97257.58,0.678153,2026-03-20 04:47:39.423,False,65955.51964974
trade,ETHUSDT,111431792,3496.98,0.818967,2026-03-20 04:47:40.911,True,2863.91121966
trade,BTCUSDT,119558188,96750.73,0.743991,2026-03-20 04:47:43.857,False,71981.67236343
trade,ETHUSDT,111431793,3514.15,1.666209,2026-03-20 04:47:43.951,True,5855.308357350001
trade,BTCUSDT,119558189,96607.64,0.621695,2026-03-20 04:47:46.657,True,60060.4867498
trade,ETHUSDT,111431794,3485.61,0.460664,2026-03-20 04:47:48.236,True,1605.6950450400002
trade,ETHUSDT,111431795,3489.66,0.248471,2026-03-20 04:47:48.867,False,867.07930986
trade,BTCUSDT,119558190,97111.66,0.167448,2026-03-20 04:47:48.959,True,16261.153243680003
trade,ETHUSDT,111431796,3486.59,1.906349,2026-03-20 04:47:50.272,True,6646.65735991
trade,ETHUSDT,111431797,3486.98,0.618073,2026-03-20 04:47:50.406,False,2155.20818954
trade,ETHUSDT,111431798,3505.84,0.196131,2026-03-20 04:47:51.936,True,687.60390504
trade,BTCUSDT,119558191,97144.73,1.696345,2026-03-20 04:47:52.035,False,164790.97701185
trade,ETHUSDT,111431799,3482.65,0.444975,2026-03-20 04:47:56.238,False,1549.6921837500001
trade,BTCUSDT,119558192,96700.74,1.164702,2026-03-20 04:47:56.378,False,112627.54527948
trade,ETHUSDT,111431800,3496.32,1.608525,2026-03-20 04:47:59.821,True,5623.918128
trade,BTCUSDT,119558193,97350.16,0.609209,2026-03-20 04:47:59.960,False,59306.59362344
trade,BTCUSDT,119558194,97178.85,0.52048,2026-03-20 04:48:00.716,True,50579.64784800001
trade,ETHUSDT,111431801,3491.81,0.423273,2026-03-20 04:48:00.764,False,1477.98889413
trade,BTCUSDT,119558195,96975.51,1.623153,2026-03-20 04:48:02.853,True,157406.08998303
trade,ETHUSDT,111431802,3503.0,1.550303,2026-03-20 04:48:02.966,True,5430.711409
trade,ETHUSDT,111431803,3483.96,1.395952,2026-03-20 04:48:06.489,True,4863.440929920001
trade,BTCUSDT,119558196,97403.55,0.989559,2026-03-20 04:48:06.722,False,96386.55953445
trade,ETHUSDT,111431804,3483.64,1.379972,2026-03-20 04:48:09.889,True,4807.32565808
trade,BTCUSDT,119558197,97454.59,0.137376,2026-03-20 04:48:11.559,False,13387.92175584
trade,BTCUSDT,119558198,96909.7,0.771094,2026-03-20 04:48:12.080,False,74726.4882118
trade,ETHUSDT,111431805,3501.24,1.844689,2026-03-20 04:48:14.492,False,6458.698914359999
trade,BTCUSDT,119558199,97011.34,1.960422,2026-03-20 04:48:15.913,False,190183.16518548
trade,BTCUSDT,119558200,97234.69,1.856895,2026-03-20 04:48:18.097,False,180554.60968755
trade,ETHUSDT,111431806,3511.68,0.247419,2026-03-20 04:48:19.358,True,868.85635392
trade,ETHUSDT,111431807,3508.25,0.062793,2026-03-20 04:48:20.321,False,220.29354225
trade,ETHUSDT,111431808,3506.56,1.77849,2026-03-20 04:48:20.494,False,6236.3818943999995
trade,BTCUSDT,119558201,96821.14,1.920457,2026-03-20 04:48:21.004,True,185940.83606098001
trade,ETHUSDT,111431809,3488.93,1.234562,2026-03-20 04:48:22.312,False,4307.30039866
trade,BTCUSDT,119558202,96867.0,1.855883,2026-03-20 04:48:23.985,False,179773.818561
trade,ETHUSDT,111431810,3483.53,0.559182,2026-03-20 04:48:24.545,True,1947.92727246
trade,BTCUSDT,119558203,96912.37,0.606164,2026-03-20 04:48:26.596,True,58744.789848680004
trade,ETHUSDT,111431811,3508.92,0.187454,2026-03-20 04:48:26.774,False,657.76108968
trade,BTCUSDT,119558204,96836.52,1.667224,2026-03-20 04:48:27.317,True,161448.17022048
trade,ETHUSDT,111431812,3482.75,0.167844,2026-03-20 04:48:30.746,False,584.558691
trade,BTCUSDT,119558205,97471.61,0.327927,2026-03-20 04:48:30.949,False,31963.572652470004
trade,ETHUSDT,111431813,3506.21,1.134053,2026-03-20 04:48:32.350,False,3976.22796913
trade,BTCUSDT,119558206,96526.47,1.807205,2026-03-20 04:48:34.509,True,174443.11921635
trade,ETHUSDT,111431814,3514.68,1.279726,2026-03-20 04:48:36.367,False,4497.82737768
trade,BTCUSDT,119558207,96754.41,0.424777,2026-03-20 04:48:38.651,False,41099.04801657001
trade,ETHUSDT,111431815,3513.81,0.95708,2026-03-20 04:48:40.322,True,3362.9972748
trade,BTCUSDT,119558208,96646.08,0.376241,2026-03-20 04:48:41.129,True,36362.21778528
trade,BTCUSDT,119558209,96558.09,1.771427,2026-03-20 04:48:43.473,False,171045.60769443001
trade,ETHUSDT,111431816,3496.1,0.955204,2026-03-20 04:48:44.356,True,3339.4887044
trade,ETHUSDT,111431817,3506.7,1.942424,2026-03-20 04:48:44.519,False,6811.4982408
trade,BTCUSDT,119558210,97108.24,0.546172,2026-03-20 04:48:45.248,False,53037.801657280004
trade,BTCUSDT,119558211,96626.84,0.493439,2026-03-20 04:48:48.712,True,47679.45130276
trade,ETHUSDT,111431818,3504.46,0.241821,2026-03-20 04:48:49.184,True,847.45202166
trade,ETHUSDT,111431819,3483.22,1.20268,2026-03-20 04:48:50.501,False,4189.199029599999
trade,BTCUSDT,119558212,96904.2,1.177496,2026-03-20 04:48:53.689,True,114104.3078832
trade,ETHUSDT,111431820,3504.8,1.722225,2026-03-20 04:48:54.625,True,6036.05418
trade,ETHUSDT,111431821,3511.98,0.044813,2026-03-20 04:48:54.951,True,157.38235974
trade,BTCUSDT,119558213,96849.94,0.75183,2026-03-20 04:48:55.251,False,72814.6903902
trade,BTCUSDT,119558214,97187.91,1.290259,2026-03-20 04:48:56.803,False,125397.57556869001
trade,ETHUSDT,111431822,3492.37,1.126923,2026-03-20 04:48:59.081,False,3935.6320775099994
trade,BTCUSDT,119558215,96613.02,1.79464,2026-03-20 04:48:59.766,False,173385.59021280002
trade,ETHUSDT,111431823,3494.34,0.888355,2026-03-20 04:49:00.930,True,3104.2144107000004
trade,BTCUSDT,119558216,97048.7,1.555773,2026-03-20 04:49:03.087,True,150985.7471451
trade,ETHUSDT,111431824,3493.64,1.888451,2026-03-20 04:49:03.463,True,6597.5679516400005
trade,BTCUSDT,119558217,96881.86,1.908695,2026-03-20 04:49:04.498,False,184917.9217727
trade,BTCUSDT,119558218,97171.83,0.562781,2026-03-20 04:49:05.546,False,54686.45965923
trade,ETHUSDT,111431825,3486.96,0.328032,2026-03-20 04:49:07.717,False,1143.83446272
trade,ETHUSDT,111431826,3505.47,0.38966,2026-03-20 04:49:08.561,False,1365.9414402
trade,BTCUSDT,119558219,97082.97,0.382124,2026-03-20 04:49:09.272,False,37097.73282828
trade,ETHUSDT,111431827,3495.33,1.369075,2026-03-20 04:49:11.600,False,4785.36891975
trade,BTCUSDT,119558220,97415.29,1.433075,2026-03-20 04:49:12.533,False,139603.41671675
trade,ETHUSDT,111431828,3483.69,0.739759,2026-03-20 04:49:13.305,True,2577.0910307100003
trade,BTCUSDT,119558221,97414.49,0.044389,2026-03-20 04:49:13.635,True,4324.13179661
trade,ETHUSDT,111431829,3511.22,1.293777,2026-03-20 04:49:16.833,True,4542.73567794
trade,BTCUSDT,119558222,96941.79,1.35048,2026-03-20 04:49:17.254,False,130917.94855919998
trade,ETHUSDT,111431830,3488.7,1.961117,2026-03-20 04:49:17.765,False,6841.7488779
trade,BTCUSDT,119558223,97103.45,0.782494,2026-03-20 04:49:19.412,False,75982.8670043
trade,BTCUSDT,119558224,97397.82,1.197933,2026-03-20 04:49:22.071,True,116676.06270606
trade,ETHUSDT,111431831,3513.65,1.881115,2026-03-20 04:49:22.746,True,6609.579719750001
trade,ETHUSDT,111431832,3489.01,1.141863,2026-03-20 04:49:23.538,False,3983.9714256300003
trade,ETHUSDT,111431833,3511.72,1.230082,2026-03-20 04:49:23.909,True,4319.70356104
trade,BTCUSDT,119558225,97205.65,0.086962,2026-03-20 04:49:26.113,False,8453.197735299998
trade,ETHUSDT,111431834,3498.51,1.234735,2026-03-20 04:49:26.181,True,4319.73274485
trade,ETHUSDT,111431835,3500.69,0.761929,2026-03-20 04:49:26.469,False,2667.27723101
trade,ETHUSDT,111431836,3487.13,0.234322,2026-03-20 04:49:27.097,True,817.11127586
trade,ETHUSDT,111431837,3484.42,0.511542,2026-03-20 04:49:28.070,False,1782.4271756400003
trade,ETHUSDT,111431838,3503.88,0.066525,2026-03-20 04:49:29.911,True,233.095617
trade,BTCUSDT,119558226,96955.87,0.436835,2026-03-20 04:49:30.754,False,42353.71747144999
trade,ETHUSDT,111431839,3499.07,0.612794,2026-03-20 04:49:31.427,True,2144.20910158
trade,BTCUSDT,119558227,97309.02,0.937536,2026-03-20 04:49:31.852,True,91230.70937472001
trade,BTCUSDT,119558228,96888.26,1.112039,2026-03-20 04:49:33.136,True,107743.52376214
trade,ETHUSDT,111431840,3496.98,1.294838,2026-03-20 04:49:34.962,False,4528.022589239999
trade,ETHUSDT,111431841,3499.22,1.626457,2026-03-20 04:49:37.087,False,5691.33086354
trade,BTCUSDT,119558229,96741.13,1.288254,2026-03-20 04:49:37.239,False,124627.14768702001
trade,BTCUSDT,119558230,97148.67,0.063427,2026-03-20 04:49:38.231,True,6161.8486920899995
trade,ETHUSDT,111431842,3498.45,1.341681,2026-03-20 04:49:38.940,True,4693.8038944499995
trade,BTCUSDT,119558231,97233.03,0.589205,2026-03-20 04:49:40.006,False,57290.187441149996
trade,ETHUSDT,111431843,3503.7,1.464591,2026-03-20 04:49:42.598,True,5131.4874867
trade,BTCUSDT,119558232,96548.45,0.607175,2026-03-20 04:49:42.935,True,58621.80512875
trade,BTCUSDT,119558233,97394.27,0.586461,2026-03-20 04:49:44.500,False,57117.940978470004
trade,ETHUSDT,111431844,3510.9,0.873738,2026-03-20 04:49:44.947,False,3067.6067442000003
trade,BTCUSDT,119558234,97065.13,1.868089,2026-03-20 04:49:47.266,True,181326.30163657002
trade,ETHUSDT,111431845,3483.56,1.942959,2026-03-20 04:49:48.639,True,6768.41425404
trade,ETHUSDT,111431846,3508.55,1.032817,2026-03-20 04:49:51.860,False,3623.6900853500006
trade,BTCUSDT,119558235,96616.98,0.656416,2026-03-20 04:49:51.928,True,63420.931543679995
trade,ETHUSDT,111431847,3501.73,0.169628,2026-03-20 04:49:54.840,True,593.99145644
trade,ETHUSDT,111431848,3516.74,1.940648,2026-03-20 04:49:55.710,False,6824.754447519999
trade,BTCUSDT,119558236,96516.28,0.070802,2026-03-20 04:49:56.394,False,6833.545656560001
trade,ETHUSDT,111431849,3490.25,0.247114,2026-03-20 04:49:57.964,True,862.4896385
trade,BTCUSDT,119558237,97466.21,0.438297,2026-03-20 04:49:59.238,True,42719.14744437
trade,ETHUSDT,111431850,3512.45,0.76037,2026-03-20 04:50:00.264,False,2670.7616064999997
trade,BTCUSDT,119558238,97187.6,0.379772,2026-03-20 04:50:02.597,False,36909.1292272
trade,ETHUSDT,111431851,3484.59,1.624889,2026-03-20 04:50:03.801,False,5662.07196051
trade,BTCUSDT,119558239,96627.31,0.499353,2026-03-20 04:50:04.284,True,48251.13713043
trade,ETHUSDT,111431852,3487.06,0.258437,2026-03-20 04:50:07.372,True,901.1853252199999
trade,BTCUSDT,119558240,96639.99,0.75589,2026-03-20 04:50:07.429,True,73049.2020411
trade,BTCUSDT,119558241,96701.42,1.463854,2026-03-20 04:50:09.649,False,141556.76047268
trade,BTCUSDT,119558242,97389.91,1.147565,2026-03-20 04:50:09.948,False,111761.25206915
trade,ETHUSDT,111431853,3506.32,1.577135,2026-03-20 04:50:12.122,True,5529.9399932
trade,BTCUSDT,119558243,96863.06,1.2461,2026-03-20 04:50:13.909,False,120701.059066
trade,ETHUSDT,111431854,3483.97,1.125337,2026-03-20 04:50:15.396,False,3920.6403478899997
trade,BTCUSDT,119558244,96583.6,1.425689,2026-03-20 04:50:16.329,False,137698.1761004
trade,ETHUSDT,111431855,3486.2,0.499338,2026-03-20 04:50:17.892,True,1740.7921356
trade,BTCUSDT,119558245,96827.86,0.166099,2026-03-20 04:50:18.163,False,16083.01071814
trade,BTCUSDT,119558246,96536.44,0.762172,2026-03-20 04:50:21.201,True,73577.37154768
trade,ETHUSDT,111431856,3516.46,1.355746,2026-03-20 04:50:22.365,False,4767.42657916
trade,BTCUSDT,119558247,97173.18,0.503944,2026-03-20 04:50:24.895,False,48969.841021919994
trade,ETHUSDT,111431857,3508.17,1.657138,2026-03-20 04:50:25.977,True,5813.52181746
trade,BTCUSDT,119558248,96995.42,0.683976,2026-03-20 04:50:26.022,True,66342.53938992
trade,ETHUSDT,111431858,3503.39,0.220981,2026-03-20 04:50:28.421,True,774.18262559
trade,BTCUSDT,119558249,97211.35,0.255573,2026-03-20 04:50:30.846,True,24844.59635355
trade,ETHUSDT,111431859,3509.17,1.298499,2026-03-20 04:50:31.728,False,4556.65373583
trade,BTCUSDT,119558250,96901.57,1.013897,2026-03-20 04:50:33.483,False,98248.21111829001
trade,ETHUSDT,111431860,3492.34,1.874082,2026-03-20 04:50:36.356,False,6544.93153188
trade,BTCUSDT,119558251,96523.0,0.490333,2026-03-20 04:50:36.602,False,47328.412159
trade,ETHUSDT,111431861,3482.65,0.942829,2026-03-20 04:50:36.969,False,3283.54341685
trade,BTCUSDT,119558252,97463.95,1.007442,2026-03-20 04:50:39.056,True,98189.27671589999
trade,ETHUSDT,111431862,3498.52,1.533915,2026-03-20 04:50:40.473,True,5366.4323058
trade,BTCUSDT,119558253,96954.8,0.277091,2026-03-20 04:50:42.574,True,26865.3024868
trade,ETHUSDT,111431863,3498.65,1.584577,2026-03-20 04:50:44.046,True,5543.88032105
trade,ETHUSDT,111431864,3490.35,0.239487,2026-03-20 04:50:44.623,True,835.89345045
trade,BTCUSDT,119558254,96924.1,1.101146,2026-03-20 04:50:47.497,False,106727.5850186
trade,ETHUSDT,111431865,3485.56,0.487039,2026-03-20 04:50:47.820,True,1697.60365684
trade,ETHUSDT,111431866,3503.89,1.097904,2026-03-20 04:50:48.281,False,3846.9348465599996
trade,ETHUSDT,111431867,3515.25,0.269404,2026-03-20 04:50:51.355,False,947.0224109999999
trade,BTCUSDT,119558255,96711.19,0.527583,2026-03-20 04:50:51.800,True,51023.179753770004
trade,BTCUSDT,119558256,96912.24,0.235702,2026-03-20 04:50:53.426,True,22842.40879248
trade,BTCUSDT,119558257,97259.81,0.783016,2026-03-20 04:50:54.138,True,76155.98738696
trade,BTCUSDT,119558258,96836.68,0.541561,2026-03-20 04:50:55.969,False,52442.96925747999
trade,ETHUSDT,111431868,3505.5,1.922069,2026-03-20 04:50:56.176,True,6737.8128795
trade,BTCUSDT,119558259,97432.46,1.957492,2026-03-20 04:50:58.891,False,190723.26099032
trade,ETHUSDT,111431869,3494.82,0.813677,2026-03-20 04:50:59.337,True,2843.65465314
trade,BTCUSDT,119558260,96922.01,0.353449,2026-03-20 04:51:02.029,False,34256.98751249
trade,ETHUSDT,111431870,3493.0,1.88891,2026-03-20 04:51:02.084,False,6597.96263
trade,BTCUSDT,119558261,97163.24,1.329778,2026-03-20 04:51:06.053,True,129205.53896071999
trade,ETHUSDT,111431871,3512.36,0.566021,2026-03-20 04:51:06.293,False,1988.0695195600001
trade,ETHUSDT,111431872,3509.68,0.763437,2026-03-20 04:51:08.480,False,2679.41957016
trade,BTCUSDT,119558262,96696.36,0.925188,2026-03-20 04:51:09.586,False,89462.31191568
trade,ETHUSDT,111431873,3500.54,0.224338,2026-03-20 04:51:09.716,False,785.30414252
trade,BTCUSDT,119558263,96643.55,1.254966,2026-03-20 04:51:10.766,False,121284.36936930001
trade,BTCUSDT,119558264,96820.21,0.871275,2026-03-20 04:51:11.400,False,84357.02846775
trade,BTCUSDT,119558265,96962.82,1.907752,2026-03-20 04:51:11.814,False,184981.01378064
trade,ETHUSDT,111431874,3516.11,1.997516,2026-03-20 04:51:13.287,True,7023.48598276
trade,ETHUSDT,111431875,3486.49,0.533706,2026-03-20 04:51:14.413,True,1860.76063194
trade,BTCUSDT,119558266,96987.38,1.314478,2026-03-20 04:51:14.944,True,127487.77728764001
trade,ETHUSDT,111431876,3500.59,1.190817,2026-03-20 04:51:15.138,False,4168.56208203
trade,ETHUSDT,111431877,3495.81,1.612379,2026-03-20 04:51:18.940,True,5636.57063199
trade,BTCUSDT,119558267,96840.86,0.00893,2026-03-20 04:51:19.609,False,864.7888798
trade,ETHUSDT,111431878,3492.91,1.921098,2026-03-20 04:51:20.717,True,6710.222415179999
trade,ETHUSDT,111431879,3485.79,1.301057,2026-03-20 04:51:23.060,False,4535.21148003
trade,BTCUSDT,119558268,97135.87,0.054606,2026-03-20 04:51:24.230,False,5304.2013172199995
trade,ETHUSDT,111431880,3502.25,0.839341,2026-03-20 04:51:24.933,False,2939.58201725
trade,ETHUSDT,111431881,3492.45,1.537457,2026-03-20 04:51:26.930,False,5369.49169965
trade,BTCUSDT,119558269,97380.43,1.608963,2026-03-20 04:51:27.989,False,156681.50879408998
trade,ETHUSDT,111431882,3500.94,0.756572,2026-03-20 04:51:30.177,False,2648.71317768
trade,BTCUSDT,119558270,97329.15,1.18746,2026-03-20 04:51:31.320,False,115574.47245899998
trade,ETHUSDT,111431883,3490.54,1.269892,2026-03-20 04:51:31.614,False,4432.60882168
trade,BTCUSDT,119558271,96699.93,1.789155,2026-03-20 04:51:33.145,False,173011.16325915
trade,ETHUSDT,111431884,3505.67,0.248142,2026-03-20 04:51:34.428,True,869.90396514
trade,BTCUSDT,119558272,96706.17,1.083752,2026-03-20 04:51:36.815,False,104805.50514984
trade,ETHUSDT,111431885,3500.45,0.850629,2026-03-20 04:51:37.535,True,2977.5842830499996
trade,BTCUSDT,119558273,96543.39,0.847359,2026-03-20 04:51:40.554,False,81806.91040701
trade,ETHUSDT,111431886,3502.52,1.986282,2026-03-20 04:51:41.297,False,6956.992430640001
trade,BTCUSDT,119558274,96811.3,1.689586,2026-03-20 04:51:44.621,True,163571.01712180002
trade,ETHUSDT,111431887,3507.23,1.372443,2026-03-20 04:51:44.936,True,4813.47326289
trade,ETHUSDT,111431888,3497.93,0.733704,2026-03-20 04:51:45.681,True,2566.44523272
trade,ETHUSDT,111431889,3509.51,0.952477,2026-03-20 04:51:47.953,True,3342.72755627
trade,BTCUSDT,119558275,96676.96,1.676069,2026-03-20 04:51:49.320,True,162037.25567024
trade,ETHUSDT,111431890,3485.45,0.319501,2026-03-20 04:51:49.444,False,1113.60476045
trade,ETHUSDT,111431891,3508.62,0.232409,2026-03-20 04:51:50.460,False,815.43486558
trade,BTCUSDT,119558276,96562.92,1.28691,2026-03-20 04:51:50.935,True,124267.7873772
trade,BTCUSDT,119558277,97100.46,1.884136,2026-03-20 04:51:52.538,True,182950.47230256003
trade,BTCUSDT,119558278,97313.68,1.127182,2026-03-20 04:51:54.874,False,109690.22844975998
trade,ETHUSDT,111431892,3496.64,1.68765,2026-03-20 04:51:55.346,False,5901.104496
trade,BTCUSDT,119558279,97020.53,0.187394,2026-03-20 04:51:57.348,False,18181.06519882
trade,ETHUSDT,111431893,3506.85,1.317237,2026-03-20 04:51:58.888,True,4619.35257345
trade,BTCUSDT,119558280,97034.36,0.147263,2026-03-20 04:52:00.369,True,14289.570956680001
trade,ETHUSDT,111431894,3502.7,0.782181,2026-03-20 04:52:01.620,True,2739.7453886999997
trade,ETHUSDT,111431895,3509.13,0.353832,2026-03-20 04:52:03.423,True,1241.6424861599999
trade,ETHUSDT,111431896,3488.85,1.531065,2026-03-20 04:52:04.223,True,5341.65612525
trade,BTCUSDT,119558281,96966.56,1.690307,2026-03-20 04:52:04.883,False,163903.25513392
trade,BTCUSDT,119558282,96899.96,0.99491,2026-03-20 04:52:07.415,False,96406.73920360001
trade,ETHUSDT,111431897,3494.37,0.66822,2026-03-20 04:52:08.479,True,2335.0079214
trade,ETHUSDT,111431898,3514.04,0.020988,2026-03-20 04:52:08.840,True,73.75267151999999
trade,BTCUSDT,119558283,96615.94,0.078291,2026-03-20 04:52:12.004,False,7564.15855854
trade,ETHUSDT,111431899,3511.71,0.575276,2026-03-20 04:52:12.611,True,2020.2024819600001
trade,BTCUSDT,119558284,97050.75,0.446755,2026-03-20 04:52:15.329,True,43357.90781625
trade,ETHUSDT,111431900,3487.9,1.403684,2026-03-20 04:52:17.230,False,4895.9094236
trade,BTCUSDT,119558285,97111.51,1.895264,2026-03-20 04:52:18.068,False,184051.94888864
trade,ETHUSDT,111431901,3483.14,0.843783,2026-03-20 04:52:18.699,True,2939.01431862
trade,ETHUSDT,111431902,3496.29,0.545145,2026-03-20 04:52:21.133,False,1905.98501205
trade,ETHUSDT,111431903,3510.86,0.216546,2026-03-20 04:52:21.332,True,760.26268956
trade,BTCUSDT,119558286,96665.62,1.184454,2026-03-20 04:52:21.660,True,114495.98027147999
trade,ETHUSDT,111431904,3508.47,0.075856,2026-03-20 04:52:22.301,False,266.13850032
trade,BTCUSDT,119558287,97399.02,0.61258,2026-03-20 04:52:22.770,False,59664.691671600005
trade,BTCUSDT,119558288,96637.37,0.749901,2026-03-20 04:52:23.376,False,72468.46040037
trade,ETHUSDT,111431905,3487.53,0.387114,2026-03-20 04:52:23.529,False,1350.07168842
trade,BTCUSDT,119558289,97035.6,0.75656,2026-03-20 04:52:24.742,False,73413.253536
trade,BTCUSDT,119558290,97220.41,0.076461,2026-03-20 04:52:28.094,True,7433.5697690100005
trade,ETHUSDT,111431906,3485.38,0.41613,2026-03-20 04:52:28.361,False,1450.3711794
trade,BTCUSDT,119558291,97230.46,0.953803,2026-03-20 04:52:30.869,True,92738.70443938
trade,BTCUSDT,119558292,96861.25,1.882977,2026-03-20 04:52:32.138,True,182387.50594124998
trade,BTCUSDT,119558293,97193.65,1.018315,2026-03-20 04:52:32.457,False,98973.75169975
trade,ETHUSDT,111431907,3497.95,1.809471,2026-03-20 04:52:33.044,False,6329.439084449999
trade,BTCUSDT,119558294,96940.08,1.606494,2026-03-20 04:52:34.221,False,155733.65687952001
trade,ETHUSDT,111431908,3491.65,1.050145,2026-03-20 04:52:37.670,False,3666.7387892500005
trade,ETHUSDT,111431909,3497.4,0.067864,2026-03-20 04:52:38.157,False,237.3475536
trade,BTCUSDT,119558295,96581.24,0.311677,2026-03-20 04:52:39.075,False,30102.15113948
trade,BTCUSDT,119558296,96759.14,1.855983,2026-03-20 04:52:40.529,True,179583.31893461998
trade,ETHUSDT,111431910,3512.83,0.880348,2026-03-20 04:52:41.542,True,3092.51286484
trade,BTCUSDT,119558297,96855.6,0.618365,2026-03-20 04:52:43.354,True,59892.11309400001
trade,ETHUSDT,111431911,3501.98,0.121714,2026-03-20 04:52:45.329,False,426.23999372000003
trade,ETHUSDT,111431912,3487.96,1.053535,2026-03-20 04:52:45.480,True,3674.6879386000005
trade,ETHUSDT,111431913,3509.9,1.487228,2026-03-20 04:52:45.699,True,5220.0215572
trade,BTCUSDT,119558298,97103.19,0.829436,2026-03-20 04:52:47.251,True,80540.88150084
trade,BTCUSDT,119558299,97164.9,1.908616,2026-03-20 04:52:49.158,True,185450.4827784
trade,ETHUSDT,111431914,3510.53,0.574664,2026-03-20 04:52:50.367,True,2017.3752119199999
trade,BTCUSDT,119558300,97145.94,0.162429,2026-03-20 04:52:51.484,True,15779.317888259999
trade,ETHUSDT,111431915,3502.3,0.209394,2026-03-20 04:52:53.592,False,733.3606062
trade,BTCUSDT,119558301,96574.09,1.882079,2026-03-20 04:52:55.806,False,181760.06673311
trade,BTCUSDT,119558302,96993.26,0.134275,2026-03-20 04:52:57.609,False,13023.7699865
trade,ETHUSDT,111431916,3501.43,1.869285,2026-03-20 04:52:58.456,True,6545.17057755
trade,ETHUSDT,111431917,3509.81,1.979881,2026-03-20 04:52:59.277,True,6949.00613261
trade,BTCUSDT,119558303,96614.26,1.708159,2026-03-20 04:53:00.424,False,165032.51774734
trade,ETHUSDT,111431918,3505.67,1.980321,2026-03-20 04:53:03.639,True,6942.35192007
trade,BTCUSDT,119558304,97176.71,0.091443,2026-03-20 04:53:03.705,False,8886.12989253
trade,ETHUSDT,111431919,3505.37,1.528535,2026-03-20 04:53:04.158,False,5358.080732949999
trade,BTCUSDT,119558305,97155.09,0.039505,2026-03-20 04:53:05.990,True,3838.1118304499996
trade,ETHUSDT,111431920,3485.39,0.53847,2026-03-20 04:53:06.131,True,1876.7779533
trade,BTCUSDT,119558306,96560.86,0.157425,2026-03-20 04:53:06.733,False,15201.0933855
trade,ETHUSDT,111431921,3494.64,0.760603,2026-03-20 04:53:09.590,False,2658.03366792
trade,BTCUSDT,119558307,96637.28,0.646506,2026-03-20 04:53:10.116,True,62476.58134368
trade,BTCUSDT,119558308,96678.27,1.540521,2026-03-20 04:53:13.271,False,148934.90517867001
trade,ETHUSDT,111431922,3499.72,1.719333,2026-03-20 04:53:14.570,True,6017.184086759999
trade,BTCUSDT,119558309,97267.97,1.503411,2026-03-20 04:53:15.611,True,146233.73604567
trade,ETHUSDT,111431923,3511.56,0.07431,2026-03-20 04:53:16.502,True,260.9440236
trade,BTCUSDT,119558310,97360.0,0.296123,2026-03-20 04:53:16.509,True,28830.535280000004
trade,BTCUSDT,119558311,97138.45,0.934603,2026-03-20 04:53:17.081,False,90785.88678535
trade,ETHUSDT,111431924,3506.62,0.818937,2026-03-20 04:53:20.827,True,2871.70086294
trade,BTCUSDT,119558312,96542.44,0.569704,2026-03-20 04:53:21.621,True,55000.61423776
trade,ETHUSDT,111431925,3504.71,1.724698,2026-03-20 04:53:23.901,True,6044.566327580001
trade,ETHUSDT,111431926,3506.81,1.281533,2026-03-20 04:53:24.309,True,4494.09273973
trade,BTCUSDT,119558313,97323.7,1.938839,2026-03-20 04:53:24.555,True,188694.9851843
trade,BTCUSDT,119558314,97309.54,1.606551,2026-03-20 04:53:25.661,True,156332.73879653998
trade,ETHUSDT,111431927,3515.94,1.713762,2026-03-20 04:53:26.535,True,6025.48436628
trade,ETHUSDT,111431928,3489.08,0.141613,2026-03-20 04:53:28.594,True,494.09908604
trade,BTCUSDT,119558315,96861.21,0.086902,2026-03-20 04:53:30.461,True,8417.43287142
trade,ETHUSDT,111431929,3483.0,1.631198,2026-03-20 04:53:31.487,True,5681.4626339999995
trade,BTCUSDT,119558316,97185.28,1.256876,2026-03-20 04:53:34.616,False,122149.84598528002
trade,BTCUSDT,119558317,97162.59,0.613604,2026-03-20 04:53:34.981,True,59619.35387436
trade,ETHUSDT,111431930,3501.13,0.876316,2026-03-20 04:53:35.369,True,3068.0962370800003
trade,BTCUSDT,119558318,97228.32,1.335832,2026-03-20 04:53:37.659,False,129880.70116224
trade,ETHUSDT,111431931,3507.61,0.297534,2026-03-20 04:53:39.089,True,1043.6332337400002
trade,BTCUSDT,119558319,96874.15,0.228278,2026-03-20 04:53:39.352,False,22114.2372137
trade,ETHUSDT,111431932,3507.24,0.340637,2026-03-20 04:53:40.107,False,1194.69571188
trade,ETHUSDT,111431933,3499.7,1.109373,2026-03-20 04:53:42.215,False,3882.4726880999997
trade,BTCUSDT,119558320,97223.8,0.492146,2026-03-20 04:53:42.606,False,47848.3042748
trade,BTCUSDT,119558321,97328.89,0.910907,2026-03-20 04:53:44.442,True,88657.56720323
trade,BTCUSDT,119558322,97114.2,0.946473,2026-03-20 04:53:44.609,False,91915.9682166
trade,ETHUSDT,111431934,3486.73,1.142228,2026-03-20 04:53:44.778,True,3982.64063444
trade,ETHUSDT,111431935,3497.97,0.501617,2026-03-20 04:53:46.126,True,1754.64121749
trade,BTCUSDT,119558323,97363.88,1.692983,2026-03-20 04:53:48.277,False,164835.39365404
trade,ETHUSDT,111431936,3496.73,0.03126,2026-03-20 04:53:49.225,True,109.3077798
trade,ETHUSDT,111431937,3482.52,0.392317,2026-03-20 04:53:51.428,True,1366.25179884
trade,BTCUSDT,119558324,97308.7,0.086371,2026-03-20 04:53:52.346,True,8404.6497277
trade,ETHUSDT,111431938,3507.72,1.715352,2026-03-20 04:53:55.720,False,6016.9745174399995
trade,BTCUSDT,119558325,96905.88,0.453168,2026-03-20 04:53:55.720,True,43914.64382784
trade,BTCUSDT,119558326,96790.13,1.187565,2026-03-20 04:53:56.322,True,114944.57073345
trade,BTCUSDT,119558327,96546.41,1.290519,2026-03-20 04:53:57.592,False,124594.97648679001
trade,BTCUSDT,119558328,97214.93,0.881354,2026-03-20 04:53:58.719,False,85680.76741521999
trade,ETHUSDT,111431939,3507.2,0.514063,2026-03-20 04:53:59.528,False,1802.9217536
trade,BTCUSDT,119558329,96867.97,1.594789,2026-03-20 04:54:01.947,True,154483.97300833
trade,ETHUSDT,111431940,3484.66,1.330121,2026-03-20 04:54:02.609,False,4635.01944386
trade,BTCUSDT,119558330,96787.84,1.705633,2026-03-20 04:54:03.212,True,165084.53390272
trade,BTCUSDT,119558331,96674.43,1.530881,2026-03-20 04:54:03.516,False,147997.04807283
trade,ETHUSDT,111431941,3492.5,1.98604,2026-03-20 04:54:03.565,False,6936.2447
trade,BTCUSDT,119558332,97297.95,0.395494,2026-03-20 04:54:03.848,False,38480.7554373
trade,ETHUSDT,111431942,3494.61,0.55619,2026-03-20 04:54:06.295,False,1943.6671359
trade,BTCUSDT,119558333,97484.4,1.04506,2026-03-20 04:54:07.876,False,101877.047064
trade,ETHUSDT,111431943,3503.38,0.957998,2026-03-20 04:54:08.909,False,3356.23103324
trade,BTCUSDT,119558334,96763.32,0.543246,2026-03-20 04:54:10.361,False,52566.28653672001
trade,BTCUSDT,119558335,97096.84,0.753323,2026-03-20 04:54:11.540,True,73145.28279931999
trade,ETHUSDT,111431944,3500.48,0.228805,2026-03-20 04:54:12.810,False,800.9273264000001
trade,ETHUSDT,111431945,3495.06,0.04553,2026-03-20 04:54:13.514,False,159.1300818
trade,BTCUSDT,119558336,96692.23,0.009472,2026-03-20 04:54:16.154,False,915.86880256
trade,BTCUSDT,119558337,96562.23,1.726575,2026-03-20 04:54:17.573,True,166721.93226225
trade,BTCUSDT,119558338,96800.65,1.030372,2026-03-20 04:54:18.238,True,99740.6793418
trade,ETHUSDT,111431946,3485.89,0.644655,2026-03-20 04:54:18.496,True,2247.19641795
trade,BTCUSDT,119558339,96716.58,0.974141,2026-03-20 04:54:18.896,False,94215.58595778
trade,ETHUSDT,111431947,3514.24,0.263928,2026-03-20 04:54:19.618,False,927.5063347199999
trade,BTCUSDT,119558340,97038.48,1.121077,2026-03-20 04:54:20.621,True,108787.60804296001
trade,ETHUSDT,111431948,3501.7,1.188009,2026-03-20 04:54:21.985,False,4160.0511153
trade,BTCUSDT,119558341,97302.96,0.348623,2026-03-20 04:54:23.953,False,33922.04982408
trade,ETHUSDT,111431949,3512.42,0.146283,2026-03-20 04:54:24.844,False,513.80733486
trade,BTCUSDT,119558342,97237.5,1.678702,2026-03-20 04:54:26.708,False,163232.785725
trade,ETHUSDT,111431950,3511.11,0.102554,2026-03-20 04:54:27.879,False,360.07837494000006
trade,ETHUSDT,111431951,3484.38,0.179287,2026-03-20 04:54:28.740,True,624.70403706
trade,BTCUSDT,119558343,96711.03,0.633928,2026-03-20 04:54:30.912,True,61307.82982584
trade,BTCUSDT,119558344,96988.22,1.429734,2026-03-20 04:54:32.123,False,138667.35573348
trade,ETHUSDT,111431952,3513.37,1.711217,2026-03-20 04:54:33.702,True,6012.13847129
trade,BTCUSDT,119558345,97153.07,0.827823,2026-03-20 04:54:35.899,True,80425.54586661
trade,BTCUSDT,119558346,96717.45,1.066707,2026-03-20 04:54:37.871,True,103169.18093715
trade,ETHUSDT,111431953,3506.08,0.00205,2026-03-20 04:54:38.466,True,7.187464
trade,BTCUSDT,119558347,96791.88,1.268267,2026-03-20 04:54:41.518,True,122757.94727196002
trade,BTCUSDT,119558348,96790.85,0.898092,2026-03-20 04:54:43.179,True,86927.08805820001
trade,ETHUSDT,111431954,3510.86,1.837943,2026-03-20 04:54:43.448,False,6452.76056098
trade,ETHUSDT,111431955,3497.35,0.448763,2026-03-20 04:54:46.512,True,1569.4812780500001
trade,BTCUSDT,119558349,97318.33,1.609091,2026-03-20 04:54:47.468,False,156594.04893803
trade,BTCUSDT,119558350,97213.81,1.139808,2026-03-20 04:54:48.897,False,110805.07834847999
trade,ETHUSDT,111431956,3508.59,1.692093,2026-03-20 04:54:49.831,True,5936.860578870001
trade,BTCUSDT,119558351,96815.06,1.053803,2026-03-20 04:54:51.446,False,102024.00067318
trade,BTCUSDT,119558352,96735.59,0.012902,2026-03-20 04:54:52.927,False,1248.08258218
trade,ETHUSDT,111431957,3492.95,0.90241,2026-03-20 04:54:54.582,True,3152.0730095
trade,BTCUSDT,119558353,97481.61,0.710528,2026-03-20 04:54:57.752,False,69263.41339008001
trade,ETHUSDT,111431958,3482.57,1.759767,2026-03-20 04:54:59.225,False,6128.5117611900005
trade,ETHUSDT,111431959,3507.39,1.196256,2026-03-20 04:55:00.174,False,4195.736331839999
trade,ETHUSDT,111431960,3496.64,1.927654,2026-03-20 04:55:00.756,True,6740.31208256
trade,BTCUSDT,119558354,97224.4,0.26796,2026-03-20 04:55:01.115,True,26052.250223999996
trade,ETHUSDT,111431961,3483.67,0.91765,2026-03-20 04:55:02.876,False,3196.7897755
trade,BTCUSDT,119558355,97338.7,1.45797,2026-03-20 04:55:03.379,True,141916.904439
trade,BTCUSDT,119558356,97064.04,1.230511,2026-03-20 04:55:06.159,False,119438.36892443999
trade,ETHUSDT,111431962,3494.3,1.818843,2026-03-20 04:55:07.663,False,6355.5830949
trade,ETHUSDT,111431963,3500.87,0.578105,2026-03-20 04:55:10.298,True,2023.87045135
trade,BTCUSDT,119558357,97223.78,1.705632,2026-03-20 04:55:10.447,True,165827.99032896
trade,BTCUSDT,119558358,96553.75,0.484657,2026-03-20 04:55:13.949,False,46795.45081375
trade,ETHUSDT,111431964,3494.47,1.359252,2026-03-20 04:55:14.137,False,4749.86533644
trade,ETHUSDT,111431965,3495.87,0.017817,2026-03-20 04:55:16.328,True,62.28591579
trade,BTCUSDT,119558359,96908.2,0.902429,2026-03-20 04:55:17.538,False,87452.7700178
trade,BTCUSDT,119558360,97166.96,0.081261,2026-03-20 04:55:18.085,True,7895.8843365600005
trade,ETHUSDT,111431966,3494.96,1.883696,2026-03-20 04:55:19.226,False,6583.44217216
trade,BTCUSDT,119558361,96898.22,0.824664,2026-03-20 04:55:23.026,True,79908.47369808
trade,ETHUSDT,111431967,3503.56,1.251593,2026-03-20 04:55:23.773,False,4385.03117108
trade,ETHUSDT,111431968,3487.79,1.171089,2026-03-20 04:55:26.758,False,4084.5125033100003
trade,BTCUSDT,119558362,96947.14,1.199961,2026-03-20 04:55:27.460,False,116332.78706154
trade,ETHUSDT,111431969,3506.04,0.938258,2026-03-20 04:55:31.403,True,3289.57007832
trade,BTCUSDT,119558363,96915.34,0.270231,2026-03-20 04:55:31.720,False,26189.52924354
trade,BTCUSDT,119558364,96761.88,0.172047,2026-03-20 04:55:32.670,True,16647.591168360002
trade,ETHUSDT,111431970,3510.92,1.257708,2026-03-20 04:55:34.809,True,4415.71217136
trade,BTCUSDT,119558365,96903.72,0.230901,2026-03-20 04:55:35.794,False,22375.16585172
trade,ETHUSDT,111431971,3505.83,1.668679,2026-03-20 04:55:36.117,True,5850.10489857
trade,BTCUSDT,119558366,96679.88,0.119823,2026-03-20 04:55:39.719,False,11584.47326124
trade,BTCUSDT,119558367,97366.47,1.208443,2026-03-20 04:55:40.192,False,117661.82910620999
trade,ETHUSDT,111431972,3488.77,0.915217,2026-03-20 04:55:40.331,False,3192.98161309
trade,ETHUSDT,111431973,3506.43,1.796788,2026-03-20 04:55:41.265,True,6300.31134684
trade,ETHUSDT,111431974,3492.82,0.33134,2026-03-20 04:55:42.195,True,1157.3109788000002
trade,ETHUSDT,111431975,3510.97,1.651748,2026-03-20 04:55:42.448,True,5799.23767556
trade,BTCUSDT,119558368,97188.68,0.369696,2026-03-20 04:55:44.376,False,35930.26624128
trade,ETHUSDT,111431976,3503.25,0.93133,2026-03-20 04:55:45.113,True,3262.6818225
trade,BTCUSDT,119558369,97456.88,1.901755,2026-03-20 04:55:48.079,False,185339.10882440003
trade,BTCUSDT,119558370,97020.61,1.034297,2026-03-20 04:55:48.874,False,100348.12586117
trade,ETHUSDT,111431977,3505.31,1.873905,2026-03-20 04:55:50.027,False,6568.61793555
trade,BTCUSDT,119558371,96622.99,0.393016,2026-03-20 04:55:52.750,True,37974.38103784
trade,ETHUSDT,111431978,3507.45,0.195419,2026-03-20 04:55:53.556,True,685.42237155
trade,ETHUSDT,111431979,3503.28,1.791016,2026-03-20 04:55:54.541,False,6274.43053248
trade,ETHUSDT,111431980,3503.34,1.610708,2026-03-20 04:55:54.666,False,5642.85776472
trade,BTCUSDT,119558372,97346.04,0.000993,2026-03-20 04:55:55.737,True,96.66461772
trade,BTCUSDT,119558373,96677.94,0.249153,2026-03-20 04:55:56.095,True,24087.598784820002
trade,ETHUSDT,111431981,3504.75,0.388011,2026-03-20 04:55:56.779,True,1359.88155225
trade,ETHUSDT,111431982,3483.77,1.106011,2026-03-20 04:55:59.487,True,3853.0879414700003
trade,BTCUSDT,119558374,97184.76,0.569515,2026-03-20 04:56:00.730,False,55348.1785914
trade,ETHUSDT,111431983,3495.1,0.56878,2026-03-20 04:56:00.934,True,1987.9429779999998
trade,BTCUSDT,119558375,96594.51,1.991189,2026-03-20 04:56:00.994,False,192337.92577239
trade,BTCUSDT,119558376,96619.54,0.214055,2026-03-20 04:56:02.314,True,20681.8956347
trade,ETHUSDT,111431984,3514.7,1.744425,2026-03-20 04:56:02.636,False,6131.130547499999
trade,BTCUSDT,119558377,97086.37,1.204053,2026-03-20 04:56:03.030,True,116897.13505761
trade,ETHUSDT,111431985,3491.7,0.665869,2026-03-20 04:56:06.321,False,2325.0147873
trade,BTCUSDT,119558378,97312.96,1.033854,2026-03-20 04:56:06.548,False,100607.39294784001
trade,BTCUSDT,119558379,97195.48,0.812408,2026-03-20 04:56:06.754,False,78962.38551584
trade,BTCUSDT,119558380,96530.51,1.920563,2026-03-20 04:56:08.469,False,185392.92587712998
trade,ETHUSDT,111431986,3485.24,1.969715,2026-03-20 04:56:08.671,True,6864.9295065999995
trade,ETHUSDT,111431987,3513.63,0.139094,2026-03-20 04:56:11.623,True,488.72485122
trade,BTCUSDT,119558381,97245.01,0.201628,2026-03-20 04:56:12.007,True,19607.316876279998
trade,BTCUSDT,119558382,97376.67,1.195458,2026-03-20 04:56:13.912,False,116409.71916485998
trade,ETHUSDT,111431988,3491.88,0.655631,2026-03-20 04:56:16.412,False,2289.38477628
trade,BTCUSDT,119558383,96617.46,1.99238,2026-03-20 04:56:16.439,True,192498.6949548
trade,ETHUSDT,111431989,3491.74,0.179313,2026-03-20 04:56:16.677,True,626.1143746199999
trade,ETHUSDT,111431990,3513.33,0.083575,2026-03-20 04:56:19.553,False,293.62655474999997
trade,BTCUSDT,119558384,96782.28,0.804162,2026-03-20 04:56:21.194,False,77828.63184936
trade,ETHUSDT,111431991,3493.65,0.331787,2026-03-20 04:56:23.252,True,1159.14765255
trade,BTCUSDT,119558385,97216.3,1.19951,2026-03-20 04:56:23.549,False,116611.92401300001
trade,ETHUSDT,111431992,3483.4,0.38283,2026-03-20 04:56:25.071,False,1333.5500220000001
trade,ETHUSDT,111431993,3510.77,1.448267,2026-03-20 04:56:25.242,False,5084.53233559
trade,ETHUSDT,111431994,3500.95,1.646431,2026-03-20 04:56:25.375,True,5764.07260945
trade,BTCUSDT,119558386,96948.14,1.267301,2026-03-20 04:56:27.728,False,122862.47477014
trade,ETHUSDT,111431995,3497.79,0.872786,2026-03-20 04:56:29.119,False,3052.8221429399996
trade,ETHUSDT,111431996,3505.24,0.667339,2026-03-20 04:56:29.260,True,2339.18335636
trade,ETHUSDT,111431997,3514.81,0.282962,2026-03-20 04:56:31.454,True,994.55766722
trade,BTCUSDT,119558387,97282.73,0.010076,2026-03-20 04:56:31.689,False,980.2207874799999
trade,ETHUSDT,111431998,3511.44,1.105005,2026-03-20 04:56:31.832,True,3880.1587572000003
trade,ETHUSDT,111431999,3483.99,0.060038,2026-03-20 04:56:32.311,True,209.17179162
trade,BTCUSDT,119558388,96721.77,1.583542,2026-03-20 04:56:35.450,False,153162.98510934002
trade,BTCUSDT,119558389,97089.52,0.422322,2026-03-20 04:56:35.864,True,41003.04026544
trade,ETHUSDT,111432000,3485.36,0.902663,2026-03-20 04:56:36.632,False,3146.10551368
trade,ETHUSDT,111432001,3491.99,0.203444,2026-03-20 04:56:38.819,False,710.42441356
trade,BTCUSDT,119558390,97338.66,1.866429,2026-03-20 04:56:39.365,False,181675.69784514
trade,ETHUSDT,111432002,3494.86,0.341179,2026-03-20 04:56:40.527,False,1192.3728399400002
trade,BTCUSDT,119558391,97025.22,1.401554,2026-03-20 04:56:41.865,False,135986.08519188
trade,ETHUSDT,111432003,3490.97,0.48979,2026-03-20 04:56:44.403,True,1709.8421962999998
trade,BTCUSDT,119558392,96735.71,0.622126,2026-03-20 04:56:45.929,True,60181.80031946
trade,BTCUSDT,119558393,96539.94,0.923948,2026-03-20 04:56:47.829,True,89197.88448312
trade,ETHUSDT,111432004,3483.44,1.552924,2026-03-20 04:56:49.343,True,5409.51757856
trade,BTCUSDT,119558394,96725.36,0.864843,2026-03-20 04:56:50.435,True,83652.25051848001
trade,BTCUSDT,119558395,96594.09,0.903721,2026-03-20 04:56:51.069,True,87294.10760889
trade,BTCUSDT,119558396,96621.94,0.791342,2026-03-20 04:56:51.761,True,76460.99924348001
trade,ETHUSDT,111432005,3514.67,1.111984,2026-03-20 04:56:52.915,True,3908.25680528
trade,BTCUSDT,119558397,96774.63,1.889755,2026-03-20 04:56:54.734,True,182880.34091565
trade,ETHUSDT,111432006,3513.03,1.327902,2026-03-20 04:56:56.919,True,4664.95956306
trade,BTCUSDT,119558398,96703.48,1.683847,2026-03-20 04:56:58.355,True,162833.86468756
trade,BTCUSDT,119558399,97172.09,0.662922,2026-03-20 04:57:00.198,True,64417.51624698
trade,ETHUSDT,111432007,3505.17,0.729834,2026-03-20 04:57:01.412,False,2558.19224178
trade,ETHUSDT,111432008,3494.28,1.866105,2026-03-20 04:57:03.318,False,6520.6933794
trade,BTCUSDT,119558400,96979.65,0.406354,2026-03-20 04:57:03.902,False,39408.068696099996
trade,BTCUSDT,119558401,96830.1,1.840186,2026-03-20 04:57:04.374,False,178185.3943986
trade,ETHUSDT,111432009,3482.67,1.67431,2026-03-20 04:57:05.745,False,5831.0692077
trade,ETHUSDT,111432010,3499.64,0.286632,2026-03-20 04:57:06.575,True,1003.10881248
trade,BTCUSDT,119558402,96811.96,0.023807,2026-03-20 04:57:09.203,True,2304.80233172
trade,BTCUSDT,119558403,96794.28,0.509679,2026-03-20 04:57:09.833,True,49334.01183612
trade,ETHUSDT,111432011,3482.68,0.047571,2026-03-20 04:57:10.881,True,165.67457028
trade,ETHUSDT,111432012,3490.6,0.088283,2026-03-20 04:57:12.242,True,308.1606398
trade,BTCUSDT,119558404,96909.67,0.44172,2026-03-20 04:57:14.411,True,42806.9394324
trade,ETHUSDT,111432013,3496.78,1.542625,2026-03-20 04:57:15.151,True,5394.2202475
trade,BTCUSDT,119558405,96633.1,1.85723,2026-03-20 04:57:18.511,False,179469.89231300002
trade,ETHUSDT,111432014,3514.13,1.829712,2026-03-20 04:57:18.997,False,6429.845830560001
trade,ETHUSDT,111432015,3486.87,1.165898,2026-03-20 04:57:20.162,False,4065.3347592600003
trade,BTCUSDT,119558406,96665.49,1.628934,2026-03-20 04:57:20.841,True,157461.70328766003
trade,ETHUSDT,111432016,3511.72,1.428139,2026-03-20 04:57:21.092,True,5015.22428908
trade,BTCUSDT,119558407,96923.23,1.53968,2026-03-20 04:57:22.776,True,149230.7587664
trade,BTCUSDT,119558408,96653.51,1.717553,2026-03-20 04:57:23.160,False,166007.52606103
trade,ETHUSDT,111432017,3504.14,0.325647,2026-03-20 04:57:24.004,True,1141.11267858
trade,BTCUSDT,119558409,97420.34,0.702564,2026-03-20 04:57:27.814,True,68444.02375175999
trade,ETHUSDT,111432018,3510.53,1.919223,2026-03-20 04:57:28.849,False,6737.48991819
trade,BTCUSDT,119558410,97121.22,1.16005,2026-03-20 04:57:29.116,True,112665.471261
trade,ETHUSDT,111432019,3483.63,1.9895,2026-03-20 04:57:30.672,False,6930.681885
trade,BTCUSDT,119558411,96636.39,0.924508,2026-03-20 04:57:34.029,True,89341.11564612
trade,ETHUSDT,111432020,3493.63,0.646807,2026-03-20 04:57:34.672,False,2259.70433941
trade,BTCUSDT,119558412,97471.06,0.439066,2026-03-20 04:57:34.698,False,42796.22842996
trade,BTCUSDT,119558413,96687.17,0.8918,2026-03-20 04:57:37.676,True,86225.618206
trade,BTCUSDT,119558414,96723.75,0.745428,2026-03-20 04:57:38.318,False,72100.591515
trade,ETHUSDT,111432021,3500.29,1.780603,2026-03-20 04:57:39.419,True,6232.6268748699995
trade,BTCUSDT,119558415,97271.68,0.213525,2026-03-20 04:57:40.149,True,20769.935471999997
trade,ETHUSDT,111432022,3497.99,1.373071,2026-03-20 04:57:41.632,True,4802.988627289999
trade,BTCUSDT,119558416,97229.93,0.788543,2026-03-20 04:57:43.864,True,76669.98069199
trade,ETHUSDT,111432023,3511.58,0.272678,2026-03-20 04:57:45.672,False,957.5306112399999
trade,BTCUSDT,119558417,97076.65,1.315185,2026-03-20 04:57:47.429,False,127673.75393025
trade,ETHUSDT,111432024,3517.49,1.37481,2026-03-20 04:57:48.181,False,4835.8804269
trade,BTCUSDT,119558418,97150.42,0.878293,2026-03-20 04:57:51.060,False,85326.53383305999
trade,ETHUSDT,111432025,3510.9,1.376492,2026-03-20 04:57:51.553,False,4832.725762800001
trade,BTCUSDT,119558419,96700.56,1.686392,2026-03-20 04:57:55.072,True,163075.05077951998
trade,BTCUSDT,119558420,97115.71,1.185498,2026-03-20 04:57:55.606,True,115130.47997358
trade,ETHUSDT,111432026,3493.38,1.337625,2026-03-20 04:57:56.260,True,4672.832422500001
trade,BTCUSDT,119558421,97364.41,1.259006,2026-03-20 04:58:00.454,False,122582.37637646002
trade,ETHUSDT,111432027,3502.61,1.286275,2026-03-20 04:58:00.511,True,4505.319677750001
trade,BTCUSDT,119558422,97022.57,1.322812,2026-03-20 04:58:03.526,True,128342.61986684002
trade,ETHUSDT,111432028,3507.82,1.963469,2026-03-20 04:58:04.284,True,6887.49582758
trade,BTCUSDT,119558423,96905.2,0.793008,2026-03-20 04:58:06.243,True,76846.5988416
trade,ETHUSDT,111432029,3504.66,1.452724,2026-03-20 04:58:06.499,False,5091.303693839999
trade,ETHUSDT,111432030,3487.77,0.03343,2026-03-20 04:58:08.307,False,116.5961511
trade,ETHUSDT,111432031,3496.01,1.436327,2026-03-20 04:58:10.139,False,5021.41355527
trade,BTCUSDT,119558424,96658.37,0.677535,2026-03-20 04:58:11.076,True,65489.428717949995
trade,BTCUSDT,119558425,96884.59,1.877048,2026-03-20 04:58:11.450,False,181857.02589032
trade,ETHUSDT,111432032,3488.01,1.824649,2026-03-20 04:58:12.763,True,6364.39395849
trade,BTCUSDT,119558426,97084.19,1.95568,2026-03-20 04:58:14.588,False,189865.6086992
trade,ETHUSDT,111432033,3487.98,0.390424,2026-03-20 04:58:15.079,False,1361.79110352
trade,ETHUSDT,111432034,3493.56,1.977013,2026-03-20 04:58:17.478,True,6906.813536279999
trade,ETHUSDT,111432035,3498.61,1.702841,2026-03-20 04:58:18.180,False,5957.57655101
trade,BTCUSDT,119558427,97056.62,1.849391,2026-03-20 04:58:19.015,False,179495.63951841998
trade,ETHUSDT,111432036,3490.79,1.193814,2026-03-20 04:58:20.734,False,4167.35397306
trade,BTCUSDT,119558428,96957.04,0.246426,2026-03-20 04:58:22.099,False,23892.73553904
trade,BTCUSDT,119558429,97116.52,0.143384,2026-03-20 04:58:25.274,False,13924.955103680002
trade,ETHUSDT,111432037,3502.55,1.072577,2026-03-20 04:58:25.695,True,3756.75457135
trade,ETHUSDT,111432038,3484.48,0.383997,2026-03-20 04:58:27.734,False,1338.0298665599998
trade,BTCUSDT,119558430,97113.19,1.061306,2026-03-20 04:58:27.903,True,103066.81122614001
trade,ETHUSDT,111432039,3484.99,0.036557,2026-03-20 04:58:29.268,False,127.40077942999999
trade,BTCUSDT,119558431,97329.7,1.875772,2026-03-20 04:58:30.509,True,182568.32602839998
trade,ETHUSDT,111432040,3505.29,0.52252,2026-03-20 04:58:31.990,False,1831.5841308
trade,BTCUSDT,119558432,97230.01,1.099118,2026-03-20 04:58:32.023,False,106867.25413118
trade,BTCUSDT,119558433,97139.26,0.868961,2026-03-20 04:58:33.127,True,84410.22850885999
trade,ETHUSDT,111432041,3517.24,1.292233,2026-03-20 04:58:35.049,True,4545.09359692
trade,BTCUSDT,119558434,97023.52,0.620458,2026-03-20 04:58:35.786,False,60199.01917216
trade,ETHUSDT,111432042,3501.67,1.186854,2026-03-20 04:58:36.191,True,4155.9710461800005
trade,BTCUSDT,119558435,96542.89,0.666219,2026-03-20 04:58:36.398,True,64318.70763291
trade,ETHUSDT,111432043,3491.39,1.998349,2026-03-20 04:58:37.720,False,6977.015715109999
trade,ETHUSDT,111432044,3509.44,0.641096,2026-03-20 04:58:37.957,False,2249.88794624
trade,BTCUSDT,119558436,97451.27,1.866416,2026-03-20 04:58:38.990,False,181884.60954832
trade,ETHUSDT,111432045,3497.9,0.114972,2026-03-20 04:58:39.364,True,402.16055880000005
trade,BTCUSDT,119558437,97117.24,1.605053,2026-03-20 04:58:39.934,True,155878.31741372
trade,ETHUSDT,111432046,3514.73,1.560344,2026-03-20 04:58:42.095,False,5484.18786712
trade,BTCUSDT,119558438,97465.22,1.750963,2026-03-20 04:58:42.881,False,170657.99400686
trade,BTCUSDT,119558439,97437.6,1.306014,2026-03-20 04:58:43.062,False,127254.86972640001
trade,ETHUSDT,111432047,3498.27,1.861023,2026-03-20 04:58:43.693,True,6510.36093021
trade,ETHUSDT,111432048,3503.29,0.145146,2026-03-20 04:58:46.842,True,508.48853034
trade,BTCUSDT,119558440,97212.59,1.16423,2026-03-20 04:58:48.006,False,113177.81365570001
trade,ETHUSDT,111432049,3493.93,0.605826,2026-03-20 04:58:49.632,True,2116.71363618
trade,BTCUSDT,119558441,96598.44,1.507721,2026-03-20 04:58:50.093,False,145643.49655524
trade,ETHUSDT,111432050,3502.89,1.747445,2026-03-20 04:58:52.322,False,6121.10761605
trade,BTCUSDT,119558442,96605.62,1.199374,2026-03-20 04:58:53.009,True,115866.26888188
trade,BTCUSDT,119558443,97117.96,0.074913,2026-03-20 04:58:56.782,True,7275.39773748
trade,ETHUSDT,111432051,3491.21,1.149747,2026-03-20 04:58:57.305,True,4014.00822387
trade,BTCUSDT,119558444,96732.45,0.378764,2026-03-20 04:58:59.775,True,36638.7696918
trade,BTCUSDT,119558445,96938.16,1.948879,2026-03-20 04:59:00.508,True,188920.74432264
trade,ETHUSDT,111432052,3510.65,0.419379,2026-03-20 04:59:01.820,False,1472.2928863500001
trade,BTCUSDT,119558446,97191.46,1.254806,2026-03-20 04:59:03.015,True,121956.42715676002
trade,ETHUSDT,111432053,3517.5,0.667149,2026-03-20 04:59:03.185,True,2346.6966075
trade,ETHUSDT,111432054,3514.61,1.461629,2026-03-20 04:59:04.873,True,5137.055899690001
trade,ETHUSDT,111432055,3497.83,1.836273,2026-03-20 04:59:05.044,True,6422.97078759
trade,BTCUSDT,119558447,96919.45,0.396611,2026-03-20 04:59:06.506,False,38439.31998395
trade,ETHUSDT,111432056,3502.61,0.657958,2026-03-20 04:59:09.393,False,2304.5702703800002
trade,BTCUSDT,119558448,97387.39,1.29139,2026-03-20 04:59:10.707,False,125765.1015721
trade,BTCUSDT,119558449,97087.76,0.880449,2026-03-20 04:59:12.596,False,85480.82120424
trade,ETHUSDT,111432057,3494.07,1.552035,2026-03-20 04:59:13.128,True,5422.91893245
trade,BTCUSDT,119558450,96907.52,1.622917,2026-03-20 04:59:14.778,False,157272.86163584
trade,ETHUSDT,111432058,3513.75,1.036864,2026-03-20 04:59:16.995,False,3643.2808800000003
trade,BTCUSDT,119558451,97140.82,1.637082,2026-03-20 04:59:18.038,True,159027.48788724001
trade,ETHUSDT,111432059,3512.03,0.393441,2026-03-20 04:59:18.576,True,1381.77659523
trade,ETHUSDT,111432060,3484.87,1.929285,2026-03-20 04:59:19.986,True,6723.30741795
trade,BTCUSDT,119558452,97393.93,0.787453,2026-03-20 04:59:23.029,False,76693.14236028999
trade,ETHUSDT,111432061,3486.17,1.153185,2026-03-20 04:59:23.161,False,4020.1989514499996
trade,ETHUSDT,111432062,3491.83,0.699861,2026-03-20 04:59:24.894,True,2443.7956356299997
trade,ETHUSDT,111432063,3507.6,0.407168,2026-03-20 04:59:26.742,False,1428.1824768
trade,ETHUSDT,111432064,3497.83,1.999314,2026-03-20 04:59:27.835,False,6993.26048862
trade,BTCUSDT,119558453,96692.72,1.682934,2026-03-20 04:59:27.933,False,162727.46604048
trade,ETHUSDT,111432065,3506.76,1.453283,2026-03-20 04:59:29.002,False,5096.31469308
trade,BTCUSDT,119558454,97434.27,0.101341,2026-03-20 04:59:30.670,True,9874.08635607
trade,ETHUSDT,111432066,3513.22,0.274584,2026-03-20 04:59:32.426,True,964.6740004799999
trade,BTCUSDT,119558455,97045.02,1.682687,2026-03-20 04:59:32.910,True,163296.39356874002
trade,BTCUSDT,119558456,97043.82,0.837937,2026-03-20 04:59:33.289,True,81316.60739934
trade,ETHUSDT,111432067,3491.66,1.422738,2026-03-20 04:59:33.298,False,4967.71736508
trade,BTCUSDT,119558457,97100.7,1.282965,2026-03-20 04:59:34.168,False,124576.79957549999
trade,BTCUSDT,119558458,97041.06,0.044152,2026-03-20 04:59:35.073,True,4284.556881119999
trade,ETHUSDT,111432068,3496.77,0.008774,2026-03-20 04:59:35.866,True,30.68065998
trade,BTCUSDT,119558459,96980.19,0.991165,2026-03-20 04:59:36.003,True,96123.37002135
trade,BTCUSDT,119558460,97200.31,0.643874,2026-03-20 04:59:36.340,False,62584.75240093999
trade,BTCUSDT,119558461,96873.37,1.28495,2026-03-20 04:59:39.131,False,124477.4367815
trade,ETHUSDT,111432069,3501.08,1.11761,2026-03-20 04:59:40.225,True,3912.8420188
trade,ETHUSDT,111432070,3496.87,1.426146,2026-03-20 04:59:40.528,False,4987.04716302
trade,BTCUSDT,119558462,96995.21,0.928573,2026-03-20 04:59:42.357,True,90067.13313533
trade,BTCUSDT,119558463,96603.73,0.459967,2026-03-20 04:59:43.092,False,44434.52787691
trade,BTCUSDT,119558464,97064.88,0.810909,2026-03-20 04:59:44.485,True,78710.78477592001
trade,ETHUSDT,111432071,3514.23,1.740887,2026-03-20 04:59:45.490,True,6117.87732201
trade,BTCUSDT,119558465,96680.46,1.993854,2026-03-20 04:59:48.793,False,192766.72189284003
trade,ETHUSDT,111432072,3504.62,1.660389,2026-03-20 04:59:50.242,False,5819.032497179999
trade,ETHUSDT,111432073,3511.09,0.359807,2026-03-20 04:59:50.718,True,1263.31475963
trade,ETHUSDT,111432074,3505.12,1.866959,2026-03-20 04:59:52.098,False,6543.91533008
trade,BTCUSDT,119558466,96823.53,0.19362,2026-03-20 04:59:52.183,False,18746.971878599998
trade,BTCUSDT,119558467,97190.27,0.689906,2026-03-20 04:59:54.428,True,67052.15041462
trade,ETHUSDT,111432075,3508.28,0.70386,2026-03-20 04:59:55.316,False,2469.3379608000005
trade,BTCUSDT,119558468,97431.38,1.719573,2026-03-20 04:59:57.372,False,167540.37040074
trade,ETHUSDT,111432076,3491.13,1.712334,2026-03-20 04:59:57.549,True,5977.98059742
trade,BTCUSDT,119558469,97320.9,1.799286,2026-03-20 05:00:00.354,False,175108.13287739997
trade,ETHUSDT,111432077,3501.61,1.378235,2026-03-20 05:00:00.619,False,4826.0414583500005
trade,BTCUSDT,119558470,97345.47,0.41637,2026-03-20 05:00:01.009,True,40531.7333439
trade,BTCUSDT,119558471,96728.44,1.647679,2026-03-20 05:00:01.308,False,159377.41929075998
trade,ETHUSDT,111432078,3516.55,1.322618,2026-03-20 05:00:03.533,False,4651.052327900001
trade,BTCUSDT,119558472,96774.3,0.908479,2026-03-20 05:00:05.358,True,87917.4192897
trade,ETHUSDT,111432079,3512.39,0.710478,2026-03-20 05:00:06.371,True,2495.47582242
trade,BTCUSDT,119558473,97127.94,0.73322,2026-03-20 05:00:06.933,True,71216.1481668
trade,ETHUSDT,111432080,3501.94,0.418754,2026-03-20 05:00:08.358,True,1466.4513827600001
trade,BTCUSDT,119558474,97033.29,0.271602,2026-03-20 05:00:09.143,False,26354.43563058
trade,BTCUSDT,119558475,97436.81,0.755294,2026-03-20 05:00:12.928,True,73593.43797214
trade,ETHUSDT,111432081,3495.22,1.774507,2026-03-20 05:00:13.210,True,6202.29235654
trade,ETHUSDT,111432082,3507.31,0.983924,2026-03-20 05:00:16.094,True,3450.92648444
trade,BTCUSDT,119558476,97449.34,1.068744,2026-03-20 05:00:16.908,False,104148.39742895999
trade,BTCUSDT,119558477,96799.73,1.599157,2026-03-20 05:00:17.854,True,154797.96582761
trade,ETHUSDT,111432083,3500.38,0.930121,2026-03-20 05:00:18.260,False,3255.77694598
trade,BTCUSDT,119558478,96621.78,1.006453,2026-03-20 05:00:20.689,False,97245.28034634
trade,BTCUSDT,119558479,96532.64,1.878186,2026-03-20 05:00:21.392,True,181306.25299104
trade,ETHUSDT,111432084,3502.36,1.45098,2026-03-20 05:00:22.968,False,5081.8543128
trade,ETHUSDT,111432085,3508.59,1.392753,2026-03-20 05:00:23.428,False,4886.59924827
trade,ETHUSDT,111432086,3513.09,0.791717,2026-03-20 05:00:23.713,False,2781.3730755300003
trade,ETHUSDT,111432087,3512.77,1.917774,2026-03-20 05:00:25.470,True,6736.69897398
trade,BTCUSDT,119558480,96561.47,1.121722,2026-03-20 05:00:25.659,False,108315.12525134001
trade,ETHUSDT,111432088,3499.91,0.553827,2026-03-20 05:00:28.128,False,1938.3446555699998
trade,BTCUSDT,119558481,97450.84,0.476172,2026-03-20 05:00:29.125,True,46403.36138448
trade,ETHUSDT,111432089,3495.4,1.699759,2026-03-20 05:00:30.061,False,5941.3376086
trade,BTCUSDT,119558482,97356.13,1.96358,2026-03-20 05:00:30.666,False,191166.54974540003
trade,BTCUSDT,119558483,97428.8,0.437076,2026-03-20 05:00:33.391,True,42583.790188800005
trade,ETHUSDT,111432090,3485.8,0.346132,2026-03-20 05:00:34.320,True,1206.5469256000001
trade,BTCUSDT,119558484,97258.39,0.022702,2026-03-20 05:00:35.635,False,2207.95996978
trade,ETHUSDT,111432091,3515.01,1.536707,2026-03-20 05:00:36.130,False,5401.540472070001
trade,ETHUSDT,111432092,3517.07,0.604111,2026-03-20 05:00:38.599,False,2124.7006747699998
trade,BTCUSDT,119558485,96794.91,0.89001,2026-03-20 05:00:39.426,True,86148.4378491
trade,BTCUSDT,119558486,97363.25,1.433655,2026-03-20 05:00:39.577,True,139585.31017875
trade,BTCUSDT,119558487,96996.91,0.510451,2026-03-20 05:00:40.987,False,49512.16970641
trade,ETHUSDT,111432093,3509.51,0.560361,2026-03-20 05:00:41.857,False,1966.5925331100002
trade,ETHUSDT,111432094,3515.56,0.003745,2026-03-20 05:00:42.427,False,13.1657722
trade,BTCUSDT,119558488,96929.7,1.147968,2026-03-20 05:00:43.453,False,111272.19384960001
trade,ETHUSDT,111432095,3483.48,1.200245,2026-03-20 05:00:44.781,False,4181.0294526
trade,BTCUSDT,119558489,97023.19,0.18919,2026-03-20 05:00:44.959,False,18355.8173161
trade,ETHUSDT,111432096,3499.03,1.942393,2026-03-20 05:00:45.356,False,6796.49137879
trade,ETHUSDT,111432097,3492.99,0.60062,2026-03-20 05:00:48.824,False,2097.9596538
trade,BTCUSDT,119558490,97311.3,0.600721,2026-03-20 05:00:49.494,True,58456.9414473
trade,BTCUSDT,119558491,97087.59,0.731493,2026-03-20 05:00:50.689,True,71018.89247186999
trade,BTCUSDT,119558492,97273.31,0.349341,2026-03-20 05:00:51.361,True,33981.55538871
trade,BTCUSDT,119558493,96581.28,0.025766,2026-03-20 05:00:52.734,True,2488.51326048
trade,ETHUSDT,111432098,3483.84,0.680873,2026-03-20 05:00:53.609,False,2372.05259232
trade,BTCUSDT,119558494,97042.27,0.525498,2026-03-20 05:00:53.831,True,50995.518800460006
trade,ETHUSDT,111432099,3497.39,0.660905,2026-03-20 05:00:54.562,False,2311.44253795
trade,BTCUSDT,119558495,96790.66,0.523451,2026-03-20 05:00:54.645,False,50665.16776766
trade,BTCUSDT,119558496,97010.99,0.081371,2026-03-20 05:00:55.164,True,7893.88126729
trade,ETHUSDT,111432100,3509.83,1.349555,2026-03-20 05:00:56.125,True,4736.70862565
trade,BTCUSDT,119558497,96950.53,0.600855,2026-03-20 05:00:58.882,True,58253.210703150005
trade,BTCUSDT,119558498,96817.17,0.42239,2026-03-20 05:00:59.164,False,40894.6044363
trade,ETHUSDT,111432101,3515.94,0.774058,2026-03-20 05:01:00.253,False,2721.5414845200003
trade,ETHUSDT,111432102,3498.81,0.047353,2026-03-20 05:01:01.919,True,165.67914993
trade,BTCUSDT,119558499,96591.74,0.050433,2026-03-20 05:01:02.115,True,4871.41122342
trade,BTCUSDT,119558500,96978.03,1.919411,2026-03-20 05:01:04.686,True,186140.69754033
trade,ETHUSDT,111432103,3500.3,0.464032,2026-03-20 05:01:04.715,True,1624.2512096
trade,ETHUSDT,111432104,3509.78,1.323143,2026-03-20 05:01:05.091,True,4643.94083854
trade,BTCUSDT,119558501,97472.77,1.387614,2026-03-20 05:01:06.206,True,135254.58027078
trade,BTCUSDT,119558502,97418.42,1.102272,2026-03-20 05:01:09.336,True,107381.59665024
trade,ETHUSDT,111432105,3498.16,0.542292,2026-03-20 05:01:09.969,True,1897.02418272
trade,BTCUSDT,119558503,96979.16,1.512679,2026-03-20 05:01:12.437,True,146698.33876964002
trade,ETHUSDT,111432106,3496.86,0.844407,2026-03-20 05:01:13.510,True,2952.77306202
trade,BTCUSDT,119558504,97129.72,1.916416,2026-03-20 05:01:13.629,False,186140.94948352
trade,ETHUSDT,111432107,3512.06,0.585093,2026-03-20 05:01:14.522,False,2054.88172158
trade,BTCUSDT,119558505,97366.36,0.121681,2026-03-20 05:01:18.083,False,11847.63605116
trade,BTCUSDT,119558506,97353.17,1.850117,2026-03-20 05:01:18.284,False,180114.75482089
trade,ETHUSDT,111432108,3493.43,1.898888,2026-03-20 05:01:19.295,False,6633.632305839999
trade,BTCUSDT,119558507,96794.05,0.276962,2026-03-20 05:01:20.227,True,26808.273676099998
trade,BTCUSDT,119558508,96976.27,1.392931,2026-03-20 05:01:21.017,True,135081.25274737
trade,ETHUSDT,111432109,3513.16,1.208955,2026-03-20 05:01:22.613,True,4247.2523478
trade,BTCUSDT,119558509,96538.17,1.318222,2026-03-20 05:01:22.628,False,127258.73953374
trade,BTCUSDT,119558510,96648.85,1.943354,2026-03-20 05:01:23.090,True,187822.92924290002
trade,BTCUSDT,119558511,97415.91,1.31951,2026-03-20 05:01:24.093,True,128541.2674041
trade,BTCUSDT,119558512,96718.16,0.843732,2026-03-20 05:01:24.362,False,81604.20657312001
trade,ETHUSDT,111432110,3494.18,1.530774,2026-03-20 05:01:25.384,False,5348.79989532
trade,ETHUSDT,111432111,3495.11,0.00817,2026-03-20 05:01:26.700,True,28.5550487
trade,ETHUSDT,111432112,3484.58,1.238575,2026-03-20 05:01:27.310,True,4315.9136735
trade,BTCUSDT,119558513,96941.25,0.923326,2026-03-20 05:01:27.468,False,89508.3765975
trade,BTCUSDT,119558514,96566.06,0.822008,2026-03-20 05:01:30.362,True,79378.07384848
trade,ETHUSDT,111432113,3510.7,0.686045,2026-03-20 05:01:31.115,True,2408.4981815
trade,BTCUSDT,119558515,96975.74,0.038324,2026-03-20 05:01:32.692,False,3716.49825976
trade,BTCUSDT,119558516,96686.81,0.258857,2026-03-20 05:01:34.443,False,25028.05757617
trade,BTCUSDT,119558517,97157.83,0.5356,2026-03-20 05:01:35.280,False,52037.733748
trade,ETHUSDT,111432114,3513.63,1.665358,2026-03-20 05:01:35.373,False,5851.451829539999
trade,BTCUSDT,119558518,97327.71,1.930166,2026-03-20 05:01:35.971,False,187858.63669986
trade,ETHUSDT,111432115,3514.62,0.922672,2026-03-20 05:01:38.535,True,3242.84146464
trade,BTCUSDT,119558519,96873.17,1.562988,2026-03-20 05:01:38.704,True,151411.60223196002
trade,BTCUSDT,119558520,97015.95,0.567425,2026-03-20 05:01:39.037,False,55049.27542874999
trade,ETHUSDT,111432116,3484.34,0.945495,2026-03-20 05:01:42.310,True,3294.4260483000003
trade,BTCUSDT,119558521,97063.75,1.465675,2026-03-20 05:01:42.969,True,142263.91178125
trade,ETHUSDT,111432117,3493.19,1.291948,2026-03-20 05:01:45.946,False,4513.01983412
trade,BTCUSDT,119558522,96695.33,1.554702,2026-03-20 05:01:47.389,False,150332.42294166
trade,BTCUSDT,119558523,96743.47,1.193813,2026-03-20 05:01:48.332,True,115493.61215111
trade,ETHUSDT,111432118,3510.7,0.613231,2026-03-20 05:01:50.338,True,2152.8700716999997
trade,ETHUSDT,111432119,3515.44,0.427117,2026-03-20 05:01:52.240,True,1501.50418648
trade,BTCUSDT,119558524,96695.25,0.207619,2026-03-20 05:01:53.207,True,20075.77110975
trade,BTCUSDT,119558525,97165.05,0.018497,2026-03-20 05:01:54.764,True,1797.2619298500001
trade,ETHUSDT,111432120,3490.33,0.480688,2026-03-20 05:01:54.996,False,1677.75974704
trade,ETHUSDT,111432121,3507.74,0.794983,2026-03-20 05:01:56.237,True,2788.5936684199996
trade,ETHUSDT,111432122,3483.25,0.432131,2026-03-20 05:01:58.041,False,1505.2203057499999
trade,BTCUSDT,119558526,97439.92,0.55134,2026-03-20 05:01:58.580,False,53722.52549280001
trade,ETHUSDT,111432123,3504.09,0.188152,2026-03-20 05:01:59.166,True,659.3015416800001
trade,ETHUSDT,111432124,3496.28,1.391677,2026-03-20 05:02:01.657,False,4865.69246156
trade,ETHUSDT,111432125,3514.91,0.25997,2026-03-20 05:02:01.853,True,913.7711526999999
trade,BTCUSDT,119558527,97354.7,1.672541,2026-03-20 05:02:02.293,True,162829.7272927
trade,BTCUSDT,119558528,97117.95,1.621989,2026-03-20 05:02:06.166,False,157524.24660254997
trade,ETHUSDT,111432126,3515.01,1.107144,2026-03-20 05:02:06.453,True,3891.6222314399997
trade,BTCUSDT,119558529,96586.46,1.515044,2026-03-20 05:02:06.597,False,146332.73670424003
trade,ETHUSDT,111432127,3496.66,0.574221,2026-03-20 05:02:09.454,True,2007.8556018599998
trade,ETHUSDT,111432128,3483.51,1.109805,2026-03-20 05:02:10.247,False,3866.01681555
trade,BTCUSDT,119558530,97413.78,0.628265,2026-03-20 05:02:10.373,True,61201.668491699995
trade,ETHUSDT,111432129,3501.04,1.741033,2026-03-20 05:02:13.134,False,6095.42617432
trade,ETHUSDT,111432130,3507.26,0.087571,2026-03-20 05:02:14.200,False,307.13426546
trade,BTCUSDT,119558531,96599.26,0.119642,2026-03-20 05:02:14.443,False,11557.32866492
trade,ETHUSDT,111432131,3515.54,0.289019,2026-03-20 05:02:16.538,False,1016.0578552600001
trade,BTCUSDT,119558532,96549.88,0.690359,2026-03-20 05:02:18.494,False,66654.07860692
trade,BTCUSDT,119558533,97258.5,0.330299,2026-03-20 05:02:19.977,True,32124.385291500002
trade,BTCUSDT,119558534,97227.01,1.406945,2026-03-20 05:02:20.350,False,136793.05558445
trade,ETHUSDT,111432132,3501.83,0.542775,2026-03-20 05:02:21.206,True,1900.70577825
trade,BTCUSDT,119558535,96569.4,1.949445,2026-03-20 05:02:24.453,False,188256.73398299998
trade,ETHUSDT,111432133,3502.95,0.643631,2026-03-20 05:02:24.758,True,2254.60721145
trade,BTCUSDT,119558536,96517.82,0.201316,2026-03-20 05:02:28.700,True,19430.58145112
trade,ETHUSDT,111432134,3507.57,1.470062,2026-03-20 05:02:29.453,True,5156.345369340001
trade,BTCUSDT,119558537,97331.57,1.295132,2026-03-20 05:02:30.810,False,126057.23091724
trade,BTCUSDT,119558538,96685.52,0.074586,2026-03-20 05:02:31.100,True,7211.38619472
trade,ETHUSDT,111432135,3495.69,0.140153,2026-03-20 05:02:33.092,True,489.93144057
trade,BTCUSDT,119558539,97467.78,1.056004,2026-03-20 05:02:34.180,True,102926.36555111999
trade,ETHUSDT,111432136,3509.09,1.548495,2026-03-20 05:02:37.119,True,5433.80831955
trade,BTCUSDT,119558540,97171.36,0.917209,2026-03-20 05:02:37.682,True,89126.44593424001
trade,BTCUSDT,119558541,97349.84,1.67211,2026-03-20 05:02:38.831,True,162779.64096239998
trade,ETHUSDT,111432137,3489.72,0.892108,2026-03-20 05:02:41.587,False,3113.20712976
trade,BTCUSDT,119558542,96981.68,0.475779,2026-03-20 05:02:42.972,False,46141.84672872
trade,BTCUSDT,119558543,96649.8,0.745762,2026-03-20 05:02:43.074,False,72077.74814760001
trade,ETHUSDT,111432138,3517.08,1.501045,2026-03-20 05:02:46.200,True,5279.2953486
trade,BTCUSDT,119558544,96753.79,1.586359,2026-03-20 05:02:47.612,True,153486.24555061
trade,ETHUSDT,111432139,3501.32,0.605734,2026-03-20 05:02:48.702,False,2120.86856888
trade,ETHUSDT,111432140,3492.68,0.760748,2026-03-20 05:02:51.731,True,2657.0493246399997
trade,BTCUSDT,119558545,96529.19,0.943614,2026-03-20 05:02:52.426,False,91086.29509266
trade,ETHUSDT,111432141,3490.22,0.919998,2026-03-20 05:02:52.596,False,3210.99541956
trade,BTCUSDT,119558546,97484.58,0.417928,2026-03-20 05:02:54.411,True,40741.535550240005
trade,BTCUSDT,119558547,97321.27,0.712469,2026-03-20 05:02:56.444,False,69338.38791563001
trade,ETHUSDT,111432142,3507.47,1.200094,2026-03-20 05:02:57.248,False,4209.29370218
trade,BTCUSDT,119558548,97403.83,1.092566,2026-03-20 05:02:59.163,True,106420.11292777999
trade,ETHUSDT,111432143,3506.56,0.672795,2026-03-20 05:02:59.994,True,2359.1960352
trade,BTCUSDT,119558549,96710.28,0.151771,2026-03-20 05:03:00.891,False,14677.81590588
trade,ETHUSDT,111432144,3491.25,0.226339,2026-03-20 05:03:01.167,True,790.2060337500001
trade,ETHUSDT,111432145,3511.91,0.725195,2026-03-20 05:03:01.284,True,2546.81957245
trade,ETHUSDT,111432146,3483.95,1.340569,2026-03-20 05:03:01.934,True,4670.47536755
trade,BTCUSDT,119558550,96775.21,1.983893,2026-03-20 05:03:03.785,False,191991.66169253
trade,ETHUSDT,111432147,3493.23,1.722756,2026-03-20 05:03:05.634,False,6017.98294188
trade,ETHUSDT,111432148,3507.18,1.946509,2026-03-20 05:03:07.367,False,6826.75743462
trade,BTCUSDT,119558551,96858.59,1.712529,2026-03-20 05:03:08.469,True,165873.14427411
trade,BTCUSDT,119558552,97402.21,0.961877,2026-03-20 05:03:11.195,True,93688.94554817
trade,BTCUSDT,119558553,96708.93,0.077062,2026-03-20 05:03:11.621,False,7452.58356366
trade,ETHUSDT,111432149,3487.16,0.404432,2026-03-20 05:03:12.362,False,1410.31909312
trade,ETHUSDT,111432150,3514.71,1.364082,2026-03-20 05:03:14.495,True,4794.35264622
trade,BTCUSDT,119558554,97209.2,1.961365,2026-03-20 05:03:15.508,False,190662.722558
trade,BTCUSDT,119558555,96990.93,0.422192,2026-03-20 05:03:16.279,True,40948.79471856
trade,ETHUSDT,111432151,3495.18,0.65717,2026-03-20 05:03:17.470,False,2296.9274406
trade,BTCUSDT,119558556,96822.13,0.363337,2026-03-20 05:03:19.781,True,35179.062247810005
trade,ETHUSDT,111432152,3492.64,0.000598,2026-03-20 05:03:21.545,True,2.08859872
trade,BTCUSDT,119558557,97160.19,0.087485,2026-03-20 05:03:23.803,True,8500.05922215
trade,ETHUSDT,111432153,3502.12,0.664051,2026-03-20 05:03:24.133,False,2325.5862881199996
trade,BTCUSDT,119558558,97354.87,1.785886,2026-03-20 05:03:25.893,True,173864.69936482
trade,BTCUSDT,119558559,96649.37,0.271457,2026-03-20 05:03:27.497,False,26236.14803209
trade,BTCUSDT,119558560,96923.38,1.641513,2026-03-20 05:03:28.499,True,159100.98827394002
trade,ETHUSDT,111432154,3491.31,0.232296,2026-03-20 05:03:28.961,True,811.01734776
trade,ETHUSDT,111432155,3505.74,1.874107,2026-03-20 05:03:30.038,True,6570.13187418
trade,BTCUSDT,119558561,97475.02,1.954666,2026-03-20 05:03:33.100,False,190531.10744332
trade,ETHUSDT,111432156,3491.55,0.349541,2026-03-20 05:03:34.269,True,1220.43987855
trade,BTCUSDT,119558562,97078.05,1.484223,2026-03-20 05:03:34.475,False,144085.47460515
trade,ETHUSDT,111432157,3494.72,1.51777,2026-03-20 05:03:35.568,True,5304.1811744
trade,BTCUSDT,119558563,97366.16,1.451143,2026-03-20 05:03:36.550,True,141292.22152088
trade,ETHUSDT,111432158,3492.02,0.777875,2026-03-20 05:03:36.887,True,2716.3550575
trade,BTCUSDT,119558564,97460.22,0.836567,2026-03-20 05:03:36.971,False,81532.00386473999
trade,ETHUSDT,111432159,3507.34,0.87408,2026-03-20 05:03:37.095,True,3065.6957472
trade,BTCUSDT,119558565,97376.57,1.96353,2026-03-20 05:03:40.171,False,191201.8164921
trade,ETHUSDT,111432160,3495.98,1.941669,2026-03-20 05:03:41.504,False,6788.03599062
trade,ETHUSDT,111432161,3513.4,1.194809,2026-03-20 05:03:41.865,True,4197.8419406
trade,ETHUSDT,111432162,3509.85,0.193819,2026-03-20 05:03:41.968,True,680.2756171499999
trade,BTCUSDT,119558566,96555.28,0.047571,2026-03-20 05:03:43.645,False,4593.23122488
trade,ETHUSDT,111432163,3512.22,1.333685,2026-03-20 05:03:45.338,True,4684.1951307
trade,BTCUSDT,119558567,97233.46,1.991586,2026-03-20 05:03:45.354,True,193648.79766756002
trade,ETHUSDT,111432164,3484.49,1.817431,2026-03-20 05:03:46.589,False,6332.8201451899995
trade,ETHUSDT,111432165,3515.67,1.261915,2026-03-20 05:03:47.223,False,4436.47670805
trade,ETHUSDT,111432166,3499.52,0.71036,2026-03-20 05:03:49.331,False,2485.9190272
trade,BTCUSDT,119558568,97240.52,1.365508,2026-03-20 05:03:49.404,False,132782.70798416
trade,ETHUSDT,111432167,3500.69,1.810948,2026-03-20 05:03:52.086,False,6339.56755412
trade,BTCUSDT,119558569,96676.25,0.576067,2026-03-20 05:03:53.452,True,55691.99730875
trade,ETHUSDT,111432168,3511.66,0.001457,2026-03-20 05:03:56.167,False,5.116488619999999
trade,ETHUSDT,111432169,3495.56,0.601106,2026-03-20 05:03:58.306,False,2101.20208936
trade,BTCUSDT,119558570,96700.56,1.894824,2026-03-20 05:03:58.344,True,183230.54190144
trade,BTCUSDT,119558571,96805.58,1.050895,2026-03-20 05:04:00.113,False,101732.4999941
trade,ETHUSDT,111432170,3491.11,1.021601,2026-03-20 05:04:00.469,True,3566.5214671100002
trade,BTCUSDT,119558572,96744.8,1.336173,2026-03-20 05:04:01.291,True,129267.78965040001
trade,ETHUSDT,111432171,3508.27,0.910362,2026-03-20 05:04:01.424,True,3193.79569374
trade,ETHUSDT,111432172,3491.8,0.73956,2026-03-20 05:04:03.361,True,2582.3956080000003
trade,BTCUSDT,119558573,97208.86,0.587846,2026-03-20 05:04:04.176,True,57143.83951556
trade,ETHUSDT,111432173,3494.59,0.508928,2026-03-20 05:04:05.618,False,1778.4946995200003
trade,BTCUSDT,119558574,97348.46,1.238415,2026-03-20 05:04:07.756,False,120557.79309090001
trade,ETHUSDT,111432174,3511.56,0.909156,2026-03-20 05:04:07.798,False,3192.55584336
trade,BTCUSDT,119558575,96890.83,1.872035,2026-03-20 05:04:08.508,False,181383.02493905
trade,BTCUSDT,119558576,97397.44,1.399828,2026-03-20 05:04:10.284,False,136339.66364032
trade,ETHUSDT,111432175,3497.52,0.001785,2026-03-20 05:04:10.427,True,6.2430731999999995
trade,ETHUSDT,111432176,3493.22,1.844443,2026-03-20 05:04:10.724,False,6443.04517646
trade,BTCUSDT,119558577,97388.94,0.490786,2026-03-20 05:04:12.092,True,47797.12830684
trade,BTCUSDT,119558578,96971.71,1.667238,2026-03-20 05:04:15.515,False,161674.91983698
trade,ETHUSDT,111432177,3515.32,1.919015,2026-03-20 05:04:15.631,False,6745.9518098
trade,BTCUSDT,119558579,97167.65,1.805152,2026-03-20 05:04:16.597,False,175402.3777328
trade,ETHUSDT,111432178,3510.54,1.990908,2026-03-20 05:04:17.276,True,6989.16217032
trade,BTCUSDT,119558580,97274.06,0.108997,2026-03-20 05:04:21.103,True,10602.58071782
trade,ETHUSDT,111432179,3512.37,1.586106,2026-03-20 05:04:21.756,True,5570.99113122
trade,ETHUSDT,111432180,3483.83,0.98265,2026-03-20 05:04:24.715,False,3423.3855495
trade,BTCUSDT,119558581,97484.14,1.919417,2026-03-20 05:04:25.912,True,187112.71554638
trade,BTCUSDT,119558582,96548.23,0.615061,2026-03-20 05:04:26.154,False,59383.05089203
trade,ETHUSDT,111432181,3505.32,0.043489,2026-03-20 05:04:27.080,True,152.44286148
trade,ETHUSDT,111432182,3500.09,1.402024,2026-03-20 05:04:28.134,False,4907.21018216
trade,BTCUSDT,119558583,96946.11,0.164455,2026-03-20 05:04:29.596,True,15943.272520049999
trade,BTCUSDT,119558584,97050.02,1.746614,2026-03-20 05:04:31.573,False,169508.92363228003
trade,ETHUSDT,111432183,3487.6,0.708658,2026-03-20 05:04:31.686,True,2471.5156408
trade,ETHUSDT,111432184,3516.02,1.46641,2026-03-20 05:04:33.735,True,5155.9268882
trade,BTCUSDT,119558585,97173.68,1.751481,2026-03-20 05:04:34.453,False,170197.85422008
trade,ETHUSDT,111432185,3500.14,1.280415,2026-03-20 05:04:35.157,True,4481.6317581
trade,ETHUSDT,111432186,3516.69,0.53864,2026-03-20 05:04:37.777,True,1894.2299016
trade,ETHUSDT,111432187,3498.2,0.3605,2026-03-20 05:04:38.064,False,1261.1010999999999
trade,BTCUSDT,119558586,96895.73,1.069051,2026-03-20 05:04:38.621,False,103586.47705223
trade,ETHUSDT,111432188,3493.22,0.885456,2026-03-20 05:04:40.570,False,3093.0926083199997
trade,BTCUSDT,119558587,97431.31,1.354427,2026-03-20 05:04:40.637,False,131963.59690937
trade,BTCUSDT,119558588,97285.91,0.15961,2026-03-20 05:04:41.560,False,15527.8040951
trade,ETHUSDT,111432189,3491.21,0.174686,2026-03-20 05:04:44.902,False,609.86551006
trade,ETHUSDT,111432190,3491.46,1.99491,2026-03-20 05:04:45.821,True,6965.1484686
trade,BTCUSDT,119558589,96946.37,1.522851,2026-03-20 05:04:46.137,True,147634.87650086998
trade,BTCUSDT,119558590,96864.71,0.424981,2026-03-20 05:04:46.922,True,41165.66132051
trade,ETHUSDT,111432191,3503.44,0.801406,2026-03-20 05:04:48.098,False,2807.67783664
trade,BTCUSDT,119558591,97419.99,0.545622,2026-03-20 05:04:50.891,False,53154.48978378001
trade,ETHUSDT,111432192,3496.79,0.306836,2026-03-20 05:04:52.349,False,1072.94105644
trade,BTCUSDT,119558592,97014.24,1.222602,2026-03-20 05:04:54.208,False,118609.80385248
trade,ETHUSDT,111432193,3495.93,0.247643,2026-03-20 05:04:54.437,True,865.7425929899999
trade,ETHUSDT,111432194,3514.34,1.694245,2026-03-20 05:04:54.683,False,5954.152973300001
trade,BTCUSDT,119558593,97086.22,1.973423,2026-03-20 05:04:56.406,False,191592.17953105998
trade,BTCUSDT,119558594,96785.84,1.918395,2026-03-20 05:04:57.470,False,185673.4715268
trade,ETHUSDT,111432195,3516.53,1.296257,2026-03-20 05:04:58.926,False,4558.32662821
trade,ETHUSDT,111432196,3488.68,0.518921,2026-03-20 05:05:00.658,True,1810.3493142799998
trade,BTCUSDT,119558595,96804.22,1.003284,2026-03-20 05:05:01.597,True,97122.12505848001
trade,ETHUSDT,111432197,3499.13,1.758289,2026-03-20 05:05:03.124,True,6152.48178857
trade,BTCUSDT,119558596,97257.07,1.187739,2026-03-20 05:05:04.227,False,115516.01506473002
trade,ETHUSDT,111432198,3504.71,1.608368,2026-03-20 05:05:05.310,False,5636.86341328
trade,BTCUSDT,119558597,97062.26,0.836918,2026-03-20 05:05:06.370,False,81233.15251468
trade,ETHUSDT,111432199,3488.14,1.923437,2026-03-20 05:05:08.517,False,6709.21753718
trade,BTCUSDT,119558598,97027.7,0.719243,2026-03-20 05:05:09.971,False,69786.4940311
trade,ETHUSDT,111432200,3493.01,1.41945,2026-03-20 05:05:10.562,True,4958.153044500001
trade,BTCUSDT,119558599,97348.0,1.713734,2026-03-20 05:05:12.326,False,166828.57743200002
trade,BTCUSDT,119558600,97370.73,1.867081,2026-03-20 05:05:12.889,True,181799.03993913
trade,ETHUSDT,111432201,3497.4,1.758007,2026-03-20 05:05:14.025,True,6148.453681800001
trade,ETHUSDT,111432202,3483.93,1.122864,2026-03-20 05:05:16.410,False,3911.9795755200003
trade,ETHUSDT,111432203,3485.15,0.338254,2026-03-20 05:05:16.788,False,1178.8659281
trade,BTCUSDT,119558601,96834.5,0.678802,2026-03-20 05:05:17.737,False,65731.452269
trade,ETHUSDT,111432204,3498.43,1.002332,2026-03-20 05:05:21.395,False,3506.5883387599997
trade,BTCUSDT,119558602,96920.35,1.072655,2026-03-20 05:05:22.594,True,103962.09802925
trade,BTCUSDT,119558603,96816.31,0.222671,2026-03-20 05:05:23.941,False,21558.18456401
trade,BTCUSDT,119558604,96813.87,1.940665,2026-03-20 05:05:24.647,False,187883.28902355
trade,ETHUSDT,111432205,3495.02,1.159691,2026-03-20 05:05:26.156,True,4053.14323882
trade,BTCUSDT,119558605,96782.56,1.975698,2026-03-20 05:05:28.897,True,191213.11022688
trade,ETHUSDT,111432206,3498.32,1.998825,2026-03-20 05:05:30.528,False,6992.529474000001
trade,BTCUSDT,119558606,96914.1,0.143078,2026-03-20 05:05:30.883,True,13866.275599800001
trade,ETHUSDT,111432207,3500.69,1.44055,2026-03-20 05:05:31.632,True,5042.9189795
trade,ETHUSDT,111432208,3500.66,1.366022,2026-03-20 05:05:34.246,True,4781.97857452
trade,BTCUSDT,119558607,96777.99,1.756348,2026-03-20 05:05:35.444,True,169975.82918052
trade,ETHUSDT,111432209,3491.8,0.0416,2026-03-20 05:05:35.883,True,145.25888
trade,ETHUSDT,111432210,3516.19,1.171374,2026-03-20 05:05:37.168,False,4118.773545059999
trade,BTCUSDT,119558608,97434.52,1.893659,2026-03-20 05:05:39.958,True,184507.75570868
trade,ETHUSDT,111432211,3492.21,1.79885,2026-03-20 05:05:42.144,True,6281.9619585
trade,BTCUSDT,119558609,96646.06,1.597938,2026-03-20 05:05:43.663,False,154434.41182428002
trade,BTCUSDT,119558610,97298.31,1.333003,2026-03-20 05:05:45.733,False,129698.93912493
trade,ETHUSDT,111432212,3498.57,0.401941,2026-03-20 05:05:46.566,False,1406.21872437
trade,ETHUSDT,111432213,3508.63,0.166368,2026-03-20 05:05:49.527,True,583.72375584
trade,BTCUSDT,119558611,97327.13,1.430682,2026-03-20 05:05:49.681,True,139244.17300266
trade,BTCUSDT,119558612,96526.34,1.899874,2026-03-20 05:05:51.056,True,183387.88368116
trade,ETHUSDT,111432214,3489.59,0.17121,2026-03-20 05:05:51.541,True,597.4527039000001
trade,BTCUSDT,119558613,97285.09,1.155782,2026-03-20 05:05:53.944,True,112440.35589038
trade,BTCUSDT,119558614,96662.55,1.070869,2026-03-20 05:05:55.588,True,103512.92825595001
trade,ETHUSDT,111432215,3493.91,1.009128,2026-03-20 05:05:56.146,False,3525.80241048
trade,BTCUSDT,119558615,96519.04,0.824796,2026-03-20 05:05:57.761,False,79608.51811584
trade,BTCUSDT,119558616,96664.72,0.704858,2026-03-20 05:05:58.502,True,68134.90120976
trade,ETHUSDT,111432216,3484.29,0.327321,2026-03-20 05:05:58.520,False,1140.4812870899998
trade,BTCUSDT,119558617,96923.0,0.417658,2026-03-20 05:06:00.952,False,40480.666333999994
trade,ETHUSDT,111432217,3503.61,0.866648,2026-03-20 05:06:02.322,False,3036.39659928
trade,BTCUSDT,119558618,97147.49,1.269443,2026-03-20 05:06:02.491,False,123323.20114807002
trade,ETHUSDT,111432218,3489.64,0.974605,2026-03-20 05:06:06.246,True,3401.0205922
trade,BTCUSDT,119558619,97024.8,0.812137,2026-03-20 05:06:06.667,True,78797.4299976
trade,ETHUSDT,111432219,3509.02,0.005847,2026-03-20 05:06:06.760,False,20.51723994
trade,ETHUSDT,111432220,3500.23,1.040691,2026-03-20 05:06:07.768,True,3642.65785893
trade,ETHUSDT,111432221,3516.72,1.226993,2026-03-20 05:06:08.267,False,4314.99082296
trade,BTCUSDT,119558620,97454.22,0.666705,2026-03-20 05:06:08.852,False,64973.2157451
trade,ETHUSDT,111432222,3501.28,0.835607,2026-03-20 05:06:12.841,False,2925.69407696
trade,BTCUSDT,119558621,97194.25,1.667012,2026-03-20 05:06:13.468,False,162023.981081
trade,BTCUSDT,119558622,96859.07,1.96514,2026-03-20 05:06:13.789,False,190341.63281980003
trade,ETHUSDT,111432223,3495.61,0.46317,2026-03-20 05:06:15.554,False,1619.0616837000002
trade,BTCUSDT,119558623,97054.09,1.033775,2026-03-20 05:06:17.154,False,100332.09188975001
trade,ETHUSDT,111432224,3491.85,0.410561,2026-03-20 05:06:17.699,True,1433.61742785
trade,BTCUSDT,119558624,96694.89,1.511027,2026-03-20 05:06:18.610,True,146108.58955203
trade,ETHUSDT,111432225,3498.65,1.130994,2026-03-20 05:06:18.963,False,3956.9521581000004
trade,ETHUSDT,111432226,3487.19,1.79832,2026-03-20 05:06:22.282,True,6271.0835208
trade,BTCUSDT,119558625,96799.46,1.256674,2026-03-20 05:06:22.909,False,121645.36459604002
trade,ETHUSDT,111432227,3500.39,1.001362,2026-03-20 05:06:26.874,False,3505.15753118
trade,ETHUSDT,111432228,3484.72,0.875555,2026-03-20 05:06:27.179,False,3051.0640196
trade,BTCUSDT,119558626,97054.73,1.690568,2026-03-20 05:06:27.512,False,164077.62078664
trade,ETHUSDT,111432229,3482.55,0.709556,2026-03-20 05:06:28.236,False,2471.0642478
trade,ETHUSDT,111432230,3499.56,1.619661,2026-03-20 05:06:28.542,False,5668.10084916
trade,BTCUSDT,119558627,96566.75,1.057033,2026-03-20 05:06:29.804,False,102074.24145275
trade,ETHUSDT,111432231,3494.6,0.675121,2026-03-20 05:06:31.238,True,2359.2778466
trade,BTCUSDT,119558628,96624.21,0.425592,2026-03-20 05:06:32.226,True,41122.490782320005
trade,ETHUSDT,111432232,3489.58,1.11138,2026-03-20 05:06:32.849,False,3878.2494204
trade,BTCUSDT,119558629,97305.29,0.273133,2026-03-20 05:06:36.779,True,26577.285773569998
trade,ETHUSDT,111432233,3499.27,1.933839,2026-03-20 05:06:37.521,True,6767.02479753
trade,ETHUSDT,111432234,3505.7,0.256286,2026-03-20 05:06:38.050,True,898.4618302
trade,ETHUSDT,111432235,3505.94,0.860438,2026-03-20 05:06:38.552,False,3016.6440017200002
trade,BTCUSDT,119558630,96678.5,1.654885,2026-03-20 05:06:40.130,True,159991.7994725
trade,BTCUSDT,119558631,96628.39,1.425082,2026-03-20 05:06:40.909,True,137703.37927797998
trade,ETHUSDT,111432236,3489.78,1.579298,2026-03-20 05:06:41.909,False,5511.4025744400005
trade,BTCUSDT,119558632,96557.33,1.8807,2026-03-20 05:06:42.415,True,181595.370531
trade,ETHUSDT,111432237,3507.07,0.380272,2026-03-20 05:06:45.813,True,1333.64052304
trade,ETHUSDT,111432238,3501.34,0.439294,2026-03-20 05:06:45.976,False,1538.11765396
trade,BTCUSDT,119558633,96625.12,0.848921,2026-03-20 05:06:46.409,True,82027.09349552
trade,BTCUSDT,119558634,97463.04,0.538644,2026-03-20 05:06:47.989,False,52497.88171776
trade,ETHUSDT,111432239,3482.93,0.498871,2026-03-20 05:06:49.742,True,1737.53277203
trade,BTCUSDT,119558635,97210.77,1.586052,2026-03-20 05:06:52.121,True,154181.33618004
trade,BTCUSDT,119558636,97465.71,1.848963,2026-03-20 05:06:53.155,False,180210.49155873
trade,ETHUSDT,111432240,3487.62,1.628641,2026-03-20 05:06:53.880,True,5680.08092442
trade,ETHUSDT,111432241,3515.83,1.139083,2026-03-20 05:06:54.665,False,4004.8221838900004
trade,ETHUSDT,111432242,3498.55,1.846867,2026-03-20 05:06:55.453,True,6461.356542850001
trade,BTCUSDT,119558637,97232.69,0.802665,2026-03-20 05:06:55.656,False,78045.27711885
trade,ETHUSDT,111432243,3489.25,0.624753,2026-03-20 05:06:59.275,True,2179.91940525
trade,BTCUSDT,119558638,96881.19,1.340819,2026-03-20 05:06:59.359,False,129900.14029461
trade,ETHUSDT,111432244,3512.68,0.39334,2026-03-20 05:07:01.354,True,1381.6775512
trade,BTCUSDT,119558639,96627.6,1.119364,2026-03-20 05:07:02.922,False,108161.4568464
trade,ETHUSDT,111432245,3492.68,0.544696,2026-03-20 05:07:03.375,False,1902.4488252799997
trade,ETHUSDT,111432246,3500.31,0.835496,2026-03-20 05:07:04.340,True,2924.49500376
trade,BTCUSDT,119558640,97037.29,1.812002,2026-03-20 05:07:06.392,True,175831.76355458
trade,ETHUSDT,111432247,3483.29,0.802638,2026-03-20 05:07:06.454,True,2795.82091902
trade,BTCUSDT,119558641,96842.57,1.811672,2026-03-20 05:07:07.151,False,175446.97247704002
trade,ETHUSDT,111432248,3484.3,1.42602,2026-03-20 05:07:07.427,False,4968.681486
trade,BTCUSDT,119558642,96516.57,1.293437,2026-03-20 05:07:09.352,True,124838.10275109
trade,ETHUSDT,111432249,3501.86,0.229471,2026-03-20 05:07:10.295,True,803.5753160600001
trade,ETHUSDT,111432250,3516.51,1.680964,2026-03-20 05:07:10.875,True,5911.12671564
trade,BTCUSDT,119558643,96791.32,1.180598,2026-03-20 05:07:13.905,True,114271.63880936001
trade,ETHUSDT,111432251,3504.4,0.608986,2026-03-20 05:07:13.981,True,2134.1305384
trade,ETHUSDT,111432252,3486.21,1.655393,2026-03-20 05:07:17.176,True,5771.04763053
trade,ETHUSDT,111432253,3483.17,0.494098,2026-03-20 05:07:17.847,True,1721.02733066
trade,BTCUSDT,119558644,96711.21,1.012607,2026-03-20 05:07:18.616,True,97930.44822447
trade,ETHUSDT,111432254,3488.93,1.213589,2026-03-20 05:07:19.275,False,4234.12706977
trade,ETHUSDT,111432255,3491.46,0.803076,2026-03-20 05:07:23.332,False,2803.90773096
trade,ETHUSDT,111432256,3509.49,1.211167,2026-03-20 05:07:23.510,False,4250.57847483
trade,BTCUSDT,119558645,96814.95,1.957452,2026-03-20 05:07:23.512,True,189510.6175074
trade,BTCUSDT,119558646,96568.77,0.304549,2026-03-20 05:07:25.612,False,29409.922334730003
trade,ETHUSDT,111432257,3494.65,0.017493,2026-03-20 05:07:27.630,True,61.13191245000001
trade,BTCUSDT,119558647,97079.34,1.619475,2026-03-20 05:07:28.502,False,157217.5641465
trade,ETHUSDT,111432258,3488.04,1.278763,2026-03-20 05:07:31.940,True,4460.37649452
trade,BTCUSDT,119558648,97360.51,0.24613,2026-03-20 05:07:32.124,False,23963.342326299997
trade,BTCUSDT,119558649,96778.65,0.324945,2026-03-20 05:07:35.451,False,31447.738424249997
trade,ETHUSDT,111432259,3501.48,0.677289,2026-03-20 05:07:35.889,True,2371.51388772
trade,ETHUSDT,111432260,3490.68,0.297507,2026-03-20 05:07:36.526,False,1038.50173476
trade,BTCUSDT,119558650,97211.78,0.689519,2026-03-20 05:07:39.139,False,67029.36933382
trade,ETHUSDT,111432261,3508.16,1.983047,2026-03-20 05:07:41.414,False,6956.84616352
trade,BTCUSDT,119558651,96745.13,1.881296,2026-03-20 05:07:42.309,True,182006.22608848
trade,BTCUSDT,119558652,97167.7,1.448646,2026-03-20 05:07:42.434,True,140761.5999342
trade,ETHUSDT,111432262,3492.87,0.763946,2026-03-20 05:07:44.007,True,2668.36406502
trade,ETHUSDT,111432263,3496.78,0.557308,2026-03-20 05:07:45.489,False,1948.7834682400003
trade,BTCUSDT,119558653,96772.12,0.462772,2026-03-20 05:07:46.145,True,44783.42751664
trade,ETHUSDT,111432264,3517.41,0.40094,2026-03-20 05:07:46.739,False,1410.2703654
trade,ETHUSDT,111432265,3484.89,1.832618,2026-03-20 05:07:48.756,True,6386.47214202
trade,BTCUSDT,119558654,96891.24,0.047479,2026-03-20 05:07:49.812,False,4600.29918396
trade,ETHUSDT,111432266,3509.22,1.168397,2026-03-20 05:07:49.917,False,4100.162120339999
trade,BTCUSDT,119558655,97365.02,0.465617,2026-03-20 05:07:50.275,True,45334.80851734
trade,BTCUSDT,119558656,96900.96,1.663804,2026-03-20 05:07:53.453,True,161224.20485184
trade,ETHUSDT,111432267,3483.53,1.669882,2026-03-20 05:07:53.501,False,5817.08404346
trade,BTCUSDT,119558657,96792.58,1.950722,2026-03-20 05:07:56.001,True,188815.41524276
trade,BTCUSDT,119558658,97088.69,0.035067,2026-03-20 05:07:57.631,False,3404.60909223
trade,ETHUSDT,111432268,3489.78,1.02974,2026-03-20 05:07:58.151,True,3593.5660572000006
trade,ETHUSDT,111432269,3485.61,0.037352,2026-03-20 05:07:58.448,True,130.19450472000003
trade,ETHUSDT,111432270,3514.85,0.942089,2026-03-20 05:07:59.276,True,3311.30152165
trade,BTCUSDT,119558659,96978.66,1.763395,2026-03-20 05:08:00.849,False,171011.68415070002
trade,BTCUSDT,119558660,97481.04,1.934384,2026-03-20 05:08:02.435,True,188565.76407936
trade,BTCUSDT,119558661,97038.41,0.094229,2026-03-20 05:08:03.458,False,9143.83233589
trade,ETHUSDT,111432271,3483.27,0.680111,2026-03-20 05:08:03.878,False,2369.01024297
trade,BTCUSDT,119558662,97028.19,1.015781,2026-03-20 05:08:05.772,False,98559.39186639001
trade,ETHUSDT,111432272,3491.8,1.129186,2026-03-20 05:08:08.660,False,3942.8916748
trade,BTCUSDT,119558663,97277.5,0.645921,2026-03-20 05:08:09.325,True,62833.580077499995
trade,ETHUSDT,111432273,3515.16,1.842203,2026-03-20 05:08:09.388,True,6475.63829748
trade,BTCUSDT,119558664,97150.76,1.073083,2026-03-20 05:08:09.587,True,104250.82899308
trade,BTCUSDT,119558665,96711.91,1.18244,2026-03-20 05:08:11.338,False,114356.0308604
trade,BTCUSDT,119558666,97091.01,1.818779,2026-03-20 05:08:12.095,True,176587.09007679
trade,ETHUSDT,111432274,3509.24,1.007233,2026-03-20 05:08:12.327,False,3534.6223329199997
trade,ETHUSDT,111432275,3507.58,0.812553,2026-03-20 05:08:14.893,True,2850.09465174
trade,BTCUSDT,119558667,97268.41,0.11369,2026-03-20 05:08:15.595,True,11058.445532900001
trade,ETHUSDT,111432276,3511.16,0.888427,2026-03-20 05:08:17.384,False,3119.40934532
trade,BTCUSDT,119558668,96942.96,1.237963,2026-03-20 05:08:20.409,True,120011.79759048
trade,ETHUSDT,111432277,3483.04,1.955776,2026-03-20 05:08:20.700,True,6812.046039039999
trade,ETHUSDT,111432278,3487.73,1.663226,2026-03-20 05:08:21.087,False,5800.883216980001
trade,BTCUSDT,119558669,97390.72,0.679209,2026-03-20 05:08:22.728,False,66148.65354048
trade,ETHUSDT,111432279,3515.49,0.744005,2026-03-20 05:08:23.590,True,2615.54213745
trade,BTCUSDT,119558670,96731.66,0.501217,2026-03-20 05:08:24.803,False,48483.55243022001
trade,ETHUSDT,111432280,3505.25,0.267841,2026-03-20 05:08:25.724,True,938.8496652499999
trade,ETHUSDT,111432281,3486.1,1.893797,2026-03-20 05:08:26.581,True,6601.965721699999
trade,BTCUSDT,119558671,97159.0,1.703993,2026-03-20 05:08:27.605,True,165558.255887
trade,BTCUSDT,119558672,96587.07,0.488899,2026-03-20 05:08:28.206,False,47221.32193593
trade,ETHUSDT,111432282,3507.36,0.853687,2026-03-20 05:08:28.404,False,2994.18763632
trade,BTCUSDT,119558673,97304.87,0.882427,2026-03-20 05:08:30.696,True,85864.44451948999
trade,BTCUSDT,119558674,97269.6,1.769677,2026-03-20 05:08:31.067,True,172135.7739192
trade,ETHUSDT,111432283,3489.67,0.586551,2026-03-20 05:08:33.345,False,2046.8694281700002
trade,BTCUSDT,119558675,96677.45,1.396904,2026-03-20 05:08:34.753,True,135049.11661479998
trade,ETHUSDT,111432284,3497.96,0.630876,2026-03-20 05:08:36.610,False,2206.77901296
trade,BTCUSDT,119558676,96768.85,1.847449,2026-03-20 05:08:36.956,True,178775.51516365
trade,ETHUSDT,111432285,3514.45,0.092442,2026-03-20 05:08:37.915,True,324.8827869
trade,BTCUSDT,119558677,96603.14,1.098982,2026-03-20 05:08:39.098,True,106165.11200348
trade,BTCUSDT,119558678,96920.48,1.926605,2026-03-20 05:08:41.285,False,186727.48137039997
trade,ETHUSDT,111432286,3485.92,0.616345,2026-03-20 05:08:42.204,True,2148.5293624
trade,BTCUSDT,119558679,97470.79,1.660663,2026-03-20 05:08:44.078,False,161866.13453376997
trade,ETHUSDT,111432287,3501.65,0.686154,2026-03-20 05:08:44.629,False,2402.6711541000004
trade,BTCUSDT,119558680,97130.23,0.035687,2026-03-20 05:08:48.176,True,3466.2865180100002
trade,ETHUSDT,111432288,3494.99,0.495633,2026-03-20 05:08:49.346,True,1732.23237867
trade,BTCUSDT,119558681,96678.37,1.754718,2026-03-20 05:08:50.644,True,169643.27604966
trade,ETHUSDT,111432289,3493.66,1.338051,2026-03-20 05:08:51.424,False,4674.69525666
trade,BTCUSDT,119558682,97108.26,0.775186,2026-03-20 05:08:54.846,False,75276.96363636
trade,ETHUSDT,111432290,3493.17,0.105154,2026-03-20 05:08:55.152,False,367.32079818
trade,ETHUSDT,111432291,3505.22,0.044871,2026-03-20 05:08:59.691,False,157.28272662
trade,BTCUSDT,119558683,96734.84,1.568359,2026-03-20 05:08:59.727,False,151714.95692756
trade,BTCUSDT,119558684,96556.19,0.216388,2026-03-20 05:08:59.869,True,20893.60084172
trade,ETHUSDT,111432292,3482.63,1.329188,2026-03-20 05:09:00.474,False,4629.07000444
trade,BTCUSDT,119558685,96861.71,0.095019,2026-03-20 05:09:00.480,False,9203.70282249
trade,ETHUSDT,111432293,3506.89,0.239087,2026-03-20 05:09:02.384,False,838.4518094299999
trade,BTCUSDT,119558686,97007.71,0.432324,2026-03-20 05:09:02.519,True,41938.76121804
trade,BTCUSDT,119558687,96533.7,1.786341,2026-03-20 05:09:06.173,True,172442.1061917
trade,ETHUSDT,111432294,3503.61,0.686768,2026-03-20 05:09:07.048,True,2406.16723248
trade,BTCUSDT,119558688,97386.64,1.601346,2026-03-20 05:09:08.312,True,155949.70641744
trade,ETHUSDT,111432295,3517.39,0.832509,2026-03-20 05:09:10.083,True,2928.25883151
trade,ETHUSDT,111432296,3512.7,1.757842,2026-03-20 05:09:11.081,False,6174.771593399999
trade,BTCUSDT,119558689,97284.83,0.976219,2026-03-20 05:09:11.573,True,94971.29945777
trade,ETHUSDT,111432297,3515.33,0.589701,2026-03-20 05:09:13.063,True,2072.99361633
trade,BTCUSDT,119558690,97452.36,1.133384,2026-03-20 05:09:13.712,False,110450.94558623999
trade,BTCUSDT,119558691,96519.41,0.007516,2026-03-20 05:09:14.853,False,725.43988556
trade,ETHUSDT,111432298,3510.87,1.769863,2026-03-20 05:09:15.095,True,6213.75891081
trade,ETHUSDT,111432299,3506.26,0.553995,2026-03-20 05:09:16.312,False,1942.4505087000002
trade,ETHUSDT,111432300,3482.86,0.480037,2026-03-20 05:09:17.021,False,1671.90166582
trade,BTCUSDT,119558692,97418.12,1.479204,2026-03-20 05:09:17.094,True,144101.27277647998
trade,ETHUSDT,111432301,3490.89,0.311593,2026-03-20 05:09:18.310,False,1087.73688777
trade,BTCUSDT,119558693,96564.57,1.204714,2026-03-20 05:09:20.747,False,116332.68938298001
trade,BTCUSDT,119558694,96995.41,0.456334,2026-03-20 05:09:21.501,False,44262.30342694
trade,ETHUSDT,111432302,3495.94,1.686139,2026-03-20 05:09:22.441,False,5894.64077566
trade,BTCUSDT,119558695,97025.13,1.591684,2026-03-20 05:09:22.830,True,154433.34701892003
trade,ETHUSDT,111432303,3482.91,0.639604,2026-03-20 05:09:23.656,False,2227.6831676399997
trade,ETHUSDT,111432304,3504.26,1.311825,2026-03-20 05:09:26.924,False,4596.9758745
trade,BTCUSDT,119558696,97122.55,1.882761,2026-03-20 05:09:27.532,False,182858.54936055
trade,ETHUSDT,111432305,3489.4,1.196994,2026-03-20 05:09:27.656,False,4176.790863599999
trade,BTCUSDT,119558697,96599.8,0.28438,2026-03-20 05:09:27.846,False,27471.051124
trade,ETHUSDT,111432306,3505.25,0.310086,2026-03-20 05:09:29.429,False,1086.9289514999998
trade,BTCUSDT,119558698,96815.39,0.732288,2026-03-20 05:09:31.574,False,70896.74831232
trade,ETHUSDT,111432307,3492.22,0.50579,2026-03-20 05:09:33.106,False,1766.3299537999997
trade,BTCUSDT,119558699,96698.89,1.167929,2026-03-20 05:09:36.038,True,112937.43789880999
trade,ETHUSDT,111432308,3505.93,1.204525,2026-03-20 05:09:37.116,True,4222.98033325
trade,BTCUSDT,119558700,97480.91,0.306324,2026-03-20 05:09:39.242,False,29860.74227484
trade,ETHUSDT,111432309,3491.06,1.347205,2026-03-20 05:09:41.192,False,4703.1734873
trade,BTCUSDT,119558701,96825.94,0.490939,2026-03-20 05:09:42.353,False,47535.63015766
trade,ETHUSDT,111432310,3495.66,1.270657,2026-03-20 05:09:42.474,False,4441.784848619999
trade,BTCUSDT,119558702,96813.44,0.062478,2026-03-20 05:09:45.320,False,6048.71010432
trade,ETHUSDT,111432311,3490.67,0.631785,2026-03-20 05:09:45.408,True,2205.35294595
trade,ETHUSDT,111432312,3491.06,1.228282,2026-03-20 05:09:46.688,False,4288.00615892
trade,BTCUSDT,119558703,97195.93,0.922542,2026-03-20 05:09:46.798,False,89667.32765405999
trade,ETHUSDT,111432313,3496.91,0.628462,2026-03-20 05:09:48.346,False,2197.6750524199997
trade,BTCUSDT,119558704,97143.16,0.294799,2026-03-20 05:09:49.615,True,28637.70642484
trade,BTCUSDT,119558705,96635.31,0.283259,2026-03-20 05:09:49.733,True,27372.821275289996
trade,BTCUSDT,119558706,97318.21,0.854969,2026-03-20 05:09:49.993,False,83204.05268549001
trade,ETHUSDT,111432314,3511.43,1.860306,2026-03-20 05:09:51.254,True,6532.33429758
trade,BTCUSDT,119558707,96607.78,1.092028,2026-03-20 05:09:53.652,False,105498.40077784
trade,ETHUSDT,111432315,3511.8,0.296087,2026-03-20 05:09:54.950,True,1039.7983266
trade,BTCUSDT,119558708,96871.53,1.157759,2026-03-20 05:09:55.544,True,112153.88570127
trade,ETHUSDT,111432316,3497.74,0.410964,2026-03-20 05:09:58.562,False,1437.44522136
trade,BTCUSDT,119558709,97360.9,0.122563,2026-03-20 05:09:59.436,False,11932.8439867
trade,ETHUSDT,111432317,3504.46,1.102477,2026-03-20 05:10:01.252,True,3863.58654742
trade,BTCUSDT,119558710,96794.46,1.016086,2026-03-20 05:10:02.049,True,98351.49568356002
trade,BTCUSDT,119558711,96800.79,1.979844,2026-03-20 05:10:03.830,False,191650.46327675998
trade,ETHUSDT,111432318,3511.13,1.353518,2026-03-20 05:10:04.319,True,4752.37765534
trade,ETHUSDT,111432319,3495.83,1.439265,2026-03-20 05:10:04.736,False,5031.42576495
trade,ETHUSDT,111432320,3515.05,1.594677,2026-03-20 05:10:06.937,False,5605.36938885
trade,ETHUSDT,111432321,3490.96,1.051727,2026-03-20 05:10:07.435,True,3671.5368879200005
trade,BTCUSDT,119558712,96909.27,1.252428,2026-03-20 05:10:08.514,True,121371.88320756001
trade,BTCUSDT,119558713,96912.55,0.983829,2026-03-20 05:10:09.255,True,95345.37715395
trade,BTCUSDT,119558714,96608.5,0.790863,2026-03-20 05:10:11.091,True,76404.0881355
trade,ETHUSDT,111432322,3510.36,0.62867,2026-03-20 05:10:12.254,False,2206.8580211999997
trade,ETHUSDT,111432323,3498.78,0.057177,2026-03-20 05:10:13.000,False,200.04974406
trade,ETHUSDT,111432324,3505.53,0.160193,2026-03-20 05:10:14.328,True,561.56136729
trade,BTCUSDT,119558715,97155.62,0.4023,2026-03-20 05:10:15.451,False,39085.705925999995
trade,ETHUSDT,111432325,3495.06,1.524937,2026-03-20 05:10:17.441,True,5329.74631122
trade,ETHUSDT,111432326,3513.94,0.140142,2026-03-20 05:10:18.619,True,492.45057948
trade,BTCUSDT,119558716,97049.87,1.953286,2026-03-20 05:10:19.619,True,189566.15237282
trade,BTCUSDT,119558717,96698.17,1.26452,2026-03-20 05:10:20.751,False,122276.76992840001
trade,ETHUSDT,111432327,3509.61,1.312705,2026-03-20 05:10:22.230,True,4607.08259505
trade,ETHUSDT,111432328,3507.35,0.497246,2026-03-20 05:10:24.716,False,1744.0157581
trade,BTCUSDT,119558718,97068.9,1.673963,2026-03-20 05:10:25.628,True,162489.7470507
trade,ETHUSDT,111432329,3495.79,1.541133,2026-03-20 05:10:26.331,False,5387.47733007
trade,BTCUSDT,119558719,97428.88,0.108556,2026-03-20 05:10:29.780,False,10576.489497280001
trade,ETHUSDT,111432330,3494.79,0.628251,2026-03-20 05:10:29.940,True,2195.60531229
trade,BTCUSDT,119558720,96867.24,1.115579,2026-03-20 05:10:34.659,False,108063.05873196002
trade,ETHUSDT,111432331,3512.74,0.583742,2026-03-20 05:10:34.698,False,2050.53387308
trade,ETHUSDT,111432332,3514.47,0.276187,2026-03-20 05:10:36.528,True,970.65092589
trade,ETHUSDT,111432333,3497.45,1.613007,2026-03-20 05:10:38.847,False,5641.41133215
trade,BTCUSDT,119558721,96601.64,0.046936,2026-03-20 05:10:39.272,True,4534.09457504
trade,ETHUSDT,111432334,3505.1,1.696433,2026-03-20 05:10:43.735,False,5946.1673083000005
trade,BTCUSDT,119558722,96606.61,1.038084,2026-03-20 05:10:44.269,True,100285.77613524
trade,BTCUSDT,119558723,96918.1,0.182111,2026-03-20 05:10:45.205,False,17649.8521091
trade,ETHUSDT,111432335,3495.47,1.732289,2026-03-20 05:10:46.196,False,6055.16423083
trade,BTCUSDT,119558724,97374.12,1.056275,2026-03-20 05:10:49.986,True,102853.848603
trade,ETHUSDT,111432336,3498.67,1.923983,2026-03-20 05:10:51.076,False,6731.38160261
trade,BTCUSDT,119558725,96942.75,1.014056,2026-03-20 05:10:51.969,True,98305.377294
trade,BTCUSDT,119558726,96608.96,0.218656,2026-03-20 05:10:52.091,True,21124.12875776
trade,BTCUSDT,119558727,96523.12,0.224802,2026-03-20 05:10:54.137,False,21698.59042224
trade,ETHUSDT,111432337,3494.94,0.836365,2026-03-20 05:10:55.353,True,2923.0454931
trade,BTCUSDT,119558728,97242.14,0.064138,2026-03-20 05:10:57.976,True,6236.91637532
trade,BTCUSDT,119558729,97224.18,0.869157,2026-03-20 05:10:59.248,False,84503.07661625999
trade,ETHUSDT,111432338,3514.28,0.225205,2026-03-20 05:11:00.021,False,791.4334274
trade,BTCUSDT,119558730,97433.52,1.897829,2026-03-20 05:11:01.802,False,184912.15982808
trade,ETHUSDT,111432339,3511.62,0.126273,2026-03-20 05:11:04.043,True,443.42279226
trade,BTCUSDT,119558731,97406.24,1.758942,2026-03-20 05:11:04.745,False,171331.92659808
trade,ETHUSDT,111432340,3509.62,0.567057,2026-03-20 05:11:05.414,True,1990.1545883400001
trade,BTCUSDT,119558732,97390.9,0.482894,2026-03-20 05:11:06.109,False,47029.4812646
trade,BTCUSDT,119558733,96548.64,1.528081,2026-03-20 05:11:07.132,False,147534.14235984
trade,ETHUSDT,111432341,3505.38,1.094161,2026-03-20 05:11:08.634,True,3835.4500861799997
trade,BTCUSDT,119558734,97434.03,1.584445,2026-03-20 05:11:11.869,True,154378.86166335002
trade,ETHUSDT,111432342,3490.11,1.76418,2026-03-20 05:11:11.924,False,6157.182259800001
trade,ETHUSDT,111432343,3491.85,0.170231,2026-03-20 05:11:12.458,False,594.4211173499999
trade,BTCUSDT,119558735,97469.32,1.579229,2026-03-20 05:11:13.056,False,153926.37675428
trade,BTCUSDT,119558736,97134.39,1.664662,2026-03-20 05:11:13.529,True,161695.92792618
trade,ETHUSDT,111432344,3502.92,0.418505,2026-03-20 05:11:14.258,False,1465.9895346
trade,ETHUSDT,111432345,3491.36,1.135085,2026-03-20 05:11:16.992,True,3962.9903655999997
trade,BTCUSDT,119558737,96656.89,1.111529,2026-03-20 05:11:17.608,True,107436.93628481
trade,ETHUSDT,111432346,3489.78,1.305906,2026-03-20 05:11:19.089,True,4557.32464068
trade,ETHUSDT,111432347,3510.08,1.514652,2026-03-20 05:11:19.821,False,5316.549692160001
trade,BTCUSDT,119558738,96675.06,0.906461,2026-03-20 05:11:19.929,False,87632.17156265999
trade,ETHUSDT,111432348,3508.61,0.486285,2026-03-20 05:11:21.629,True,1706.18441385
trade,ETHUSDT,111432349,3514.08,0.84839,2026-03-20 05:11:23.573,True,2981.3103312
trade,BTCUSDT,119558739,97149.59,0.720784,2026-03-20 05:11:23.607,False,70023.87007856
trade,ETHUSDT,111432350,3495.56,1.248929,2026-03-20 05:11:25.842,False,4365.706255239999
trade,BTCUSDT,119558740,97014.41,0.965128,2026-03-20 05:11:27.465,False,93631.32349448
trade,BTCUSDT,119558741,97091.96,1.252836,2026-03-20 05:11:30.098,False,121640.30279856002
trade,ETHUSDT,111432351,3494.24,0.018824,2026-03-20 05:11:30.107,True,65.77557376
trade,BTCUSDT,119558742,97039.92,1.300125,2026-03-20 05:11:32.414,True,126164.02599
trade,ETHUSDT,111432352,3485.91,1.134607,2026-03-20 05:11:33.800,True,3955.1378873699996
trade,BTCUSDT,119558743,97206.67,0.754631,2026-03-20 05:11:36.111,False,73355.16658877001
trade,ETHUSDT,111432353,3515.11,1.172544,2026-03-20 05:11:37.189,True,4121.62113984
trade,ETHUSDT,111432354,3504.74,0.149915,2026-03-20 05:11:40.506,False,525.4130971
trade,BTCUSDT,119558744,97061.42,0.057646,2026-03-20 05:11:40.921,True,5595.20261732
trade,ETHUSDT,111432355,3498.48,0.617848,2026-03-20 05:11:44.959,True,2161.52887104
trade,BTCUSDT,119558745,97221.14,0.762864,2026-03-20 05:11:45.759,False,74166.50774495999
trade,ETHUSDT,111432356,3511.52,0.273682,2026-03-20 05:11:47.781,True,961.0398166399999
trade,BTCUSDT,119558746,97323.38,1.191368,2026-03-20 05:11:49.939,False,115947.96058384
trade,ETHUSDT,111432357,3508.07,1.173079,2026-03-20 05:11:50.392,True,4115.24324753
trade,BTCUSDT,119558747,96662.35,1.739039,2026-03-20 05:11:50.593,False,168099.59648165002
trade,ETHUSDT,111432358,3483.46,1.584421,2026-03-20 05:11:51.111,False,5519.267176660001
trade,BTCUSDT,119558748,96794.02,0.984905,2026-03-20 05:11:52.744,False,95332.91426810001
trade,ETHUSDT,111432359,3490.4,0.235331,2026-03-20 05:11:55.925,True,821.3993224000001
trade,BTCUSDT,119558749,97419.89,1.135446,2026-03-20 05:11:57.454,False,110615.02442094
trade,ETHUSDT,111432360,3509.68,0.148297,2026-03-20 05:11:59.083,True,520.4750149600001
trade,BTCUSDT,119558750,97192.55,1.942945,2026-03-20 05:12:01.530,False,188839.77905975
trade,ETHUSDT,111432361,3488.23,1.889112,2026-03-20 05:12:03.153,True,6589.65715176
trade,BTCUSDT,119558751,96588.2,0.566611,2026-03-20 05:12:05.859,True,54727.9365902
trade,BTCUSDT,119558752,96790.21,0.478547,2026-03-20 05:12:06.697,False,46318.664624870005
trade,ETHUSDT,111432362,3511.57,1.076137,2026-03-20 05:12:07.357,True,3778.93040509
trade,BTCUSDT,119558753,96936.86,1.096762,2026-03-20 05:12:07.958,False,106316.66444732
trade,ETHUSDT,111432363,3516.6,1.795298,2026-03-20 05:12:09.016,False,6313.3449468
trade,BTCUSDT,119558754,96680.02,0.153161,2026-03-20 05:12:11.479,True,14807.60854322
trade,BTCUSDT,119558755,96800.96,1.355798,2026-03-20 05:12:12.701,True,131242.54796608002
trade,ETHUSDT,111432364,3500.48,1.363675,2026-03-20 05:12:13.411,True,4773.517064
trade,BTCUSDT,119558756,97473.82,1.017613,2026-03-20 05:12:16.157,True,99190.62639166001
trade,ETHUSDT,111432365,3483.54,0.488641,2026-03-20 05:12:16.339,True,1702.20046914
trade,BTCUSDT,119558757,97131.29,0.110038,2026-03-20 05:12:17.560,True,10688.132889019998
trade,ETHUSDT,111432366,3504.02,0.053749,2026-03-20 05:12:17.673,True,188.33757097999998
trade,BTCUSDT,119558758,97381.05,1.552364,2026-03-20 05:12:17.966,True,151170.8363022
trade,ETHUSDT,111432367,3508.41,1.619279,2026-03-20 05:12:19.217,True,5681.094636389999
trade,BTCUSDT,119558759,96898.32,0.258958,2026-03-20 05:12:19.405,False,25092.595150560002
trade,BTCUSDT,119558760,96929.45,1.535845,2026-03-20 05:12:21.261,True,148868.61113525
trade,ETHUSDT,111432368,3503.19,1.451199,2026-03-20 05:12:22.595,True,5083.82582481
trade,ETHUSDT,111432369,3504.09,0.709877,2026-03-20 05:12:23.156,True,2487.47289693
trade,ETHUSDT,111432370,3488.64,0.9999,2026-03-20 05:12:24.663,True,3488.291136
trade,BTCUSDT,119558761,97255.38,1.867024,2026-03-20 05:12:25.382,True,181578.12858912002
trade,BTCUSDT,119558762,96574.08,0.669419,2026-03-20 05:12:28.394,False,64648.52405952
trade,ETHUSDT,111432371,3498.61,1.859301,2026-03-20 05:12:29.528,True,6504.96907161
trade,BTCUSDT,119558763,97404.0,0.108366,2026-03-20 05:12:31.551,True,10555.281864
trade,ETHUSDT,111432372,3491.36,0.255099,2026-03-20 05:12:32.253,True,890.6424446400001
trade,BTCUSDT,119558764,97381.14,0.282245,2026-03-20 05:12:35.337,False,27485.339859300002
trade,ETHUSDT,111432373,3486.41,0.90775,2026-03-20 05:12:36.024,False,3164.7886774999997
trade,ETHUSDT,111432374,3483.07,1.301424,2026-03-20 05:12:37.171,True,4532.95089168
trade,ETHUSDT,111432375,3510.85,0.682156,2026-03-20 05:12:37.745,False,2394.9473926
trade,BTCUSDT,119558765,96931.69,0.390572,2026-03-20 05:12:39.739,False,37858.80402668
trade,ETHUSDT,111432376,3482.72,1.432896,2026-03-20 05:12:41.883,True,4990.37555712
trade,ETHUSDT,111432377,3499.24,1.416359,2026-03-20 05:12:42.625,True,4956.180067159999
trade,BTCUSDT,119558766,97197.61,0.499473,2026-03-20 05:12:42.689,False,48547.58185953
trade,BTCUSDT,119558767,96814.4,1.496525,2026-03-20 05:12:45.409,True,144885.16996
trade,ETHUSDT,111432378,3490.95,0.481703,2026-03-20 05:12:46.691,True,1681.6010878499999
trade,BTCUSDT,119558768,97396.36,0.081008,2026-03-20 05:12:48.479,False,7889.88433088
trade,ETHUSDT,111432379,3494.88,1.249041,2026-03-20 05:12:49.105,False,4365.24841008
trade,ETHUSDT,111432380,3495.56,1.3225,2026-03-20 05:12:50.018,True,4622.8781
trade,BTCUSDT,119558769,96919.91,0.774041,2026-03-20 05:12:52.782,False,75019.98405631
trade,ETHUSDT,111432381,3512.4,1.951518,2026-03-20 05:12:54.917,False,6854.5118232
trade,BTCUSDT,119558770,96981.65,1.056606,2026-03-20 05:12:54.954,False,102471.39327989999
trade,ETHUSDT,111432382,3498.34,0.203145,2026-03-20 05:12:56.666,False,710.6702793
trade,BTCUSDT,119558771,96571.27,0.021942,2026-03-20 05:12:58.187,True,2118.96680634
trade,ETHUSDT,111432383,3501.81,0.369475,2026-03-20 05:12:58.430,True,1293.8312497499999
trade,ETHUSDT,111432384,3490.2,1.388863,2026-03-20 05:13:02.454,True,4847.4096426
trade,BTCUSDT,119558772,97139.31,0.394087,2026-03-20 05:13:03.168,True,38281.33925997
trade,BTCUSDT,119558773,96593.97,1.502175,2026-03-20 05:13:03.472,True,145101.04688475002
trade,BTCUSDT,119558774,96604.58,1.385975,2026-03-20 05:13:06.214,False,133891.5327655
trade,ETHUSDT,111432385,3506.05,0.439238,2026-03-20 05:13:06.496,True,1539.9903899
trade,BTCUSDT,119558775,97043.95,1.398849,2026-03-20 05:13:07.867,False,135749.83241355
trade,ETHUSDT,111432386,3483.15,0.91655,2026-03-20 05:13:10.469,True,3192.4811325
trade,BTCUSDT,119558776,97110.99,0.904078,2026-03-20 05:13:12.199,False,87795.90961722001
trade,BTCUSDT,119558777,96550.96,0.45114,2026-03-20 05:13:12.469,False,43558.0000944
trade,ETHUSDT,111432387,3497.47,1.500621,2026-03-20 05:13:12.953,True,5248.37692887
trade,BTCUSDT,119558778,97172.03,0.105768,2026-03-20 05:13:13.680,True,10277.69126904
trade,BTCUSDT,119558779,96543.56,0.13674,2026-03-20 05:13:15.644,False,13201.3663944
trade,ETHUSDT,111432388,3514.66,0.421488,2026-03-20 05:13:16.770,True,1481.3870140799997
trade,BTCUSDT,119558780,96984.56,0.624212,2026-03-20 05:13:19.001,False,60538.92616672
trade,ETHUSDT,111432389,3484.85,0.423502,2026-03-20 05:13:19.003,False,1475.8409447
trade,BTCUSDT,119558781,96713.97,0.074048,2026-03-20 05:13:21.344,True,7161.476050560001
trade,ETHUSDT,111432390,3486.62,1.724552,2026-03-20 05:13:21.605,False,6012.85749424
trade,BTCUSDT,119558782,96811.03,0.563143,2026-03-20 05:13:23.007,False,54518.453867289994
trade,BTCUSDT,119558783,96701.4,1.535757,2026-03-20 05:13:24.914,True,148509.8519598
trade,ETHUSDT,111432391,3511.43,1.630032,2026-03-20 05:13:26.141,True,5723.743265759999
trade,BTCUSDT,119558784,97306.88,1.119804,2026-03-20 05:13:28.787,False,108964.63345152001
trade,ETHUSDT,111432392,3490.87,0.920982,2026-03-20 05:13:30.206,True,3215.02843434
trade,ETHUSDT,111432393,3488.98,1.529696,2026-03-20 05:13:33.014,False,5337.07875008
trade,BTCUSDT,119558785,96640.71,0.995714,2026-03-20 05:13:33.656,True,96226.50791694001
trade,ETHUSDT,111432394,3483.47,0.969179,2026-03-20 05:13:36.868,False,3376.10597113
trade,ETHUSDT,111432395,3517.35,0.352112,2026-03-20 05:13:37.774,False,1238.5011432
trade,BTCUSDT,119558786,97261.47,0.774604,2026-03-20 05:13:38.411,True,75339.12370788
trade,ETHUSDT,111432396,3488.73,0.375159,2026-03-20 05:13:38.950,True,1308.8284580700001
trade,BTCUSDT,119558787,97002.88,1.775275,2026-03-20 05:13:39.907,True,172206.787792
trade,ETHUSDT,111432397,3491.24,1.359542,2026-03-20 05:13:39.960,False,4746.48741208
trade,BTCUSDT,119558788,97314.22,0.400502,2026-03-20 05:13:40.592,True,38974.539738440006
trade,ETHUSDT,111432398,3485.53,0.260811,2026-03-20 05:13:41.877,True,909.0645648300001
trade,ETHUSDT,111432399,3505.24,0.080212,2026-03-20 05:13:43.260,False,281.16231088
trade,BTCUSDT,119558789,96841.57,1.881532,2026-03-20 05:13:45.056,False,182210.51288524002
trade,BTCUSDT,119558790,97344.67,0.759781,2026-03-20 05:13:45.993,True,73960.63071727
trade,ETHUSDT,111432400,3509.13,0.561846,2026-03-20 05:13:47.015,True,1971.5906539799998
trade,BTCUSDT,119558791,96901.7,1.455841,2026-03-20 05:13:50.286,False,141073.46782969998
trade,ETHUSDT,111432401,3493.67,0.45347,2026-03-20 05:13:50.603,True,1584.2745349
trade,BTCUSDT,119558792,96650.9,1.291951,2026-03-20 05:13:51.228,False,124868.2269059
trade,ETHUSDT,111432402,3514.57,1.371081,2026-03-20 05:13:53.581,True,4818.76015017
trade,ETHUSDT,111432403,3513.35,0.2675,2026-03-20 05:13:54.065,True,939.821125
trade,ETHUSDT,111432404,3484.31,1.636429,2026-03-20 05:13:55.208,True,5701.82592899
trade,BTCUSDT,119558793,97106.13,0.10913,2026-03-20 05:13:55.549,True,10597.191966900002
trade,ETHUSDT,111432405,3500.68,0.173366,2026-03-20 05:13:57.108,False,606.89888888
trade,ETHUSDT,111432406,3503.99,0.164224,2026-03-20 05:13:57.544,True,575.43925376
trade,BTCUSDT,119558794,97129.08,1.515267,2026-03-20 05:13:58.029,False,147176.48966436
trade,BTCUSDT,119558795,97164.25,0.354617,2026-03-20 05:14:00.451,True,34456.09484225
trade,ETHUSDT,111432407,3496.64,1.761227,2026-03-20 05:14:00.659,True,6158.37677728
trade,BTCUSDT,119558796,97002.7,1.776748,2026-03-20 05:14:02.803,False,172349.3532196
trade,ETHUSDT,111432408,3515.92,0.504029,2026-03-20 05:14:03.392,True,1772.12564168
trade,BTCUSDT,119558797,97066.53,1.493741,2026-03-20 05:14:03.716,True,144992.25558873
trade,ETHUSDT,111432409,3490.13,0.588962,2026-03-20 05:14:05.505,True,2055.55394506
trade,BTCUSDT,119558798,97436.18,1.218712,2026-03-20 05:14:06.371,False,118746.64180016
trade,ETHUSDT,111432410,3513.95,1.775026,2026-03-20 05:14:07.875,True,6237.3526127
trade,BTCUSDT,119558799,97144.94,1.482891,2026-03-20 05:14:09.102,False,144055.35722154
trade,ETHUSDT,111432411,3508.43,0.835287,2026-03-20 05:14:12.169,False,2930.54596941
trade,BTCUSDT,119558800,96820.02,1.271898,2026-03-20 05:14:13.237,False,123145.18979796
trade,ETHUSDT,111432412,3510.41,1.335626,2026-03-20 05:14:14.544,False,4688.59486666
trade,BTCUSDT,119558801,96667.41,1.519799,2026-03-20 05:14:15.039,False,146915.03305059
trade,ETHUSDT,111432413,3509.88,0.331915,2026-03-20 05:14:17.482,True,1164.9818202000001
trade,BTCUSDT,119558802,97154.36,0.77183,2026-03-20 05:14:19.084,True,74986.64967880001
trade,BTCUSDT,119558803,97481.15,1.646699,2026-03-20 05:14:19.873,True,160522.11222384998
trade,ETHUSDT,111432414,3498.99,1.849231,2026-03-20 05:14:20.300,True,6470.440776689999
trade,BTCUSDT,119558804,96543.01,0.755849,2026-03-20 05:14:21.224,False,72971.93756548999
trade,BTCUSDT,119558805,97102.98,0.053512,2026-03-20 05:14:21.341,True,5196.17466576
trade,ETHUSDT,111432415,3498.36,1.939013,2026-03-20 05:14:25.294,True,6783.365518680001
trade,BTCUSDT,119558806,97181.53,1.557863,2026-03-20 05:14:25.534,True,151395.50987039
trade,BTCUSDT,119558807,97055.0,0.232681,2026-03-20 05:14:27.918,False,22582.854455
trade,ETHUSDT,111432416,3503.82,0.323817,2026-03-20 05:14:29.880,True,1134.5964809400002
trade,BTCUSDT,119558808,96769.06,1.676531,2026-03-20 05:14:32.356,True,162236.32893086
trade,BTCUSDT,119558809,97330.28,1.308989,2026-03-20 05:14:32.799,True,127404.26588692
trade,ETHUSDT,111432417,3513.11,0.822486,2026-03-20 05:14:33.048,True,2889.4837914600002
trade,BTCUSDT,119558810,96931.09,0.637891,2026-03-20 05:14:33.544,True,61831.46993119
trade,ETHUSDT,111432418,3484.55,1.495396,2026-03-20 05:14:34.783,False,5210.7821318
trade,BTCUSDT,119558811,97337.29,1.146909,2026-03-20 05:14:35.855,True,111637.01393660999
trade,BTCUSDT,119558812,97460.49,1.994463,2026-03-20 05:14:36.825,True,194381.34126687003
trade,ETHUSDT,111432419,3505.97,1.875809,2026-03-20 05:14:37.202,True,6576.53007973
trade,BTCUSDT,119558813,96777.57,1.643008,2026-03-20 05:14:39.798,False,159006.32173056
trade,ETHUSDT,111432420,3497.1,1.790771,2026-03-20 05:14:40.035,True,6262.505264099999
trade,BTCUSDT,119558814,96978.38,0.1688,2026-03-20 05:14:41.283,False,16369.950544000001
trade,BTCUSDT,119558815,97229.04,0.159322,2026-03-20 05:14:41.477,False,15490.725110879997
trade,BTCUSDT,119558816,96844.38,1.43008,2026-03-20 05:14:43.044,False,138495.2109504
trade,ETHUSDT,111432421,3482.64,1.547186,2026-03-20 05:14:43.119,False,5388.2918510399995
trade,ETHUSDT,111432422,3496.64,1.460626,2026-03-20 05:14:44.624,False,5107.28329664
trade,BTCUSDT,119558817,96777.89,1.014215,2026-03-20 05:14:44.940,True,98153.58770635001
trade,ETHUSDT,111432423,3495.24,0.811794,2026-03-20 05:14:47.579,True,2837.41486056
trade,BTCUSDT,119558818,97236.97,0.60686,2026-03-20 05:14:48.371,True,59009.2276142
trade,BTCUSDT,119558819,96634.48,0.939475,2026-03-20 05:14:51.981,False,90785.67809799999
trade,ETHUSDT,111432424,3508.58,0.909934,2026-03-20 05:14:52.263,False,3192.57623372
trade,ETHUSDT,111432425,3502.27,0.47994,2026-03-20 05:14:55.489,True,1680.8794638
trade,BTCUSDT,119558820,96656.75,1.176006,2026-03-20 05:14:55.565,False,113668.9179405
trade,BTCUSDT,119558821,97255.26,0.53645,2026-03-20 05:14:56.601,False,52172.58422699999
trade,BTCUSDT,119558822,97215.5,0.457254,2026-03-20 05:15:00.167,True,44452.176237
trade,ETHUSDT,111432426,3507.31,1.573281,2026-03-20 05:15:00.431,False,5517.98418411
trade,BTCUSDT,119558823,97172.66,0.808835,2026-03-20 05:15:00.898,False,78596.6484511
trade,BTCUSDT,119558824,97375.96,0.617741,2026-03-20 05:15:01.461,True,60153.122906360004
trade,BTCUSDT,119558825,97171.3,1.138151,2026-03-20 05:15:02.300,True,110595.6122663
trade,ETHUSDT,111432427,3492.31,0.265428,2026-03-20 05:15:04.028,True,926.95685868
trade,BTCUSDT,119558826,96676.69,0.842598,2026-03-20 05:15:06.562,False,81459.58564062
trade,ETHUSDT,111432428,3483.81,1.826864,2026-03-20 05:15:08.883,True,6364.44707184
trade,BTCUSDT,119558827,96691.3,0.868016,2026-03-20 05:15:10.208,True,83929.5954608
trade,ETHUSDT,111432429,3498.72,1.836586,2026-03-20 05:15:10.407,False,6425.70016992
trade,ETHUSDT,111432430,3514.08,1.258112,2026-03-20 05:15:13.585,True,4421.10621696
trade,BTCUSDT,119558828,96878.41,0.787801,2026-03-20 05:15:14.125,True,76320.90827641
trade,BTCUSDT,119558829,96832.0,0.303238,2026-03-20 05:15:15.448,False,29363.142016
trade,ETHUSDT,111432431,3504.92,1.547682,2026-03-20 05:15:16.235,True,5424.5015954400005
trade,ETHUSDT,111432432,3506.43,1.951165,2026-03-20 05:15:17.580,True,6841.62349095
trade,BTCUSDT,119558830,96719.86,1.049188,2026-03-20 05:15:19.142,True,101477.31647368
trade,ETHUSDT,111432433,3513.26,0.95848,2026-03-20 05:15:21.329,False,3367.3894448
trade,BTCUSDT,119558831,96779.1,1.083784,2026-03-20 05:15:21.870,False,104887.64011440001
trade,ETHUSDT,111432434,3483.74,0.204719,2026-03-20 05:15:22.731,True,713.18776906
trade,BTCUSDT,119558832,97143.68,1.313254,2026-03-20 05:15:25.183,False,127574.32633471998
trade,ETHUSDT,111432435,3500.13,0.536626,2026-03-20 05:15:25.901,False,1878.2607613800003
trade,BTCUSDT,119558833,97446.71,1.719182,2026-03-20 05:15:26.368,True,167528.62979122
trade,BTCUSDT,119558834,97085.91,0.614049,2026-03-20 05:15:27.811,False,59615.50594959
trade,ETHUSDT,111432436,3486.53,0.975871,2026-03-20 05:15:28.531,False,3402.4035176300004
trade,BTCUSDT,119558835,96664.91,1.144732,2026-03-20 05:15:28.728,True,110655.41575412001
trade,BTCUSDT,119558836,96618.34,1.385601,2026-03-20 05:15:31.234,True,133874.46852234
trade,ETHUSDT,111432437,3494.16,0.915946,2026-03-20 05:15:31.766,False,3200.46187536
trade,BTCUSDT,119558837,96745.71,0.159076,2026-03-20 05:15:34.177,True,15389.92056396
trade,BTCUSDT,119558838,96665.88,1.283437,2026-03-20 05:15:35.265,False,124064.56702956
trade,ETHUSDT,111432438,3502.25,0.277479,2026-03-20 05:15:35.747,False,971.8008277499999
trade,BTCUSDT,119558839,97086.14,1.807711,2026-03-20 05:15:39.849,False,175503.68322554
trade,ETHUSDT,111432439,3488.49,0.207063,2026-03-20 05:15:40.281,False,722.3372048699999
trade,BTCUSDT,119558840,96748.56,0.050553,2026-03-20 05:15:41.364,False,4890.92995368
trade,ETHUSDT,111432440,3502.6,1.625448,2026-03-20 05:15:44.030,False,5693.2941648
trade,BTCUSDT,119558841,97088.29,0.559634,2026-03-20 05:15:45.898,True,54333.90808585999
trade,ETHUSDT,111432441,3504.74,0.685789,2026-03-20 05:15:48.068,True,2403.51213986
trade,ETHUSDT,111432442,3507.16,0.786525,2026-03-20 05:15:50.183,True,2758.469019
trade,BTCUSDT,119558842,97394.03,1.097101,2026-03-20 05:15:50.236,True,106851.08770703
trade,BTCUSDT,119558843,97284.12,0.873954,2026-03-20 05:15:51.561,True,85021.84581048
trade,ETHUSDT,111432443,3504.94,0.887333,2026-03-20 05:15:51.915,False,3110.0489250200003
trade,BTCUSDT,119558844,96519.85,1.834116,2026-03-20 05:15:54.417,True,177028.60120260002
trade,ETHUSDT,111432444,3517.48,0.278876,2026-03-20 05:15:54.989,False,980.94075248
trade,BTCUSDT,119558845,96598.9,1.664764,2026-03-20 05:15:56.831,True,160814.37115959998
trade,ETHUSDT,111432445,3499.1,0.614984,2026-03-20 05:15:58.714,False,2151.8905144
trade,BTCUSDT,119558846,96698.55,1.935902,2026-03-20 05:15:59.164,False,187198.9163421
trade,ETHUSDT,111432446,3512.52,1.933201,2026-03-20 05:16:00.894,True,6790.40717652
trade,BTCUSDT,119558847,96909.0,0.344514,2026-03-20 05:16:01.535,False,33386.507226
trade,ETHUSDT,111432447,3495.63,0.747947,2026-03-20 05:16:03.047,True,2614.5459716100004
trade,BTCUSDT,119558848,96869.38,1.15402,2026-03-20 05:16:04.719,False,111789.20190760001
trade,ETHUSDT,111432448,3498.54,1.813811,2026-03-20 05:16:04.948,True,6345.69033594
trade,ETHUSDT,111432449,3510.55,1.833383,2026-03-20 05:16:06.322,False,6436.18269065
trade,BTCUSDT,119558849,97098.31,1.577657,2026-03-20 05:16:08.468,True,153187.82845967
trade,BTCUSDT,119558850,96747.21,0.955612,2026-03-20 05:16:09.995,True,92452.79484252
trade,ETHUSDT,111432450,3498.98,0.699965,2026-03-20 05:16:10.288,True,2449.1635357
trade,BTCUSDT,119558851,96519.14,0.923912,2026-03-20 05:16:12.487,False,89175.19167567999
trade,ETHUSDT,111432451,3508.79,0.660329,2026-03-20 05:16:13.337,True,2316.9557919100002
trade,BTCUSDT,119558852,96928.79,0.652422,2026-03-20 05:16:14.185,False,63238.47502937999
trade,BTCUSDT,119558853,96696.6,0.164432,2026-03-20 05:16:14.666,True,15900.0153312
trade,BTCUSDT,119558854,97402.32,0.738066,2026-03-20 05:16:15.248,True,71889.34071312001
trade,ETHUSDT,111432452,3512.79,1.274518,2026-03-20 05:16:15.690,True,4477.11408522
trade,BTCUSDT,119558855,97290.51,1.809365,2026-03-20 05:16:18.405,True,176034.04362614997
trade,ETHUSDT,111432453,3506.01,1.297663,2026-03-20 05:16:19.270,False,4549.61945463
trade,BTCUSDT,119558856,96915.69,0.553698,2026-03-20 05:16:22.650,False,53662.023721620004
trade,ETHUSDT,111432454,3501.53,0.532807,2026-03-20 05:16:24.128,True,1865.6396947100002
trade,BTCUSDT,119558857,97067.36,1.956932,2026-03-20 05:16:24.417,True,189954.22293952
trade,BTCUSDT,119558858,96951.44,1.455462,2026-03-20 05:16:26.038,False,141109.13676528
trade,BTCUSDT,119558859,96574.97,1.739067,2026-03-20 05:16:27.351,True,167950.34335299
trade,ETHUSDT,111432455,3497.6,0.297216,2026-03-20 05:16:29.039,False,1039.5426816
trade,BTCUSDT,119558860,96908.46,1.750979,2026-03-20 05:16:29.360,True,169684.67838234
trade,ETHUSDT,111432456,3500.02,1.189079,2026-03-20 05:16:30.829,False,4161.80028158
trade,ETHUSDT,111432457,3498.88,0.357932,2026-03-20 05:16:32.004,False,1252.36111616
trade,BTCUSDT,119558861,97025.81,1.617358,2026-03-20 05:16:33.040,False,156925.47000998
trade,BTCUSDT,119558862,96756.93,0.930611,2026-03-20 05:16:33.261,True,90043.06338422999
trade,ETHUSDT,111432458,3483.98,1.503165,2026-03-20 05:16:34.083,True,5236.9967967
trade,BTCUSDT,119558863,96679.84,1.463641,2026-03-20 05:16:34.961,False,141504.57769744
trade,BTCUSDT,119558864,97064.67,1.619176,2026-03-20 05:16:37.035,False,157164.78411192
trade,ETHUSDT,111432459,3498.23,1.18649,2026-03-20 05:16:37.252,True,4150.6149127
trade,BTCUSDT,119558865,96646.96,0.430858,2026-03-20 05:16:38.459,True,41641.115891680005
trade,BTCUSDT,119558866,96981.15,0.805502,2026-03-20 05:16:38.841,False,78118.5102873
trade,ETHUSDT,111432460,3485.26,1.610165,2026-03-20 05:16:41.230,True,5611.843667900001
trade,BTCUSDT,119558867,96797.58,1.098584,2026-03-20 05:16:42.694,True,106340.27262672
trade,ETHUSDT,111432461,3498.86,1.851992,2026-03-20 05:16:43.754,True,6479.8607291200005
trade,ETHUSDT,111432462,3499.76,0.669664,2026-03-20 05:16:44.381,True,2343.6632806400003
trade,BTCUSDT,119558868,97416.69,0.043292,2026-03-20 05:16:45.435,True,4217.3633434799995
trade,BTCUSDT,119558869,96865.46,1.590485,2026-03-20 05:16:48.381,False,154063.0611481
trade,ETHUSDT,111432463,3484.44,1.716935,2026-03-20 05:16:49.106,True,5982.556991400001
trade,BTCUSDT,119558870,97018.74,1.888563,2026-03-20 05:16:51.239,False,183226.00267062002
trade,BTCUSDT,119558871,97455.63,0.511327,2026-03-20 05:16:52.027,False,49831.69492101
trade,ETHUSDT,111432464,3488.3,0.294298,2026-03-20 05:16:54.103,True,1026.5997134000002
trade,BTCUSDT,119558872,97089.95,1.684216,2026-03-20 05:16:55.350,True,163520.44722919998
trade,BTCUSDT,119558873,96675.99,0.443468,2026-03-20 05:16:57.197,False,42872.70793332
trade,ETHUSDT,111432465,3495.04,1.921096,2026-03-20 05:16:58.376,False,6714.307363839999
trade,BTCUSDT,119558874,96539.25,0.395846,2026-03-20 05:17:02.134,True,38214.675955499995
trade,ETHUSDT,111432466,3498.34,0.396282,2026-03-20 05:17:02.880,True,1386.32917188
trade,BTCUSDT,119558875,96621.6,1.95941,2026-03-20 05:17:05.029,False,189321.32925600003
trade,ETHUSDT,111432467,3503.55,1.434522,2026-03-20 05:17:05.763,True,5025.9195531000005
trade,ETHUSDT,111432468,3499.72,1.903491,2026-03-20 05:17:07.229,False,6661.68552252
trade,BTCUSDT,119558876,97261.86,0.83531,2026-03-20 05:17:09.560,False,81243.8042766
trade,ETHUSDT,111432469,3510.94,0.068187,2026-03-20 05:17:09.730,False,239.40046578
trade,ETHUSDT,111432470,3501.79,1.568502,2026-03-20 05:17:11.570,False,5492.564618580001
trade,BTCUSDT,119558877,96850.53,1.493813,2026-03-20 05:17:12.027,False,144676.58077089
trade,ETHUSDT,111432471,3498.52,0.53272,2026-03-20 05:17:12.454,False,1863.7315744
trade,ETHUSDT,111432472,3488.82,0.483574,2026-03-20 05:17:13.896,True,1687.1026426800001
trade,BTCUSDT,119558878,97316.05,0.799027,2026-03-20 05:17:14.505,True,77758.15148335001
trade,BTCUSDT,119558879,96903.22,1.699068,2026-03-20 05:17:16.824,True,164645.16019896002
trade,ETHUSDT,111432473,3516.99,0.592533,2026-03-20 05:17:18.338,False,2083.93263567
trade,BTCUSDT,119558880,97085.65,0.570338,2026-03-20 05:17:19.427,False,55371.6354497
trade,BTCUSDT,119558881,97253.15,0.810937,2026-03-20 05:17:22.842,True,78866.17770155
trade,ETHUSDT,111432474,3487.34,1.632889,2026-03-20 05:17:23.158,True,5694.439125260001
trade,BTCUSDT,119558882,97050.52,0.886037,2026-03-20 05:17:23.180,True,85990.35158924
trade,ETHUSDT,111432475,3492.49,1.761431,2026-03-20 05:17:24.481,False,6151.7801531899995
trade,BTCUSDT,119558883,97331.82,1.223103,2026-03-20 05:17:25.042,False,119046.84103746002
trade,ETHUSDT,111432476,3511.86,1.978374,2026-03-20 05:17:28.427,True,6947.77251564
trade,BTCUSDT,119558884,96740.94,0.990118,2026-03-20 05:17:29.939,False,95784.94603092001
trade,ETHUSDT,111432477,3517.07,1.819369,2026-03-20 05:17:30.628,True,6398.84812883
trade,ETHUSDT,111432478,3500.11,0.515161,2026-03-20 05:17:30.904,False,1803.12016771
trade,ETHUSDT,111432479,3495.29,0.315083,2026-03-20 05:17:31.846,True,1101.30645907
trade,BTCUSDT,119558885,96594.32,1.219732,2026-03-20 05:17:34.178,True,117819.18312224
trade,BTCUSDT,119558886,97126.71,1.331474,2026-03-20 05:17:34.825,False,129321.68907054001
trade,ETHUSDT,111432480,3502.06,1.41956,2026-03-20 05:17:35.543,False,4971.3842936
trade,BTCUSDT,119558887,97060.74,0.860214,2026-03-20 05:17:36.230,True,83493.00739836
trade,BTCUSDT,119558888,96633.24,0.712705,2026-03-20 05:17:39.788,True,68870.99331420001
trade,ETHUSDT,111432481,3505.31,1.348181,2026-03-20 05:17:40.054,False,4725.79234111
trade,BTCUSDT,119558889,97397.21,0.965549,2026-03-20 05:17:40.825,False,94041.77871829
trade,ETHUSDT,111432482,3513.32,0.44387,2026-03-20 05:17:41.264,True,1559.4573484
trade,ETHUSDT,111432483,3501.92,1.451885,2026-03-20 05:17:44.824,True,5084.3851192
trade,BTCUSDT,119558890,97263.19,1.895078,2026-03-20 05:17:45.017,False,184321.33157882
trade,BTCUSDT,119558891,96850.59,1.089124,2026-03-20 05:17:45.402,False,105482.30198316
trade,ETHUSDT,111432484,3485.61,1.045866,2026-03-20 05:17:48.062,False,3645.48098826
trade,ETHUSDT,111432485,3512.98,0.251441,2026-03-20 05:17:49.464,False,883.3072041800001
trade,BTCUSDT,119558892,97313.23,1.112581,2026-03-20 05:17:50.150,False,108268.85074662999
trade,ETHUSDT,111432486,3495.28,0.825084,2026-03-20 05:17:53.071,False,2883.8996035200003
trade,BTCUSDT,119558893,96770.16,0.66023,2026-03-20 05:17:53.724,False,63890.5627368
trade,ETHUSDT,111432487,3503.07,1.763882,2026-03-20 05:17:56.340,True,6179.00211774
trade,BTCUSDT,119558894,96555.31,1.043007,2026-03-20 05:17:57.470,False,100707.86421717
trade,BTCUSDT,119558895,97192.01,1.148361,2026-03-20 05:17:58.174,True,111611.51379561
trade,ETHUSDT,111432488,3513.77,1.107669,2026-03-20 05:17:58.397,True,3892.09410213
trade,ETHUSDT,111432489,3514.32,1.242892,2026-03-20 05:18:00.065,False,4367.92021344
trade,ETHUSDT,111432490,3515.17,0.368885,2026-03-20 05:18:00.600,False,1296.69348545
trade,BTCUSDT,119558896,97277.16,0.470393,2026-03-20 05:18:01.430,True,45758.49512388
trade,ETHUSDT,111432491,3508.32,0.781466,2026-03-20 05:18:04.097,True,2741.6327971200003
trade,BTCUSDT,119558897,96799.29,1.492607,2026-03-20 05:18:05.707,False,144483.29784903
trade,ETHUSDT,111432492,3517.03,1.3606,2026-03-20 05:18:08.577,True,4785.271018
trade,ETHUSDT,111432493,3508.61,1.065783,2026-03-20 05:18:09.395,False,3739.41689163
trade,BTCUSDT,119558898,96658.25,0.550651,2026-03-20 05:18:10.174,False,53224.96202075
trade,BTCUSDT,119558899,96659.92,0.566461,2026-03-20 05:18:10.328,False,54754.074943119995
trade,BTCUSDT,119558900,97111.97,0.616178,2026-03-20 05:18:11.343,False,59838.25945066
trade,BTCUSDT,119558901,96818.08,1.297875,2026-03-20 05:18:11.468,False,125657.76557999999
trade,ETHUSDT,111432494,3485.91,1.475704,2026-03-20 05:18:11.750,True,5144.17133064
trade,ETHUSDT,111432495,3514.27,0.661886,2026-03-20 05:18:13.329,True,2326.04611322
trade,BTCUSDT,119558902,97241.48,0.540559,2026-03-20 05:18:13.578,False,52564.75718732
trade,BTCUSDT,119558903,97208.46,1.038733,2026-03-20 05:18:14.107,True,100973.63528118
trade,BTCUSDT,119558904,96797.74,0.923004,2026-03-20 05:18:16.615,True,89344.70121096
trade,ETHUSDT,111432496,3496.16,0.580166,2026-03-20 05:18:17.020,True,2028.3531625599999
trade,BTCUSDT,119558905,97129.14,0.078606,2026-03-20 05:18:18.197,False,7634.9331788399995
trade,BTCUSDT,119558906,97354.17,0.750548,2026-03-20 05:18:19.532,True,73068.97758516
trade,ETHUSDT,111432497,3486.72,0.056215,2026-03-20 05:18:21.282,False,196.0059648
trade,BTCUSDT,119558907,97105.89,0.688844,2026-03-20 05:18:24.243,False,66890.80969116
trade,ETHUSDT,111432498,3502.08,0.173867,2026-03-20 05:18:25.294,True,608.89614336
trade,ETHUSDT,111432499,3509.72,0.003833,2026-03-20 05:18:25.574,True,13.45275676
trade,BTCUSDT,119558908,97355.0,0.795996,2026-03-20 05:18:26.220,True,77494.19058000001
trade,ETHUSDT,111432500,3486.8,0.481029,2026-03-20 05:18:28.206,True,1677.2519172
trade,BTCUSDT,119558909,97343.53,0.490851,2026-03-20 05:18:29.390,False,47781.16904403
trade,ETHUSDT,111432501,3495.52,1.511222,2026-03-20 05:18:30.219,True,5282.50672544
trade,ETHUSDT,111432502,3493.03,0.496986,2026-03-20 05:18:33.748,True,1735.98700758
trade,BTCUSDT,119558910,97427.12,0.774721,2026-03-20 05:18:34.148,True,75478.83583352
trade,ETHUSDT,111432503,3502.78,0.713488,2026-03-20 05:18:35.135,False,2499.19149664
trade,ETHUSDT,111432504,3483.27,0.13029,2026-03-20 05:18:36.803,False,453.83524829999993
trade,BTCUSDT,119558911,96745.2,0.796211,2026-03-20 05:18:37.566,False,77029.5924372
trade,ETHUSDT,111432505,3503.06,1.30709,2026-03-20 05:18:39.412,False,4578.8146954
trade,BTCUSDT,119558912,97275.73,1.720938,2026-03-20 05:18:40.727,True,167405.50023474
trade,ETHUSDT,111432506,3495.6,0.415372,2026-03-20 05:18:42.816,False,1451.9743632
trade,BTCUSDT,119558913,96515.93,1.739991,2026-03-20 05:18:44.456,False,167936.84955662998
trade,BTCUSDT,119558914,97068.73,1.842929,2026-03-20 05:18:45.380,False,178890.77751017
trade,BTCUSDT,119558915,96818.55,0.621014,2026-03-20 05:18:46.229,False,60125.6750097
trade,ETHUSDT,111432507,3517.16,0.888218,2026-03-20 05:18:47.380,False,3124.00482088
trade,BTCUSDT,119558916,97164.61,1.598244,2026-03-20 05:18:47.560,True,155292.75494484
trade,BTCUSDT,119558917,96547.02,0.115944,2026-03-20 05:18:50.948,True,11194.047686880001
trade,ETHUSDT,111432508,3489.13,1.089859,2026-03-20 05:18:51.393,False,3802.65973267
trade,BTCUSDT,119558918,97046.42,1.30756,2026-03-20 05:18:52.094,True,126894.01693520001
trade,ETHUSDT,111432509,3491.09,0.963261,2026-03-20 05:18:55.882,True,3362.8308444900003
trade,ETHUSDT,111432510,3507.48,0.940937,2026-03-20 05:18:56.047,False,3300.31770876
trade,BTCUSDT,119558919,96558.42,1.220996,2026-03-20 05:18:56.812,True,117897.44458632
trade,ETHUSDT,111432511,3482.98,0.7379,2026-03-20 05:18:56.889,False,2570.090942
trade,ETHUSDT,111432512,3489.74,1.557801,2026-03-20 05:19:00.194,True,5436.32046174
trade,BTCUSDT,119558920,96938.85,0.882024,2026-03-20 05:19:00.942,False,85502.3922324
trade,ETHUSDT,111432513,3492.68,1.933601,2026-03-20 05:19:01.793,False,6753.44954068
trade,ETHUSDT,111432514,3491.9,1.859271,2026-03-20 05:19:02.775,False,6492.3884049
trade,ETHUSDT,111432515,3492.71,1.133163,2026-03-20 05:19:03.386,False,3957.8097417299996
trade,ETHUSDT,111432516,3492.56,0.214485,2026-03-20 05:19:04.610,True,749.1017316
trade,BTCUSDT,119558921,96699.35,0.218801,2026-03-20 05:19:04.774,False,21157.91447935
trade,ETHUSDT,111432517,3495.85,0.52943,2026-03-20 05:19:06.845,True,1850.8078654999997
trade,BTCUSDT,119558922,97019.2,1.443559,2026-03-20 05:19:09.566,False,140052.9393328
trade,ETHUSDT,111432518,3504.18,1.762095,2026-03-20 05:19:09.771,True,6174.6980570999995
trade,ETHUSDT,111432519,3483.37,1.611911,2026-03-20 05:19:11.243,False,5614.88242007
trade,BTCUSDT,119558923,96667.24,1.972165,2026-03-20 05:19:12.367,False,190643.7473746
trade,ETHUSDT,111432520,3515.65,0.445187,2026-03-20 05:19:15.780,False,1565.12167655
trade,BTCUSDT,119558924,96880.49,1.190754,2026-03-20 05:19:17.274,False,115360.83098946001
trade,ETHUSDT,111432521,3494.74,0.811134,2026-03-20 05:19:18.429,True,2834.70243516
trade,BTCUSDT,119558925,97039.21,0.137979,2026-03-20 05:19:20.992,False,13389.37315659
trade,ETHUSDT,111432522,3486.74,1.518928,2026-03-20 05:19:23.187,False,5296.10701472
trade,BTCUSDT,119558926,97009.97,1.018122,2026-03-20 05:19:25.612,True,98767.98467634
trade,ETHUSDT,111432523,3508.3,0.577125,2026-03-20 05:19:28.162,True,2024.7276375000001
trade,BTCUSDT,119558927,96829.11,1.90336,2026-03-20 05:19:29.341,True,184300.6548096
trade,ETHUSDT,111432524,3506.8,1.696087,2026-03-20 05:19:31.650,False,5947.8378916
trade,BTCUSDT,119558928,97135.13,0.407198,2026-03-20 05:19:32.264,False,39553.230665740004
trade,ETHUSDT,111432525,3498.64,0.72233,2026-03-20 05:19:35.419,True,2527.1726312
trade,ETHUSDT,111432526,3510.75,1.288967,2026-03-20 05:19:35.773,True,4525.24089525
trade,ETHUSDT,111432527,3501.38,1.067407,2026-03-20 05:19:36.443,False,3737.39752166
trade,BTCUSDT,119558929,96569.27,1.291372,2026-03-20 05:19:37.129,False,124706.85133844
trade,ETHUSDT,111432528,3514.82,0.091575,2026-03-20 05:19:38.272,True,321.8696415
trade,BTCUSDT,119558930,97184.2,1.237893,2026-03-20 05:19:39.847,False,120303.64089059999
trade,ETHUSDT,111432529,3505.88,1.407816,2026-03-20 05:19:40.489,False,4935.63395808
trade,BTCUSDT,119558931,96946.02,1.09214,2026-03-20 05:19:42.486,False,105878.62628280002
trade,ETHUSDT,111432530,3511.92,0.726572,2026-03-20 05:19:44.682,False,2551.66273824
trade,ETHUSDT,111432531,3489.21,1.50593,2026-03-20 05:19:45.812,True,5254.5060153
trade,ETHUSDT,111432532,3499.93,0.12564,2026-03-20 05:19:46.159,True,439.7312052
trade,BTCUSDT,119558932,97187.97,0.420648,2026-03-20 05:19:46.279,False,40881.92520456
trade,ETHUSDT,111432533,3488.66,0.469613,2026-03-20 05:19:47.282,True,1638.32008858
trade,BTCUSDT,119558933,96951.17,1.319754,2026-03-20 05:19:49.691,False,127951.69441218
trade,BTCUSDT,119558934,97389.27,0.048338,2026-03-20 05:19:50.363,False,4707.60253326
trade,ETHUSDT,111432534,3483.86,0.684484,2026-03-20 05:19:51.089,True,2384.64642824
trade,BTCUSDT,119558935,96687.45,1.037405,2026-03-20 05:19:52.194,False,100304.04406724998
trade,ETHUSDT,111432535,3489.9,1.744431,2026-03-20 05:19:52.712,True,6087.8897469
trade,BTCUSDT,119558936,97390.51,1.067022,2026-03-20 05:19:52.752,True,103917.81676121999
trade,BTCUSDT,119558937,97307.21,1.077989,2026-03-20 05:19:53.388,False,104896.10200069002
trade,BTCUSDT,119558938,96975.95,1.478848,2026-03-20 05:19:53.494,True,143412.6897056
trade,BTCUSDT,119558939,96673.65,0.468086,2026-03-20 05:19:54.810,False,45251.582133899996
trade,BTCUSDT,119558940,97173.98,0.961897,2026-03-20 05:19:55.547,True,93471.35984006
trade,ETHUSDT,111432536,3514.37,1.366473,2026-03-20 05:19:57.693,True,4802.29171701
trade,BTCUSDT,119558941,97012.31,1.697227,2026-03-20 05:19:59.768,False,164651.91186437
trade,BTCUSDT,119558942,96923.38,1.97062,2026-03-20 05:20:00.970,False,190999.1510956
trade,ETHUSDT,111432537,3491.98,1.785212,2026-03-20 05:20:01.986,False,6233.92459976
trade,ETHUSDT,111432538,3513.8,0.667044,2026-03-20 05:20:02.526,False,2343.8592072
trade,BTCUSDT,119558943,97093.01,0.145304,2026-03-20 05:20:02.780,False,14108.002725039998
trade,BTCUSDT,119558944,97420.99,0.446563,2026-03-20 05:20:05.806,False,43504.60955737
trade,ETHUSDT,111432539,3493.41,0.104416,2026-03-20 05:20:06.212,False,364.76789856
trade,ETHUSDT,111432540,3506.31,1.490736,2026-03-20 05:20:06.677,True,5226.9825441600005
trade,ETHUSDT,111432541,3485.3,1.182068,2026-03-20 05:20:08.735,False,4119.8616004
trade,BTCUSDT,119558945,97236.06,1.476158,2026-03-20 05:20:09.880,False,143535.78785748
trade,ETHUSDT,111432542,3512.69,1.215406,2026-03-20 05:20:11.374,True,4269.34450214
trade,BTCUSDT,119558946,97358.61,1.068487,2026-03-20 05:20:11.911,False,104026.40912307
trade,BTCUSDT,119558947,97128.31,1.525794,2026-03-20 05:20:15.158,True,148197.79262814
trade,ETHUSDT,111432543,3493.9,1.308768,2026-03-20 05:20:16.347,True,4572.7045152
trade,BTCUSDT,119558948,97043.34,0.253149,2026-03-20 05:20:16.997,False,24566.42447766
trade,ETHUSDT,111432544,3508.26,0.027572,2026-03-20 05:20:18.225,False,96.72974472
trade,ETHUSDT,111432545,3494.98,1.321552,2026-03-20 05:20:18.693,False,4618.79780896
trade,BTCUSDT,119558949,97124.91,0.505305,2026-03-20 05:20:20.187,True,49077.70264755
trade,ETHUSDT,111432546,3503.17,1.053415,2026-03-20 05:20:20.826,False,3690.29182555
trade,BTCUSDT,119558950,96773.85,1.800698,2026-03-20 05:20:23.099,False,174260.4781473
trade,ETHUSDT,111432547,3490.21,1.92325,2026-03-20 05:20:24.530,False,6712.5463825
trade,BTCUSDT,119558951,97480.2,0.821465,2026-03-20 05:20:26.141,True,80076.572493
trade,ETHUSDT,111432548,3483.89,1.709029,2026-03-20 05:20:28.858,True,5954.06904281
trade,BTCUSDT,119558952,97367.29,1.348665,2026-03-20 05:20:29.018,False,131315.85616785
trade,BTCUSDT,119558953,96856.99,0.251497,2026-03-20 05:20:32.912,True,24359.242414030003
trade,ETHUSDT,111432549,3485.6,0.635265,2026-03-20 05:20:33.284,True,2214.2796839999996
trade,ETHUSDT,111432550,3500.55,1.849808,2026-03-20 05:20:35.616,True,6475.3453944
trade,BTCUSDT,119558954,96889.64,0.643013,2026-03-20 05:20:36.350,False,62301.29808531999
trade,ETHUSDT,111432551,3488.61,0.696895,2026-03-20 05:20:36.393,False,2431.1948659500003
trade,BTCUSDT,119558955,97325.38,1.073267,2026-03-20 05:20:38.919,False,104456.11861646001
trade,BTCUSDT,119558956,97164.88,1.311468,2026-03-20 05:20:39.370,True,127428.63084384002
trade,BTCUSDT,119558957,96579.99,0.826249,2026-03-20 05:20:39.624,True,79799.12015751
trade,ETHUSDT,111432552,3507.28,0.876631,2026-03-20 05:20:40.916,False,3074.5903736800005
trade,BTCUSDT,119558958,96700.14,0.496819,2026-03-20 05:20:41.398,True,48042.46685466
trade,ETHUSDT,111432553,3499.09,1.674254,2026-03-20 05:20:42.140,True,5858.36542886
trade,ETHUSDT,111432554,3511.18,1.363862,2026-03-20 05:20:43.869,True,4788.764977159999
trade,BTCUSDT,119558959,96853.09,1.205086,2026-03-20 05:20:44.634,True,116716.30281574001
trade,BTCUSDT,119558960,96980.0,0.62727,2026-03-20 05:20:45.856,True,60832.6446
trade,ETHUSDT,111432555,3516.85,0.604189,2026-03-20 05:20:46.358,True,2124.84208465
trade,BTCUSDT,119558961,97002.04,1.291387,2026-03-20 05:20:48.864,True,125267.17342948
trade,ETHUSDT,111432556,3501.88,1.32692,2026-03-20 05:20:48.945,False,4646.714609600001
trade,ETHUSDT,111432557,3514.25,1.920741,2026-03-20 05:20:52.014,True,6749.96405925
trade,BTCUSDT,119558962,96981.11,1.780423,2026-03-20 05:20:53.105,True,172667.39880953002
trade,ETHUSDT,111432558,3508.13,0.56801,2026-03-20 05:20:55.799,False,1992.6529213000001
trade,BTCUSDT,119558963,96899.55,1.581074,2026-03-20 05:20:56.524,False,153205.3591167
trade,BTCUSDT,119558964,97371.2,0.814094,2026-03-20 05:20:57.364,True,79269.3096928
trade,BTCUSDT,119558965,97239.9,1.980834,2026-03-20 05:20:58.632,False,192616.10007659998
trade,ETHUSDT,111432559,3510.68,1.776543,2026-03-20 05:20:59.762,True,6236.873979239999
trade,BTCUSDT,119558966,97093.52,0.430587,2026-03-20 05:21:00.359,False,41807.20749624
trade,ETHUSDT,111432560,3489.9,1.48798,2026-03-20 05:21:01.618,False,5192.901402
trade,BTCUSDT,119558967,96675.33,1.607575,2026-03-20 05:21:04.140,False,155412.84362475
trade,ETHUSDT,111432561,3495.62,0.901968,2026-03-20 05:21:05.559,False,3152.93738016
trade,BTCUSDT,119558968,97194.44,1.914488,2026-03-20 05:21:05.964,False,186077.58904672
trade,ETHUSDT,111432562,3495.98,1.018964,2026-03-20 05:21:08.479,False,3562.27776472
trade,BTCUSDT,119558969,96808.27,1.192478,2026-03-20 05:21:09.701,True,115441.73219306
trade,ETHUSDT,111432563,3491.22,0.862207,2026-03-20 05:21:13.326,True,3010.1543225399996
trade,BTCUSDT,119558970,97065.28,1.519434,2026-03-20 05:21:14.505,True,147484.28665152
trade,BTCUSDT,119558971,97077.99,0.04072,2026-03-20 05:21:14.841,True,3953.0157528
trade,ETHUSDT,111432564,3496.06,0.178164,2026-03-20 05:21:16.384,False,622.87203384
trade,BTCUSDT,119558972,97391.78,0.276133,2026-03-20 05:21:18.186,True,26893.08438674
trade,ETHUSDT,111432565,3507.91,1.140886,2026-03-20 05:21:20.131,True,4002.12540826
trade,BTCUSDT,119558973,97434.17,1.227997,2026-03-20 05:21:23.184,False,119648.86845749
trade,ETHUSDT,111432566,3493.54,1.121772,2026-03-20 05:21:23.992,False,3918.9553528799997
trade,ETHUSDT,111432567,3510.12,0.335269,2026-03-20 05:21:25.216,False,1176.83442228
trade,ETHUSDT,111432568,3509.53,0.242883,2026-03-20 05:21:26.364,True,852.40517499
trade,BTCUSDT,119558974,97480.77,0.951549,2026-03-20 05:21:26.406,True,92757.72921273
trade,BTCUSDT,119558975,96591.06,1.770122,2026-03-20 05:21:29.752,True,170977.96030931998
trade,ETHUSDT,111432569,3505.38,0.712579,2026-03-20 05:21:29.985,True,2497.86017502
trade,BTCUSDT,119558976,97082.78,0.879287,2026-03-20 05:21:33.360,True,85363.62637786
trade,ETHUSDT,111432570,3510.25,0.237305,2026-03-20 05:21:33.514,False,832.9998762499999
trade,ETHUSDT,111432571,3510.44,0.467205,2026-03-20 05:21:35.975,False,1640.0951201999999
trade,BTCUSDT,119558977,97416.02,1.898285,2026-03-20 05:21:37.950,True,184923.36952570002
trade,ETHUSDT,111432572,3493.96,1.776611,2026-03-20 05:21:39.211,False,6207.40776956
trade,ETHUSDT,111432573,3491.39,0.352178,2026-03-20 05:21:40.225,True,1229.5907474199998
trade,BTCUSDT,119558978,97185.92,1.229858,2026-03-20 05:21:42.724,True,119524.88119935998
trade,ETHUSDT,111432574,3495.7,0.798367,2026-03-20 05:21:42.819,False,2790.8515219
trade,BTCUSDT,119558979,96915.52,1.59272,2026-03-20 05:21:43.843,True,154359.2870144
trade,ETHUSDT,111432575,3486.69,0.829781,2026-03-20 05:21:44.984,True,2893.18911489
trade,BTCUSDT,119558980,96571.11,1.000457,2026-03-20 05:21:48.832,True,96615.24299726999
trade,ETHUSDT,111432576,3492.57,1.923443,2026-03-20 05:21:49.217,True,6717.75931851
trade,BTCUSDT,119558981,96818.8,1.280957,2026-03-20 05:21:53.455,True,124020.71959159999
trade,ETHUSDT,111432577,3491.44,1.953687,2026-03-20 05:21:53.641,True,6821.18093928
trade,BTCUSDT,119558982,97462.35,1.849854,2026-03-20 05:21:54.739,True,180291.11799690002
trade,ETHUSDT,111432578,3496.47,1.565647,2026-03-20 05:21:54.837,True,5474.23776609
trade,ETHUSDT,111432579,3502.31,0.498733,2026-03-20 05:21:55.021,True,1746.71757323
trade,BTCUSDT,119558983,97159.12,1.387569,2026-03-20 05:21:55.572,True,134814.98297928
trade,ETHUSDT,111432580,3500.32,1.120115,2026-03-20 05:21:56.328,False,3920.7609368000003
trade,BTCUSDT,119558984,96809.78,1.1278,2026-03-20 05:21:57.687,False,109182.069884
trade,BTCUSDT,119558985,96946.39,0.439041,2026-03-20 05:21:59.505,True,42563.44001199
trade,ETHUSDT,111432581,3515.98,0.876507,2026-03-20 05:22:00.360,False,3081.78108186
trade,BTCUSDT,119558986,96553.86,1.181676,2026-03-20 05:22:00.362,False,114095.37906936
trade,ETHUSDT,111432582,3488.99,1.136324,2026-03-20 05:22:01.535,True,3964.6230727599996
trade,BTCUSDT,119558987,96633.67,0.49339,2026-03-20 05:22:04.435,False,47678.0864413
trade,ETHUSDT,111432583,3509.48,0.605326,2026-03-20 05:22:05.027,False,2124.37949048
trade,ETHUSDT,111432584,3488.2,0.083243,2026-03-20 05:22:07.419,True,290.3682326
trade,BTCUSDT,119558988,96706.29,1.381682,2026-03-20 05:22:08.684,False,133617.34017978
trade,BTCUSDT,119558989,96922.61,1.192337,2026-03-20 05:22:09.963,False,115564.41403957
trade,ETHUSDT,111432585,3496.91,1.607346,2026-03-20 05:22:10.528,True,5620.744300859999
trade,BTCUSDT,119558990,97239.16,1.3663,2026-03-20 05:22:14.378,True,132857.86430800002
trade,ETHUSDT,111432586,3501.47,0.641769,2026-03-20 05:22:15.102,True,2247.13490043
trade,ETHUSDT,111432587,3488.26,1.095696,2026-03-20 05:22:18.070,True,3822.0725289600005
trade,BTCUSDT,119558991,97189.16,0.118455,2026-03-20 05:22:18.285,False,11512.5419478
trade,ETHUSDT,111432588,3499.12,1.418698,2026-03-20 05:22:20.690,False,4964.1945457599995
trade,BTCUSDT,119558992,96657.15,1.73593,2026-03-20 05:22:21.022,True,167790.0463995
trade,ETHUSDT,111432589,3485.72,0.071914,2026-03-20 05:22:22.852,True,250.67206808
trade,ETHUSDT,111432590,3498.99,0.692939,2026-03-20 05:22:23.701,True,2424.5866316099996
trade,ETHUSDT,111432591,3494.57,1.36128,2026-03-20 05:22:24.350,True,4757.0882496
trade,BTCUSDT,119558993,97245.57,1.217329,2026-03-20 05:22:25.086,True,118379.85248253001
trade,BTCUSDT,119558994,96574.75,1.328884,2026-03-20 05:22:26.991,False,128336.64007899999
trade,BTCUSDT,119558995,97011.14,1.820331,2026-03-20 05:22:28.390,True,176592.38548733998
trade,ETHUSDT,111432592,3513.33,0.873566,2026-03-20 05:22:28.526,True,3069.12563478
trade,ETHUSDT,111432593,3483.99,1.627585,2026-03-20 05:22:30.908,True,5670.489864149999
trade,BTCUSDT,119558996,97100.21,1.885577,2026-03-20 05:22:33.178,True,183089.92267117003
trade,ETHUSDT,111432594,3492.4,0.31578,2026-03-20 05:22:34.092,False,1102.830072
trade,ETHUSDT,111432595,3508.16,1.146011,2026-03-20 05:22:34.651,False,4020.3899497599996
trade,BTCUSDT,119558997,96625.34,1.017169,2026-03-20 05:22:36.980,True,98284.30046246
trade,ETHUSDT,111432596,3511.42,1.693646,2026-03-20 05:22:37.872,False,5947.10243732
trade,BTCUSDT,119558998,97417.51,0.750998,2026-03-20 05:22:39.638,True,73160.35517498
trade,ETHUSDT,111432597,3516.85,1.549746,2026-03-20 05:22:41.063,False,5450.2242201
trade,BTCUSDT,119558999,97377.84,1.498405,2026-03-20 05:22:42.568,False,145911.4423452
trade,BTCUSDT,119559000,97007.8,0.284202,2026-03-20 05:22:43.149,False,27569.810775600003
trade,ETHUSDT,111432598,3498.6,1.083926,2026-03-20 05:22:45.309,False,3792.2235035999997
trade,BTCUSDT,119559001,97342.0,0.597585,2026-03-20 05:22:45.822,False,58170.11907
trade,ETHUSDT,111432599,3504.98,0.33216,2026-03-20 05:22:46.422,False,1164.2141568
trade,BTCUSDT,119559002,97358.92,0.294113,2026-03-20 05:22:47.374,False,28634.52403796
trade,ETHUSDT,111432600,3503.13,1.748731,2026-03-20 05:22:47.478,True,6126.03202803
trade,BTCUSDT,119559003,96995.33,1.909857,2026-03-20 05:22:48.493,False,185247.20996781
trade,ETHUSDT,111432601,3510.42,1.249384,2026-03-20 05:22:50.211,True,4385.86258128
trade,BTCUSDT,119559004,97431.3,0.785103,2026-03-20 05:22:51.192,False,76493.6059239
trade,BTCUSDT,119559005,97012.93,0.266566,2026-03-20 05:22:53.823,True,25860.34869838
trade,ETHUSDT,111432602,3508.07,0.646372,2026-03-20 05:22:54.571,True,2267.5182220399997
trade,ETHUSDT,111432603,3499.49,1.721462,2026-03-20 05:22:57.768,True,6024.23905438
trade,BTCUSDT,119559006,97349.08,0.146256,2026-03-20 05:22:58.024,False,14237.88704448
trade,ETHUSDT,111432604,3499.1,0.972375,2026-03-20 05:22:59.059,True,3402.4373625
trade,ETHUSDT,111432605,3493.36,1.530142,2026-03-20 05:22:59.582,True,5345.33685712
trade,BTCUSDT,119559007,96990.84,0.439515,2026-03-20 05:23:02.000,True,42628.9290426
trade,ETHUSDT,111432606,3512.29,0.811457,2026-03-20 05:23:02.500,True,2850.07230653
trade,ETHUSDT,111432607,3517.15,1.034246,2026-03-20 05:23:04.430,True,3637.5983189
trade,BTCUSDT,119559008,97124.23,1.155797,2026-03-20 05:23:06.301,False,112255.89366131
trade,ETHUSDT,111432608,3516.5,0.394263,2026-03-20 05:23:06.863,True,1386.4258395
trade,BTCUSDT,119559009,97355.13,0.076098,2026-03-20 05:23:08.688,False,7408.53068274
trade,ETHUSDT,111432609,3491.53,1.707502,2026-03-20 05:23:11.038,True,5961.794458060001
trade,BTCUSDT,119559010,97478.75,0.548,2026-03-20 05:23:11.729,True,53418.355
trade,BTCUSDT,119559011,97026.68,1.900864,2026-03-20 05:23:14.640,True,184434.52305152
trade,ETHUSDT,111432610,3484.13,0.617582,2026-03-20 05:23:14.980,False,2151.73597366
trade,ETHUSDT,111432611,3512.4,0.143631,2026-03-20 05:23:15.378,False,504.48952440000005
trade,BTCUSDT,119559012,97169.59,1.330874,2026-03-20 05:23:16.979,True,129320.48092165998
trade,BTCUSDT,119559013,97018.19,1.684106,2026-03-20 05:23:18.895,True,163388.91588814
trade,BTCUSDT,119559014,97246.7,1.861161,2026-03-20 05:23:19.691,False,180991.7654187
trade,ETHUSDT,111432612,3498.18,0.61097,2026-03-20 05:23:20.324,False,2137.2830346
trade,ETHUSDT,111432613,3504.08,0.056489,2026-03-20 05:23:21.848,False,197.94197512
trade,BTCUSDT,119559015,97006.95,1.960191,2026-03-20 05:23:23.755,True,190152.15032744998
trade,ETHUSDT,111432614,3505.31,0.383772,2026-03-20 05:23:24.513,True,1345.23982932
trade,BTCUSDT,119559016,96608.46,0.735935,2026-03-20 05:23:27.149,True,71097.54701010001
trade,BTCUSDT,119559017,96807.22,1.180766,2026-03-20 05:23:27.802,True,114306.67393052
trade,ETHUSDT,111432615,3487.75,1.244859,2026-03-20 05:23:28.998,False,4341.75697725
trade,BTCUSDT,119559018,96651.89,1.419181,2026-03-20 05:23:29.738,True,137166.52590209
trade,ETHUSDT,111432616,3483.42,1.204928,2026-03-20 05:23:32.299,False,4197.27029376
trade,BTCUSDT,119559019,97015.97,0.313074,2026-03-20 05:23:32.790,True,30373.177791780003
trade,ETHUSDT,111432617,3489.15,1.63106,2026-03-20 05:23:33.403,True,5691.012999
trade,BTCUSDT,119559020,97348.6,0.681143,2026-03-20 05:23:34.713,False,66308.31744980002
trade,ETHUSDT,111432618,3491.93,0.602829,2026-03-20 05:23:35.702,False,2105.03666997
trade,BTCUSDT,119559021,96612.1,0.550349,2026-03-20 05:23:36.215,True,53170.3726229
trade,ETHUSDT,111432619,3515.36,1.975956,2026-03-20 05:23:36.257,False,6946.196684160001
trade,ETHUSDT,111432620,3514.75,1.590648,2026-03-20 05:23:39.619,False,5590.730058
trade,BTCUSDT,119559022,97382.3,1.131643,2026-03-20 05:23:40.121,False,110201.9981189
trade,BTCUSDT,119559023,96934.99,1.599647,2026-03-20 05:23:42.004,False,155061.76594853002
trade,ETHUSDT,111432621,3497.78,0.418756,2026-03-20 05:23:42.304,True,1464.71636168
trade,BTCUSDT,119559024,96908.96,0.632956,2026-03-20 05:23:42.682,True,61339.10768576
trade,BTCUSDT,119559025,97201.38,0.712946,2026-03-20 05:23:45.193,True,69299.33506548
trade,ETHUSDT,111432622,3488.4,1.513033,2026-03-20 05:23:45.726,True,5278.0643172
trade,ETHUSDT,111432623,3515.35,1.663276,2026-03-20 05:23:48.428,True,5846.9972866
trade,BTCUSDT,119559026,97200.3,1.576489,2026-03-20 05:23:49.987,True,153235.20374670002
trade,BTCUSDT,119559027,97257.98,0.407154,2026-03-20 05:23:51.488,False,39598.97558892
trade,ETHUSDT,111432624,3511.82,1.531029,2026-03-20 05:23:52.363,False,5376.69826278
trade,BTCUSDT,119559028,96609.14,1.091529,2026-03-20 05:23:55.274,False,105451.67797506
trade,ETHUSDT,111432625,3488.88,1.614509,2026-03-20 05:23:56.061,True,5632.82815992
trade,BTCUSDT,119559029,97302.75,1.939602,2026-03-20 05:23:56.849,True,188728.60850550001
trade,BTCUSDT,119559030,96578.96,1.894451,2026-03-20 05:23:57.233,False,182964.10735096002
trade,BTCUSDT,119559031,97325.17,1.461121,2026-03-20 05:23:57.921,False,142203.84971557
trade,ETHUSDT,111432626,3515.18,0.361892,2026-03-20 05:24:00.010,False,1272.1155205599998
trade,BTCUSDT,119559032,96835.49,0.475789,2026-03-20 05:24:00.310,False,46073.260951610006
trade,ETHUSDT,111432627,3511.23,1.521418,2026-03-20 05:24:03.304,False,5342.04852414
trade,BTCUSDT,119559033,97411.01,0.328431,2026-03-20 05:24:03.623,True,31992.795425309996
trade,ETHUSDT,111432628,3508.82,1.698323,2026-03-20 05:24:06.767,True,5959.10970886
trade,BTCUSDT,119559034,96691.79,0.630957,2026-03-20 05:24:08.025,True,61008.36174302999
trade,ETHUSDT,111432629,3508.69,0.625403,2026-03-20 05:24:09.734,True,2194.3452520700002
trade,BTCUSDT,119559035,96601.43,0.537199,2026-03-20 05:24:11.624,True,51894.191594569995
trade,ETHUSDT,111432630,3505.12,1.012241,2026-03-20 05:24:12.475,True,3548.0261739199996
trade,BTCUSDT,119559036,97363.65,0.191251,2026-03-20 05:24:15.731,False,18620.89542615
trade,BTCUSDT,119559037,96792.45,1.030966,2026-03-20 05:24:16.602,True,99789.7250067
trade,ETHUSDT,111432631,3488.24,0.370851,2026-03-20 05:24:16.810,True,1293.6172922399999
trade,ETHUSDT,111432632,3484.59,1.085685,2026-03-20 05:24:18.766,False,3783.16709415
trade,BTCUSDT,119559038,96566.59,0.053531,2026-03-20 05:24:21.250,True,5169.30612929
trade,ETHUSDT,111432633,3497.55,1.740637,2026-03-20 05:24:23.527,True,6087.96493935
trade,BTCUSDT,119559039,97305.27,1.250781,2026-03-20 05:24:24.296,True,121707.58291586999
trade,ETHUSDT,111432634,3515.95,0.742433,2026-03-20 05:24:25.819,True,2610.35730635
trade,BTCUSDT,119559040,96950.59,0.476814,2026-03-20 05:24:28.479,False,46227.39862026
trade,ETHUSDT,111432635,3496.86,1.999412,2026-03-20 05:24:28.996,True,6991.66384632
trade,BTCUSDT,119559041,96583.35,0.925995,2026-03-20 05:24:29.464,False,89435.69918325
trade,ETHUSDT,111432636,3496.68,1.974822,2026-03-20 05:24:32.248,True,6905.32059096
trade,BTCUSDT,119559042,96707.36,1.277504,2026-03-20 05:24:34.359,False,123544.03922944
trade,ETHUSDT,111432637,3514.6,0.96003,2026-03-20 05:24:35.967,True,3374.121438
trade,BTCUSDT,119559043,97134.93,1.665291,2026-03-20 05:24:38.459,True,161757.92471463
trade,BTCUSDT,119559044,96801.35,0.364506,2026-03-20 05:24:39.090,False,35284.6728831
trade,ETHUSDT,111432638,3482.65,1.141729,2026-03-20 05:24:39.480,True,3976.2425018500003
trade,BTCUSDT,119559045,96661.14,0.921355,2026-03-20 05:24:39.588,False,89059.2246447
trade,ETHUSDT,111432639,3492.6,1.716469,2026-03-20 05:24:42.543,True,5994.9396294
trade,ETHUSDT,111432640,3508.52,0.202185,2026-03-20 05:24:42.745,False,709.3701162
trade,BTCUSDT,119559046,96532.22,0.683368,2026-03-20 05:24:44.162,False,65967.03011696
trade,ETHUSDT,111432641,3501.42,0.966617,2026-03-20 05:24:45.340,False,3384.53209614
trade,BTCUSDT,119559047,97437.85,0.281399,2026-03-20 05:24:47.532,False,27418.913552150003
trade,ETHUSDT,111432642,3484.42,0.598603,2026-03-20 05:24:48.878,True,2085.78426526
trade,ETHUSDT,111432643,3495.66,1.684205,2026-03-20 05:24:52.408,False,5887.4080503
trade,BTCUSDT,119559048,96663.24,1.174962,2026-03-20 05:24:52.413,True,113575.63379688
trade,ETHUSDT,111432644,3487.38,1.025399,2026-03-20 05:24:56.056,False,3575.95596462
trade,BTCUSDT,119559049,96832.25,0.650539,2026-03-20 05:24:57.371,True,62993.155082749996
trade,ETHUSDT,111432645,3508.03,0.440682,2026-03-20 05:25:00.027,True,1545.9256764600002
trade,BTCUSDT,119559050,96553.55,0.989623,2026-03-20 05:25:01.069,True,95551.61381165001
trade,ETHUSDT,111432646,3512.26,0.752274,2026-03-20 05:25:02.116,False,2642.18187924
trade,ETHUSDT,111432647,3514.61,0.051763,2026-03-20 05:25:03.660,True,181.92675743
trade,BTCUSDT,119559051,97304.73,1.573479,2026-03-20 05:25:04.342,True,153106.94925567
trade,ETHUSDT,111432648,3490.17,0.21287,2026-03-20 05:25:04.857,True,742.9524879
trade,BTCUSDT,119559052,97422.92,0.513346,2026-03-20 05:25:06.779,False,50011.66629032
trade,ETHUSDT,111432649,3514.96,1.763128,2026-03-20 05:25:08.634,True,6197.32439488
trade,BTCUSDT,119559053,96809.7,1.424163,2026-03-20 05:25:11.095,True,137872.7927811
trade,ETHUSDT,111432650,3489.46,0.923394,2026-03-20 05:25:12.804,False,3222.1464272400003
trade,BTCUSDT,119559054,97229.51,1.234614,2026-03-20 05:25:14.691,True,120040.91425914
trade,BTCUSDT,119559055,97422.33,1.6825,2026-03-20 05:25:16.147,False,163913.070225
trade,ETHUSDT,111432651,3493.1,1.909229,2026-03-20 05:25:16.636,False,6669.1278199
trade,ETHUSDT,111432652,3488.45,0.140267,2026-03-20 05:25:17.651,False,489.31441615
trade,BTCUSDT,119559056,96678.54,0.800768,2026-03-20 05:25:19.880,True,77417.08111872
trade,ETHUSDT,111432653,3508.99,0.191043,2026-03-20 05:25:20.793,False,670.3679765699999
trade,BTCUSDT,119559057,96687.88,0.513897,2026-03-20 05:25:22.550,False,49687.61146836001
trade,ETHUSDT,111432654,3502.35,0.810541,2026-03-20 05:25:25.085,False,2838.7982713499996
trade,BTCUSDT,119559058,97275.77,1.54663,2026-03-20 05:25:25.763,True,150449.6241551
trade,ETHUSDT,111432655,3517.3,0.099906,2026-03-20 05:25:28.218,True,351.3993738
trade,BTCUSDT,119559059,97060.4,1.221244,2026-03-20 05:25:30.336,True,118534.4311376
trade,ETHUSDT,111432656,3490.63,1.917297,2026-03-20 05:25:31.691,False,6692.57442711
trade,BTCUSDT,119559060,96888.65,1.76293,2026-03-20 05:25:32.974,True,170807.9077445
trade,BTCUSDT,119559061,97282.0,0.897095,2026-03-20 05:25:34.736,False,87271.19579
trade,BTCUSDT,119559062,97096.09,0.269968,2026-03-20 05:25:35.670,False,26212.837225119998
trade,ETHUSDT,111432657,3513.95,0.765698,2026-03-20 05:25:35.778,True,2690.6244871
trade,BTCUSDT,119559063,97226.19,0.618982,2026-03-20 05:25:39.851,True,60181.26153858
trade,ETHUSDT,111432658,3490.99,1.340692,2026-03-20 05:25:40.174,False,4680.34236508
trade,BTCUSDT,119559064,97374.48,1.219507,2026-03-20 05:25:41.790,True,118748.85998135999
trade,BTCUSDT,119559065,96628.37,0.111061,2026-03-20 05:25:42.264,True,10731.64340057
trade,ETHUSDT,111432659,3506.2,0.042217,2026-03-20 05:25:42.920,False,148.0212454
trade,BTCUSDT,119559066,97475.71,0.58893,2026-03-20 05:25:44.029,False,57406.3698903
trade,BTCUSDT,119559067,96857.59,0.707994,2026-03-20 05:25:44.137,False,68574.59257446
trade,ETHUSDT,111432660,3498.4,1.914349,2026-03-20 05:25:46.349,True,6697.158541600001
trade,ETHUSDT,111432661,3493.45,0.633438,2026-03-20 05:25:48.741,True,2212.8839811
trade,BTCUSDT,119559068,96886.57,1.41568,2026-03-20 05:25:48.856,False,137160.37941760002
trade,ETHUSDT,111432662,3513.72,1.35544,2026-03-20 05:25:52.344,False,4762.6366368
trade,BTCUSDT,119559069,96982.29,1.297566,2026-03-20 05:25:53.363,False,125840.92210613999
trade,ETHUSDT,111432663,3506.3,0.16117,2026-03-20 05:25:56.038,True,565.1103710000001
trade,BTCUSDT,119559070,97088.94,0.726258,2026-03-20 05:25:58.096,True,70511.61938652
trade,ETHUSDT,111432664,3516.95,0.0918,2026-03-20 05:25:59.421,True,322.85601
trade,BTCUSDT,119559071,96760.01,0.004742,2026-03-20 05:26:01.321,False,458.8359674199999
trade,BTCUSDT,119559072,96622.48,1.613061,2026-03-20 05:26:02.724,True,155857.95421128
trade,ETHUSDT,111432665,3484.55,1.483129,2026-03-20 05:26:02.842,True,5168.03715695
trade,BTCUSDT,119559073,97481.81,1.902544,2026-03-20 05:26:03.279,True,185463.43272464
trade,ETHUSDT,111432666,3487.09,1.398729,2026-03-20 05:26:05.238,False,4877.493908609999
trade,BTCUSDT,119559074,97389.41,0.947024,2026-03-20 05:26:06.894,False,92230.10861584
trade,ETHUSDT,111432667,3499.41,0.88737,2026-03-20 05:26:09.123,False,3105.2714517
trade,ETHUSDT,111432668,3507.39,0.358957,2026-03-20 05:26:09.630,True,1259.00219223
trade,BTCUSDT,119559075,96959.33,0.560909,2026-03-20 05:26:10.069,True,54385.36083097
trade,BTCUSDT,119559076,97479.81,0.594819,2026-03-20 05:26:10.652,True,57982.84310439
trade,BTCUSDT,119559077,96905.58,1.649552,2026-03-20 05:26:11.539,True,159850.79330016
trade,BTCUSDT,119559078,96625.39,0.329084,2026-03-20 05:26:12.705,True,31797.86984276
trade,BTCUSDT,119559079,97472.95,1.217969,2026-03-20 05:26:14.119,True,118719.03143855001
trade,ETHUSDT,111432669,3504.11,0.548184,2026-03-20 05:26:14.412,True,1920.89703624
trade,BTCUSDT,119559080,96744.37,0.844129,2026-03-20 05:26:16.817,False,81664.72830373
trade,ETHUSDT,111432670,3502.07,0.03234,2026-03-20 05:26:18.874,False,113.2569438
trade,BTCUSDT,119559081,97399.14,0.62665,2026-03-20 05:26:18.923,False,61035.171081
trade,ETHUSDT,111432671,3509.64,1.425252,2026-03-20 05:26:19.524,True,5002.12142928
trade,BTCUSDT,119559082,97282.81,0.876471,2026-03-20 05:26:21.281,False,85265.56176350999
trade,BTCUSDT,119559083,97431.31,0.236485,2026-03-20 05:26:22.043,False,23041.04334535
trade,BTCUSDT,119559084,97124.33,0.713074,2026-03-20 05:26:22.479,True,69256.83449042
trade,ETHUSDT,111432672,3493.21,1.554428,2026-03-20 05:26:24.210,True,5429.94343388
trade,BTCUSDT,119559085,97185.93,1.161785,2026-03-20 05:26:25.069,True,112909.15568505
trade,ETHUSDT,111432673,3492.99,1.639321,2026-03-20 05:26:26.625,True,5726.13185979
trade,BTCUSDT,119559086,97222.08,1.75917,2026-03-20 05:26:28.702,True,171030.1664736
trade,ETHUSDT,111432674,3494.25,0.283394,2026-03-20 05:26:29.019,False,990.2494844999999
trade,BTCUSDT,119559087,97404.88,1.944008,2026-03-20 05:26:31.247,True,189355.86595904
trade,ETHUSDT,111432675,3502.51,0.011194,2026-03-20 05:26:32.966,False,39.20709694000001
trade,ETHUSDT,111432676,3492.1,0.016498,2026-03-20 05:26:34.693,False,57.612665799999995
trade,ETHUSDT,111432677,3498.93,1.234739,2026-03-20 05:26:34.814,False,4320.26532927
trade,BTCUSDT,119559088,96558.33,1.326421,2026-03-20 05:26:36.109,False,128076.99663693001
trade,ETHUSDT,111432678,3483.81,0.300776,2026-03-20 05:26:36.966,True,1047.84643656
trade,BTCUSDT,119559089,97399.85,1.947627,2026-03-20 05:26:38.219,True,189698.57765595
trade,BTCUSDT,119559090,97247.03,0.394614,2026-03-20 05:26:39.878,True,38375.03949642
trade,BTCUSDT,119559091,97298.53,0.533026,2026-03-20 05:26:40.177,False,51862.64625178
trade,BTCUSDT,119559092,96542.59,0.946206,2026-03-20 05:26:40.749,False,91349.17791354
trade,BTCUSDT,119559093,96752.54,1.995559,2026-03-20 05:26:41.378,True,193075.40196986
trade,ETHUSDT,111432679,3505.82,0.861107,2026-03-20 05:26:41.920,False,3018.88614274
trade,BTCUSDT,119559094,96517.25,1.947341,2026-03-20 05:26:43.419,True,187951.99813225
trade,ETHUSDT,111432680,3505.82,0.753827,2026-03-20 05:26:44.096,False,2642.78177314
trade,BTCUSDT,119559095,97269.24,1.840508,2026-03-20 05:26:45.702,True,179024.81437392
trade,BTCUSDT,119559096,96577.65,0.808472,2026-03-20 05:26:45.836,False,78080.32585079999
trade,BTCUSDT,119559097,97161.09,1.824357,2026-03-20 05:26:46.078,True,177256.51466913
trade,ETHUSDT,111432681,3487.01,0.846208,2026-03-20 05:26:46.868,True,2950.73575808
trade,BTCUSDT,119559098,96967.38,0.957896,2026-03-20 05:26:48.942,False,92884.66543248
trade,BTCUSDT,119559099,96917.79,0.742684,2026-03-20 05:26:49.214,True,71979.29194836
trade,ETHUSDT,111432682,3513.72,0.502428,2026-03-20 05:26:49.791,False,1765.3913121599999
trade,BTCUSDT,119559100,96861.98,0.608315,2026-03-20 05:26:51.580,True,58922.595363700006
trade,ETHUSDT,111432683,3513.51,1.457847,2026-03-20 05:26:51.965,False,5122.16001297
trade,BTCUSDT,119559101,97261.75,0.3704,2026-03-20 05:26:53.146,True,36025.7522
trade,BTCUSDT,119559102,96558.17,0.382775,2026-03-20 05:26:54.628,True,36960.05352175
trade,ETHUSDT,111432684,3511.16,0.572133,2026-03-20 05:26:56.135,False,2008.85050428
trade,ETHUSDT,111432685,3484.45,1.863828,2026-03-20 05:26:56.461,False,6494.4154745999995
trade,BTCUSDT,119559103,97058.87,1.524828,2026-03-20 05:26:56.542,True,147998.08262436
trade,BTCUSDT,119559104,97205.2,1.137644,2026-03-20 05:26:58.431,True,110584.91254880001
trade,BTCUSDT,119559105,96985.16,0.222749,2026-03-20 05:26:58.755,False,21603.347404840002
trade,ETHUSDT,111432686,3495.77,0.11971,2026-03-20 05:27:00.150,True,418.4786267
trade,BTCUSDT,119559106,97306.88,1.504932,2026-03-20 05:27:02.212,False,146440.23753216
trade,ETHUSDT,111432687,3497.66,1.466408,2026-03-20 05:27:03.155,False,5128.996605279999
trade,BTCUSDT,119559107,96635.11,0.087614,2026-03-20 05:27:06.447,True,8466.58852754
trade,ETHUSDT,111432688,3509.4,0.686687,2026-03-20 05:27:06.582,False,2409.8593578000005
trade,BTCUSDT,119559108,97211.56,0.524711,2026-03-20 05:27:07.341,True,51007.97485916
trade,ETHUSDT,111432689,3482.68,1.285225,2026-03-20 05:27:07.794,True,4476.027403
trade,ETHUSDT,111432690,3510.28,1.517948,2026-03-20 05:27:09.849,True,5328.42250544
trade,ETHUSDT,111432691,3494.97,1.635008,2026-03-20 05:27:10.750,True,5714.303909759999
trade,BTCUSDT,119559109,97373.52,1.108421,2026-03-20 05:27:11.889,False,107930.85441192001
trade,ETHUSDT,111432692,3511.17,0.716624,2026-03-20 05:27:13.491,False,2516.18869008
trade,BTCUSDT,119559110,97181.08,0.129666,2026-03-20 05:27:16.571,True,12601.08191928
trade,ETHUSDT,111432693,3506.99,0.395055,2026-03-20 05:27:16.767,True,1385.45393445
trade,ETHUSDT,111432694,3515.9,1.11103,2026-03-20 05:27:17.371,False,3906.270377
trade,BTCUSDT,119559111,97189.91,0.619035,2026-03-20 05:27:18.187,True,60163.955936850005
trade,ETHUSDT,111432695,3494.38,0.516149,2026-03-20 05:27:19.086,True,1803.6207426199999
trade,BTCUSDT,119559112,96603.34,1.181329,2026-03-20 05:27:19.160,False,114120.32703886
trade,ETHUSDT,111432696,3491.92,0.083158,2026-03-20 05:27:22.706,True,290.38108336
trade,ETHUSDT,111432697,3515.82,0.537916,2026-03-20 05:27:22.836,True,1891.2158311199998
trade,BTCUSDT,119559113,96720.42,0.484174,2026-03-20 05:27:23.370,True,46829.51263308
trade,BTCUSDT,119559114,96586.07,1.067528,2026-03-20 05:27:26.249,False,103108.33413496001
trade,BTCUSDT,119559115,97195.83,0.588713,2026-03-20 05:27:26.721,False,57220.448666790006
trade,ETHUSDT,111432698,3510.17,0.828402,2026-03-20 05:27:27.387,True,2907.83184834
trade,ETHUSDT,111432699,3515.28,1.061657,2026-03-20 05:27:28.215,True,3732.0216189600005
trade,ETHUSDT,111432700,3513.1,1.553456,2026-03-20 05:27:30.478,True,5457.4462736
trade,ETHUSDT,111432701,3484.21,1.415516,2026-03-20 05:27:31.383,False,4931.95500236
trade,BTCUSDT,119559116,96759.8,0.723709,2026-03-20 05:27:31.626,False,70025.9380982
trade,BTCUSDT,119559117,96941.93,0.091784,2026-03-20 05:27:33.375,False,8897.71810312
trade,ETHUSDT,111432702,3486.1,1.470021,2026-03-20 05:27:35.291,False,5124.6402081
trade,BTCUSDT,119559118,96778.8,0.715625,2026-03-20 05:27:37.403,False,69257.32875
trade,ETHUSDT,111432703,3497.32,0.134481,2026-03-20 05:27:37.798,True,470.32309091999997
trade,ETHUSDT,111432704,3503.75,0.309818,2026-03-20 05:27:38.361,True,1085.5248175
trade,BTCUSDT,119559119,96748.73,1.928468,2026-03-20 05:27:38.486,True,186576.82984564
trade,ETHUSDT,111432705,3513.87,0.549629,2026-03-20 05:27:40.651,True,1931.32485423
trade,BTCUSDT,119559120,96924.03,1.838414,2026-03-20 05:27:42.235,False,178186.49368841999
trade,BTCUSDT,119559121,96783.84,0.803167,2026-03-20 05:27:44.049,True,77733.58642128
trade,ETHUSDT,111432706,3499.83,1.924529,2026-03-20 05:27:44.945,False,6735.524330069999
trade,ETHUSDT,111432707,3485.28,1.405363,2026-03-20 05:27:47.325,False,4898.08355664
trade,BTCUSDT,119559122,97320.46,1.885703,2026-03-20 05:27:48.042,True,183517.48338338
trade,ETHUSDT,111432708,3498.06,1.986731,2026-03-20 05:27:49.296,True,6949.70424186
trade,ETHUSDT,111432709,3492.19,1.346788,2026-03-20 05:27:49.788,False,4703.239585720001
trade,BTCUSDT,119559123,97404.93,1.827439,2026-03-20 05:27:52.246,False,178001.56787427
trade,ETHUSDT,111432710,3505.91,0.435169,2026-03-20 05:27:52.846,True,1525.6633487899999
trade,BTCUSDT,119559124,96647.74,0.180693,2026-03-20 05:27:54.954,False,17463.57008382
trade,ETHUSDT,111432711,3504.89,0.128236,2026-03-20 05:27:55.996,False,449.45307403999993
trade,BTCUSDT,119559125,97060.55,1.167968,2026-03-20 05:27:59.081,True,113363.6164624
trade,ETHUSDT,111432712,3502.68,0.470541,2026-03-20 05:28:00.095,False,1648.1545498799999
trade,ETHUSDT,111432713,3483.02,0.82409,2026-03-20 05:28:00.618,False,2870.3219518
trade,BTCUSDT,119559126,97346.78,1.924725,2026-03-20 05:28:02.273,False,187365.7811355
trade,ETHUSDT,111432714,3486.45,1.059785,2026-03-20 05:28:04.297,True,3694.8874132499996
trade,BTCUSDT,119559127,96961.45,1.38471,2026-03-20 05:28:05.603,False,134263.4894295
trade,ETHUSDT,111432715,3507.0,1.963093,2026-03-20 05:28:07.839,False,6884.567151
trade,BTCUSDT,119559128,97012.16,1.083211,2026-03-20 05:28:09.283,False,105084.63884576
trade,ETHUSDT,111432716,3485.97,1.737119,2026-03-20 05:28:10.124,False,6055.54472043
trade,BTCUSDT,119559129,96583.89,0.795185,2026-03-20 05:28:10.696,False,76802.06056965
trade,ETHUSDT,111432717,3512.08,0.942326,2026-03-20 05:28:11.602,True,3309.52429808
trade,ETHUSDT,111432718,3488.61,0.862229,2026-03-20 05:28:11.986,True,3007.98071169
trade,ETHUSDT,111432719,3484.78,0.639087,2026-03-20 05:28:12.532,True,2227.07759586
trade,ETHUSDT,111432720,3502.33,1.624815,2026-03-20 05:28:13.583,True,5690.638318949999
trade,ETHUSDT,111432721,3495.8,1.120367,2026-03-20 05:28:13.858,False,3916.5789585999996
trade,BTCUSDT,119559130,96632.76,1.309262,2026-03-20 05:28:14.136,False,126517.60062311999
trade,BTCUSDT,119559131,97006.69,1.439911,2026-03-20 05:28:15.583,False,139681.00000459
trade,ETHUSDT,111432722,3492.74,0.307875,2026-03-20 05:28:17.113,True,1075.3273275
trade,BTCUSDT,119559132,97435.31,0.283927,2026-03-20 05:28:18.432,True,27664.515262369998
trade,ETHUSDT,111432723,3483.63,1.913775,2026-03-20 05:28:19.475,True,6666.88400325
trade,BTCUSDT,119559133,97440.36,1.317312,2026-03-20 05:28:20.951,False,128359.35551232
trade,BTCUSDT,119559134,97462.1,0.481001,2026-03-20 05:28:22.206,True,46879.36756210001
trade,ETHUSDT,111432724,3494.53,1.804339,2026-03-20 05:28:24.045,True,6305.31676567
trade,BTCUSDT,119559135,96965.18,0.224332,2026-03-20 05:28:26.766,True,21752.392759759998
trade,ETHUSDT,111432725,3507.92,1.26925,2026-03-20 05:28:27.135,False,4452.42746
trade,ETHUSDT,111432726,3502.88,1.521832,2026-03-20 05:28:27.605,True,5330.79487616
trade,BTCUSDT,119559136,97215.39,0.645975,2026-03-20 05:28:28.161,True,62798.711555249996
trade,BTCUSDT,119559137,97135.96,1.345131,2026-03-20 05:28:30.437,False,130660.59101076002
trade,ETHUSDT,111432727,3504.46,1.43937,2026-03-20 05:28:31.728,False,5044.2145902
trade,ETHUSDT,111432728,3505.29,1.273977,2026-03-20 05:28:32.861,False,4465.6588383299995
trade,BTCUSDT,119559138,97138.47,0.498501,2026-03-20 05:28:35.359,False,48423.62443347
trade,ETHUSDT,111432729,3501.95,0.926204,2026-03-20 05:28:35.675,False,3243.5200978
trade,BTCUSDT,119559139,97277.68,1.071412,2026-03-20 05:28:36.117,True,104224.47368416
trade,BTCUSDT,119559140,96669.32,0.171921,2026-03-20 05:28:36.236,True,16619.48616372
trade,ETHUSDT,111432730,3489.61,0.421709,2026-03-20 05:28:39.219,True,1471.59994349
trade,BTCUSDT,119559141,96898.98,0.434318,2026-03-20 05:28:40.890,False,42084.97119564
trade,ETHUSDT,111432731,3501.17,1.093463,2026-03-20 05:28:43.998,False,3828.3998517100003
trade,BTCUSDT,119559142,96969.14,0.547746,2026-03-20 05:28:44.521,True,53114.45855844
trade,ETHUSDT,111432732,3498.13,1.604047,2026-03-20 05:28:45.263,False,5611.16493211
trade,BTCUSDT,119559143,96765.61,1.89777,2026-03-20 05:28:49.165,True,183638.8716897
trade,ETHUSDT,111432733,3486.45,0.834164,2026-03-20 05:28:49.533,True,2908.2710778
trade,BTCUSDT,119559144,96884.67,1.191,2026-03-20 05:28:51.745,False,115389.64197
trade,ETHUSDT,111432734,3515.15,1.051126,2026-03-20 05:28:52.231,True,3694.8655589
trade,ETHUSDT,111432735,3504.75,0.520144,2026-03-20 05:28:55.974,False,1822.9746840000003
trade,BTCUSDT,119559145,96792.1,0.227388,2026-03-20 05:28:56.543,False,22009.3620348
trade,ETHUSDT,111432736,3484.93,0.392486,2026-03-20 05:29:00.038,True,1367.78623598
trade,BTCUSDT,119559146,96715.44,1.430025,2026-03-20 05:29:00.825,False,138305.49708600002
trade,ETHUSDT,111432737,3515.06,1.425495,2026-03-20 05:29:02.098,True,5010.7004547
trade,BTCUSDT,119559147,97214.72,1.354054,2026-03-20 05:29:04.050,True,131633.98047488002
trade,BTCUSDT,119559148,96704.63,1.742009,2026-03-20 05:29:04.490,False,168460.33580167
trade,ETHUSDT,111432738,3490.72,1.954721,2026-03-20 05:29:05.342,True,6823.383689119999
trade,ETHUSDT,111432739,3515.71,1.672013,2026-03-20 05:29:06.394,True,5878.31282423
trade,ETHUSDT,111432740,3487.48,0.237561,2026-03-20 05:29:06.748,False,828.48923628
trade,BTCUSDT,119559149,96724.5,0.618187,2026-03-20 05:29:07.443,True,59793.8284815
trade,ETHUSDT,111432741,3494.2,1.548728,2026-03-20 05:29:09.226,False,5411.5653776
trade,BTCUSDT,119559150,96840.19,1.612959,2026-03-20 05:29:09.575,False,156199.25602221
trade,BTCUSDT,119559151,96912.48,1.931967,2026-03-20 05:29:12.901,True,187231.71324816
trade,ETHUSDT,111432742,3509.3,1.271198,2026-03-20 05:29:14.165,True,4461.0151414
trade,BTCUSDT,119559152,97378.85,1.791082,2026-03-20 05:29:14.860,True,174413.50541570003
trade,BTCUSDT,119559153,96707.63,0.024421,2026-03-20 05:29:17.064,False,2361.6970322300003
trade,ETHUSDT,111432743,3496.01,0.661915,2026-03-20 05:29:19.002,False,2314.0614591500002
trade,BTCUSDT,119559154,96529.89,0.66641,2026-03-20 05:29:19.039,False,64328.483994899994
trade,ETHUSDT,111432744,3490.68,0.187577,2026-03-20 05:29:20.895,True,654.77128236
trade,BTCUSDT,119559155,97209.65,0.927748,2026-03-20 05:29:22.901,True,90186.0583682
trade,ETHUSDT,111432745,3483.58,0.267295,2026-03-20 05:29:23.942,True,931.1435160999999
trade,BTCUSDT,119559156,96600.87,1.32801,2026-03-20 05:29:25.914,True,128286.92136869999
trade,ETHUSDT,111432746,3486.29,1.420034,2026-03-20 05:29:26.942,True,4950.65033386
trade,BTCUSDT,119559157,97453.55,0.009309,2026-03-20 05:29:27.602,True,907.19509695
trade,ETHUSDT,111432747,3497.61,0.14713,2026-03-20 05:29:28.400,True,514.6033593000001
trade,ETHUSDT,111432748,3487.7,0.958537,2026-03-20 05:29:29.918,True,3343.0894949
trade,BTCUSDT,119559158,96570.36,1.340614,2026-03-20 05:29:31.186,True,129463.57660104
trade,BTCUSDT,119559159,97294.07,1.355765,2026-03-20 05:29:34.062,False,131907.89481355002
trade,ETHUSDT,111432749,3489.57,0.921173,2026-03-20 05:29:34.425,True,3214.4976656100002
trade,BTCUSDT,119559160,96744.91,0.765365,2026-03-20 05:29:34.555,True,74045.16804215
trade,ETHUSDT,111432750,3503.87,1.620654,2026-03-20 05:29:35.010,False,5678.56093098
trade,BTCUSDT,119559161,97319.75,0.613853,2026-03-20 05:29:36.788,False,59740.020496749996
trade,ETHUSDT,111432751,3517.13,1.631357,2026-03-20 05:29:36.948,True,5737.69464541
trade,BTCUSDT,119559162,96739.82,0.88128,2026-03-20 05:29:39.504,False,85254.8685696
trade,BTCUSDT,119559163,97301.4,0.904609,2026-03-20 05:29:40.054,False,88019.72215259999
trade,ETHUSDT,111432752,3483.2,1.558483,2026-03-20 05:29:41.660,False,5428.5079856
trade,BTCUSDT,119559164,97109.95,0.893255,2026-03-20 05:29:41.709,False,86743.94838725
trade,BTCUSDT,119559165,96666.47,1.643618,2026-03-20 05:29:41.858,True,158882.75008846002
trade,BTCUSDT,119559166,97466.82,1.071465,2026-03-20 05:29:44.107,False,104432.2862913
trade,ETHUSDT,111432753,3512.11,0.483422,2026-03-20 05:29:45.707,True,1697.83124042
trade,BTCUSDT,119559167,96808.37,0.906236,2026-03-20 05:29:46.226,False,87731.22999532
trade,BTCUSDT,119559168,96659.56,1.168607,2026-03-20 05:29:47.570,False,112957.03843291999
trade,ETHUSDT,111432754,3486.43,1.66351,2026-03-20 05:29:49.681,False,5799.7111693
trade,BTCUSDT,119559169,97040.7,0.795392,2026-03-20 05:29:49.685,True,77185.39645439999
trade,ETHUSDT,111432755,3511.51,0.21314,2026-03-20 05:29:49.809,False,748.4432414
trade,ETHUSDT,111432756,3498.58,0.557428,2026-03-20 05:29:50.931,False,1950.20645224
trade,BTCUSDT,119559170,97225.11,1.497923,2026-03-20 05:29:51.759,True,145635.72844653
trade,ETHUSDT,111432757,3512.93,0.506133,2026-03-20 05:29:53.612,True,1778.0097996900001
trade,ETHUSDT,111432758,3499.32,0.214907,2026-03-20 05:29:54.651,True,752.02836324
trade,BTCUSDT,119559171,96887.16,0.744226,2026-03-20 05:29:55.386,False,72105.94353816
trade,BTCUSDT,119559172,96615.64,1.761538,2026-03-20 05:29:56.591,False,170192.12125432
trade,BTCUSDT,119559173,96766.1,1.266556,2026-03-20 05:29:59.084,True,122559.6845516
trade,ETHUSDT,111432759,3508.19,0.98296,2026-03-20 05:29:59.092,False,3448.4104423999997
trade,ETHUSDT,111432760,3506.9,1.680788,2026-03-20 05:30:00.553,False,5894.3554372
trade,ETHUSDT,111432761,3501.0,0.670169,2026-03-20 05:30:01.794,False,2346.261669
trade,BTCUSDT,119559174,96730.11,1.037274,2026-03-20 05:30:02.779,False,100335.62812014
trade,ETHUSDT,111432762,3515.28,1.829105,2026-03-20 05:30:03.549,False,6429.8162244000005
trade,ETHUSDT,111432763,3508.81,0.453437,2026-03-20 05:30:03.770,True,1591.02427997
trade,BTCUSDT,119559175,96529.2,0.686513,2026-03-20 05:30:04.469,True,66268.5506796
trade,BTCUSDT,119559176,97480.07,0.983993,2026-03-20 05:30:05.228,False,95919.70651951
trade,ETHUSDT,111432764,3513.7,0.739094,2026-03-20 05:30:05.999,False,2596.9545878
trade,BTCUSDT,119559177,97152.2,0.802055,2026-03-20 05:30:06.574,False,77921.407771
trade,ETHUSDT,111432765,3499.18,1.877482,2026-03-20 05:30:06.950,True,6569.64746476
trade,BTCUSDT,119559178,97269.9,0.776759,2026-03-20 05:30:08.863,False,75555.27025409999
trade,BTCUSDT,119559179,96605.71,1.46716,2026-03-20 05:30:10.914,True,141736.0334836
trade,ETHUSDT,111432766,3510.35,1.954074,2026-03-20 05:30:11.884,True,6859.4836659
trade,ETHUSDT,111432767,3494.32,1.476244,2026-03-20 05:30:12.772,True,5158.46893408
trade,BTCUSDT,119559180,96959.61,1.424963,2026-03-20 05:30:13.563,False,138163.85674443
trade,BTCUSDT,119559181,97178.23,0.91521,2026-03-20 05:30:15.303,False,88938.48787829999
trade,ETHUSDT,111432768,3500.01,0.236218,2026-03-20 05:30:17.054,True,826.7653621800001
trade,BTCUSDT,119559182,96653.86,0.070122,2026-03-20 05:30:17.649,True,6777.56197092
trade,ETHUSDT,111432769,3507.21,1.032235,2026-03-20 05:30:19.650,False,3620.2649143500003
trade,BTCUSDT,119559183,97067.01,0.051768,2026-03-20 05:30:21.700,True,5024.96497368
trade,BTCUSDT,119559184,96930.08,0.462377,2026-03-20 05:30:21.884,False,44818.23960016
trade,ETHUSDT,111432770,3516.09,0.228102,2026-03-20 05:30:23.631,False,802.02716118
trade,BTCUSDT,119559185,96920.16,0.286562,2026-03-20 05:30:23.958,True,27773.63488992
trade,ETHUSDT,111432771,3491.79,1.924277,2026-03-20 05:30:24.072,False,6719.17118583
trade,BTCUSDT,119559186,97383.92,0.21603,2026-03-20 05:30:26.778,True,21037.8482376
trade,ETHUSDT,111432772,3483.37,0.359266,2026-03-20 05:30:28.678,False,1251.45640642
trade,BTCUSDT,119559187,96767.47,1.262531,2026-03-20 05:30:29.092,False,122171.93066657001
trade,ETHUSDT,111432773,3491.84,1.783255,2026-03-20 05:30:29.661,False,6226.841139200001
trade,BTCUSDT,119559188,96592.13,1.726987,2026-03-20 05:30:33.385,True,166813.35281231
trade,ETHUSDT,111432774,3488.26,0.514638,2026-03-20 05:30:34.103,False,1795.1911498800002
trade,ETHUSDT,111432775,3513.14,1.161928,2026-03-20 05:30:37.156,False,4082.01573392
trade,BTCUSDT,119559189,97068.92,1.758703,2026-03-20 05:30:37.170,False,170715.40081075998
trade,ETHUSDT,111432776,3513.84,1.322259,2026-03-20 05:30:38.354,True,4646.2065645600005
trade,BTCUSDT,119559190,96931.55,0.454576,2026-03-20 05:30:42.152,False,44062.7562728
trade,BTCUSDT,119559191,97268.69,1.118654,2026-03-20 05:30:42.498,False,108810.00914326
trade,ETHUSDT,111432777,3499.43,0.019638,2026-03-20 05:30:42.577,False,68.72180634
trade,ETHUSDT,111432778,3513.02,0.809905,2026-03-20 05:30:44.715,True,2845.2124631
trade,BTCUSDT,119559192,97407.18,0.55465,2026-03-20 05:30:44.787,False,54026.89238699999
trade,ETHUSDT,111432779,3514.9,1.308437,2026-03-20 05:30:45.322,True,4599.025211300001
trade,BTCUSDT,119559193,96744.59,0.460466,2026-03-20 05:30:45.555,False,44547.59437894
trade,BTCUSDT,119559194,96721.93,0.704324,2026-03-20 05:30:45.732,True,68123.57662531998
trade,BTCUSDT,119559195,96995.26,1.773336,2026-03-20 05:30:45.894,False,172005.18638735998
trade,ETHUSDT,111432780,3502.89,1.804438,2026-03-20 05:30:45.988,True,6320.74782582
trade,BTCUSDT,119559196,97371.23,1.401424,2026-03-20 05:30:46.390,False,136458.37863152
trade,BTCUSDT,119559197,96954.95,0.317477,2026-03-20 05:30:48.181,True,30780.96666115
trade,ETHUSDT,111432781,3505.36,0.544767,2026-03-20 05:30:50.361,False,1909.60445112
trade,ETHUSDT,111432782,3507.95,1.094116,2026-03-20 05:30:51.703,False,3838.1042222
trade,BTCUSDT,119559198,97184.35,1.418315,2026-03-20 05:30:52.751,True,137838.02137025
trade,ETHUSDT,111432783,3489.15,1.279055,2026-03-20 05:30:55.413,True,4462.814753250001
trade,ETHUSDT,111432784,3487.04,1.850476,2026-03-20 05:30:57.009,True,6452.68383104
trade,BTCUSDT,119559199,96760.83,0.171325,2026-03-20 05:30:57.667,True,16577.54919975
trade,BTCUSDT,119559200,96759.2,1.21403,2026-03-20 05:31:00.216,True,117468.57157599999
trade,ETHUSDT,111432785,3511.28,0.436382,2026-03-20 05:31:00.421,False,1532.25938896
trade,ETHUSDT,111432786,3491.19,0.025057,2026-03-20 05:31:00.690,True,87.47874783
trade,BTCUSDT,119559201,97175.42,1.796911,2026-03-20 05:31:01.130,False,174615.58112761998
trade,ETHUSDT,111432787,3515.22,0.668262,2026-03-20 05:31:01.660,False,2349.08794764
trade,ETHUSDT,111432788,3514.77,1.133032,2026-03-20 05:31:04.953,True,3982.3468826400003
trade,BTCUSDT,119559202,96793.98,0.074048,2026-03-20 05:31:05.283,True,7167.40063104
trade,BTCUSDT,119559203,96532.86,0.40169,2026-03-20 05:31:05.897,False,38776.2845334
trade,BTCUSDT,119559204,97004.6,0.754513,2026-03-20 05:31:07.471,False,73191.23175980001
trade,BTCUSDT,119559205,97010.01,1.018814,2026-03-20 05:31:09.512,True,98835.15632814
trade,ETHUSDT,111432789,3497.25,0.859273,2026-03-20 05:31:09.592,True,3005.09249925
trade,BTCUSDT,119559206,96575.03,1.278773,2026-03-20 05:31:09.869,False,123497.54083818999
trade,ETHUSDT,111432790,3511.34,1.566144,2026-03-20 05:31:12.958,True,5499.26407296
trade,BTCUSDT,119559207,96846.8,1.456775,2026-03-20 05:31:13.081,False,141083.99706999998
trade,BTCUSDT,119559208,97154.33,1.20147,2026-03-20 05:31:13.897,False,116728.01286510001
trade,BTCUSDT,119559209,97258.1,0.735051,2026-03-20 05:31:17.399,False,71489.6636631
trade,ETHUSDT,111432791,3511.65,1.940493,2026-03-20 05:31:17.481,True,6814.3322434500005
trade,BTCUSDT,119559210,96568.05,0.861054,2026-03-20 05:31:19.282,True,83150.3057247
trade,ETHUSDT,111432792,3499.55,1.929155,2026-03-20 05:31:20.978,False,6751.1743802500005
trade,BTCUSDT,119559211,96738.77,1.144901,2026-03-20 05:31:22.645,True,110756.31451177
trade,ETHUSDT,111432793,3491.65,1.490824,2026-03-20 05:31:23.091,True,5205.4356196
trade,BTCUSDT,119559212,96542.24,0.945572,2026-03-20 05:31:23.507,False,91287.63896128
trade,BTCUSDT,119559213,97392.71,0.552138,2026-03-20 05:31:25.374,True,53774.21611398001
trade,ETHUSDT,111432794,3497.63,1.450728,2026-03-20 05:31:26.049,False,5074.10977464
trade,ETHUSDT,111432795,3494.52,0.548064,2026-03-20 05:31:27.560,False,1915.22060928
trade,ETHUSDT,111432796,3516.96,1.512322,2026-03-20 05:31:27.799,False,5318.775981119999
trade,BTCUSDT,119559214,97349.19,0.975665,2026-03-20 05:31:30.121,False,94980.19746135
trade,ETHUSDT,111432797,3483.25,0.352242,2026-03-20 05:31:31.018,False,1226.9469465
trade,BTCUSDT,119559215,96840.24,0.45713,2026-03-20 05:31:34.520,True,44268.5789112
trade,ETHUSDT,111432798,3507.73,0.133027,2026-03-20 05:31:34.981,False,466.62279871000004
trade,ETHUSDT,111432799,3483.8,0.982314,2026-03-20 05:31:36.632,True,3422.1855132
trade,BTCUSDT,119559216,96879.77,1.052318,2026-03-20 05:31:37.266,False,101948.32580686001
trade,ETHUSDT,111432800,3501.35,0.787536,2026-03-20 05:31:37.445,True,2757.4391736
trade,ETHUSDT,111432801,3512.62,1.247196,2026-03-20 05:31:38.968,True,4380.925613519999
trade,BTCUSDT,119559217,97067.67,0.564998,2026-03-20 05:31:39.390,True,54843.03941466
trade,ETHUSDT,111432802,3494.15,1.272237,2026-03-20 05:31:40.440,False,4445.38691355
trade,BTCUSDT,119559218,96631.4,1.653391,2026-03-20 05:31:44.155,True,159769.4870774
trade,ETHUSDT,111432803,3487.11,1.103262,2026-03-20 05:31:44.239,True,3847.19595282
trade,ETHUSDT,111432804,3499.77,0.104137,2026-03-20 05:31:46.949,True,364.45554848999996
trade,BTCUSDT,119559219,96892.99,1.550692,2026-03-20 05:31:47.923,True,150251.18444908
trade,ETHUSDT,111432805,3516.76,1.65215,2026-03-20 05:31:48.356,False,5810.215034000001
trade,BTCUSDT,119559220,97387.99,0.076307,2026-03-20 05:31:50.208,False,7431.38535293
trade,ETHUSDT,111432806,3509.53,1.90051,2026-03-20 05:31:52.097,True,6669.8968603
trade,BTCUSDT,119559221,96966.51,0.987229,2026-03-20 05:31:53.841,False,95728.15070078999
trade,ETHUSDT,111432807,3490.07,0.582272,2026-03-20 05:31:55.847,True,2032.1700390400001
trade,BTCUSDT,119559222,97170.41,0.55628,2026-03-20 05:31:56.840,False,54053.9556748
trade,ETHUSDT,111432808,3500.14,0.279021,2026-03-20 05:31:58.786,False,976.61256294
trade,BTCUSDT,119559223,96948.5,0.654818,2026-03-20 05:32:01.765,True,63483.622873
trade,ETHUSDT,111432809,3504.35,1.906814,2026-03-20 05:32:02.016,True,6682.1436409
trade,ETHUSDT,111432810,3497.97,1.468327,2026-03-20 05:32:02.802,True,5136.16379619
trade,BTCUSDT,119559224,96567.7,1.787413,2026-03-20 05:32:03.049,True,172606.3623601
trade,ETHUSDT,111432811,3484.9,1.641607,2026-03-20 05:32:05.463,True,5720.8362343
trade,BTCUSDT,119559225,97247.49,1.604583,2026-03-20 05:32:06.046,False,156041.66924667
trade,BTCUSDT,119559226,96568.71,0.350817,2026-03-20 05:32:09.213,True,33877.945136070004
trade,ETHUSDT,111432812,3485.08,1.093497,2026-03-20 05:32:10.389,False,3810.9245247599997
trade,BTCUSDT,119559227,97040.73,1.711788,2026-03-20 05:32:12.689,True,166113.15712524
trade,ETHUSDT,111432813,3494.55,0.385851,2026-03-20 05:32:14.132,False,1348.37561205
trade,BTCUSDT,119559228,96791.45,1.509506,2026-03-20 05:32:14.401,False,146107.2745237
trade,BTCUSDT,119559229,97119.02,1.66584,2026-03-20 05:32:15.061,False,161784.7482768
trade,ETHUSDT,111432814,3490.85,0.2558,2026-03-20 05:32:17.085,False,892.9594300000001
trade,BTCUSDT,119559230,97461.22,0.399491,2026-03-20 05:32:17.836,True,38934.88023902
trade,ETHUSDT,111432815,3517.08,1.819312,2026-03-20 05:32:19.998,False,6398.66584896
trade,BTCUSDT,119559231,96798.9,1.228558,2026-03-20 05:32:22.146,False,118923.06298619999
trade,ETHUSDT,111432816,3515.41,1.343789,2026-03-20 05:32:23.458,True,4723.96928849
trade,BTCUSDT,119559232,97268.77,1.151765,2026-03-20 05:32:24.814,False,112030.76487905
trade,ETHUSDT,111432817,3505.71,1.403983,2026-03-20 05:32:26.031,False,4921.95724293
trade,BTCUSDT,119559233,97121.42,1.589193,2026-03-20 05:32:27.844,True,154344.68081406
trade,ETHUSDT,111432818,3484.92,1.113531,2026-03-20 05:32:29.048,True,3880.5664525200004
trade,ETHUSDT,111432819,3493.2,1.394025,2026-03-20 05:32:31.412,True,4869.60813
trade,BTCUSDT,119559234,96897.8,0.890692,2026-03-20 05:32:32.008,True,86306.0952776
trade,BTCUSDT,119559235,96559.17,1.608651,2026-03-20 05:32:34.549,True,155330.00537967
trade,ETHUSDT,111432820,3500.48,0.192925,2026-03-20 05:32:35.971,True,675.330104
trade,BTCUSDT,119559236,96618.45,0.82399,2026-03-20 05:32:39.130,True,79612.6366155
trade,BTCUSDT,119559237,96998.12,0.212136,2026-03-20 05:32:39.846,True,20576.79318432
trade,ETHUSDT,111432821,3497.45,0.330943,2026-03-20 05:32:40.088,False,1157.4565953499998
trade,BTCUSDT,119559238,97476.34,0.214316,2026-03-20 05:32:40.123,True,20890.73928344
trade,BTCUSDT,119559239,96554.99,0.135976,2026-03-20 05:32:42.375,False,13129.161320240002
trade,ETHUSDT,111432822,3493.96,1.469197,2026-03-20 05:32:44.765,False,5133.315550120001
trade,BTCUSDT,119559240,96787.32,1.749963,2026-03-20 05:32:45.605,True,169374.22886916
trade,ETHUSDT,111432823,3488.68,0.360878,2026-03-20 05:32:47.156,False,1258.9878610399999
trade,BTCUSDT,119559241,97395.21,1.086052,2026-03-20 05:32:47.345,True,105776.26261092
trade,ETHUSDT,111432824,3497.66,1.24379,2026-03-20 05:32:48.224,False,4350.354531399999
trade,BTCUSDT,119559242,97045.7,1.292127,2026-03-20 05:32:50.545,True,125395.3692039
trade,ETHUSDT,111432825,3495.51,1.143623,2026-03-20 05:32:51.019,False,3997.5456327300003
trade,BTCUSDT,119559243,97043.83,0.98137,2026-03-20 05:32:55.162,True,95235.9034471
trade,ETHUSDT,111432826,3504.39,0.911315,2026-03-20 05:32:55.717,False,3193.6031728499997
trade,BTCUSDT,119559244,97432.23,1.21945,2026-03-20 05:32:56.379,True,118813.73287349999
trade,BTCUSDT,119559245,96967.54,1.375398,2026-03-20 05:32:57.122,True,133368.96058092
trade,ETHUSDT,111432827,3501.03,1.285553,2026-03-20 05:32:58.565,False,4500.7596195900005
trade,BTCUSDT,119559246,97378.86,1.332739,2026-03-20 05:32:58.834,True,129780.60449753999
trade,ETHUSDT,111432828,3482.86,0.054632,2026-03-20 05:33:01.579,False,190.27560752
trade,BTCUSDT,119559247,96978.27,0.391203,2026-03-20 05:33:02.708,False,37938.19015881
trade,ETHUSDT,111432829,3494.88,1.703433,2026-03-20 05:33:06.137,True,5953.29392304
trade,BTCUSDT,119559248,96876.49,1.610466,2026-03-20 05:33:06.505,False,156016.29334434
trade,ETHUSDT,111432830,3482.59,0.22439,2026-03-20 05:33:09.937,False,781.4583701
trade,BTCUSDT,119559249,96920.71,1.194934,2026-03-20 05:33:10.713,False,115813.85168314
trade,ETHUSDT,111432831,3492.33,1.308801,2026-03-20 05:33:13.144,False,4570.76499633
trade,BTCUSDT,119559250,96988.21,1.443038,2026-03-20 05:33:13.667,False,139957.67258198
trade,ETHUSDT,111432832,3494.78,1.774508,2026-03-20 05:33:15.240,True,6201.51506824
trade,ETHUSDT,111432833,3499.55,1.839855,2026-03-20 05:33:16.363,True,6438.66456525
trade,BTCUSDT,119559251,96717.19,1.076305,2026-03-20 05:33:16.498,True,104097.19518295
trade,ETHUSDT,111432834,3488.97,0.226437,2026-03-20 05:33:17.018,False,790.03189989
trade,ETHUSDT,111432835,3489.79,0.575436,2026-03-20 05:33:19.322,False,2008.1507984399998
trade,ETHUSDT,111432836,3493.92,1.065543,2026-03-20 05:33:20.350,True,3722.92199856
trade,BTCUSDT,119559252,96738.15,1.851131,2026-03-20 05:33:20.984,True,179074.98834765
trade,BTCUSDT,119559253,96874.01,1.570601,2026-03-20 05:33:22.717,False,152150.41698001
trade,BTCUSDT,119559254,96552.0,1.477891,2026-03-20 05:33:24.663,True,142693.331832
trade,BTCUSDT,119559255,96960.55,1.136454,2026-03-20 05:33:24.924,False,110191.2048897
trade,ETHUSDT,111432837,3503.45,1.519219,2026-03-20 05:33:25.074,True,5322.50780555
trade,BTCUSDT,119559256,97339.12,1.001147,2026-03-20 05:33:25.384,False,97450.76797064
trade,ETHUSDT,111432838,3510.21,0.953952,2026-03-20 05:33:25.950,True,3348.57184992
trade,ETHUSDT,111432839,3510.18,1.291385,2026-03-20 05:33:27.919,True,4532.993799299999
trade,BTCUSDT,119559257,97137.11,1.512924,2026-03-20 05:33:28.158,True,146961.06500964
trade,BTCUSDT,119559258,97321.02,0.094745,2026-03-20 05:33:29.119,False,9220.6800399
trade,ETHUSDT,111432840,3492.08,0.778887,2026-03-20 05:33:30.144,True,2719.93571496
trade,ETHUSDT,111432841,3517.3,0.451007,2026-03-20 05:33:30.708,False,1586.3269211000002
trade,BTCUSDT,119559259,96831.91,1.799768,2026-03-20 05:33:31.643,True,174274.97299688
trade,BTCUSDT,119559260,97329.35,1.317412,2026-03-20 05:33:32.871,False,128222.8536422
trade,ETHUSDT,111432842,3486.03,0.030926,2026-03-20 05:33:32.896,False,107.80896378
trade,ETHUSDT,111432843,3515.3,0.689109,2026-03-20 05:33:34.045,True,2422.4248677
trade,BTCUSDT,119559261,96644.7,1.794815,2026-03-20 05:33:36.767,True,173459.3572305
trade,ETHUSDT,111432844,3508.2,1.507866,2026-03-20 05:33:36.994,True,5289.8955012
trade,BTCUSDT,119559262,96965.74,0.945941,2026-03-20 05:33:39.171,False,91723.86906134001
trade,ETHUSDT,111432845,3482.75,0.173381,2026-03-20 05:33:40.355,True,603.84267775
trade,ETHUSDT,111432846,3490.15,1.611121,2026-03-20 05:33:41.358,False,5623.053958150001
trade,BTCUSDT,119559263,97322.77,1.528098,2026-03-20 05:33:42.631,True,148718.73019146
trade,ETHUSDT,111432847,3505.5,0.933612,2026-03-20 05:33:43.375,False,3272.776866
trade,ETHUSDT,111432848,3515.97,0.374791,2026-03-20 05:33:45.409,False,1317.7539122699998
trade,BTCUSDT,119559264,97301.43,0.485805,2026-03-20 05:33:46.911,True,47269.52120115
trade,BTCUSDT,119559265,97279.29,1.874818,2026-03-20 05:33:48.754,True,182380.96391922
trade,ETHUSDT,111432849,3513.32,1.994323,2026-03-20 05:33:49.865,True,7006.6948823600005
trade,BTCUSDT,119559266,97109.09,1.478595,2026-03-20 05:33:53.467,False,143585.01492855
trade,ETHUSDT,111432850,3503.67,0.524063,2026-03-20 05:33:53.871,True,1836.1438112099997
trade,ETHUSDT,111432851,3516.73,0.0567,2026-03-20 05:33:55.170,False,199.398591
trade,BTCUSDT,119559267,96916.62,1.355833,2026-03-20 05:33:56.138,True,131402.75164446
trade,BTCUSDT,119559268,97191.64,0.945903,2026-03-20 05:33:58.443,False,91933.86385092001
trade,ETHUSDT,111432852,3504.64,1.884407,2026-03-20 05:33:59.513,True,6604.168148479999
trade,BTCUSDT,119559269,96695.94,1.86029,2026-03-20 05:34:00.294,False,179882.4902226
trade,BTCUSDT,119559270,97134.34,0.209809,2026-03-20 05:34:00.859,True,20379.65874106
trade,BTCUSDT,119559271,96657.38,1.538229,2026-03-20 05:34:01.793,False,148681.18498002
trade,BTCUSDT,119559272,97419.02,1.397207,2026-03-20 05:34:03.382,True,136114.53667714001
trade,ETHUSDT,111432853,3485.34,1.230946,2026-03-20 05:34:04.078,True,4290.26533164
trade,BTCUSDT,119559273,97454.11,0.451156,2026-03-20 05:34:04.742,True,43967.00645116
trade,ETHUSDT,111432854,3484.59,0.292126,2026-03-20 05:34:06.862,False,1017.9393383400001
trade,ETHUSDT,111432855,3485.85,1.642561,2026-03-20 05:34:07.995,True,5725.72126185
trade,BTCUSDT,119559274,97104.36,0.865214,2026-03-20 05:34:08.612,True,84016.05173304
trade,BTCUSDT,119559275,97349.46,0.535952,2026-03-20 05:34:09.017,True,52174.63778592
trade,ETHUSDT,111432856,3496.98,0.567369,2026-03-20 05:34:09.324,True,1984.07804562
trade,BTCUSDT,119559276,96857.65,1.183971,2026-03-20 05:34:13.274,False,114676.64872815
trade,ETHUSDT,111432857,3511.86,0.633095,2026-03-20 05:34:14.098,False,2223.3410067
trade,ETHUSDT,111432858,3494.48,1.138186,2026-03-20 05:34:14.840,True,3977.36821328
trade,BTCUSDT,119559277,97278.36,0.510251,2026-03-20 05:34:15.642,True,49636.38046836
trade,ETHUSDT,111432859,3508.18,0.204139,2026-03-20 05:34:16.364,False,716.15635702
trade,BTCUSDT,119559278,97317.77,1.937138,2026-03-20 05:34:17.442,True,188517.95034226
trade,ETHUSDT,111432860,3509.84,0.368367,2026-03-20 05:34:21.127,True,1292.90923128
trade,BTCUSDT,119559279,97412.99,1.765064,2026-03-20 05:34:21.509,True,171940.16178136002
trade,ETHUSDT,111432861,3498.12,0.322536,2026-03-20 05:34:24.831,True,1128.26963232
trade,BTCUSDT,119559280,96546.09,0.910821,2026-03-20 05:34:25.428,True,87936.20623989
trade,ETHUSDT,111432862,3514.55,1.080815,2026-03-20 05:34:28.793,False,3798.5783582500003
trade,ETHUSDT,111432863,3495.07,0.434502,2026-03-20 05:34:30.098,False,1518.61490514
trade,BTCUSDT,119559281,97015.26,0.110015,2026-03-20 05:34:30.124,True,10673.1338289
trade,BTCUSDT,119559282,97129.74,1.825916,2026-03-20 05:34:31.874,True,177350.74634184001
trade,BTCUSDT,119559283,97438.14,0.127058,2026-03-20 05:34:31.988,False,12380.29519212
trade,BTCUSDT,119559284,96882.71,1.882645,2026-03-20 05:34:33.482,True,182395.74956795
trade,ETHUSDT,111432864,3507.28,0.500812,2026-03-20 05:34:34.951,True,1756.4879113600002
trade,BTCUSDT,119559285,96869.25,1.312091,2026-03-20 05:34:36.322,False,127101.27110175
trade,ETHUSDT,111432865,3488.94,0.722972,2026-03-20 05:34:39.938,False,2522.4059296799996
trade,ETHUSDT,111432866,3496.83,1.822707,2026-03-20 05:34:40.901,True,6373.69651881
trade,BTCUSDT,119559286,96951.31,1.025983,2026-03-20 05:34:41.051,True,99470.39588773
trade,ETHUSDT,111432867,3504.14,1.460105,2026-03-20 05:34:42.055,False,5116.4123346999995
trade,BTCUSDT,119559287,96667.85,1.738426,2026-03-20 05:34:42.116,True,168049.9038041
trade,ETHUSDT,111432868,3486.67,1.707051,2026-03-20 05:34:44.210,False,5951.923510170001
trade,ETHUSDT,111432869,3509.56,1.467921,2026-03-20 05:34:45.679,False,5151.75682476
trade,BTCUSDT,119559288,97106.79,1.497827,2026-03-20 05:34:46.530,False,145449.17194533
trade,ETHUSDT,111432870,3505.75,0.996393,2026-03-20 05:34:47.410,True,3493.10475975
trade,ETHUSDT,111432871,3510.75,1.904028,2026-03-20 05:34:48.657,False,6684.566301
trade,BTCUSDT,119559289,96873.56,1.946992,2026-03-20 05:34:49.417,False,188612.04633152
trade,BTCUSDT,119559290,96526.84,1.007583,2026-03-20 05:34:52.267,False,97258.80302771999
trade,BTCUSDT,119559291,97337.85,1.148236,2026-03-20 05:34:53.074,False,111766.82353260001
trade,ETHUSDT,111432872,3508.55,0.548129,2026-03-20 05:34:53.576,True,1923.13800295
trade,ETHUSDT,111432873,3511.72,1.944194,2026-03-20 05:34:54.770,False,6827.46495368
trade,ETHUSDT,111432874,3499.77,0.530915,2026-03-20 05:34:55.759,True,1858.08038955
trade,ETHUSDT,111432875,3502.65,1.290813,2026-03-20 05:34:57.528,True,4521.26615445
trade,ETHUSDT,111432876,3510.38,1.016552,2026-03-20 05:34:57.907,True,3568.48380976
trade,BTCUSDT,119559292,96745.26,1.666326,2026-03-20 05:34:58.071,False,161209.14211475998
trade,BTCUSDT,119559293,97082.0,0.137203,2026-03-20 05:34:59.484,True,13319.941646
trade,BTCUSDT,119559294,96622.85,1.952364,2026-03-20 05:35:01.952,True,188642.9739174
trade,ETHUSDT,111432877,3501.12,0.372249,2026-03-20 05:35:02.788,True,1303.2884188799999
trade,BTCUSDT,119559295,96868.06,1.947849,2026-03-20 05:35:05.729,True,188684.35380294
trade,BTCUSDT,119559296,96800.95,0.779587,2026-03-20 05:35:05.885,False,75464.76220765
trade,ETHUSDT,111432878,3509.27,0.52805,2026-03-20 05:35:06.773,True,1853.0700235000002
trade,BTCUSDT,119559297,96743.27,0.037226,2026-03-20 05:35:09.507,True,3601.3649690200004
trade,ETHUSDT,111432879,3513.35,0.731216,2026-03-20 05:35:10.060,False,2569.0177335999997
trade,BTCUSDT,119559298,96637.34,0.30259,2026-03-20 05:35:13.157,True,29241.492710600003
trade,ETHUSDT,111432880,3515.83,0.065749,2026-03-20 05:35:14.275,True,231.16230667
trade,BTCUSDT,119559299,97014.83,1.540625,2026-03-20 05:35:17.966,True,149463.47246875
trade,ETHUSDT,111432881,3499.79,1.479522,2026-03-20 05:35:19.175,False,5178.01630038
trade,ETHUSDT,111432882,3510.8,0.352974,2026-03-20 05:35:20.303,False,1239.2211192000002
trade,BTCUSDT,119559300,96640.42,0.410478,2026-03-20 05:35:20.572,True,39668.76632076
trade,BTCUSDT,119559301,97427.56,0.978712,2026-03-20 05:35:21.689,False,95353.52210272
trade,ETHUSDT,111432883,3514.72,1.091684,2026-03-20 05:35:24.472,True,3836.96358848
trade,ETHUSDT,111432884,3503.91,1.875449,2026-03-20 05:35:25.843,False,6571.40450559
trade,BTCUSDT,119559302,96864.55,0.046124,2026-03-20 05:35:26.155,True,4467.7805042
trade,ETHUSDT,111432885,3485.19,0.020274,2026-03-20 05:35:28.804,False,70.65874206000001
trade,BTCUSDT,119559303,97082.04,1.999885,2026-03-20 05:35:29.900,True,194152.91556539998
trade,ETHUSDT,111432886,3500.87,0.664567,2026-03-20 05:35:30.043,False,2326.56267329
trade,ETHUSDT,111432887,3491.11,1.843211,2026-03-20 05:35:30.817,False,6434.85235421
trade,ETHUSDT,111432888,3504.39,0.512075,2026-03-20 05:35:31.321,False,1794.5105092499998
trade,ETHUSDT,111432889,3489.57,0.08649,2026-03-20 05:35:33.223,True,301.8129093
trade,BTCUSDT,119559304,97016.2,1.151065,2026-03-20 05:35:34.843,False,111671.952253
trade,ETHUSDT,111432890,3497.13,1.80093,2026-03-20 05:35:37.577,True,6298.0863309
trade,BTCUSDT,119559305,96657.52,0.570548,2026-03-20 05:35:38.852,True,55147.75472096001
trade,ETHUSDT,111432891,3499.5,0.123371,2026-03-20 05:35:39.052,True,431.7368145
trade,ETHUSDT,111432892,3505.88,0.671752,2026-03-20 05:35:40.604,True,2355.08190176
trade,ETHUSDT,111432893,3503.94,1.096057,2026-03-20 05:35:43.521,True,3840.5179645800004
trade,BTCUSDT,119559306,96664.58,0.306078,2026-03-20 05:35:43.722,False,29586.90131724
trade,BTCUSDT,119559307,97461.93,0.555078,2026-03-20 05:35:45.880,True,54098.97318053999
trade,ETHUSDT,111432894,3515.36,1.001266,2026-03-20 05:35:47.482,False,3519.81044576
trade,BTCUSDT,119559308,97148.22,1.204964,2026-03-20 05:35:47.921,False,117060.10776407999
trade,ETHUSDT,111432895,3513.89,0.512848,2026-03-20 05:35:48.868,False,1802.0914587199998
trade,BTCUSDT,119559309,97218.39,1.236423,2026-03-20 05:35:52.280,False,120203.05341897
trade,ETHUSDT,111432896,3501.1,0.754924,2026-03-20 05:35:53.221,False,2643.0644164
trade,ETHUSDT,111432897,3486.96,0.32601,2026-03-20 05:35:54.042,True,1136.7838296
trade,ETHUSDT,111432898,3502.99,1.822904,2026-03-20 05:35:54.208,False,6385.61448296
trade,BTCUSDT,119559310,97269.87,1.757302,2026-03-20 05:35:55.234,True,170932.53709074
trade,BTCUSDT,119559311,96676.54,1.616108,2026-03-20 05:35:55.424,True,156239.72970632
trade,ETHUSDT,111432899,3497.28,0.003821,2026-03-20 05:35:56.107,False,13.363106880000002
trade,BTCUSDT,119559312,97462.0,0.301061,2026-03-20 05:35:58.869,False,29342.007182
trade,ETHUSDT,111432900,3512.29,0.929374,2026-03-20 05:35:59.769,True,3264.23100646
trade,BTCUSDT,119559313,96583.2,1.889907,2026-03-20 05:36:00.951,True,182533.2657624
trade,BTCUSDT,119559314,97165.56,0.502809,2026-03-20 05:36:01.372,True,48855.718058039995
trade,ETHUSDT,111432901,3514.85,0.468335,2026-03-20 05:36:01.598,True,1646.12727475
trade,BTCUSDT,119559315,97328.94,1.793337,2026-03-20 05:36:03.353,True,174543.58927278
trade,ETHUSDT,111432902,3508.12,0.571425,2026-03-20 05:36:03.894,False,2004.6274709999998
trade,ETHUSDT,111432903,3493.46,0.081667,2026-03-20 05:36:03.998,False,285.30039782
trade,BTCUSDT,119559316,96689.83,1.014367,2026-03-20 05:36:06.436,False,98078.97278761001
trade,ETHUSDT,111432904,3485.03,0.026891,2026-03-20 05:36:08.347,True,93.71594173000001
trade,BTCUSDT,119559317,96730.69,1.134457,2026-03-20 05:36:09.427,True,109736.80838533
trade,ETHUSDT,111432905,3500.92,0.367002,2026-03-20 05:36:10.195,False,1284.8446418400001
trade,ETHUSDT,111432906,3510.63,1.165336,2026-03-20 05:36:13.466,True,4091.0635216799997
trade,BTCUSDT,119559318,97077.95,1.757358,2026-03-20 05:36:14.319,True,170600.7120561
trade,BTCUSDT,119559319,97069.95,0.777367,2026-03-20 05:36:15.230,False,75458.97582165
trade,ETHUSDT,111432907,3490.09,0.738658,2026-03-20 05:36:16.218,True,2577.98289922
trade,ETHUSDT,111432908,3493.99,1.356881,2026-03-20 05:36:17.260,True,4740.92864519
trade,BTCUSDT,119559320,96778.38,1.805979,2026-03-20 05:36:19.587,True,174779.72193402
trade,ETHUSDT,111432909,3483.03,1.651858,2026-03-20 05:36:21.854,True,5753.47096974
trade,BTCUSDT,119559321,96773.23,1.702905,2026-03-20 05:36:24.052,True,164795.61723314997
trade,ETHUSDT,111432910,3505.79,1.13623,2026-03-20 05:36:26.793,True,3983.3837717
trade,ETHUSDT,111432911,3502.09,0.686358,2026-03-20 05:36:27.170,True,2403.68748822
trade,BTCUSDT,119559322,97204.51,1.567081,2026-03-20 05:36:28.132,False,152327.34073531
trade,BTCUSDT,119559323,97371.45,1.301076,2026-03-20 05:36:29.356,True,126687.65668019999
trade,BTCUSDT,119559324,96801.5,1.72748,2026-03-20 05:36:31.611,False,167222.65522
trade,ETHUSDT,111432912,3482.68,0.962338,2026-03-20 05:36:31.996,False,3351.51530584
trade,ETHUSDT,111432913,3494.14,0.663161,2026-03-20 05:36:32.371,True,2317.17737654
trade,BTCUSDT,119559325,96716.61,0.154446,2026-03-20 05:36:34.238,True,14937.49354806
trade,ETHUSDT,111432914,3509.11,0.754947,2026-03-20 05:36:35.728,False,2649.1920671700004
trade,BTCUSDT,119559326,97142.38,1.569104,2026-03-20 05:36:37.869,True,152426.49702752
trade,BTCUSDT,119559327,96516.93,0.64051,2026-03-20 05:36:38.472,False,61820.0588343
trade,ETHUSDT,111432915,3506.85,0.346313,2026-03-20 05:36:40.477,False,1214.46774405
trade,BTCUSDT,119559328,96788.31,1.469378,2026-03-20 05:36:41.208,True,142218.61337118
trade,BTCUSDT,119559329,97146.68,0.252725,2026-03-20 05:36:42.644,True,24551.394702999994
trade,ETHUSDT,111432916,3495.72,1.186047,2026-03-20 05:36:42.680,True,4146.08821884
trade,BTCUSDT,119559330,96522.51,0.5271,2026-03-20 05:36:43.097,False,50877.015021
trade,ETHUSDT,111432917,3503.11,0.356291,2026-03-20 05:36:43.391,True,1248.1265650100001
trade,BTCUSDT,119559331,96859.11,1.343632,2026-03-20 05:36:45.075,True,130142.99968752
trade,ETHUSDT,111432918,3497.96,0.891984,2026-03-20 05:36:45.144,True,3120.12435264
trade,BTCUSDT,119559332,96633.65,1.089018,2026-03-20 05:36:45.470,False,105235.7842557
trade,BTCUSDT,119559333,97328.56,1.168861,2026-03-20 05:36:45.865,True,113763.55797015999
trade,ETHUSDT,111432919,3491.34,1.417012,2026-03-20 05:36:46.396,False,4947.27067608
trade,ETHUSDT,111432920,3508.15,1.311209,2026-03-20 05:36:49.976,True,4599.917853350001
trade,BTCUSDT,119559334,97427.03,0.22853,2026-03-20 05:36:50.853,False,22264.9991659
trade,BTCUSDT,119559335,96663.75,1.431823,2026-03-20 05:36:52.893,False,138405.38051625
trade,ETHUSDT,111432921,3485.42,1.162245,2026-03-20 05:36:52.929,False,4050.9119679
trade,BTCUSDT,119559336,96620.04,0.562873,2026-03-20 05:36:53.628,True,54384.811774919996
trade,BTCUSDT,119559337,96524.79,1.606502,2026-03-20 05:36:55.402,False,155067.26818458
trade,ETHUSDT,111432922,3506.89,0.863638,2026-03-20 05:36:56.439,False,3028.68346582
trade,ETHUSDT,111432923,3514.4,1.368678,2026-03-20 05:36:57.481,True,4810.0819632
trade,ETHUSDT,111432924,3513.23,1.399999,2026-03-20 05:36:58.808,True,4918.51848677
trade,ETHUSDT,111432925,3483.48,0.808538,2026-03-20 05:36:59.138,True,2816.52595224
trade,BTCUSDT,119559338,96884.34,0.447339,2026-03-20 05:36:59.265,False,43340.143771259995
trade,BTCUSDT,119559339,96656.67,1.129023,2026-03-20 05:37:00.906,False,109127.60353341
trade,BTCUSDT,119559340,97083.42,1.18732,2026-03-20 05:37:03.930,False,115269.08623439999
trade,ETHUSDT,111432926,3511.44,0.111739,2026-03-20 05:37:04.122,True,392.36479416000003
trade,BTCUSDT,119559341,96984.88,1.794668,2026-03-20 05:37:05.018,True,174055.66061984
trade,BTCUSDT,119559342,97441.64,0.167924,2026-03-20 05:37:05.978,False,16362.789955359998
trade,BTCUSDT,119559343,96535.62,0.986691,2026-03-20 05:37:07.667,False,95250.82743342
trade,ETHUSDT,111432927,3498.28,1.212448,2026-03-20 05:37:08.011,True,4241.48258944
trade,ETHUSDT,111432928,3511.18,0.628161,2026-03-20 05:37:08.542,True,2205.5863399799996
trade,BTCUSDT,119559344,97108.1,1.589363,2026-03-20 05:37:09.779,False,154340.02114030003
trade,ETHUSDT,111432929,3482.73,1.674427,2026-03-20 05:37:13.133,False,5831.57714571
trade,BTCUSDT,119559345,97346.52,0.757163,2026-03-20 05:37:14.191,False,73707.18312276
trade,BTCUSDT,119559346,96735.1,0.579353,2026-03-20 05:37:15.182,True,56043.77039030001
trade,ETHUSDT,111432930,3492.06,1.255703,2026-03-20 05:37:16.662,False,4384.99021818
trade,BTCUSDT,119559347,97100.04,0.002896,2026-03-20 05:37:18.798,False,281.20171584
trade,ETHUSDT,111432931,3485.68,0.705449,2026-03-20 05:37:19.193,False,2458.96947032
trade,BTCUSDT,119559348,97331.77,1.529969,2026-03-20 05:37:20.106,True,148914.59081513
trade,ETHUSDT,111432932,3509.21,1.228762,2026-03-20 05:37:20.559,False,4311.983898019999
trade,BTCUSDT,119559349,97477.07,0.997774,2026-03-20 05:37:22.150,True,97260.08604218002
trade,ETHUSDT,111432933,3505.61,1.433244,2026-03-20 05:37:23.192,True,5024.39449884
trade,ETHUSDT,111432934,3482.76,1.719695,2026-03-20 05:37:24.953,True,5989.2849582
trade,BTCUSDT,119559350,96993.38,1.419202,2026-03-20 05:37:26.830,False,137653.19888276
trade,BTCUSDT,119559351,97008.87,1.55642,2026-03-20 05:37:29.631,True,150986.54544539997
trade,BTCUSDT,119559352,97136.35,1.237738,2026-03-20 05:37:29.873,True,120229.3515763
trade,ETHUSDT,111432935,3512.26,0.660492,2026-03-20 05:37:29.899,True,2319.81963192
trade,ETHUSDT,111432936,3504.97,1.501993,2026-03-20 05:37:30.026,False,5264.440405209999
trade,ETHUSDT,111432937,3517.03,1.748279,2026-03-20 05:37:31.262,True,6148.74969137
trade,BTCUSDT,119559353,97039.78,1.888849,2026-03-20 05:37:34.126,True,183293.49141322
trade,ETHUSDT,111432938,3512.75,1.904302,2026-03-20 05:37:34.757,False,6689.3368505
trade,ETHUSDT,111432939,3507.68,1.795597,2026-03-20 05:37:35.390,True,6298.37968496
trade,ETHUSDT,111432940,3505.77,0.760117,2026-03-20 05:37:36.828,True,2664.79537509
trade,BTCUSDT,119559354,97296.54,0.63896,2026-03-20 05:37:37.476,True,62168.59719839999
trade,BTCUSDT,119559355,97348.81,1.812603,2026-03-20 05:37:38.475,True,176454.74505243
trade,ETHUSDT,111432941,3508.1,1.003239,2026-03-20 05:37:39.765,False,3519.4627359
trade,BTCUSDT,119559356,96640.89,0.011185,2026-03-20 05:37:41.302,False,1080.92835465
trade,BTCUSDT,119559357,97370.77,1.186169,2026-03-20 05:37:42.337,True,115498.18888013001
trade,BTCUSDT,119559358,96919.62,1.848869,2026-03-20 05:37:43.572,False,179191.68090978
trade,ETHUSDT,111432942,3506.89,0.984074,2026-03-20 05:37:44.177,True,3451.03926986
trade,ETHUSDT,111432943,3510.89,0.55695,2026-03-20 05:37:47.059,True,1955.3901854999997
trade,ETHUSDT,111432944,3516.84,1.021268,2026-03-20 05:37:47.325,True,3591.6361531200005
trade,BTCUSDT,119559359,96578.52,1.333003,2026-03-20 05:37:48.015,False,128739.45689556
trade,BTCUSDT,119559360,96737.44,0.99613,2026-03-20 05:37:51.915,True,96363.0661072
trade,ETHUSDT,111432945,3498.85,1.02173,2026-03-20 05:37:52.232,True,3574.8800105
trade,ETHUSDT,111432946,3496.43,1.91653,2026-03-20 05:37:54.329,True,6701.0129879
trade,BTCUSDT,119559361,96536.81,0.384614,2026-03-20 05:37:55.526,False,37129.40864134
trade,BTCUSDT,119559362,96990.09,1.084066,2026-03-20 05:37:58.272,True,105143.65890594
trade,ETHUSDT,111432947,3486.47,0.693826,2026-03-20 05:37:58.811,True,2419.00353422
trade,BTCUSDT,119559363,96656.72,1.702311,2026-03-20 05:37:58.954,False,164539.79767991998
trade,BTCUSDT,119559364,96777.75,1.01202,2026-03-20 05:38:00.914,False,97941.01855499999
trade,ETHUSDT,111432948,3495.43,1.298526,2026-03-20 05:38:02.241,True,4538.90673618
trade,BTCUSDT,119559365,96519.42,1.306331,2026-03-20 05:38:03.393,True,126086.31044801998
trade,ETHUSDT,111432949,3515.3,1.005875,2026-03-20 05:38:05.793,False,3535.9523875000004
trade,BTCUSDT,119559366,97210.97,0.271142,2026-03-20 05:38:06.016,False,26357.97682774
trade,ETHUSDT,111432950,3490.36,0.384353,2026-03-20 05:38:07.113,True,1341.53033708
trade,BTCUSDT,119559367,96691.61,0.135181,2026-03-20 05:38:07.916,True,13070.86853141
trade,ETHUSDT,111432951,3515.48,1.9556,2026-03-20 05:38:08.131,True,6874.872688
trade,BTCUSDT,119559368,96553.67,0.598958,2026-03-20 05:38:08.626,True,57831.59307586
trade,ETHUSDT,111432952,3510.45,0.60172,2026-03-20 05:38:09.438,True,2112.307974
trade,ETHUSDT,111432953,3491.6,0.938022,2026-03-20 05:38:10.872,False,3275.1976152
trade,ETHUSDT,111432954,3488.16,1.345362,2026-03-20 05:38:11.334,False,4692.83791392
trade,ETHUSDT,111432955,3493.36,1.291351,2026-03-20 05:38:11.510,False,4511.15392936
trade,ETHUSDT,111432956,3492.41,0.140562,2026-03-20 05:38:12.158,False,490.90013442
trade,BTCUSDT,119559369,97038.41,1.951678,2026-03-20 05:38:12.602,True,189387.72995198
trade,BTCUSDT,119559370,97475.56,0.566086,2026-03-20 05:38:13.625,False,55179.54985816
trade,ETHUSDT,111432957,3497.1,1.489697,2026-03-20 05:38:14.230,True,5209.6193787
trade,ETHUSDT,111432958,3494.17,1.88629,2026-03-20 05:38:16.409,True,6591.0179293
trade,BTCUSDT,119559371,96570.33,0.306874,2026-03-20 05:38:17.554,True,29634.92344842
trade,BTCUSDT,119559372,97411.98,0.593189,2026-03-20 05:38:18.593,False,57783.715004219994
trade,ETHUSDT,111432959,3491.9,1.72526,2026-03-20 05:38:19.756,True,6024.435394
trade,BTCUSDT,119559373,96751.13,1.612036,2026-03-20 05:38:21.252,False,155966.30460068
trade,BTCUSDT,119559374,96764.69,1.856141,2026-03-20 05:38:22.605,False,179608.90846129
trade,ETHUSDT,111432960,3487.6,1.081206,2026-03-20 05:38:24.490,False,3770.8140455999996
trade,BTCUSDT,119559375,96714.82,0.152014,2026-03-20 05:38:27.546,False,14702.006647480002
trade,BTCUSDT,119559376,97110.94,1.17279,2026-03-20 05:38:28.767,True,113890.7393226
trade,ETHUSDT,111432961,3496.87,0.744294,2026-03-20 05:38:28.798,True,2602.69935978
trade,BTCUSDT,119559377,97107.45,1.461189,2026-03-20 05:38:31.560,False,141892.33775805
trade,ETHUSDT,111432962,3501.47,0.091405,2026-03-20 05:38:33.252,False,320.05186534999996
trade,ETHUSDT,111432963,3501.79,0.595589,2026-03-20 05:38:33.455,False,2085.62760431
trade,BTCUSDT,119559378,96908.08,1.187925,2026-03-20 05:38:33.622,True,115119.530934
trade,ETHUSDT,111432964,3495.15,1.328963,2026-03-20 05:38:35.762,True,4644.92502945
trade,BTCUSDT,119559379,96949.45,1.626447,2026-03-20 05:38:36.725,True,157683.14210415
trade,ETHUSDT,111432965,3504.61,1.124929,2026-03-20 05:38:40.419,False,3942.4374226900004
trade,BTCUSDT,119559380,96947.85,0.527634,2026-03-20 05:38:41.134,True,51152.98188690001
trade,ETHUSDT,111432966,3503.3,1.770772,2026-03-20 05:38:42.479,True,6203.545547600001
trade,BTCUSDT,119559381,97391.52,0.103443,2026-03-20 05:38:45.453,True,10074.47100336
trade,BTCUSDT,119559382,97180.37,0.760016,2026-03-20 05:38:45.841,True,73858.63608591999
trade,ETHUSDT,111432967,3490.81,1.672597,2026-03-20 05:38:46.946,True,5838.718333569999
trade,BTCUSDT,119559383,96837.92,1.127716,2026-03-20 05:38:47.928,False,109205.67179071999
trade,ETHUSDT,111432968,3490.03,0.144081,2026-03-20 05:38:49.038,True,502.84701243
trade,BTCUSDT,119559384,97042.76,1.371749,2026-03-20 05:38:49.462,True,133118.30898724002
trade,BTCUSDT,119559385,96832.86,1.958894,2026-03-20 05:38:51.705,False,189685.30845684
trade,ETHUSDT,111432969,3504.95,1.515375,2026-03-20 05:38:52.387,False,5311.31360625
trade,ETHUSDT,111432970,3517.13,0.326425,2026-03-20 05:38:54.775,True,1148.07916025
trade,BTCUSDT,119559386,96649.55,1.37153,2026-03-20 05:38:55.457,False,132557.7573115
trade,ETHUSDT,111432971,3506.6,1.671379,2026-03-20 05:38:56.250,True,5860.8576014
trade,ETHUSDT,111432972,3507.59,0.373008,2026-03-20 05:38:58.210,True,1308.3591307200002
trade,BTCUSDT,119559387,97396.01,0.895068,2026-03-20 05:38:59.313,False,87176.05187868
trade,ETHUSDT,111432973,3482.85,1.787153,2026-03-20 05:38:59.614,False,6224.38582605
trade,ETHUSDT,111432974,3507.83,1.661323,2026-03-20 05:39:00.642,False,5827.63865909
trade,ETHUSDT,111432975,3509.9,1.334075,2026-03-20 05:39:03.073,False,4682.4698425
trade,BTCUSDT,119559388,96781.79,0.205923,2026-03-20 05:39:03.687,False,19929.59654217
trade,ETHUSDT,111432976,3515.91,0.138744,2026-03-20 05:39:03.753,True,487.81141704
trade,BTCUSDT,119559389,96984.18,1.826433,2026-03-20 05:39:04.438,True,177135.10682994
trade,ETHUSDT,111432977,3497.37,1.186763,2026-03-20 05:39:08.085,False,4150.54931331
trade,BTCUSDT,119559390,96805.66,0.16349,2026-03-20 05:39:08.169,False,15826.7573534
trade,BTCUSDT,119559391,96955.46,1.753078,2026-03-20 05:39:09.273,True,169970.48390588
trade,BTCUSDT,119559392,96711.39,0.126011,2026-03-20 05:39:09.816,False,12186.698965290001
trade,ETHUSDT,111432978,3514.5,0.418059,2026-03-20 05:39:11.942,True,1469.2683555
trade,BTCUSDT,119559393,97079.82,0.028929,2026-03-20 05:39:13.764,True,2808.42211278
trade,ETHUSDT,111432979,3484.94,1.559201,2026-03-20 05:39:15.006,False,5433.72193294
trade,BTCUSDT,119559394,96783.43,0.089909,2026-03-20 05:39:15.534,False,8701.70140787
trade,ETHUSDT,111432980,3511.57,0.377495,2026-03-20 05:39:15.655,True,1325.6001171500002
trade,ETHUSDT,111432981,3489.25,1.074236,2026-03-20 05:39:19.468,True,3748.277963
trade,BTCUSDT,119559395,96826.52,1.721282,2026-03-20 05:39:19.494,False,166665.74599864
trade,ETHUSDT,111432982,3504.93,1.279354,2026-03-20 05:39:20.839,False,4484.04621522
trade,BTCUSDT,119559396,97292.54,0.452173,2026-03-20 05:39:24.443,True,43993.05968942
trade,BTCUSDT,119559397,96620.59,1.735309,2026-03-20 05:39:24.730,True,167666.57941231
trade,ETHUSDT,111432983,3514.38,1.616685,2026-03-20 05:39:25.096,True,5681.6454303
trade,BTCUSDT,119559398,97114.58,0.537785,2026-03-20 05:39:28.735,False,52226.7644053
trade,ETHUSDT,111432984,3486.52,1.40574,2026-03-20 05:39:29.179,True,4901.1406248
trade,ETHUSDT,111432985,3509.68,1.13331,2026-03-20 05:39:30.440,False,3977.5554408
trade,ETHUSDT,111432986,3497.37,0.405815,2026-03-20 05:39:32.121,False,1419.2852065499999
trade,ETHUSDT,111432987,3509.58,1.022851,2026-03-20 05:39:32.926,False,3589.7774125799997
trade,BTCUSDT,119559399,97347.07,1.384182,2026-03-20 05:39:32.966,False,134746.06204674
trade,BTCUSDT,119559400,97374.21,0.563422,2026-03-20 05:39:33.069,True,54862.77214662
trade,BTCUSDT,119559401,96912.63,1.012859,2026-03-20 05:39:35.602,False,98158.82950917
trade,ETHUSDT,111432988,3494.15,1.258469,2026-03-20 05:39:37.754,False,4397.27945635
trade,BTCUSDT,119559402,96612.83,0.27399,2026-03-20 05:39:39.309,True,26470.949291700003
trade,ETHUSDT,111432989,3514.5,0.916285,2026-03-20 05:39:41.125,False,3220.2836325
trade,BTCUSDT,119559403,97179.71,0.689791,2026-03-20 05:39:43.100,True,67033.68934061001
trade,ETHUSDT,111432990,3500.9,0.923799,2026-03-20 05:39:44.752,True,3234.1279191000003
trade,BTCUSDT,119559404,96901.42,0.479417,2026-03-20 05:39:47.985,False,46456.188072139994
trade,BTCUSDT,119559405,96536.87,0.585368,2026-03-20 05:39:49.342,False,56509.59451816
trade,ETHUSDT,111432991,3516.35,1.150586,2026-03-20 05:39:49.348,True,4045.8630811000003
trade,ETHUSDT,111432992,3494.54,1.936505,2026-03-20 05:39:50.119,True,6767.1941827
trade,ETHUSDT,111432993,3488.83,0.51981,2026-03-20 05:39:50.459,False,1813.5287223
trade,BTCUSDT,119559406,96599.25,1.623536,2026-03-20 05:39:51.762,True,156832.359948
trade,ETHUSDT,111432994,3499.17,1.64575,2026-03-20 05:39:54.572,False,5758.7590275
trade,ETHUSDT,111432995,3515.26,0.632407,2026-03-20 05:39:54.930,False,2223.0750308200004
trade,BTCUSDT,119559407,96571.28,1.711539,2026-03-20 05:39:55.859,False,165285.51199991998
trade,BTCUSDT,119559408,97343.68,1.384906,2026-03-20 05:39:57.666,False,134811.84649407997
trade,ETHUSDT,111432996,3506.66,0.518111,2026-03-20 05:39:58.161,True,1816.83911926
trade,BTCUSDT,119559409,96589.53,1.439078,2026-03-20 05:39:58.497,True,138999.86765334
trade,BTCUSDT,119559410,96522.96,0.232629,2026-03-20 05:39:59.882,False,22454.03966184
trade,BTCUSDT,119559411,97257.75,0.293764,2026-03-20 05:40:00.228,False,28570.825671000002
trade,BTCUSDT,119559412,96831.96,0.741287,2026-03-20 05:40:01.654,False,71780.27313252001
trade,ETHUSDT,111432997,3491.32,1.693785,2026-03-20 05:40:02.291,True,5913.545446200001
trade,BTCUSDT,119559413,96855.21,1.155429,2026-03-20 05:40:02.355,True,111909.31843509001
trade,BTCUSDT,119559414,96803.48,0.671653,2026-03-20 05:40:02.709,False,65018.34775243999
trade,BTCUSDT,119559415,97374.99,1.344979,2026-03-20 05:40:03.155,False,130967.31667521
trade,ETHUSDT,111432998,3493.84,0.355362,2026-03-20 05:40:06.483,True,1241.5779700800001
trade,BTCUSDT,119559416,96599.18,0.668997,2026-03-20 05:40:07.428,False,64624.561622459994
trade,ETHUSDT,111432999,3492.92,1.118343,2026-03-20 05:40:08.730,False,3906.2826315600005
trade,BTCUSDT,119559417,97065.42,0.983294,2026-03-20 05:40:09.376,True,95443.84509347999
trade,BTCUSDT,119559418,97273.38,1.998241,2026-03-20 05:40:09.934,True,194375.65612458
trade,BTCUSDT,119559419,97107.46,1.178114,2026-03-20 05:40:11.363,True,114403.65813044002
trade,BTCUSDT,119559420,97348.53,0.708391,2026-03-20 05:40:11.972,False,68960.82251523
trade,ETHUSDT,111433000,3484.91,0.330178,2026-03-20 05:40:13.718,True,1150.6406139800001
trade,BTCUSDT,119559421,96737.97,1.128098,2026-03-20 05:40:14.335,False,109129.91048106001
trade,ETHUSDT,111433001,3506.74,1.690835,2026-03-20 05:40:16.489,True,5929.3187279
trade,BTCUSDT,119559422,96850.3,1.385449,2026-03-20 05:40:17.012,False,134181.1512847
trade,ETHUSDT,111433002,3504.31,0.384237,2026-03-20 05:40:17.195,False,1346.48556147
trade,ETHUSDT,111433003,3484.2,1.152099,2026-03-20 05:40:20.081,False,4014.1433358
trade,BTCUSDT,119559423,97167.83,0.824935,2026-03-20 05:40:21.147,True,80157.14384105
trade,ETHUSDT,111433004,3492.38,1.794457,2026-03-20 05:40:23.824,False,6266.92573766
trade,BTCUSDT,119559424,97215.2,0.627697,2026-03-20 05:40:24.829,True,61021.6893944
trade,ETHUSDT,111433005,3501.05,1.233616,2026-03-20 05:40:26.931,True,4318.951296800001
trade,BTCUSDT,119559425,96982.05,0.904417,2026-03-20 05:40:28.434,False,87712.21471485001
trade,ETHUSDT,111433006,3488.22,1.45238,2026-03-20 05:40:28.990,False,5066.2209636
trade,ETHUSDT,111433007,3503.89,0.406473,2026-03-20 05:40:29.262,False,1424.2366799699998
trade,ETHUSDT,111433008,3486.7,1.559243,2026-03-20 05:40:29.828,False,5436.612568099999
trade,BTCUSDT,119559426,96993.69,0.195949,2026-03-20 05:40:30.756,True,19005.816561810003
trade,ETHUSDT,111433009,3492.8,1.210205,2026-03-20 05:40:33.038,False,4227.004024
trade,BTCUSDT,119559427,96678.51,1.026933,2026-03-20 05:40:33.990,False,99282.35230983
trade,ETHUSDT,111433010,3504.55,0.294555,2026-03-20 05:40:36.608,True,1032.28272525
trade,BTCUSDT,119559428,96960.43,1.702121,2026-03-20 05:40:38.329,True,165038.38407203
trade,ETHUSDT,111433011,3508.84,1.671216,2026-03-20 05:40:38.756,False,5864.029549440001
trade,BTCUSDT,119559429,97132.57,0.213526,2026-03-20 05:40:40.060,True,20740.329141820002
trade,ETHUSDT,111433012,3512.31,0.47491,2026-03-20 05:40:40.425,True,1668.0311421
trade,BTCUSDT,119559430,96762.5,0.592188,2026-03-20 05:40:41.091,False,57301.59135
trade,BTCUSDT,119559431,96781.01,0.364808,2026-03-20 05:40:41.571,False,35306.48669608
trade,ETHUSDT,111433013,3503.72,1.907673,2026-03-20 05:40:45.043,True,6683.95204356
trade,BTCUSDT,119559432,97113.29,1.730268,2026-03-20 05:40:45.462,True,168032.01806171998
trade,BTCUSDT,119559433,97379.16,0.168486,2026-03-20 05:40:46.158,False,16407.02515176
trade,ETHUSDT,111433014,3489.68,1.65493,2026-03-20 05:40:47.055,True,5775.1761224
trade,BTCUSDT,119559434,96635.12,0.846153,2026-03-20 05:40:49.212,False,81768.09669336
trade,ETHUSDT,111433015,3491.35,0.475507,2026-03-20 05:40:50.447,False,1660.16136445
trade,ETHUSDT,111433016,3493.25,1.762561,2026-03-20 05:40:51.839,True,6157.06621325
trade,BTCUSDT,119559435,96964.52,1.96124,2026-03-20 05:40:52.828,False,190170.69520480002
trade,BTCUSDT,119559436,97021.6,1.79162,2026-03-20 05:40:52.990,False,173825.838992
trade,ETHUSDT,111433017,3494.58,1.183789,2026-03-20 05:40:55.304,True,4136.84536362
trade,ETHUSDT,111433018,3490.24,1.340778,2026-03-20 05:40:56.483,True,4679.63700672
trade,BTCUSDT,119559437,97481.8,0.749559,2026-03-20 05:40:57.895,True,73068.3605262
trade,ETHUSDT,111433019,3510.03,0.81611,2026-03-20 05:41:00.779,False,2864.5705833
trade,ETHUSDT,111433020,3501.69,0.086067,2026-03-20 05:41:01.744,True,301.37995323
trade,ETHUSDT,111433021,3500.56,1.388798,2026-03-20 05:41:02.173,True,4861.57072688
trade,BTCUSDT,119559438,97285.73,0.864531,2026-03-20 05:41:02.178,True,84106.52944263
trade,BTCUSDT,119559439,97369.55,1.505464,2026-03-20 05:41:05.147,True,146586.3522212
trade,ETHUSDT,111433022,3510.25,1.437013,2026-03-20 05:41:05.833,False,5044.27488325
trade,BTCUSDT,119559440,96629.63,0.834166,2026-03-20 05:41:07.826,False,80605.15193858
trade,ETHUSDT,111433023,3516.21,0.561198,2026-03-20 05:41:08.524,False,1973.29001958
trade,ETHUSDT,111433024,3483.82,1.628861,2026-03-20 05:41:09.300,False,5674.65852902
trade,BTCUSDT,119559441,96847.78,1.320146,2026-03-20 05:41:11.916,True,127853.20937588
trade,ETHUSDT,111433025,3507.16,0.298545,2026-03-20 05:41:13.673,True,1047.0450822
trade,ETHUSDT,111433026,3499.61,1.971616,2026-03-20 05:41:15.417,True,6899.8870697600005
trade,BTCUSDT,119559442,97297.65,1.190644,2026-03-20 05:41:16.163,False,115846.86318659999
trade,ETHUSDT,111433027,3502.05,0.519919,2026-03-20 05:41:18.406,True,1820.78233395
trade,BTCUSDT,119559443,96978.24,1.137943,2026-03-20 05:41:19.293,True,110355.70936032
trade,ETHUSDT,111433028,3503.04,0.453769,2026-03-20 05:41:23.349,False,1589.5709577599998
trade,BTCUSDT,119559444,97451.27,1.879464,2026-03-20 05:41:24.238,True,183156.15371928
trade,ETHUSDT,111433029,3496.98,0.607457,2026-03-20 05:41:26.251,False,2124.26497986
trade,BTCUSDT,119559445,97482.24,1.383445,2026-03-20 05:41:26.437,False,134861.31751680002
trade,BTCUSDT,119559446,97174.3,1.92878,2026-03-20 05:41:30.436,True,187427.846354
trade,BTCUSDT,119559447,97203.16,0.366371,2026-03-20 05:41:30.682,False,35612.41893236
trade,ETHUSDT,111433030,3508.36,0.67564,2026-03-20 05:41:30.860,True,2370.3883504
trade,BTCUSDT,119559448,97413.46,1.294787,2026-03-20 05:41:32.780,False,126129.68163302
trade,BTCUSDT,119559449,96829.98,0.38839,2026-03-20 05:41:34.458,True,37607.7959322
trade,ETHUSDT,111433031,3508.78,0.742581,2026-03-20 05:41:34.650,True,2605.55336118
trade,ETHUSDT,111433032,3494.76,1.418895,2026-03-20 05:41:35.134,False,4958.6974902
trade,ETHUSDT,111433033,3501.96,1.057161,2026-03-20 05:41:37.313,True,3702.13553556
trade,BTCUSDT,119559450,96669.63,0.561174,2026-03-20 05:41:37.724,False,54248.482945619995
trade,BTCUSDT,119559451,96771.53,0.272003,2026-03-20 05:41:40.371,False,26322.146474589998
trade,ETHUSDT,111433034,3483.97,0.074285,2026-03-20 05:41:41.413,False,258.80671145
trade,BTCUSDT,119559452,97345.6,0.314354,2026-03-20 05:41:43.249,True,30600.978742400002
trade,ETHUSDT,111433035,3506.0,1.967879,2026-03-20 05:41:44.005,False,6899.383774
trade,BTCUSDT,119559453,97156.83,1.502511,2026-03-20 05:41:46.763,True,145979.20580013
trade,ETHUSDT,111433036,3507.31,0.365914,2026-03-20 05:41:47.890,True,1283.3738313400002
trade,BTCUSDT,119559454,97257.51,0.441261,2026-03-20 05:41:49.907,True,42915.94612011
trade,ETHUSDT,111433037,3508.73,0.899237,2026-03-20 05:41:51.259,False,3155.17983901
trade,ETHUSDT,111433038,3502.8,1.842427,2026-03-20 05:41:52.739,True,6453.6532956
trade,BTCUSDT,119559455,97383.98,0.306144,2026-03-20 05:41:54.842,True,29813.52117312
trade,ETHUSDT,111433039,3488.04,1.901985,2026-03-20 05:41:55.094,True,6634.1997594
trade,BTCUSDT,119559456,97328.3,0.546676,2026-03-20 05:41:56.997,False,53207.045730800004
trade,BTCUSDT,119559457,97143.0,1.076501,2026-03-20 05:41:58.061,False,104574.536643
trade,BTCUSDT,119559458,97043.58,1.323248,2026-03-20 05:41:59.617,True,128412.72314784
trade,ETHUSDT,111433040,3502.11,0.816263,2026-03-20 05:41:59.808,True,2858.64281493
trade,BTCUSDT,119559459,97425.47,0.079335,2026-03-20 05:42:01.331,True,7729.24966245
trade,BTCUSDT,119559460,96515.35,0.286108,2026-03-20 05:42:03.049,False,27613.8137578
trade,ETHUSDT,111433041,3483.63,1.092358,2026-03-20 05:42:04.228,False,3805.3710995399997
trade,ETHUSDT,111433042,3487.38,0.352766,2026-03-20 05:42:05.324,True,1230.2290930800002
trade,BTCUSDT,119559461,97118.19,0.566267,2026-03-20 05:42:06.792,True,54994.82609673
trade,BTCUSDT,119559462,97149.18,0.936269,2026-03-20 05:42:07.561,True,90957.76560941999
trade,ETHUSDT,111433043,3508.87,0.521899,2026-03-20 05:42:09.131,False,1831.27574413
trade,BTCUSDT,119559463,96581.3,0.734313,2026-03-20 05:42:09.341,True,70920.90414690001
trade,BTCUSDT,119559464,97185.72,1.125661,2026-03-20 05:42:10.156,True,109398.17476092001
trade,BTCUSDT,119559465,97275.96,1.020374,2026-03-20 05:42:10.499,False,99257.86040903999
trade,ETHUSDT,111433044,3488.17,1.986121,2026-03-20 05:42:11.785,True,6927.92768857
trade,ETHUSDT,111433045,3511.62,0.27454,2026-03-20 05:42:13.531,False,964.0801548
trade,BTCUSDT,119559466,97109.92,0.501818,2026-03-20 05:42:15.072,False,48731.50583456
trade,ETHUSDT,111433046,3499.34,1.002525,2026-03-20 05:42:15.269,False,3508.1758335000004
trade,ETHUSDT,111433047,3485.16,0.042681,2026-03-20 05:42:15.396,True,148.75011396
trade,BTCUSDT,119559467,96572.89,1.062071,2026-03-20 05:42:18.877,False,102567.26585519
trade,BTCUSDT,119559468,96592.96,0.468576,2026-03-20 05:42:19.083,False,45261.14282496
trade,ETHUSDT,111433048,3495.57,0.084459,2026-03-20 05:42:19.202,True,295.23234663000005
trade,BTCUSDT,119559469,96690.47,1.1634,2026-03-20 05:42:20.675,True,112489.692798
trade,ETHUSDT,111433049,3510.96,0.335513,2026-03-20 05:42:21.560,True,1177.9727224800001
trade,BTCUSDT,119559470,96617.25,0.881142,2026-03-20 05:42:25.030,True,85133.5168995
trade,ETHUSDT,111433050,3515.85,1.057606,2026-03-20 05:42:25.537,False,3718.3840551
trade,BTCUSDT,119559471,96654.34,0.293692,2026-03-20 05:42:25.670,True,28386.606423279998
trade,ETHUSDT,111433051,3485.34,1.498106,2026-03-20 05:42:28.228,False,5221.40876604
trade,ETHUSDT,111433052,3490.73,0.356377,2026-03-20 05:42:29.471,False,1244.01588521
trade,BTCUSDT,119559472,97082.08,1.410068,2026-03-20 05:42:29.771,True,136892.33438144
trade,BTCUSDT,119559473,96805.52,0.348442,2026-03-20 05:42:31.028,True,33731.10899984
trade,ETHUSDT,111433053,3503.99,1.468281,2026-03-20 05:42:31.994,False,5144.8419411899995
trade,BTCUSDT,119559474,97258.85,1.610895,2026-03-20 05:42:32.222,True,156673.79517075
trade,ETHUSDT,111433054,3516.37,1.81089,2026-03-20 05:42:33.281,True,6367.759269300001
trade,BTCUSDT,119559475,97077.89,0.870656,2026-03-20 05:42:33.674,False,84521.44739584
trade,ETHUSDT,111433055,3497.04,0.644105,2026-03-20 05:42:34.442,False,2252.4609492
trade,BTCUSDT,119559476,97386.75,0.117999,2026-03-20 05:42:35.978,False,11491.53911325
trade,ETHUSDT,111433056,3498.99,1.923311,2026-03-20 05:42:36.958,True,6729.64595589
trade,BTCUSDT,119559477,96637.65,0.46887,2026-03-20 05:42:38.422,True,45310.4949555
trade,BTCUSDT,119559478,97086.83,0.604298,2026-03-20 05:42:39.210,True,58669.37719534
trade,BTCUSDT,119559479,97401.79,1.334993,2026-03-20 05:42:40.215,False,130030.70783747
trade,BTCUSDT,119559480,97433.85,0.234837,2026-03-20 05:42:40.436,True,22881.07303245
trade,ETHUSDT,111433057,3484.23,0.215576,2026-03-20 05:42:40.452,False,751.11636648
trade,BTCUSDT,119559481,97216.64,1.348255,2026-03-20 05:42:42.122,True,131072.8209632
trade,ETHUSDT,111433058,3504.15,0.386681,2026-03-20 05:42:44.315,True,1354.98822615
trade,BTCUSDT,119559482,96628.81,1.656715,2026-03-20 05:42:44.844,False,160086.39895914998
trade,BTCUSDT,119559483,96729.04,1.493766,2026-03-20 05:42:47.148,True,144490.55116464
trade,ETHUSDT,111433059,3487.44,0.871745,2026-03-20 05:42:48.421,False,3040.1583828
trade,BTCUSDT,119559484,96807.49,1.393841,2026-03-20 05:42:50.073,True,134934.24866909
trade,ETHUSDT,111433060,3503.46,0.351321,2026-03-20 05:42:50.289,True,1230.83907066
trade,BTCUSDT,119559485,97402.69,1.711241,2026-03-20 05:42:51.769,False,166679.47663829
trade,BTCUSDT,119559486,96801.71,0.704669,2026-03-20 05:42:52.973,True,68213.16418399
trade,BTCUSDT,119559487,97397.04,0.633797,2026-03-20 05:42:53.242,False,61729.95176088
trade,ETHUSDT,111433061,3490.68,0.780809,2026-03-20 05:42:54.647,False,2725.5543601199997
trade,BTCUSDT,119559488,96998.32,1.088822,2026-03-20 05:42:56.144,False,105613.90477904
trade,ETHUSDT,111433062,3498.08,0.158615,2026-03-20 05:42:57.403,True,554.8479592
trade,BTCUSDT,119559489,97191.97,1.633815,2026-03-20 05:42:57.707,False,158793.69846555
trade,ETHUSDT,111433063,3486.67,0.749447,2026-03-20 05:43:00.570,False,2613.07437149
trade,BTCUSDT,119559490,96549.33,1.526958,2026-03-20 05:43:02.158,True,147426.77183814
trade,ETHUSDT,111433064,3516.52,0.583365,2026-03-20 05:43:03.752,True,2051.4146898
trade,BTCUSDT,119559491,97126.94,1.618835,2026-03-20 05:43:05.520,True,157232.4899149
trade,ETHUSDT,111433065,3492.67,0.089852,2026-03-20 05:43:07.848,False,313.82338484
trade,BTCUSDT,119559492,96601.41,0.17005,2026-03-20 05:43:08.332,False,16427.069770500002
trade,BTCUSDT,119559493,96917.74,1.432942,2026-03-20 05:43:09.934,True,138877.50019108
trade,BTCUSDT,119559494,97374.11,1.809452,2026-03-20 05:43:10.234,False,176193.77808772
trade,ETHUSDT,111433066,3515.83,1.595691,2026-03-20 05:43:10.504,False,5610.17828853
trade,ETHUSDT,111433067,3489.48,0.100961,2026-03-20 05:43:10.793,True,352.30139027999996
trade,ETHUSDT,111433068,3495.38,1.661045,2026-03-20 05:43:12.159,True,5805.983472100001
trade,BTCUSDT,119559495,96620.01,0.197487,2026-03-20 05:43:12.838,True,19081.195914869997
trade,BTCUSDT,119559496,97136.17,1.118332,2026-03-20 05:43:14.592,False,108630.48726844
trade,BTCUSDT,119559497,96943.5,0.779535,2026-03-20 05:43:15.188,True,75570.8512725
trade,ETHUSDT,111433069,3508.57,0.268044,2026-03-20 05:43:15.441,False,940.4511370800001
trade,ETHUSDT,111433070,3492.06,1.486383,2026-03-20 05:43:18.111,True,5190.53861898
trade,BTCUSDT,119559498,97389.81,1.457362,2026-03-20 05:43:18.240,False,141932.20828122
trade,ETHUSDT,111433071,3509.59,0.643737,2026-03-20 05:43:21.649,False,2259.25293783
trade,BTCUSDT,119559499,96576.14,0.822608,2026-03-20 05:43:22.163,True,79444.30537312
trade,ETHUSDT,111433072,3508.22,1.346331,2026-03-20 05:43:25.992,False,4723.2253408199995
trade,BTCUSDT,119559500,97004.23,0.563146,2026-03-20 05:43:26.508,False,54627.544107580004
trade,ETHUSDT,111433073,3496.81,0.914588,2026-03-20 05:43:27.726,True,3198.14046428
trade,ETHUSDT,111433074,3484.65,1.868474,2026-03-20 05:43:28.082,True,6510.9779241
trade,BTCUSDT,119559501,97455.71,0.467004,2026-03-20 05:43:29.777,False,45512.20639284
trade,ETHUSDT,111433075,3499.72,1.754993,2026-03-20 05:43:31.575,True,6141.98410196
trade,BTCUSDT,119559502,97262.34,1.792888,2026-03-20 05:43:32.147,True,174380.48223792
trade,BTCUSDT,119559503,97349.46,1.722552,2026-03-20 05:43:33.690,True,167689.50702192003
trade,ETHUSDT,111433076,3513.37,0.111768,2026-03-20 05:43:34.763,True,392.68233816000003
trade,ETHUSDT,111433077,3513.88,0.754945,2026-03-20 05:43:36.758,True,2652.7861366
trade,ETHUSDT,111433078,3502.01,1.748634,2026-03-20 05:43:37.699,True,6123.733754340001
trade,BTCUSDT,119559504,96888.83,0.34399,2026-03-20 05:43:38.160,False,33328.7886317
trade,ETHUSDT,111433079,3488.82,1.009948,2026-03-20 05:43:38.877,True,3523.5267813600003
trade,BTCUSDT,119559505,96799.6,0.246418,2026-03-20 05:43:38.929,True,23853.1638328
trade,ETHUSDT,111433080,3515.98,1.995231,2026-03-20 05:43:42.035,True,7015.19229138
trade,BTCUSDT,119559506,97460.64,0.985858,2026-03-20 05:43:42.642,False,96082.35162912
trade,ETHUSDT,111433081,3497.82,0.662275,2026-03-20 05:43:43.357,True,2316.5187405
trade,BTCUSDT,119559507,97365.52,1.299742,2026-03-20 05:43:45.297,True,126550.05569584
trade,ETHUSDT,111433082,3512.01,1.614884,2026-03-20 05:43:47.821,True,5671.48875684
trade,BTCUSDT,119559508,97034.24,1.553949,2026-03-20 05:43:48.536,True,150786.26021376002
trade,BTCUSDT,119559509,96519.34,0.304973,2026-03-20 05:43:49.730,True,29435.792677819998
trade,ETHUSDT,111433083,3489.09,0.549302,2026-03-20 05:43:52.746,False,1916.5641151799998
trade,BTCUSDT,119559510,97181.57,0.114847,2026-03-20 05:43:53.311,True,11161.01176979
trade,ETHUSDT,111433084,3491.33,1.614556,2026-03-20 05:43:53.696,True,5636.94779948
trade,BTCUSDT,119559511,96843.67,1.331827,2026-03-20 05:43:54.359,False,128979.01448509001
trade,ETHUSDT,111433085,3515.96,0.488237,2026-03-20 05:43:56.041,True,1716.62176252
trade,ETHUSDT,111433086,3491.62,0.698541,2026-03-20 05:43:56.969,True,2439.0397264199996
trade,BTCUSDT,119559512,96884.73,0.52662,2026-03-20 05:43:59.072,False,51021.4365126
trade,ETHUSDT,111433087,3494.22,0.911272,2026-03-20 05:44:00.361,True,3184.1848478399997
trade,BTCUSDT,119559513,96974.57,0.423081,2026-03-20 05:44:00.714,True,41028.09805017
trade,BTCUSDT,119559514,96643.23,1.204846,2026-03-20 05:44:02.406,False,116440.20909258
trade,BTCUSDT,119559515,97476.46,1.788389,2026-03-20 05:44:03.165,True,174325.82882294
trade,BTCUSDT,119559516,97241.41,1.545819,2026-03-20 05:44:03.831,True,150317.61916479
trade,BTCUSDT,119559517,96754.61,1.982679,2026-03-20 05:44:04.132,True,191833.33340019002
trade,ETHUSDT,111433088,3509.42,0.492848,2026-03-20 05:44:04.964,True,1729.61062816
trade,BTCUSDT,119559518,96944.99,0.282681,2026-03-20 05:44:07.296,False,27404.50671819
trade,ETHUSDT,111433089,3485.64,0.304506,2026-03-20 05:44:07.796,True,1061.39829384
trade,ETHUSDT,111433090,3503.91,0.747149,2026-03-20 05:44:08.516,False,2617.94285259
trade,BTCUSDT,119559519,97240.63,1.00002,2026-03-20 05:44:09.108,True,97242.5748126
trade,ETHUSDT,111433091,3513.54,0.33037,2026-03-20 05:44:11.250,False,1160.7682098
trade,BTCUSDT,119559520,97472.46,0.835077,2026-03-20 05:44:13.251,True,81397.00947942
trade,ETHUSDT,111433092,3493.85,1.044738,2026-03-20 05:44:15.260,False,3650.1578612999997
trade,ETHUSDT,111433093,3482.51,1.345224,2026-03-20 05:44:16.134,True,4684.75603224
trade,ETHUSDT,111433094,3487.61,0.405219,2026-03-20 05:44:16.802,True,1413.24583659
trade,BTCUSDT,119559521,97144.54,0.812348,2026-03-20 05:44:17.962,False,78915.17277991999
trade,ETHUSDT,111433095,3499.06,1.066813,2026-03-20 05:44:21.222,True,3732.8426957799998
trade,BTCUSDT,119559522,96802.74,0.119153,2026-03-20 05:44:21.584,True,11534.33687922
trade,ETHUSDT,111433096,3504.0,0.690996,2026-03-20 05:44:21.961,False,2421.249984
trade,BTCUSDT,119559523,96989.45,0.642589,2026-03-20 05:44:22.717,True,62324.353686049995
trade,ETHUSDT,111433097,3513.69,1.291864,2026-03-20 05:44:22.860,False,4539.20961816
trade,BTCUSDT,119559524,96951.3,1.279423,2026-03-20 05:44:24.438,False,124041.7230999
trade,ETHUSDT,111433098,3491.27,1.096677,2026-03-20 05:44:27.326,False,3828.7955097899994
trade,BTCUSDT,119559525,97063.15,0.758399,2026-03-20 05:44:27.445,True,73612.59589685
trade,BTCUSDT,119559526,96797.41,1.354147,2026-03-20 05:44:27.933,False,131077.92235927001
trade,ETHUSDT,111433099,3485.79,1.690167,2026-03-20 05:44:29.777,True,5891.56722693
trade,ETHUSDT,111433100,3516.27,0.067445,2026-03-20 05:44:31.926,True,237.15483015
trade,BTCUSDT,119559527,97006.26,1.742216,2026-03-20 05:44:32.379,True,169005.85827216
trade,BTCUSDT,119559528,97166.89,1.759647,2026-03-20 05:44:34.556,False,170979.42648783
trade,ETHUSDT,111433101,3486.82,0.815251,2026-03-20 05:44:34.912,False,2842.63349182
trade,ETHUSDT,111433102,3506.11,1.983904,2026-03-20 05:44:35.795,True,6955.78565344
trade,ETHUSDT,111433103,3510.31,0.617568,2026-03-20 05:44:37.594,True,2167.85512608
trade,BTCUSDT,119559529,96821.89,0.780403,2026-03-20 05:44:38.918,False,75560.09342167
trade,ETHUSDT,111433104,3492.71,1.944532,2026-03-20 05:44:40.529,False,6791.68636172
trade,BTCUSDT,119559530,97287.97,1.690259,2026-03-20 05:44:42.270,True,164441.86688423
trade,ETHUSDT,111433105,3496.62,0.673965,2026-03-20 05:44:44.438,True,2356.5994983
trade,BTCUSDT,119559531,97111.18,1.023045,2026-03-20 05:44:45.477,False,99349.10714309999
trade,BTCUSDT,119559532,96912.42,0.868954,2026-03-20 05:44:47.665,True,84212.43500868
trade,ETHUSDT,111433106,3490.46,0.754023,2026-03-20 05:44:48.435,True,2631.88712058
trade,ETHUSDT,111433107,3507.38,0.997732,2026-03-20 05:44:49.910,True,3499.42526216
trade,BTCUSDT,119559533,97248.43,1.071518,2026-03-20 05:44:51.719,False,104203.44321674
trade,BTCUSDT,119559534,97281.59,1.446381,2026-03-20 05:44:53.758,True,140706.24342579
trade,ETHUSDT,111433108,3512.25,1.487388,2026-03-20 05:44:54.612,False,5224.078503
trade,BTCUSDT,119559535,96539.78,1.043846,2026-03-20 05:44:56.954,True,100772.66319388
trade,ETHUSDT,111433109,3501.85,1.636029,2026-03-20 05:44:58.527,False,5729.12815365
trade,ETHUSDT,111433110,3495.51,0.036473,2026-03-20 05:44:59.308,False,127.49173623
trade,BTCUSDT,119559536,97202.32,0.144449,2026-03-20 05:45:01.085,True,14040.77792168
trade,BTCUSDT,119559537,96639.17,0.911466,2026-03-20 05:45:02.021,False,88083.31772322
trade,ETHUSDT,111433111,3514.38,1.686672,2026-03-20 05:45:02.353,True,5927.60634336
trade,BTCUSDT,119559538,97025.54,0.13416,2026-03-20 05:45:02.864,True,13016.9464464
trade,ETHUSDT,111433112,3505.25,0.531434,2026-03-20 05:45:03.486,False,1862.8090284999998
trade,ETHUSDT,111433113,3482.76,1.321353,2026-03-20 05:45:05.019,False,4601.95537428
trade,ETHUSDT,111433114,3484.85,1.375399,2026-03-20 05:45:06.807,False,4793.05920515
trade,BTCUSDT,119559539,96773.71,1.746709,2026-03-20 05:45:07.266,True,169035.51022039002
trade,BTCUSDT,119559540,97374.13,1.426037,2026-03-20 05:45:09.394,False,138859.11222281
trade,ETHUSDT,111433115,3496.16,1.690504,2026-03-20 05:45:10.788,False,5910.27246464
trade,BTCUSDT,119559541,96669.52,0.201986,2026-03-20 05:45:11.723,False,19525.889666720002
trade,BTCUSDT,119559542,97362.69,0.629876,2026-03-20 05:45:13.367,False,61326.42172644
trade,ETHUSDT,111433116,3509.17,1.042203,2026-03-20 05:45:14.678,True,3657.26750151
trade,ETHUSDT,111433117,3503.51,0.374756,2026-03-20 05:45:17.407,False,1312.96139356
trade,BTCUSDT,119559543,96540.58,0.828956,2026-03-20 05:45:17.519,False,80027.89303448
trade,BTCUSDT,119559544,97234.9,0.011998,2026-03-20 05:45:19.405,True,1166.6243302
trade,ETHUSDT,111433118,3501.12,1.400581,2026-03-20 05:45:20.493,True,4903.60215072
trade,BTCUSDT,119559545,96955.33,0.421587,2026-03-20 05:45:23.121,True,40875.10670871
trade,BTCUSDT,119559546,96943.16,1.78327,2026-03-20 05:45:24.149,False,172875.82893319998
trade,ETHUSDT,111433119,3487.45,1.545442,2026-03-20 05:45:25.454,False,5389.6517029
trade,BTCUSDT,119559547,97447.46,1.448775,2026-03-20 05:45:26.132,False,141179.4438615
trade,BTCUSDT,119559548,96711.76,0.82351,2026-03-20 05:45:26.541,True,79643.1014776
trade,ETHUSDT,111433120,3487.8,1.121632,2026-03-20 05:45:27.961,False,3912.0280896
trade,BTCUSDT,119559549,97179.51,0.265214,2026-03-20 05:45:28.991,False,25773.36656514
trade,ETHUSDT,111433121,3494.35,0.601571,2026-03-20 05:45:30.573,True,2102.0996238499997
trade,BTCUSDT,119559550,96829.2,0.10511,2026-03-20 05:45:31.858,False,10177.717212
trade,BTCUSDT,119559551,97391.95,1.61101,2026-03-20 05:45:32.767,True,156899.4053695
trade,ETHUSDT,111433122,3500.54,0.085206,2026-03-20 05:45:33.700,True,298.26701124
trade,BTCUSDT,119559552,96569.76,1.486055,2026-03-20 05:45:34.654,True,143507.9746968
trade,ETHUSDT,111433123,3495.81,1.581632,2026-03-20 05:45:36.057,True,5529.08496192
trade,BTCUSDT,119559553,97217.34,0.677543,2026-03-20 05:45:38.353,False,65868.92819562
trade,ETHUSDT,111433124,3491.63,1.214137,2026-03-20 05:45:39.185,True,4239.31717331
trade,ETHUSDT,111433125,3513.68,0.913412,2026-03-20 05:45:39.722,False,3209.4374761599997
trade,BTCUSDT,119559554,97392.93,0.754725,2026-03-20 05:45:40.195,True,73504.87909424999
trade,BTCUSDT,119559555,97197.38,1.158034,2026-03-20 05:45:40.750,False,112557.87075092
trade,ETHUSDT,111433126,3501.77,0.473808,2026-03-20 05:45:43.062,True,1659.16664016
trade,ETHUSDT,111433127,3512.29,1.69211,2026-03-20 05:45:43.753,True,5943.1810319
trade,BTCUSDT,119559556,96962.33,0.997211,2026-03-20 05:45:44.467,True,96691.90206163
trade,ETHUSDT,111433128,3507.26,1.456779,2026-03-20 05:45:46.233,False,5109.3027155400005
trade,ETHUSDT,111433129,3499.92,1.577663,2026-03-20 05:45:47.597,True,5521.694286960001
trade,BTCUSDT,119559557,96949.68,0.465512,2026-03-20 05:45:49.226,False,45131.239436159995
trade,ETHUSDT,111433130,3506.91,0.046274,2026-03-20 05:45:50.248,False,162.27875334
trade,BTCUSDT,119559558,96796.62,0.741317,2026-03-20 05:45:50.859,True,71756.97994854
trade,ETHUSDT,111433131,3510.8,1.744892,2026-03-20 05:45:52.824,False,6125.9668336
trade,ETHUSDT,111433132,3484.95,0.529145,2026-03-20 05:45:54.607,True,1844.04386775
trade,BTCUSDT,119559559,97273.73,0.269706,2026-03-20 05:45:54.889,False,26235.30862338
trade,BTCUSDT,119559560,96545.82,1.440024,2026-03-20 05:45:56.529,False,139028.29789968
trade,ETHUSDT,111433133,3503.47,0.096758,2026-03-20 05:45:56.750,False,338.98875025999996
trade,BTCUSDT,119559561,97035.71,0.471306,2026-03-20 05:45:56.971,False,45733.51233726001
trade,ETHUSDT,111433134,3494.59,0.734763,2026-03-20 05:45:57.161,True,2567.6954321700005
trade,BTCUSDT,119559562,96758.38,1.788322,2026-03-20 05:45:58.404,True,173035.13963836
trade,BTCUSDT,119559563,97355.8,0.293665,2026-03-20 05:45:58.798,True,28589.991007
trade,ETHUSDT,111433135,3503.5,1.271551,2026-03-20 05:45:59.434,True,4454.8789285
trade,ETHUSDT,111433136,3486.74,0.305635,2026-03-20 05:46:00.778,False,1065.6697798999999
trade,BTCUSDT,119559564,97147.96,1.323291,2026-03-20 05:46:02.042,True,128555.02113636001
trade,BTCUSDT,119559565,97162.21,0.554347,2026-03-20 05:46:04.542,True,53861.57962687001
trade,ETHUSDT,111433137,3483.01,0.468637,2026-03-20 05:46:05.432,False,1632.2673573700001
trade,ETHUSDT,111433138,3506.31,0.105851,2026-03-20 05:46:06.098,False,371.14641981
trade,BTCUSDT,119559566,97089.07,1.964854,2026-03-20 05:46:08.446,False,190765.84754578004
trade,BTCUSDT,119559567,96637.49,0.461657,2026-03-20 05:46:09.264,True,44613.37372093
trade,BTCUSDT,119559568,97387.51,1.418054,2026-03-20 05:46:09.762,True,138100.74810554
trade,ETHUSDT,111433139,3512.48,1.358749,2026-03-20 05:46:10.053,False,4772.57868752
trade,BTCUSDT,119559569,96835.07,0.095442,2026-03-20 05:46:12.621,True,9242.13275094
trade,ETHUSDT,111433140,3509.43,1.4974,2026-03-20 05:46:14.406,True,5255.020482
trade,ETHUSDT,111433141,3482.88,1.674681,2026-03-20 05:46:14.769,False,5832.712961280001
trade,BTCUSDT,119559570,97398.44,0.052117,2026-03-20 05:46:17.452,True,5076.11449748
trade,ETHUSDT,111433142,3511.22,0.699345,2026-03-20 05:46:18.342,False,2455.5541509
trade,BTCUSDT,119559571,97464.19,0.416193,2026-03-20 05:46:20.411,False,40563.91362867
trade,ETHUSDT,111433143,3482.75,1.346899,2026-03-20 05:46:23.298,False,4690.9124922500005
trade,BTCUSDT,119559572,96796.29,0.827079,2026-03-20 05:46:24.106,False,80058.17873690999
trade,BTCUSDT,119559573,96794.12,1.955769,2026-03-20 05:46:24.922,False,189306.93927828
trade,ETHUSDT,111433144,3508.7,1.0544,2026-03-20 05:46:25.652,True,3699.5732799999996
trade,ETHUSDT,111433145,3495.51,0.791118,2026-03-20 05:46:26.704,False,2765.36088018
trade,BTCUSDT,119559574,96913.12,0.954255,2026-03-20 05:46:27.565,True,92479.82932559999
trade,BTCUSDT,119559575,97156.79,1.142796,2026-03-20 05:46:30.049,True,111030.39098483998
trade,BTCUSDT,119559576,97313.2,1.7595,2026-03-20 05:46:30.959,True,171222.5754
trade,ETHUSDT,111433146,3510.23,1.042196,2026-03-20 05:46:31.066,False,3658.34766508
trade,BTCUSDT,119559577,97240.3,1.727466,2026-03-20 05:46:34.482,False,167979.3120798
trade,ETHUSDT,111433147,3513.19,0.731825,2026-03-20 05:46:34.518,True,2571.0402717499996
trade,ETHUSDT,111433148,3512.57,1.444362,2026-03-20 05:46:34.783,True,5073.42263034
trade,ETHUSDT,111433149,3500.74,0.317416,2026-03-20 05:46:35.216,True,1111.19088784
trade,ETHUSDT,111433150,3486.77,1.383479,2026-03-20 05:46:35.862,False,4823.87307283
trade,ETHUSDT,111433151,3484.16,1.041328,2026-03-20 05:46:36.098,True,3628.15336448
trade,BTCUSDT,119559578,96600.73,1.718782,2026-03-20 05:46:38.400,True,166035.59591086
trade,ETHUSDT,111433152,3486.16,0.069632,2026-03-20 05:46:40.792,False,242.74829312
trade,BTCUSDT,119559579,96877.62,1.327171,2026-03-20 05:46:41.870,False,128573.16781302
trade,BTCUSDT,119559580,96876.98,1.413422,2026-03-20 05:46:45.111,True,136928.05482556
trade,ETHUSDT,111433153,3490.02,1.468734,2026-03-20 05:46:45.446,False,5125.91103468
trade,BTCUSDT,119559581,96971.56,1.530333,2026-03-20 05:46:46.926,False,148398.77832948
trade,ETHUSDT,111433154,3490.09,0.552472,2026-03-20 05:46:47.148,False,1928.17700248
trade,BTCUSDT,119559582,97073.66,0.702745,2026-03-20 05:46:47.177,False,68218.0291967
trade,ETHUSDT,111433155,3496.0,0.102615,2026-03-20 05:46:48.543,False,358.74204
trade,BTCUSDT,119559583,96605.94,0.831318,2026-03-20 05:46:48.742,True,80310.25682892
trade,ETHUSDT,111433156,3505.31,1.310183,2026-03-20 05:46:52.009,False,4592.597571730001
trade,BTCUSDT,119559584,96771.55,0.260812,2026-03-20 05:46:53.047,False,25239.1814986
trade,ETHUSDT,111433157,3504.88,1.035461,2026-03-20 05:46:53.198,False,3629.16654968
trade,BTCUSDT,119559585,96680.81,0.87386,2026-03-20 05:46:55.961,True,84485.4926266
trade,BTCUSDT,119559586,96926.89,1.744727,2026-03-20 05:46:57.216,True,169110.96200903
trade,ETHUSDT,111433158,3517.11,1.662572,2026-03-20 05:46:57.834,True,5847.44860692
trade,BTCUSDT,119559587,97361.24,0.960789,2026-03-20 05:46:59.805,True,93543.60841836
trade,ETHUSDT,111433159,3496.81,0.647396,2026-03-20 05:47:01.535,True,2263.82080676
trade,BTCUSDT,119559588,97049.71,0.90114,2026-03-20 05:47:01.560,False,87455.3756694
trade,ETHUSDT,111433160,3513.2,1.080054,2026-03-20 05:47:03.531,True,3794.4457128
trade,BTCUSDT,119559589,97283.37,1.43222,2026-03-20 05:47:03.576,True,139331.1881814
trade,ETHUSDT,111433161,3490.52,0.105996,2026-03-20 05:47:04.145,False,369.98115792000004
trade,BTCUSDT,119559590,97296.47,1.152846,2026-03-20 05:47:05.321,True,112167.84625362001
trade,BTCUSDT,119559591,96794.65,1.925833,2026-03-20 05:47:05.689,False,186410.33119344997
trade,ETHUSDT,111433162,3504.91,1.225811,2026-03-20 05:47:06.320,False,4296.35723201
trade,BTCUSDT,119559592,96994.04,0.785894,2026-03-20 05:47:09.233,False,76227.03407175999
trade,BTCUSDT,119559593,96942.3,1.207738,2026-03-20 05:47:09.974,True,117080.8995174
trade,ETHUSDT,111433163,3511.61,1.054105,2026-03-20 05:47:10.796,True,3701.60565905
trade,BTCUSDT,119559594,96825.61,0.197391,2026-03-20 05:47:11.784,False,19112.50398351
trade,ETHUSDT,111433164,3491.6,1.043089,2026-03-20 05:47:14.463,True,3642.0495524
trade,ETHUSDT,111433165,3510.62,1.9768,2026-03-20 05:47:15.892,True,6939.793615999999
trade,BTCUSDT,119559595,96578.08,1.820773,2026-03-20 05:47:16.600,True,175846.76045584
trade,ETHUSDT,111433166,3504.82,0.754956,2026-03-20 05:47:17.785,True,2645.98488792
trade,ETHUSDT,111433167,3497.22,0.604434,2026-03-20 05:47:17.903,False,2113.83867348
trade,BTCUSDT,119559596,96903.99,0.423581,2026-03-20 05:47:20.027,False,41046.68898819
trade,ETHUSDT,111433168,3495.08,0.518786,2026-03-20 05:47:21.541,True,1813.1985728799998
trade,BTCUSDT,119559597,96691.5,0.86812,2026-03-20 05:47:21.593,True,83939.82498
trade,BTCUSDT,119559598,96719.11,0.897363,2026-03-20 05:47:23.821,True,86792.15070693
trade,ETHUSDT,111433169,3504.89,0.814687,2026-03-20 05:47:24.943,False,2855.38831943
trade,BTCUSDT,119559599,96669.53,0.409373,2026-03-20 05:47:26.371,True,39573.89550469
trade,ETHUSDT,111433170,3511.87,1.612838,2026-03-20 05:47:26.676,False,5664.07738706
trade,ETHUSDT,111433171,3496.74,1.793361,2026-03-20 05:47:28.591,True,6270.917143139999
trade,ETHUSDT,111433172,3492.43,0.829907,2026-03-20 05:47:29.859,False,2898.39210401
trade,BTCUSDT,119559600,96903.51,1.113856,2026-03-20 05:47:31.033,False,107936.55603456
trade,BTCUSDT,119559601,96519.49,0.879917,2026-03-20 05:47:32.526,True,84929.14008233
trade,ETHUSDT,111433173,3500.2,1.662608,2026-03-20 05:47:33.654,True,5819.4605216
trade,BTCUSDT,119559602,96661.78,1.771178,2026-03-20 05:47:35.094,True,171205.21817684
trade,ETHUSDT,111433174,3513.31,0.229676,2026-03-20 05:47:36.647,False,806.9229875599999
trade,ETHUSDT,111433175,3516.1,0.118483,2026-03-20 05:47:36.758,True,416.5980763
trade,BTCUSDT,119559603,96994.04,1.516696,2026-03-20 05:47:37.701,True,147110.47249184
trade,ETHUSDT,111433176,3499.46,1.547148,2026-03-20 05:47:39.534,True,5414.18254008
trade,ETHUSDT,111433177,3490.08,1.166068,2026-03-20 05:47:39.673,False,4069.67060544
trade,BTCUSDT,119559604,97227.95,1.485025,2026-03-20 05:47:41.074,False,144385.93644875
trade,ETHUSDT,111433178,3506.87,0.739457,2026-03-20 05:47:41.539,True,2593.17956959
trade,BTCUSDT,119559605,96850.11,1.520999,2026-03-20 05:47:42.580,False,147308.92045989
trade,BTCUSDT,119559606,96897.3,1.477707,2026-03-20 05:47:43.409,True,143185.8184911
trade,ETHUSDT,111433179,3511.57,1.307523,2026-03-20 05:47:43.813,False,4591.458541110001
trade,ETHUSDT,111433180,3488.56,0.320191,2026-03-20 05:47:44.741,False,1117.00551496
trade,ETHUSDT,111433181,3515.82,1.746385,2026-03-20 05:47:45.681,False,6139.975310700001
trade,ETHUSDT,111433182,3514.37,0.727016,2026-03-20 05:47:46.305,True,2555.00321992
trade,ETHUSDT,111433183,3514.8,1.174768,2026-03-20 05:47:46.657,True,4129.074566400001
trade,BTCUSDT,119559607,97390.54,0.001331,2026-03-20 05:47:47.612,False,129.62680873999997
trade,BTCUSDT,119559608,96870.34,0.855131,2026-03-20 05:47:49.998,False,82836.83071453999
trade,ETHUSDT,111433184,3492.54,1.101948,2026-03-20 05:47:50.706,True,3848.59746792
trade,ETHUSDT,111433185,3508.62,0.92725,2026-03-20 05:47:53.311,False,3253.367895
trade,BTCUSDT,119559609,97093.94,0.155505,2026-03-20 05:47:53.460,True,15098.5931397
trade,BTCUSDT,119559610,96956.99,0.570416,2026-03-20 05:47:53.562,False,55305.81840784001
trade,ETHUSDT,111433186,3491.67,0.316889,2026-03-20 05:47:55.468,True,1106.47181463
trade,ETHUSDT,111433187,3485.55,0.292647,2026-03-20 05:47:57.880,True,1020.03575085
trade,BTCUSDT,119559611,97035.56,0.327247,2026-03-20 05:47:58.379,False,31754.59590332
trade,ETHUSDT,111433188,3498.28,1.045891,2026-03-20 05:48:00.473,False,3658.81956748
trade,BTCUSDT,119559612,96521.41,0.858589,2026-03-20 05:48:00.522,False,82872.22089049
trade,BTCUSDT,119559613,96834.87,0.187699,2026-03-20 05:48:02.599,True,18175.80826413
trade,ETHUSDT,111433189,3508.99,1.345997,2026-03-20 05:48:04.996,False,4723.09001303
trade,BTCUSDT,119559614,97377.05,1.076206,2026-03-20 05:48:06.057,True,104797.7654723
trade,ETHUSDT,111433190,3501.88,1.922978,2026-03-20 05:48:09.663,True,6734.038198640001
trade,BTCUSDT,119559615,96928.43,0.666714,2026-03-20 05:48:09.831,False,64623.54127902
trade,BTCUSDT,119559616,97462.3,1.045406,2026-03-20 05:48:12.326,True,101887.67319380002
trade,ETHUSDT,111433191,3514.22,1.207141,2026-03-20 05:48:13.011,False,4242.15904502
trade,BTCUSDT,119559617,96792.38,1.916046,2026-03-20 05:48:15.625,True,185458.65252948
trade,ETHUSDT,111433192,3482.75,1.932992,2026-03-20 05:48:16.801,False,6732.127888
trade,BTCUSDT,119559618,97063.73,0.79525,2026-03-20 05:48:19.660,True,77189.9312825
trade,ETHUSDT,111433193,3501.0,1.612862,2026-03-20 05:48:20.252,True,5646.629862
trade,BTCUSDT,119559619,96627.56,1.653041,2026-03-20 05:48:21.524,False,159729.31840996
trade,ETHUSDT,111433194,3515.65,1.047809,2026-03-20 05:48:24.314,True,3683.72971085
trade,BTCUSDT,119559620,97110.93,1.558841,2026-03-20 05:48:24.651,False,151380.49923212998
trade,BTCUSDT,119559621,96648.63,1.376598,2026-03-20 05:48:28.307,True,133046.31076074002
trade,ETHUSDT,111433195,3515.13,0.676636,2026-03-20 05:48:28.936,False,2378.46350268
trade,BTCUSDT,119559622,96910.66,0.177671,2026-03-20 05:48:30.543,False,17218.21387286
trade,ETHUSDT,111433196,3483.86,1.959506,2026-03-20 05:48:30.758,True,6826.64457316
trade,BTCUSDT,119559623,97026.14,1.000881,2026-03-20 05:48:32.621,False,97111.62002933999
trade,ETHUSDT,111433197,3505.94,1.824564,2026-03-20 05:48:34.364,True,6396.8119101600005
trade,ETHUSDT,111433198,3497.52,0.238322,2026-03-20 05:48:35.254,True,833.53596144
trade,BTCUSDT,119559624,96910.33,1.30767,2026-03-20 05:48:35.523,False,126726.73123110001
trade,BTCUSDT,119559625,97386.32,1.913274,2026-03-20 05:48:40.156,True,186326.71401168001
trade,ETHUSDT,111433199,3513.16,1.770186,2026-03-20 05:48:40.167,True,6218.94664776
trade,BTCUSDT,119559626,97222.41,1.668335,2026-03-20 05:48:43.006,True,162199.54938735
trade,ETHUSDT,111433200,3515.94,0.152252,2026-03-20 05:48:43.144,True,535.30889688
trade,BTCUSDT,119559627,97300.32,0.032058,2026-03-20 05:48:44.999,False,3119.2536585600005
trade,ETHUSDT,111433201,3505.65,0.877977,2026-03-20 05:48:47.576,True,3077.88007005
trade,BTCUSDT,119559628,96716.77,1.37596,2026-03-20 05:48:47.710,True,133078.40684920002
trade,BTCUSDT,119559629,97175.23,0.611774,2026-03-20 05:48:49.551,False,59449.27915802
trade,ETHUSDT,111433202,3516.91,1.050706,2026-03-20 05:48:52.119,True,3695.2384384599995
trade,BTCUSDT,119559630,97483.51,1.63778,2026-03-20 05:48:53.159,True,159656.5430078
trade,ETHUSDT,111433203,3503.02,0.176727,2026-03-20 05:48:54.010,True,619.07821554
trade,BTCUSDT,119559631,97038.86,1.367575,2026-03-20 05:48:57.872,True,132707.9189645
trade,BTCUSDT,119559632,96872.98,0.574313,2026-03-20 05:48:58.046,True,55635.41176274
trade,ETHUSDT,111433204,3482.95,1.903304,2026-03-20 05:48:58.208,True,6629.1126668
trade,ETHUSDT,111433205,3508.58,0.731052,2026-03-20 05:49:00.865,True,2564.95442616
trade,BTCUSDT,119559633,97177.33,1.872251,2026-03-20 05:49:01.339,False,181940.35326983003
trade,BTCUSDT,119559634,97079.08,1.309886,2026-03-20 05:49:01.820,True,127162.52778488002
trade,ETHUSDT,111433206,3507.07,0.66778,2026-03-20 05:49:03.843,False,2341.9512046000004
trade,ETHUSDT,111433207,3484.1,0.339468,2026-03-20 05:49:04.353,False,1182.7404588
trade,BTCUSDT,119559635,96815.09,0.686146,2026-03-20 05:49:04.434,False,66429.28674314
trade,ETHUSDT,111433208,3496.97,0.387348,2026-03-20 05:49:05.672,False,1354.54433556
trade,ETHUSDT,111433209,3507.46,0.110339,2026-03-20 05:49:08.667,False,387.00962894
trade,BTCUSDT,119559636,97256.95,0.168823,2026-03-20 05:49:09.320,True,16419.21006985
trade,BTCUSDT,119559637,96546.12,0.972224,2026-03-20 05:49:12.301,True,93864.45497087999
trade,ETHUSDT,111433210,3489.87,0.572657,2026-03-20 05:49:12.452,False,1998.4984845899999
trade,BTCUSDT,119559638,97201.23,1.435618,2026-03-20 05:49:15.416,False,139543.83541014
trade,ETHUSDT,111433211,3498.42,1.66997,2026-03-20 05:49:15.990,True,5842.2564474
trade,BTCUSDT,119559639,97417.01,1.015653,2026-03-20 05:49:17.094,True,98941.87845752998
trade,ETHUSDT,111433212,3510.17,1.460419,2026-03-20 05:49:20.375,False,5126.31896123
trade,ETHUSDT,111433213,3495.76,0.008769,2026-03-20 05:49:21.584,False,30.654319440000005
trade,BTCUSDT,119559640,96709.87,1.508505,2026-03-20 05:49:21.932,True,145887.32244435
trade,ETHUSDT,111433214,3502.79,0.809593,2026-03-20 05:49:24.133,True,2835.83426447
trade,BTCUSDT,119559641,96620.32,1.619727,2026-03-20 05:49:25.577,False,156498.54105264
trade,ETHUSDT,111433215,3499.4,1.705351,2026-03-20 05:49:27.745,False,5967.705289400001
trade,BTCUSDT,119559642,96827.37,0.30252,2026-03-20 05:49:29.065,True,29292.2159724
trade,ETHUSDT,111433216,3516.63,1.091236,2026-03-20 05:49:29.246,False,3837.4732546800005
trade,BTCUSDT,119559643,96983.66,1.730116,2026-03-20 05:49:29.480,True,167792.98190456
trade,ETHUSDT,111433217,3491.13,0.586999,2026-03-20 05:49:31.284,True,2049.28981887
trade,BTCUSDT,119559644,96880.45,1.160582,2026-03-20 05:49:32.612,False,112437.7064219
trade,ETHUSDT,111433218,3514.81,1.957063,2026-03-20 05:49:33.400,True,6878.70460303
trade,ETHUSDT,111433219,3495.52,0.176565,2026-03-20 05:49:34.651,True,617.1864888
trade,ETHUSDT,111433220,3507.85,0.297984,2026-03-20 05:49:35.024,True,1045.2831744
trade,ETHUSDT,111433221,3488.65,0.042409,2026-03-20 05:49:37.051,False,147.95015785
trade,BTCUSDT,119559645,96759.9,1.970822,2026-03-20 05:49:37.609,True,190696.5396378
trade,BTCUSDT,119559646,96759.73,1.535559,2026-03-20 05:49:40.012,True,148580.27423907
trade,BTCUSDT,119559647,97098.14,1.53956,2026-03-20 05:49:40.326,True,149488.4124184
trade,ETHUSDT,111433222,3495.76,1.688336,2026-03-20 05:49:40.403,False,5902.017455360001
trade,ETHUSDT,111433223,3512.7,0.435346,2026-03-20 05:49:41.723,True,1529.2398942
trade,ETHUSDT,111433224,3510.19,0.822013,2026-03-20 05:49:42.372,False,2885.42181247
trade,BTCUSDT,119559648,96678.03,1.725269,2026-03-20 05:49:42.964,False,166795.60814007
trade,BTCUSDT,119559649,97061.57,0.610364,2026-03-20 05:49:44.506,True,59242.88811148
trade,ETHUSDT,111433225,3497.55,0.930661,2026-03-20 05:49:44.640,False,3255.03338055
trade,BTCUSDT,119559650,96675.6,1.861778,2026-03-20 05:49:47.524,False,179988.5052168
trade,BTCUSDT,119559651,96604.82,0.380263,2026-03-20 05:49:47.949,False,36735.23866766001
trade,BTCUSDT,119559652,97112.72,1.248519,2026-03-20 05:49:48.758,False,121247.07606168
trade,ETHUSDT,111433226,3488.87,1.122248,2026-03-20 05:49:48.782,True,3915.3773797599997
trade,BTCUSDT,119559653,97183.5,1.318773,2026-03-20 05:49:50.944,False,128162.9758455
trade,BTCUSDT,119559654,97285.2,0.017628,2026-03-20 05:49:51.315,True,1714.9435056
trade,ETHUSDT,111433227,3509.08,0.507499,2026-03-20 05:49:51.863,False,1780.8545909200002
trade,ETHUSDT,111433228,3516.43,0.218868,2026-03-20 05:49:52.592,False,769.63400124
trade,ETHUSDT,111433229,3500.2,1.506522,2026-03-20 05:49:53.446,True,5273.128304399999
trade,BTCUSDT,119559655,96763.36,1.162152,2026-03-20 05:49:53.660,False,112453.73235072
trade,BTCUSDT,119559656,96655.07,0.345156,2026-03-20 05:49:57.493,True,33361.077340920005
trade,ETHUSDT,111433230,3483.43,0.041076,2026-03-20 05:49:57.967,True,143.08537068
trade,BTCUSDT,119559657,96772.76,1.195691,2026-03-20 05:50:00.402,True,115710.31817716
trade,ETHUSDT,111433231,3517.26,1.16684,2026-03-20 05:50:01.252,False,4104.079658400001
trade,BTCUSDT,119559658,96624.49,0.78711,2026-03-20 05:50:04.628,True,76054.1023239
trade,BTCUSDT,119559659,97025.1,1.469862,2026-03-20 05:50:04.965,False,142613.50753620002
trade,ETHUSDT,111433232,3498.22,0.70422,2026-03-20 05:50:05.922,False,2463.5164883999996
trade,BTCUSDT,119559660,96721.88,0.622336,2026-03-20 05:50:07.816,False,60193.507911680004
trade,ETHUSDT,111433233,3510.94,0.570741,2026-03-20 05:50:08.604,False,2003.8374065400003
trade,BTCUSDT,119559661,96970.73,0.519069,2026-03-20 05:50:09.515,False,50334.49985037
trade,BTCUSDT,119559662,97241.72,0.520193,2026-03-20 05:50:10.342,False,50584.46205196
trade,ETHUSDT,111433234,3511.47,1.013262,2026-03-20 05:50:11.488,True,3558.0391151400004
trade,ETHUSDT,111433235,3501.52,0.110554,2026-03-20 05:50:13.451,True,387.10704208
trade,BTCUSDT,119559663,97324.52,0.390318,2026-03-20 05:50:14.880,False,37987.51199736
trade,ETHUSDT,111433236,3506.38,1.526468,2026-03-20 05:50:17.231,True,5352.37686584
trade,BTCUSDT,119559664,97148.99,0.040155,2026-03-20 05:50:17.986,True,3901.0176934500005
trade,ETHUSDT,111433237,3497.12,0.796162,2026-03-20 05:50:20.790,True,2784.27405344
trade,BTCUSDT,119559665,96680.68,1.919646,2026-03-20 05:50:22.659,False,185592.68063927998
trade,BTCUSDT,119559666,96527.2,0.21479,2026-03-20 05:50:23.832,True,20733.077288
trade,ETHUSDT,111433238,3505.25,0.695868,2026-03-20 05:50:24.876,False,2439.191307
trade,ETHUSDT,111433239,3500.55,0.983151,2026-03-20 05:50:25.573,False,3441.56923305
trade,BTCUSDT,119559667,96785.3,1.543953,2026-03-20 05:50:27.117,True,149431.9542909
trade,ETHUSDT,111433240,3489.87,1.772072,2026-03-20 05:50:28.145,False,6184.30091064
trade,BTCUSDT,119559668,97395.06,0.984595,2026-03-20 05:50:31.450,False,95894.6891007
trade,ETHUSDT,111433241,3484.01,0.135748,2026-03-20 05:50:31.665,True,472.9473894800001
trade,ETHUSDT,111433242,3508.61,0.502233,2026-03-20 05:50:32.589,False,1762.13972613
trade,ETHUSDT,111433243,3507.32,0.211176,2026-03-20 05:50:34.365,False,740.6618083200001
trade,BTCUSDT,119559669,96701.36,0.094145,2026-03-20 05:50:34.539,False,9103.9495372
trade,BTCUSDT,119559670,97262.85,1.599602,2026-03-20 05:50:35.047,False,155581.8493857
trade,BTCUSDT,119559671,96823.55,1.518396,2026-03-20 05:50:35.866,False,147016.4910258
trade,ETHUSDT,111433244,3489.56,0.482738,2026-03-20 05:50:38.281,True,1684.54321528
trade,BTCUSDT,119559672,96547.22,0.945436,2026-03-20 05:50:39.062,True,91279.21748792
trade,BTCUSDT,119559673,97274.06,1.975966,2026-03-20 05:50:40.215,True,192210.23524195998
trade,ETHUSDT,111433245,3515.19,0.907878,2026-03-20 05:50:42.347,True,3191.3636668199997
trade,BTCUSDT,119559674,97245.11,1.133244,2026-03-20 05:50:44.825,False,110202.43743683999
trade,ETHUSDT,111433246,3495.15,1.527524,2026-03-20 05:50:46.872,False,5338.9255086
trade,ETHUSDT,111433247,3510.3,0.655537,2026-03-20 05:50:48.213,False,2301.1315311000003
trade,BTCUSDT,119559675,97014.83,1.226577,2026-03-20 05:50:49.295,True,118996.15913691
trade,BTCUSDT,119559676,96639.45,1.604829,2026-03-20 05:50:51.312,True,155089.79190405
trade,ETHUSDT,111433248,3513.95,1.853753,2026-03-20 05:50:52.923,True,6513.99535435
trade,ETHUSDT,111433249,3500.07,1.085335,2026-03-20 05:50:54.456,False,3798.74847345
trade,BTCUSDT,119559677,97149.66,0.74139,2026-03-20 05:50:56.076,True,72025.7864274
trade,BTCUSDT,119559678,96556.35,0.126186,2026-03-20 05:50:56.851,True,12184.0595811
trade,ETHUSDT,111433250,3516.33,0.636031,2026-03-20 05:50:59.013,True,2236.49488623
trade,BTCUSDT,119559679,96616.63,0.439643,2026-03-20 05:51:00.704,False,42476.82506309
trade,ETHUSDT,111433251,3494.21,1.240795,2026-03-20 05:51:00.943,True,4335.59829695
trade,BTCUSDT,119559680,97475.12,0.389928,2026-03-20 05:51:03.783,False,38008.278591359995
trade,BTCUSDT,119559681,97288.9,0.836638,2026-03-20 05:51:04.103,True,81395.5907182
trade,BTCUSDT,119559682,97191.7,1.644755,2026-03-20 05:51:04.700,True,159856.5345335
trade,ETHUSDT,111433252,3500.84,1.085285,2026-03-20 05:51:05.662,False,3799.4091394
trade,ETHUSDT,111433253,3482.81,1.494745,2026-03-20 05:51:06.763,False,5205.91283345
trade,ETHUSDT,111433254,3509.93,0.145188,2026-03-20 05:51:07.545,False,509.59971684000004
trade,BTCUSDT,119559683,97139.37,0.208157,2026-03-20 05:51:07.643,True,20220.23984109
trade,ETHUSDT,111433255,3491.16,0.47231,2026-03-20 05:51:10.963,False,1648.9097795999999
trade,BTCUSDT,119559684,97390.41,1.794915,2026-03-20 05:51:12.476,False,174807.50776515002
trade,ETHUSDT,111433256,3501.51,0.716885,2026-03-20 05:51:13.631,True,2510.1799963500002
trade,BTCUSDT,119559685,97306.54,1.02267,2026-03-20 05:51:15.127,False,99512.47926179999
trade,BTCUSDT,119559686,97097.63,1.255973,2026-03-20 05:51:15.317,True,121952.00164399
trade,ETHUSDT,111433257,3499.36,1.881311,2026-03-20 05:51:17.095,True,6583.38446096
trade,BTCUSDT,119559687,97472.17,1.587642,2026-03-20 05:51:18.135,False,154750.91092314
trade,ETHUSDT,111433258,3514.29,1.77214,2026-03-20 05:51:19.364,True,6227.8138806
trade,ETHUSDT,111433259,3508.37,1.743196,2026-03-20 05:51:19.633,True,6115.77655052
trade,BTCUSDT,119559688,96771.72,1.954258,2026-03-20 05:51:20.008,False,189116.90798376
trade,BTCUSDT,119559689,97079.59,1.991579,2026-03-20 05:51:20.592,True,193341.67277260998
trade,BTCUSDT,119559690,96561.64,1.622461,2026-03-20 05:51:21.761,False,156667.49499603998
trade,BTCUSDT,119559691,97417.44,1.153481,2026-03-20 05:51:22.667,True,112369.16610864
trade,ETHUSDT,111433260,3503.92,0.335803,2026-03-20 05:51:24.098,False,1176.6268477600001
trade,ETHUSDT,111433261,3490.87,1.897588,2026-03-20 05:51:24.209,False,6624.2330215599995
trade,ETHUSDT,111433262,3497.49,1.82006,2026-03-20 05:51:24.890,False,6365.6416494
trade,BTCUSDT,119559692,96933.38,0.064486,2026-03-20 05:51:25.213,False,6250.84594268
trade,BTCUSDT,119559693,97256.11,1.721187,2026-03-20 05:51:28.115,True,167395.95220257
trade,ETHUSDT,111433263,3492.06,0.846523,2026-03-20 05:51:29.590,True,2956.10910738
trade,ETHUSDT,111433264,3494.15,1.528576,2026-03-20 05:51:31.878,False,5341.0738304
trade,BTCUSDT,119559694,97373.54,1.77663,2026-03-20 05:51:31.899,True,172996.75237019997
trade,ETHUSDT,111433265,3484.43,1.181912,2026-03-20 05:51:34.971,False,4118.28963016
trade,BTCUSDT,119559695,96889.81,1.751173,2026-03-20 05:51:36.731,True,169670.81924713
trade,ETHUSDT,111433266,3494.8,0.776687,2026-03-20 05:51:37.740,False,2714.3657276000004
trade,ETHUSDT,111433267,3485.05,0.243661,2026-03-20 05:51:38.292,True,849.17076805
trade,ETHUSDT,111433268,3485.53,1.74255,2026-03-20 05:51:38.980,True,6073.7103015
trade,BTCUSDT,119559696,96523.75,1.63234,2026-03-20 05:51:40.071,True,157559.578075
trade,ETHUSDT,111433269,3504.84,1.356619,2026-03-20 05:51:40.292,False,4754.73253596
trade,BTCUSDT,119559697,96856.38,1.482804,2026-03-20 05:51:43.515,True,143619.02768952
trade,BTCUSDT,119559698,97109.94,0.004157,2026-03-20 05:51:44.052,True,403.68602058000005
trade,ETHUSDT,111433270,3486.66,1.854033,2026-03-20 05:51:44.299,True,6464.38269978
trade,ETHUSDT,111433271,3487.54,0.224727,2026-03-20 05:51:44.723,False,783.74440158
trade,BTCUSDT,119559699,97192.56,1.301394,2026-03-20 05:51:45.300,True,126485.81442863999
trade,BTCUSDT,119559700,97186.27,0.830973,2026-03-20 05:51:49.607,False,80759.16634071
trade,ETHUSDT,111433272,3512.93,0.891574,2026-03-20 05:51:49.656,True,3132.0370518199998
trade,BTCUSDT,119559701,97377.15,1.170268,2026-03-20 05:51:53.106,False,113957.3625762
trade,ETHUSDT,111433273,3511.27,1.79747,2026-03-20 05:51:54.171,True,6311.4024868999995
trade,ETHUSDT,111433274,3494.64,1.245915,2026-03-20 05:51:54.745,False,4354.0243956
trade,BTCUSDT,119559702,97192.6,1.661073,2026-03-20 05:51:57.220,False,161444.00365980002
trade,ETHUSDT,111433275,3491.91,1.352437,2026-03-20 05:51:58.521,False,4722.58828467
trade,ETHUSDT,111433276,3503.12,1.168015,2026-03-20 05:51:59.176,True,4091.6967068
trade,BTCUSDT,119559703,97428.94,0.914059,2026-03-20 05:52:01.603,False,89055.79946746
trade,ETHUSDT,111433277,3484.01,1.50256,2026-03-20 05:52:02.166,False,5234.9340656
trade,BTCUSDT,119559704,97036.36,1.601893,2026-03-20 05:52:06.518,True,155441.86582948
trade,ETHUSDT,111433278,3487.43,0.29271,2026-03-20 05:52:07.042,True,1020.8056353000001
trade,BTCUSDT,119559705,97325.2,0.496834,2026-03-20 05:52:10.045,False,48354.468416799995
trade,BTCUSDT,119559706,97031.83,1.058501,2026-03-20 05:52:11.055,False,102708.28908682999
trade,ETHUSDT,111433279,3504.97,0.452685,2026-03-20 05:52:11.462,True,1586.64734445
trade,BTCUSDT,119559707,96665.96,1.535415,2026-03-20 05:52:13.186,True,148422.36497340002
trade,BTCUSDT,119559708,96877.66,0.69687,2026-03-20 05:52:13.679,True,67511.1349242
trade,BTCUSDT,119559709,97234.78,1.78799,2026-03-20 05:52:14.409,True,173854.8142922
trade,ETHUSDT,111433280,3486.8,1.570383,2026-03-20 05:52:16.216,False,5475.6114444
trade,BTCUSDT,119559710,97093.5,0.372305,2026-03-20 05:52:16.470,False,36148.3955175
trade,BTCUSDT,119559711,96772.22,0.096717,2026-03-20 05:52:17.291,True,9359.51880174
trade,BTCUSDT,119559712,97426.98,1.83262,2026-03-20 05:52:18.216,False,178546.63208759998
trade,ETHUSDT,111433281,3498.69,1.923298,2026-03-20 05:52:20.020,True,6729.02347962
trade,ETHUSDT,111433282,3508.95,1.59359,2026-03-20 05:52:20.368,False,5591.8276305
trade,BTCUSDT,119559713,96665.35,1.625744,2026-03-20 05:52:21.264,True,157153.1127704
trade,ETHUSDT,111433283,3484.67,0.831738,2026-03-20 05:52:24.168,False,2898.33245646
trade,BTCUSDT,119559714,96758.36,0.280272,2026-03-20 05:52:24.734,False,27118.659073920004
trade,ETHUSDT,111433284,3509.43,1.428837,2026-03-20 05:52:28.178,False,5014.4034329099995
trade,BTCUSDT,119559715,97428.13,0.280373,2026-03-20 05:52:29.216,True,27316.21709249
trade,ETHUSDT,111433285,3517.29,1.481869,2026-03-20 05:52:32.221,False,5212.16301501
trade,BTCUSDT,119559716,96816.65,0.41253,2026-03-20 05:52:32.744,False,39939.7726245
trade,ETHUSDT,111433286,3509.59,0.501424,2026-03-20 05:52:35.609,False,1759.79265616
trade,ETHUSDT,111433287,3504.01,1.474496,2026-03-20 05:52:37.207,False,5166.64872896
trade,BTCUSDT,119559717,96926.02,1.263614,2026-03-20 05:52:37.569,True,122477.07583628001
trade,ETHUSDT,111433288,3514.03,1.606234,2026-03-20 05:52:39.952,False,5644.35446302
trade,BTCUSDT,119559718,96748.55,1.211035,2026-03-20 05:52:41.523,True,117165.88024925001
trade,ETHUSDT,111433289,3485.79,0.326442,2026-03-20 05:52:43.565,True,1137.90825918
trade,BTCUSDT,119559719,97032.03,0.57268,2026-03-20 05:52:46.221,False,55568.3029404
trade,ETHUSDT,111433290,3493.97,1.303834,2026-03-20 05:52:47.736,False,4555.55688098
trade,BTCUSDT,119559720,97317.48,1.880374,2026-03-20 05:52:49.808,True,182993.25913751998
trade,ETHUSDT,111433291,3484.62,0.625754,2026-03-20 05:52:50.333,True,2180.51490348
trade,BTCUSDT,119559721,96805.21,0.620486,2026-03-20 05:52:50.745,False,60066.277532060005
trade,ETHUSDT,111433292,3513.84,0.676648,2026-03-20 05:52:51.384,False,2377.63280832
trade,BTCUSDT,119559722,96781.79,1.581661,2026-03-20 05:52:51.576,True,153075.98275318998
trade,BTCUSDT,119559723,97200.5,0.156628,2026-03-20 05:52:53.549,False,15224.319914
trade,ETHUSDT,111433293,3510.47,1.807743,2026-03-20 05:52:54.752,False,6346.02756921
trade,BTCUSDT,119559724,97328.71,0.804619,2026-03-20 05:52:55.042,True,78312.52931149
trade,BTCUSDT,119559725,96756.39,0.546011,2026-03-20 05:52:58.284,True,52830.05326029
trade,ETHUSDT,111433294,3489.29,1.835588,2026-03-20 05:52:58.961,False,6404.89885252
trade,ETHUSDT,111433295,3492.61,1.185341,2026-03-20 05:52:59.707,False,4139.93383001
trade,BTCUSDT,119559726,97127.57,1.652274,2026-03-20 05:53:02.458,True,160481.35859418003
trade,ETHUSDT,111433296,3511.48,0.519838,2026-03-20 05:53:04.367,True,1825.40074024
trade,BTCUSDT,119559727,97247.9,1.951461,2026-03-20 05:53:04.491,False,189775.48418189998
trade,ETHUSDT,111433297,3495.26,0.055934,2026-03-20 05:53:04.831,True,195.50387284
trade,BTCUSDT,119559728,96934.18,0.476596,2026-03-20 05:53:07.584,False,46198.442451279996
trade,ETHUSDT,111433298,3513.02,1.544317,2026-03-20 05:53:07.991,False,5425.21650734
trade,ETHUSDT,111433299,3512.89,0.799674,2026-03-20 05:53:10.862,False,2809.16679786
trade,BTCUSDT,119559729,97236.47,0.438,2026-03-20 05:53:10.926,True,42589.573860000004
trade,BTCUSDT,119559730,96868.82,0.66925,2026-03-20 05:53:12.638,False,64829.457785000006
trade,ETHUSDT,111433300,3492.2,1.998503,2026-03-20 05:53:13.006,False,6979.172176599999
trade,BTCUSDT,119559731,97284.53,1.005119,2026-03-20 05:53:15.179,False,97782.52950907001
trade,ETHUSDT,111433301,3513.15,0.418229,2026-03-20 05:53:16.523,True,1469.3012113500001
trade,BTCUSDT,119559732,97415.48,0.435273,2026-03-20 05:53:19.649,False,42402.32822604
trade,ETHUSDT,111433302,3516.12,1.834245,2026-03-20 05:53:21.066,False,6449.4255293999995
trade,BTCUSDT,119559733,97285.85,1.505372,2026-03-20 05:53:22.211,False,146451.3945862
trade,ETHUSDT,111433303,3508.41,0.794983,2026-03-20 05:53:22.694,True,2789.1263070299997
trade,BTCUSDT,119559734,97186.16,0.504115,2026-03-20 05:53:22.890,False,48993.0010484
trade,BTCUSDT,119559735,96805.49,1.04545,2026-03-20 05:53:24.719,True,101205.2995205
trade,BTCUSDT,119559736,96776.72,1.643317,2026-03-20 05:53:25.839,True,159034.82918024
trade,ETHUSDT,111433304,3504.28,0.547818,2026-03-20 05:53:26.099,True,1919.7076610400002
trade,ETHUSDT,111433305,3509.32,1.396233,2026-03-20 05:53:26.843,False,4899.8283915600005
trade,BTCUSDT,119559737,97301.03,0.990265,2026-03-20 05:53:28.619,False,96353.80447295
trade,ETHUSDT,111433306,3484.83,1.679746,2026-03-20 05:53:29.973,True,5853.62925318
trade,BTCUSDT,119559738,96766.08,1.024025,2026-03-20 05:53:31.455,True,99090.885072
trade,BTCUSDT,119559739,97461.41,1.937849,2026-03-20 05:53:32.290,False,188865.49590709
trade,BTCUSDT,119559740,96766.87,0.394894,2026-03-20 05:53:33.715,True,38212.65636178
trade,ETHUSDT,111433307,3490.95,1.348002,2026-03-20 05:53:34.328,False,4705.8075819
trade,ETHUSDT,111433308,3514.7,0.93229,2026-03-20 05:53:35.072,False,3276.719663
trade,BTCUSDT,119559741,97109.48,1.892865,2026-03-20 05:53:37.120,True,183815.13586019998
trade,BTCUSDT,119559742,97198.8,0.765644,2026-03-20 05:53:39.493,True,74419.6780272
trade,ETHUSDT,111433309,3503.24,1.994598,2026-03-20 05:53:39.665,False,6987.55549752
trade,ETHUSDT,111433310,3496.8,0.602103,2026-03-20 05:53:42.562,True,2105.4337704000004
trade,ETHUSDT,111433311,3488.52,0.49804,2026-03-20 05:53:42.974,True,1737.4225007999999
trade,BTCUSDT,119559743,97099.44,1.462692,2026-03-20 05:53:43.730,False,142026.57409248
trade,BTCUSDT,119559744,97149.45,1.506875,2026-03-20 05:53:46.079,False,146392.07746874998
trade,BTCUSDT,119559745,96922.3,1.925697,2026-03-20 05:53:46.343,False,186642.9823431
trade,BTCUSDT,119559746,96979.21,0.148726,2026-03-20 05:53:46.609,False,14423.329986460001
trade,ETHUSDT,111433312,3506.61,1.992034,2026-03-20 05:53:46.753,True,6985.2863447400005
trade,BTCUSDT,119559747,96720.0,0.310047,2026-03-20 05:53:49.047,True,29987.745840000003
trade,ETHUSDT,111433313,3495.05,0.416707,2026-03-20 05:53:49.317,False,1456.41180035
trade,BTCUSDT,119559748,97442.66,0.058465,2026-03-20 05:53:51.362,False,5696.9851169
trade,ETHUSDT,111433314,3511.05,0.894597,2026-03-20 05:53:52.417,False,3140.97479685
trade,BTCUSDT,119559749,97143.44,1.181868,2026-03-20 05:53:54.937,True,114810.72314592
trade,ETHUSDT,111433315,3505.96,1.07624,2026-03-20 05:53:56.897,True,3773.2543904000004
trade,BTCUSDT,119559750,97132.15,0.294902,2026-03-20 05:53:58.051,False,28644.465299299998
trade,ETHUSDT,111433316,3506.23,1.343134,2026-03-20 05:54:00.880,False,4709.33672482
trade,BTCUSDT,119559751,97020.99,1.193871,2026-03-20 05:54:02.526,False,115830.54635229
trade,BTCUSDT,119559752,96535.28,0.818679,2026-03-20 05:54:02.925,True,79031.40649512
trade,ETHUSDT,111433317,3501.67,1.828356,2026-03-20 05:54:03.962,True,6402.299354520001
trade,BTCUSDT,119559753,96935.11,0.186508,2026-03-20 05:54:05.229,True,18079.17349588
trade,ETHUSDT,111433318,3510.13,1.095256,2026-03-20 05:54:05.270,False,3844.49094328
trade,ETHUSDT,111433319,3516.86,0.646493,2026-03-20 05:54:09.622,True,2273.62537198
trade,BTCUSDT,119559754,96787.91,0.097834,2026-03-20 05:54:09.747,True,9469.14838694
trade,BTCUSDT,119559755,96807.16,0.030016,2026-03-20 05:54:13.179,True,2905.76371456
trade,BTCUSDT,119559756,97403.24,0.591716,2026-03-20 05:54:14.041,True,57635.05555984
trade,ETHUSDT,111433320,3509.96,1.087962,2026-03-20 05:54:14.103,False,3818.7031015200005
trade,BTCUSDT,119559757,96958.69,0.117588,2026-03-20 05:54:14.811,True,11401.17843972
trade,ETHUSDT,111433321,3508.77,1.238005,2026-03-20 05:54:16.358,False,4343.87480385
trade,BTCUSDT,119559758,97201.67,0.078214,2026-03-20 05:54:17.664,False,7602.531417380001
trade,ETHUSDT,111433322,3509.55,1.908064,2026-03-20 05:54:20.831,True,6696.446011200001
trade,BTCUSDT,119559759,97015.58,0.673757,2026-03-20 05:54:22.323,True,65364.926134060006
trade,ETHUSDT,111433323,3514.81,1.868238,2026-03-20 05:54:23.992,False,6566.50160478
trade,ETHUSDT,111433324,3509.19,1.53115,2026-03-20 05:54:25.061,True,5373.0962685
trade,ETHUSDT,111433325,3484.47,0.530585,2026-03-20 05:54:26.200,False,1848.8075149499998
trade,BTCUSDT,119559760,96674.78,0.562228,2026-03-20 05:54:27.014,False,54353.26820984
trade,BTCUSDT,119559761,96532.36,0.494312,2026-03-20 05:54:29.118,True,47717.103936319996
trade,ETHUSDT,111433326,3497.28,0.01838,2026-03-20 05:54:31.197,True,64.2800064
trade,BTCUSDT,119559762,96806.5,0.773769,2026-03-20 05:54:32.083,True,74905.86869850001
trade,ETHUSDT,111433327,3511.23,0.360299,2026-03-20 05:54:34.045,True,1265.09265777
trade,BTCUSDT,119559763,97255.57,0.192094,2026-03-20 05:54:34.730,True,18682.21146358
trade,BTCUSDT,119559764,96967.48,1.47894,2026-03-20 05:54:34.855,False,143409.0848712
trade,ETHUSDT,111433328,3501.39,0.818045,2026-03-20 05:54:35.773,True,2864.29458255
trade,ETHUSDT,111433329,3514.82,0.639084,2026-03-20 05:54:37.509,True,2246.26522488
trade,BTCUSDT,119559765,96745.29,1.079183,2026-03-20 05:54:37.885,True,104405.87229807
trade,ETHUSDT,111433330,3512.58,1.237277,2026-03-20 05:54:39.392,True,4346.03444466
trade,BTCUSDT,119559766,97416.56,0.846465,2026-03-20 05:54:41.158,False,82459.7084604
trade,ETHUSDT,111433331,3497.75,0.338882,2026-03-20 05:54:44.307,False,1185.3245155
trade,BTCUSDT,119559767,96709.4,0.008587,2026-03-20 05:54:44.770,False,830.4436177999999
trade,ETHUSDT,111433332,3489.16,0.56611,2026-03-20 05:54:46.505,True,1975.2483676
trade,ETHUSDT,111433333,3483.54,1.498397,2026-03-20 05:54:48.872,True,5219.725885379999
trade,BTCUSDT,119559768,97063.22,1.764768,2026-03-20 05:54:49.384,True,171294.06463295998
trade,ETHUSDT,111433334,3509.46,0.818492,2026-03-20 05:54:49.804,True,2872.46493432
trade,ETHUSDT,111433335,3503.04,1.289155,2026-03-20 05:54:50.602,False,4515.9615312000005
trade,ETHUSDT,111433336,3488.81,1.589702,2026-03-20 05:54:50.843,False,5546.16823462
trade,BTCUSDT,119559769,97051.37,0.109737,2026-03-20 05:54:53.329,False,10650.12618969
trade,BTCUSDT,119559770,97207.46,1.491476,2026-03-20 05:54:54.908,True,144982.59361096
trade,ETHUSDT,111433337,3486.4,1.670353,2026-03-20 05:54:55.434,True,5823.5186992
trade,BTCUSDT,119559771,97202.56,1.024944,2026-03-20 05:54:59.038,True,99627.18065664
trade,ETHUSDT,111433338,3516.95,0.695014,2026-03-20 05:54:59.497,True,2444.3294873
trade,BTCUSDT,119559772,97323.01,0.996452,2026-03-20 05:54:59.553,False,96977.70796052
trade,BTCUSDT,119559773,97455.73,1.729304,2026-03-20 05:55:00.383,True,168530.58371192
trade,ETHUSDT,111433339,3509.92,1.332565,2026-03-20 05:55:01.341,False,4677.1965448
trade,BTCUSDT,119559774,96585.61,1.72846,2026-03-20 05:55:01.907,True,166944.3634606
trade,ETHUSDT,111433340,3486.9,0.449485,2026-03-20 05:55:05.489,True,1567.3092465000002
trade,BTCUSDT,119559775,96743.49,0.188867,2026-03-20 05:55:06.456,False,18271.65272583
trade,BTCUSDT,119559776,96604.22,0.330286,2026-03-20 05:55:06.722,False,31907.02140692
trade,ETHUSDT,111433341,3491.7,0.056584,2026-03-20 05:55:09.799,True,197.57435279999999
trade,ETHUSDT,111433342,3514.21,0.515037,2026-03-20 05:55:09.961,True,1809.9481757699998
trade,ETHUSDT,111433343,3489.26,1.204045,2026-03-20 05:55:10.388,True,4201.2260567
trade,BTCUSDT,119559777,97003.85,1.127932,2026-03-20 05:55:11.544,False,109413.7465382
trade,BTCUSDT,119559778,97408.01,1.278156,2026-03-20 05:55:14.194,True,124502.63242956
trade,ETHUSDT,111433344,3499.44,0.424694,2026-03-20 05:55:14.586,False,1486.19117136
trade,BTCUSDT,119559779,96876.32,1.022153,2026-03-20 05:55:15.153,False,99022.42111696002
trade,BTCUSDT,119559780,96903.33,1.008502,2026-03-20 05:55:17.572,False,97727.20211166001
trade,ETHUSDT,111433345,3517.47,1.456283,2026-03-20 05:55:18.349,False,5122.43176401
trade,ETHUSDT,111433346,3503.64,1.616101,2026-03-20 05:55:21.457,False,5662.23610764
trade,BTCUSDT,119559781,97070.61,1.812004,2026-03-20 05:55:21.750,True,175892.33360244
trade,BTCUSDT,119559782,97125.37,1.146538,2026-03-20 05:55:25.173,True,111357.92746906
trade,ETHUSDT,111433347,3497.91,1.181455,2026-03-20 05:55:26.184,True,4132.623259049999
trade,ETHUSDT,111433348,3506.49,0.136161,2026-03-20 05:55:26.855,False,477.44718488999996
trade,BTCUSDT,119559783,97178.37,1.76554,2026-03-20 05:55:29.828,True,171572.2993698
trade,ETHUSDT,111433349,3493.08,1.620211,2026-03-20 05:55:30.501,False,5659.52663988
trade,BTCUSDT,119559784,97024.31,1.589377,2026-03-20 05:55:33.009,False,154208.20675487
trade,ETHUSDT,111433350,3506.55,0.128105,2026-03-20 05:55:35.038,False,449.20658775000004
trade,ETHUSDT,111433351,3497.68,1.32105,2026-03-20 05:55:36.029,False,4620.610164
trade,BTCUSDT,119559785,97092.79,1.754335,2026-03-20 05:55:36.989,False,170333.27974464998
trade,ETHUSDT,111433352,3514.66,0.505183,2026-03-20 05:55:38.566,True,1775.5464827800001
trade,ETHUSDT,111433353,3498.53,0.210758,2026-03-20 05:55:40.919,True,737.3431857400001
trade,BTCUSDT,119559786,97160.45,0.705766,2026-03-20 05:55:41.155,True,68572.5421547
trade,ETHUSDT,111433354,3513.23,1.0986,2026-03-20 05:55:42.954,False,3859.634478
trade,BTCUSDT,119559787,96581.82,0.586225,2026-03-20 05:55:43.580,False,56618.67742950001
trade,ETHUSDT,111433355,3504.63,1.525959,2026-03-20 05:55:45.184,False,5347.92169017
trade,BTCUSDT,119559788,96712.45,1.560366,2026-03-20 05:55:48.545,True,150906.8187567
trade,ETHUSDT,111433356,3509.99,0.557914,2026-03-20 05:55:49.023,False,1958.2725608599999
trade,ETHUSDT,111433357,3507.2,1.756978,2026-03-20 05:55:51.738,False,6162.073241599999
trade,BTCUSDT,119559789,97071.9,0.785123,2026-03-20 05:55:52.123,True,76213.38134369999
trade,ETHUSDT,111433358,3495.21,1.182726,2026-03-20 05:55:53.125,False,4133.87574246
trade,BTCUSDT,119559790,97427.89,0.262717,2026-03-20 05:55:54.258,False,25595.96297713
trade,BTCUSDT,119559791,97020.74,1.114967,2026-03-20 05:55:55.765,True,108174.92341558001
trade,ETHUSDT,111433359,3497.65,1.198314,2026-03-20 05:55:55.845,True,4191.2829621
trade,BTCUSDT,119559792,96950.12,1.762918,2026-03-20 05:55:56.424,True,170915.11165016
trade,BTCUSDT,119559793,96633.09,0.543737,2026-03-20 05:55:56.892,True,52542.98645733
trade,BTCUSDT,119559794,97391.91,1.427206,2026-03-20 05:55:57.502,False,138998.31830346
trade,ETHUSDT,111433360,3490.16,1.993355,2026-03-20 05:56:00.768,True,6957.1278868
trade,ETHUSDT,111433361,3517.34,0.885911,2026-03-20 05:56:01.860,True,3116.05019674
trade,BTCUSDT,119559795,96976.07,1.789257,2026-03-20 05:56:02.483,False,173515.11207999
trade,BTCUSDT,119559796,97223.39,1.414702,2026-03-20 05:56:03.748,False,137542.12427978
trade,ETHUSDT,111433362,3483.04,1.528201,2026-03-20 05:56:04.082,False,5322.78521104
trade,BTCUSDT,119559797,97281.35,1.363561,2026-03-20 05:56:06.614,True,132649.05488735
trade,BTCUSDT,119559798,97006.74,1.968069,2026-03-20 05:56:07.391,False,190915.95778506002
trade,ETHUSDT,111433363,3494.01,0.789442,2026-03-20 05:56:07.520,True,2758.31824242
trade,BTCUSDT,119559799,96849.28,0.01176,2026-03-20 05:56:08.467,False,1138.9475327999999
trade,ETHUSDT,111433364,3494.11,1.606247,2026-03-20 05:56:11.713,False,5612.40370517
trade,ETHUSDT,111433365,3509.34,0.9756,2026-03-20 05:56:14.304,True,3423.712104
trade,ETHUSDT,111433366,3486.67,1.204855,2026-03-20 05:56:15.663,True,4200.93178285
trade,ETHUSDT,111433367,3515.0,1.30273,2026-03-20 05:56:19.834,True,4579.09595
trade,ETHUSDT,111433368,3498.61,1.241561,2026-03-20 05:56:21.854,True,4343.737730209999
trade,ETHUSDT,111433369,3485.02,0.074308,2026-03-20 05:56:23.639,True,258.96486616
trade,ETHUSDT,111433370,3507.69,0.510185,2026-03-20 05:56:27.231,False,1789.57082265
trade,ETHUSDT,111433371,3496.86,1.924839,2026-03-20 05:56:31.711,True,6730.8925055400005
trade,ETHUSDT,111433372,3510.71,1.59337,2026-03-20 05:56:32.853,True,5593.8599927
trade,ETHUSDT,111433373,3482.54,0.514308,2026-03-20 05:56:35.441,True,1791.09818232
trade,ETHUSDT,111433374,3482.89,1.70628,2026-03-20 05:56:39.844,True,5942.7855492
trade,ETHUSDT,111433375,3506.69,1.65129,2026-03-20 05:56:44.643,False,5790.5621301
trade,ETHUSDT,111433376,3493.28,0.888325,2026-03-20 05:56:47.655,False,3103.1679560000002
trade,ETHUSDT,111433377,3484.76,1.7323,2026-03-20 05:56:48.936,False,6036.649748
trade,ETHUSDT,111433378,3505.8,1.845245,2026-03-20 05:56:51.681,False,6469.059921
trade,ETHUSDT,111433379,3486.76,0.588091,2026-03-20 05:56:53.369,False,2050.5321751600004
trade,ETHUSDT,111433380,3499.87,1.392858,2026-03-20 05:56:54.688,True,4874.82192846
trade,ETHUSDT,111433381,3506.09,1.809553,2026-03-20 05:56:59.073,True,6344.45567777
trade,ETHUSDT,111433382,3487.41,1.615172,2026-03-20 05:57:00.215,False,5632.76698452
trade,ETHUSDT,111433383,3492.84,1.416384,2026-03-20 05:57:03.273,False,4947.2026905600005
trade,ETHUSDT,111433384,3495.91,1.585027,2026-03-20 05:57:03.514,False,5541.111739569999
