e,symbol,trade_id,price,quantity,trade_time,m,trade_value
trade,ETHUSDT,159279083,3511.8,0.651393,2026-03-20 04:32:24.014,False,2287.5619374000003
trade,BTCUSDT,140548816,97380.91,1.287326,2026-03-20 04:32:25.861,True,125360.97734666
trade,ETHUSDT,159279084,3513.44,0.028013,2026-03-20 04:32:27.063,False,98.42199472
trade,BTCUSDT,140548817,97363.73,0.894413,2026-03-20 04:32:27.533,False,87083.38584049
trade,BTCUSDT,140548818,96560.85,1.581569,2026-03-20 04:32:28.599,False,152717.64697365
trade,BTCUSDT,140548819,97057.39,1.189353,2026-03-20 04:32:30.026,False,115435.49796867001
trade,ETHUSDT,159279085,3501.25,1.725418,2026-03-20 04:32:30.357,False,6041.119772499999
trade,BTCUSDT,140548820,97060.37,1.576933,2026-03-20 04:32:32.175,False,153057.70044520998
trade,ETHUSDT,159279086,3509.18,0.066983,2026-03-20 04:32:34.182,False,235.05540394
trade,ETHUSDT,159279087,3495.43,1.966087,2026-03-20 04:32:36.452,True,6872.319482409999
trade,BTCUSDT,140548821,96737.72,1.595213,2026-03-20 04:32:36.453,True,154317.26853436
trade,ETHUSDT,159279088,3504.6,0.949806,2026-03-20 04:32:38.510,True,3328.6901076
trade,BTCUSDT,140548822,97396.95,1.519904,2026-03-20 04:32:39.165,False,148034.0138928
trade,BTCUSDT,140548823,97036.17,0.945743,2026-03-20 04:32:42.061,False,91771.27852431
trade,ETHUSDT,159279089,3508.54,1.444658,2026-03-20 04:32:42.860,True,5068.64037932
trade,ETHUSDT,159279090,3491.68,0.404165,2026-03-20 04:32:43.944,False,1411.2148472
trade,BTCUSDT,140548824,97185.08,0.411755,2026-03-20 04:32:45.531,True,40016.442615399996
trade,ETHUSDT,159279091,3490.77,1.765994,2026-03-20 04:32:45.561,False,6164.67887538
trade,ETHUSDT,159279092,3498.13,1.546956,2026-03-20 04:32:49.352,False,5411.45319228
trade,BTCUSDT,140548825,97002.43,0.593979,2026-03-20 04:32:49.569,False,57617.40636897
trade,BTCUSDT,140548826,96598.38,0.61297,2026-03-20 04:32:50.525,False,59211.90898860001
trade,ETHUSDT,159279093,3498.82,0.600656,2026-03-20 04:32:51.740,True,2101.58722592
trade,ETHUSDT,159279094,3483.04,0.321232,2026-03-20 04:32:52.109,True,1118.8639052800002
trade,BTCUSDT,140548827,97185.77,1.195255,2026-03-20 04:32:55.315,False,116161.77752135
trade,ETHUSDT,159279095,3507.43,0.953311,2026-03-20 04:32:56.452,False,3343.67160073
trade,BTCUSDT,140548828,96864.35,1.428733,2026-03-20 04:32:58.518,False,138393.29336855002
trade,BTCUSDT,140548829,96984.9,0.680008,2026-03-20 04:33:00.474,True,65950.50787919998
trade,ETHUSDT,159279096,3493.95,0.3859,2026-03-20 04:33:01.074,False,1348.315305
trade,ETHUSDT,159279097,3516.64,1.64037,2026-03-20 04:33:01.379,True,5768.5907568
trade,BTCUSDT,140548830,97321.03,1.565489,2026-03-20 04:33:03.604,True,152355.00193367
trade,ETHUSDT,159279098,3511.44,0.460494,2026-03-20 04:33:05.893,True,1616.9970513600001
trade,BTCUSDT,140548831,96543.73,1.959502,2026-03-20 04:33:06.816,False,189177.63202246
trade,ETHUSDT,159279099,3503.08,1.017523,2026-03-20 04:33:10.121,True,3564.4644708399996
trade,ETHUSDT,159279100,3500.2,1.293727,2026-03-20 04:33:10.426,False,4528.3032454
trade,ETHUSDT,159279101,3496.23,0.457775,2026-03-20 04:33:10.971,True,1600.48668825
trade,BTCUSDT,140548832,97146.62,1.278035,2026-03-20 04:33:11.509,False,124156.7804917
trade,BTCUSDT,140548833,96555.2,1.304239,2026-03-20 04:33:11.716,True,125931.05749279998
trade,BTCUSDT,140548834,97212.35,0.52861,2026-03-20 04:33:13.234,False,51387.420333500006
trade,ETHUSDT,159279102,3495.38,0.444723,2026-03-20 04:33:14.666,False,1554.47587974
trade,BTCUSDT,140548835,97434.49,1.869262,2026-03-20 04:33:15.411,True,182130.58964638002
trade,BTCUSDT,140548836,97333.27,1.445773,2026-03-20 04:33:16.263,True,140721.81376771
trade,ETHUSDT,159279103,3484.06,1.068946,2026-03-20 04:33:18.148,False,3724.2720007599996
trade,BTCUSDT,140548837,97108.25,1.487914,2026-03-20 04:33:18.423,True,144488.7246905
trade,BTCUSDT,140548838,96952.51,0.843436,2026-03-20 04:33:18.987,False,81773.23722436
trade,ETHUSDT,159279104,3507.16,0.518697,2026-03-20 04:33:19.707,False,1819.1533705199997
trade,BTCUSDT,140548839,97091.17,0.911083,2026-03-20 04:33:20.418,True,88458.11443711
trade,ETHUSDT,159279105,3503.37,0.518741,2026-03-20 04:33:23.208,True,1817.34165717
trade,BTCUSDT,140548840,97354.94,1.370769,2026-03-20 04:33:23.288,False,133451.13374885998
trade,BTCUSDT,140548841,97144.19,1.105155,2026-03-20 04:33:24.538,False,107359.38729945001
trade,ETHUSDT,159279106,3485.23,1.14282,2026-03-20 04:33:27.022,True,3982.9905486
trade,BTCUSDT,140548842,96995.77,0.232252,2026-03-20 04:33:27.740,False,22527.46157404
trade,ETHUSDT,159279107,3496.0,0.209074,2026-03-20 04:33:28.508,False,730.9227040000001
trade,BTCUSDT,140548843,97185.65,0.943891,2026-03-20 04:33:30.586,False,91732.66036415
trade,ETHUSDT,159279108,3502.41,1.037604,2026-03-20 04:33:31.884,False,3634.1146256399998
trade,BTCUSDT,140548844,96852.14,0.049516,2026-03-20 04:33:32.381,False,4795.73056424
trade,ETHUSDT,159279109,3501.48,0.918807,2026-03-20 04:33:33.632,False,3217.1843343600003
trade,BTCUSDT,140548845,97259.25,0.684012,2026-03-20 04:33:34.793,False,66526.49411099999
trade,BTCUSDT,140548846,96759.99,1.517613,2026-03-20 04:33:35.776,True,146844.21870387002
trade,BTCUSDT,140548847,97102.37,0.220538,2026-03-20 04:33:37.025,False,21414.76247506
trade,ETHUSDT,159279110,3504.11,1.789601,2026-03-20 04:33:38.534,True,6270.95876011
trade,BTCUSDT,140548815,97123.58,0.78407,2026-03-20 04:33:38.707,True,76151.68537060001
trade,BTCUSDT,140548848,97123.58,0.78407,2026-03-20 04:33:38.707,True,76151.68537060001
trade,BTCUSDT,140548849,97422.44,1.272726,2026-03-20 04:33:40.328,False,123992.07237144001
trade,BTCUSDT,140548850,96840.93,0.991532,2026-03-20 04:33:40.655,True,96020.88100475998
trade,ETHUSDT,159279111,3497.52,0.282281,2026-03-20 04:33:41.590,True,987.28344312
trade,BTCUSDT,140548851,96950.62,1.492037,2026-03-20 04:33:45.058,False,144653.91221294
trade,ETHUSDT,159279112,3513.33,0.71267,2026-03-20 04:33:45.730,True,2503.8448911
trade,BTCUSDT,140548852,96949.98,1.934236,2026-03-20 04:33:47.588,True,187524.14151528
trade,ETHUSDT,159279113,3509.9,1.307743,2026-03-20 04:33:49.690,True,4590.0471557
trade,BTCUSDT,140548853,97146.46,1.284132,2026-03-20 04:33:51.700,True,124748.87797272002
trade,BTCUSDT,140548854,97030.26,1.934956,2026-03-20 04:33:53.846,False,187749.28376855998
trade,ETHUSDT,159279114,3493.52,0.316549,2026-03-20 04:33:54.154,True,1105.87026248
trade,BTCUSDT,140548855,97044.63,0.1902,2026-03-20 04:33:54.364,True,18457.888626
trade,BTCUSDT,140548856,97229.38,0.756061,2026-03-20 04:33:55.948,False,73511.34227218
trade,BTCUSDT,140548857,97245.87,1.491055,2026-03-20 04:33:56.806,True,144998.94069284998
trade,ETHUSDT,159279115,3510.14,0.599295,2026-03-20 04:33:58.619,False,2103.6093513
trade,BTCUSDT,140548858,97068.18,0.91363,2026-03-20 04:34:01.729,False,88684.4012934
trade,BTCUSDT,140548859,96852.84,0.170036,2026-03-20 04:34:02.412,True,16468.469502239997
trade,ETHUSDT,159279116,3491.93,1.009127,2026-03-20 04:34:02.604,True,3523.8008451100004
trade,ETHUSDT,159279117,3510.64,1.864226,2026-03-20 04:34:04.434,True,6544.626364639999
trade,BTCUSDT,140548860,97450.26,1.09108,2026-03-20 04:34:07.130,False,106326.0296808
trade,ETHUSDT,159279118,3499.19,1.641744,2026-03-20 04:34:09.275,False,5744.774187360001
trade,BTCUSDT,140548861,97348.72,1.516307,2026-03-20 04:34:10.298,False,147610.54557704
trade,ETHUSDT,159279119,3499.39,1.821552,2026-03-20 04:34:13.337,True,6374.32085328
trade,BTCUSDT,140548862,96686.44,1.404892,2026-03-20 04:34:13.517,False,135834.00606448
trade,BTCUSDT,140548863,96560.45,0.845504,2026-03-20 04:34:15.048,True,81642.2467168
trade,ETHUSDT,159279120,3497.89,0.818193,2026-03-20 04:34:15.618,False,2861.94911277
trade,ETHUSDT,159279121,3485.45,0.045193,2026-03-20 04:34:16.447,True,157.51794184999997
trade,BTCUSDT,140548864,96861.17,1.877702,2026-03-20 04:34:17.989,True,181876.41263134
trade,ETHUSDT,159279122,3516.78,0.833659,2026-03-20 04:34:19.221,True,2931.7952980200002
trade,BTCUSDT,140548865,97050.73,0.802547,2026-03-20 04:34:20.004,True,77887.77220931
trade,ETHUSDT,159279123,3493.57,0.252336,2026-03-20 04:34:21.156,True,881.5534795200001
trade,ETHUSDT,159279124,3506.68,0.851832,2026-03-20 04:34:23.597,True,2987.1022377599998
trade,BTCUSDT,140548866,97160.98,1.344089,2026-03-20 04:34:24.309,True,130593.00444722001
trade,BTCUSDT,140548867,96550.12,1.612691,2026-03-20 04:34:24.627,False,155705.50957292
trade,ETHUSDT,159279125,3483.7,0.336559,2026-03-20 04:34:25.907,False,1172.4705883
trade,BTCUSDT,140548868,96604.75,1.687654,2026-03-20 04:34:27.258,True,163035.3927565
trade,BTCUSDT,140548869,97190.1,1.224291,2026-03-20 04:34:28.807,False,118988.96471910001
trade,ETHUSDT,159279126,3507.68,1.923999,2026-03-20 04:34:30.361,False,6748.7728123199995
trade,BTCUSDT,140548870,97326.42,0.867181,2026-03-20 04:34:31.324,False,84399.62222202
trade,ETHUSDT,159279127,3495.1,0.476486,2026-03-20 04:34:33.407,False,1665.3662186000001
trade,BTCUSDT,140548871,97423.04,1.218394,2026-03-20 04:34:33.854,False,118699.64739776
trade,BTCUSDT,140548872,97317.94,0.454804,2026-03-20 04:34:36.338,False,44260.58838376
trade,ETHUSDT,159279128,3517.19,1.503539,2026-03-20 04:34:38.199,True,5288.23233541
trade,BTCUSDT,140548873,97152.09,0.018843,2026-03-20 04:34:38.830,False,1830.6368318699997
trade,ETHUSDT,159279129,3508.13,1.93924,2026-03-20 04:34:40.452,True,6803.1060212
trade,BTCUSDT,140548874,97439.96,0.753971,2026-03-20 04:34:42.345,True,73466.90408116
trade,BTCUSDT,140548875,96914.31,0.662896,2026-03-20 04:34:44.286,True,64244.10844176
trade,ETHUSDT,159279130,3503.14,1.984883,2026-03-20 04:34:45.038,False,6953.323032619999
trade,ETHUSDT,159279131,3491.51,1.20495,2026-03-20 04:34:45.414,True,4207.0949745
trade,BTCUSDT,140548876,96537.53,0.888199,2026-03-20 04:34:48.853,False,85744.53760847
trade,ETHUSDT,159279132,3500.95,1.160713,2026-03-20 04:34:49.365,True,4063.5981773500002
trade,ETHUSDT,159279133,3513.85,0.414426,2026-03-20 04:34:50.391,False,1456.2308001000001
trade,ETHUSDT,159279134,3510.28,1.969957,2026-03-20 04:34:53.505,True,6915.10065796
trade,BTCUSDT,140548877,96643.38,0.134578,2026-03-20 04:34:53.764,False,13006.072793640002
trade,BTCUSDT,140548878,97108.21,1.133068,2026-03-20 04:34:54.847,True,110030.20528828
trade,ETHUSDT,159279135,3493.91,1.805279,2026-03-20 04:34:57.073,False,6307.48235089
trade,ETHUSDT,159279136,3511.67,0.215818,2026-03-20 04:34:57.848,False,757.8815960600001
trade,BTCUSDT,140548879,97392.49,1.970521,2026-03-20 04:34:58.612,False,191913.94678729
trade,ETHUSDT,159279137,3516.63,0.028314,2026-03-20 04:34:59.288,True,99.56986182
trade,BTCUSDT,140548880,97059.86,1.411684,2026-03-20 04:35:01.742,True,137017.85140424
trade,ETHUSDT,159279138,3508.53,1.288651,2026-03-20 04:35:02.674,False,4521.27069303
trade,BTCUSDT,140548881,97092.2,1.553471,2026-03-20 04:35:03.456,False,150829.9170262
trade,ETHUSDT,159279139,3498.61,0.000792,2026-03-20 04:35:04.803,False,2.7708991199999997
trade,BTCUSDT,140548882,96786.82,0.007356,2026-03-20 04:35:07.085,True,711.96384792
trade,ETHUSDT,159279140,3514.92,1.812228,2026-03-20 04:35:07.384,False,6369.83644176
trade,BTCUSDT,140548883,97263.14,0.42745,2026-03-20 04:35:08.005,False,41575.129193
trade,ETHUSDT,159279141,3508.14,0.460423,2026-03-20 04:35:11.629,False,1615.22834322
trade,BTCUSDT,140548884,97175.15,1.780242,2026-03-20 04:35:11.782,True,172995.2833863
trade,BTCUSDT,140548885,96956.98,0.530429,2026-03-20 04:35:12.655,False,51428.79394442
trade,ETHUSDT,159279142,3511.0,0.107419,2026-03-20 04:35:14.358,False,377.148109
trade,BTCUSDT,140548886,97339.99,0.66367,2026-03-20 04:35:17.045,True,64601.6311633
trade,BTCUSDT,140548887,96954.05,1.090113,2026-03-20 04:35:17.432,False,105690.87030765001
trade,ETHUSDT,159279143,3507.95,0.17675,2026-03-20 04:35:17.948,True,620.0301625
trade,BTCUSDT,140548888,96692.01,1.866916,2026-03-20 04:35:18.765,False,180515.86054116
trade,BTCUSDT,140548889,97323.01,1.889757,2026-03-20 04:35:19.908,False,183916.83940856997
trade,BTCUSDT,140548890,97129.34,0.542957,2026-03-20 04:35:21.579,False,52737.05505838
trade,ETHUSDT,159279144,3507.8,1.574753,2026-03-20 04:35:22.370,True,5523.9185734
trade,ETHUSDT,159279145,3503.29,1.691988,2026-03-20 04:35:24.021,False,5927.5246405200005
trade,BTCUSDT,140548891,97066.16,1.015959,2026-03-20 04:35:25.363,False,98615.23884744
trade,ETHUSDT,159279146,3487.14,0.121498,2026-03-20 04:35:25.785,True,423.68053571999997
trade,BTCUSDT,140548892,96577.34,1.491939,2026-03-20 04:35:27.492,False,144087.50006226
trade,BTCUSDT,140548893,97206.04,1.138846,2026-03-20 04:35:28.512,False,110702.70982984
trade,ETHUSDT,159279147,3486.8,1.217758,2026-03-20 04:35:28.788,True,4246.0785944
trade,BTCUSDT,140548894,96734.05,1.74676,2026-03-20 04:35:28.958,False,168971.169178
trade,ETHUSDT,159279148,3489.3,1.994865,2026-03-20 04:35:30.912,True,6960.682444500001
trade,BTCUSDT,140548895,96585.97,0.955756,2026-03-20 04:35:32.568,True,92312.62034332
trade,ETHUSDT,159279149,3511.1,1.880282,2026-03-20 04:35:33.650,False,6601.8581302
trade,BTCUSDT,140548896,96870.84,0.667242,2026-03-20 04:35:36.491,True,64636.29302328
trade,ETHUSDT,159279150,3514.7,1.049843,2026-03-20 04:35:37.332,True,3689.8831921
trade,BTCUSDT,140548897,97148.57,0.428021,2026-03-20 04:35:38.479,True,41581.62807997
trade,ETHUSDT,159279151,3489.15,0.144491,2026-03-20 04:35:40.003,False,504.15077265
trade,BTCUSDT,140548898,96888.46,0.533787,2026-03-20 04:35:40.225,True,51717.80039802
trade,ETHUSDT,159279152,3496.64,0.227609,2026-03-20 04:35:40.290,True,795.86673376
trade,ETHUSDT,159279153,3512.98,1.972193,2026-03-20 04:35:40.890,False,6928.27456514
trade,ETHUSDT,159279154,3514.37,0.501438,2026-03-20 04:35:42.668,False,1762.23866406
trade,ETHUSDT,159279155,3513.15,0.655308,2026-03-20 04:35:43.155,False,2302.1953002
trade,ETHUSDT,159279156,3503.41,1.025844,2026-03-20 04:35:44.793,True,3593.95212804
trade,BTCUSDT,140548899,97148.98,1.152248,2026-03-20 04:35:44.833,True,111939.71790703999
trade,ETHUSDT,159279157,3490.32,1.039576,2026-03-20 04:35:45.440,True,3628.4529043200005
trade,ETHUSDT,159279158,3501.37,1.491353,2026-03-20 04:35:46.432,False,5221.778653609999
trade,BTCUSDT,140548900,97041.77,0.550388,2026-03-20 04:35:48.522,True,53410.62570676
trade,BTCUSDT,140548901,96979.48,1.5318,2026-03-20 04:35:49.062,False,148553.167464
trade,ETHUSDT,159279159,3490.55,0.129895,2026-03-20 04:35:49.404,True,453.4049922500001
trade,BTCUSDT,140548902,96515.26,1.560402,2026-03-20 04:35:53.157,True,150602.60473452
trade,ETHUSDT,159279160,3508.56,0.037782,2026-03-20 04:35:53.437,True,132.56041392
trade,BTCUSDT,140548903,96626.15,1.577322,2026-03-20 04:35:55.342,True,152410.55217029998
trade,ETHUSDT,159279161,3512.12,0.469149,2026-03-20 04:35:56.635,False,1647.70758588
trade,ETHUSDT,159279162,3492.74,0.341613,2026-03-20 04:35:58.580,False,1193.1653896199998
trade,BTCUSDT,140548904,97121.54,1.180891,2026-03-20 04:35:58.704,False,114689.95249213999
trade,BTCUSDT,140548905,97478.89,1.243499,2026-03-20 04:35:58.936,False,121214.90223610999
trade,BTCUSDT,140548906,97277.68,1.026142,2026-03-20 04:36:00.088,False,99820.71311056
trade,ETHUSDT,159279163,3514.23,0.033366,2026-03-20 04:36:01.085,True,117.25579818
trade,BTCUSDT,140548907,97477.08,1.519991,2026-03-20 04:36:02.234,True,148164.28430628002
trade,BTCUSDT,140548908,96575.24,0.862665,2026-03-20 04:36:03.972,True,83312.07941460001
trade,BTCUSDT,140548909,96623.46,0.973076,2026-03-20 04:36:05.544,False,94021.96996296
trade,ETHUSDT,159279164,3501.49,1.366871,2026-03-20 04:36:05.709,False,4786.08513779
trade,ETHUSDT,159279165,3498.39,1.281876,2026-03-20 04:36:05.865,False,4484.50217964
trade,ETHUSDT,159279166,3489.38,0.66645,2026-03-20 04:36:06.213,False,2325.497301
trade,ETHUSDT,159279167,3505.54,0.030375,2026-03-20 04:36:07.482,True,106.4807775
trade,BTCUSDT,140548910,96851.45,1.910021,2026-03-20 04:36:08.058,False,184988.30338045
trade,ETHUSDT,159279168,3489.37,0.787386,2026-03-20 04:36:09.631,False,2747.48108682
trade,BTCUSDT,140548911,97333.56,1.275974,2026-03-20 04:36:09.819,False,124195.09188744
trade,BTCUSDT,140548912,96727.32,1.128954,2026-03-20 04:36:12.015,False,109200.69482328
trade,ETHUSDT,159279169,3505.64,1.044778,2026-03-20 04:36:12.080,False,3662.6155479199997
trade,BTCUSDT,140548913,97102.54,1.126712,2026-03-20 04:36:14.128,False,109406.59704847999
trade,ETHUSDT,159279170,3500.28,0.250154,2026-03-20 04:36:16.100,False,875.60904312
trade,BTCUSDT,140548914,97242.95,0.120251,2026-03-20 04:36:19.092,False,11693.56198045
trade,BTCUSDT,140548915,96579.64,0.293846,2026-03-20 04:36:20.609,False,28379.54089544
trade,ETHUSDT,159279171,3513.52,1.163284,2026-03-20 04:36:21.028,False,4087.22159968
trade,BTCUSDT,140548916,97024.52,1.195309,2026-03-20 04:36:24.316,False,115974.28197668
trade,ETHUSDT,159279172,3508.46,1.763734,2026-03-20 04:36:24.348,False,6187.99018964
trade,ETHUSDT,159279173,3483.32,1.454453,2026-03-20 04:36:25.690,True,5066.325223960001
trade,BTCUSDT,140548917,96675.5,0.075438,2026-03-20 04:36:25.888,True,7293.006369000001
trade,BTCUSDT,140548918,96885.66,1.764591,2026-03-20 04:36:27.357,True,170963.56366506
trade,ETHUSDT,159279174,3488.44,1.136525,2026-03-20 04:36:29.581,False,3964.699271
trade,BTCUSDT,140548919,96743.51,0.029868,2026-03-20 04:36:30.076,True,2889.5351566799995
trade,ETHUSDT,159279175,3489.04,1.080613,2026-03-20 04:36:30.136,False,3770.30198152
trade,ETHUSDT,159279176,3487.84,1.801312,2026-03-20 04:36:33.942,False,6282.68804608
trade,ETHUSDT,159279177,3516.58,0.132229,2026-03-20 04:36:34.219,False,464.99385682
trade,BTCUSDT,140548920,96715.74,1.523539,2026-03-20 04:36:34.400,False,147350.20180386
trade,ETHUSDT,159279178,3489.8,1.927404,2026-03-20 04:36:36.548,True,6726.2544792
trade,ETHUSDT,159279179,3509.25,0.371102,2026-03-20 04:36:36.782,False,1302.2896934999999
trade,BTCUSDT,140548921,97164.26,1.405785,2026-03-20 04:36:37.728,False,136592.0592441
trade,ETHUSDT,159279180,3503.92,1.748196,2026-03-20 04:36:38.021,True,6125.53892832
trade,BTCUSDT,140548922,96530.84,0.211019,2026-03-20 04:36:39.484,False,20369.841325960002
trade,BTCUSDT,140548923,96810.68,0.646052,2026-03-20 04:36:40.253,True,62544.733435359994
trade,BTCUSDT,140548924,97032.34,0.542781,2026-03-20 04:36:41.501,False,52667.31053754
trade,ETHUSDT,159279181,3483.69,0.069368,2026-03-20 04:36:41.845,True,241.65660792
trade,ETHUSDT,159279182,3504.16,0.386109,2026-03-20 04:36:44.426,False,1352.9877134399999
trade,BTCUSDT,140548925,97454.53,1.448022,2026-03-20 04:36:44.991,False,141116.30343966
trade,ETHUSDT,159279183,3501.31,0.073224,2026-03-20 04:36:47.143,False,256.37992343999997
trade,ETHUSDT,159279184,3500.76,1.056731,2026-03-20 04:36:47.655,True,3699.3616155600007
trade,BTCUSDT,140548926,96823.1,0.002418,2026-03-20 04:36:48.599,False,234.11825580000001
trade,ETHUSDT,159279185,3488.73,1.373096,2026-03-20 04:36:48.859,False,4790.36120808
trade,BTCUSDT,140548927,97259.11,0.289727,2026-03-20 04:36:50.652,True,28178.590162970002
trade,ETHUSDT,159279186,3515.19,0.960862,2026-03-20 04:36:51.343,True,3377.61249378
trade,BTCUSDT,140548928,96826.12,1.19533,2026-03-20 04:36:52.131,True,115739.1660196
trade,ETHUSDT,159279187,3500.08,1.848092,2026-03-20 04:36:53.091,True,6468.46984736
trade,BTCUSDT,140548929,97421.39,0.43467,2026-03-20 04:36:56.621,False,42346.1555913
trade,ETHUSDT,159279188,3508.44,0.920223,2026-03-20 04:36:56.852,False,3228.54718212
trade,BTCUSDT,140548930,97402.3,0.113085,2026-03-20 04:36:58.010,False,11014.739095500001
trade,BTCUSDT,140548931,96827.24,0.525051,2026-03-20 04:36:58.975,False,50839.239189240005
trade,BTCUSDT,140548932,97450.74,0.91893,2026-03-20 04:37:01.567,False,89550.40850820001
trade,ETHUSDT,159279189,3499.45,1.045429,2026-03-20 04:37:01.734,False,3658.4265140499997
trade,ETHUSDT,159279190,3501.57,1.935092,2026-03-20 04:37:06.423,True,6775.8600944400005
trade,BTCUSDT,140548933,97399.96,1.008925,2026-03-20 04:37:06.526,True,98269.25464300001
trade,ETHUSDT,159279191,3513.46,1.644031,2026-03-20 04:37:06.625,True,5776.2371572600005
trade,BTCUSDT,140548934,96580.82,0.916569,2026-03-20 04:37:07.344,False,88522.98560658
trade,BTCUSDT,140548935,97220.49,0.523063,2026-03-20 04:37:07.792,True,50852.441160869996
trade,ETHUSDT,159279192,3508.85,1.936461,2026-03-20 04:37:08.934,True,6794.75117985
trade,ETHUSDT,159279193,3502.22,1.505743,2026-03-20 04:37:09.729,False,5273.44324946
trade,BTCUSDT,140548936,97029.42,0.99806,2026-03-20 04:37:11.559,True,96841.18292519999
trade,ETHUSDT,159279194,3512.35,1.54501,2026-03-20 04:37:11.809,False,5426.6158735
trade,ETHUSDT,159279195,3488.96,0.20889,2026-03-20 04:37:13.354,True,728.8088544
trade,BTCUSDT,140548937,96985.95,0.928717,2026-03-20 04:37:13.901,True,90072.50052615
trade,BTCUSDT,140548938,97174.11,0.645809,2026-03-20 04:37:15.020,False,62755.914804989996
trade,ETHUSDT,159279196,3490.93,0.472497,2026-03-20 04:37:17.794,True,1649.45395221
trade,BTCUSDT,140548939,97270.19,1.969915,2026-03-20 04:37:19.276,True,191614.00633385
trade,ETHUSDT,159279197,3494.51,0.078807,2026-03-20 04:37:19.358,True,275.39184957000003
trade,ETHUSDT,159279198,3484.92,1.725916,2026-03-20 04:37:21.262,False,6014.67918672
trade,BTCUSDT,140548940,97018.31,1.638834,2026-03-20 04:37:21.957,False,158996.90505054
trade,BTCUSDT,140548941,96515.22,1.28524,2026-03-20 04:37:23.730,False,124045.2213528
trade,ETHUSDT,159279199,3485.51,0.880226,2026-03-20 04:37:24.726,False,3068.03652526
trade,BTCUSDT,140548942,97039.45,1.719218,2026-03-20 04:37:24.983,True,166831.9691501
trade,BTCUSDT,140548943,97335.19,0.27773,2026-03-20 04:37:25.473,False,27032.9023187
trade,BTCUSDT,140548944,97103.31,1.504958,2026-03-20 04:37:26.993,False,146136.40321098
trade,ETHUSDT,159279200,3500.26,1.378663,2026-03-20 04:37:27.263,False,4825.67895238
trade,ETHUSDT,159279201,3509.51,1.002198,2026-03-20 04:37:31.271,True,3517.22390298
trade,BTCUSDT,140548945,96621.22,0.832469,2026-03-20 04:37:31.879,False,80434.17039218
trade,BTCUSDT,140548946,96688.76,1.80813,2026-03-20 04:37:34.455,False,174825.8476188
trade,ETHUSDT,159279202,3490.84,1.616913,2026-03-20 04:37:35.246,False,5644.384576920001
trade,BTCUSDT,140548947,96854.8,1.409226,2026-03-20 04:37:36.167,False,136490.30238480002
trade,ETHUSDT,159279203,3513.38,1.957938,2026-03-20 04:37:40.008,False,6878.98021044
trade,BTCUSDT,140548948,97311.3,1.672899,2026-03-20 04:37:41.121,False,162791.9764587
trade,BTCUSDT,140548949,97114.95,1.674344,2026-03-20 04:37:42.371,False,162603.8338428
trade,ETHUSDT,159279204,3491.62,1.21976,2026-03-20 04:37:42.709,True,4258.9384112
trade,ETHUSDT,159279205,3487.71,1.009159,2026-03-20 04:37:43.876,True,3519.65393589
trade,BTCUSDT,140548950,96793.56,1.155328,2026-03-20 04:37:45.961,False,111828.31008767999
trade,BTCUSDT,140548951,97182.68,0.330794,2026-03-20 04:37:46.327,True,32147.447447919996
trade,ETHUSDT,159279206,3490.64,1.849881,2026-03-20 04:37:47.578,False,6457.26861384
trade,ETHUSDT,159279207,3510.35,1.293241,2026-03-20 04:37:49.538,False,4539.72854435
trade,BTCUSDT,140548952,97233.85,0.25579,2026-03-20 04:37:50.709,False,24871.446491500003
trade,BTCUSDT,140548953,97338.4,1.454078,2026-03-20 04:37:53.844,True,141537.62599519998
trade,ETHUSDT,159279208,3512.45,1.876033,2026-03-20 04:37:54.282,False,6589.47211085
trade,BTCUSDT,140548954,97067.08,1.109254,2026-03-20 04:37:54.291,True,107672.04675832
trade,ETHUSDT,159279209,3510.65,1.871715,2026-03-20 04:37:57.236,False,6570.93626475
trade,BTCUSDT,140548955,97138.66,0.090854,2026-03-20 04:37:57.245,True,8825.435815640001
trade,BTCUSDT,140548956,96771.73,1.375641,2026-03-20 04:38:00.822,False,133123.15942893
trade,ETHUSDT,159279210,3489.14,1.811615,2026-03-20 04:38:00.840,True,6320.978361099999
trade,ETHUSDT,159279211,3500.81,1.094894,2026-03-20 04:38:01.245,False,3833.01586414
trade,BTCUSDT,140548957,96732.76,0.39281,2026-03-20 04:38:01.682,True,37997.5954556
trade,ETHUSDT,159279212,3513.8,1.530141,2026-03-20 04:38:03.506,True,5376.6094458
trade,BTCUSDT,140548958,96764.26,1.435607,2026-03-20 04:38:06.525,True,138915.44900582
trade,ETHUSDT,159279213,3516.97,0.052334,2026-03-20 04:38:06.593,True,184.05710797999998
trade,BTCUSDT,140548959,97068.32,1.895654,2026-03-20 04:38:06.920,True,184007.94908128
trade,BTCUSDT,140548960,97476.08,1.807136,2026-03-20 04:38:08.628,True,176152.53330688
trade,ETHUSDT,159279214,3514.06,0.190903,2026-03-20 04:38:10.528,True,670.8445961799999
trade,ETHUSDT,159279215,3483.94,1.767358,2026-03-20 04:38:11.353,False,6157.36923052
trade,BTCUSDT,140548961,96596.61,0.293356,2026-03-20 04:38:13.541,False,28337.19512316
trade,ETHUSDT,159279216,3509.22,0.648893,2026-03-20 04:38:14.370,True,2277.10829346
trade,BTCUSDT,140548962,97022.94,1.519009,2026-03-20 04:38:15.736,False,147378.71906646
trade,ETHUSDT,159279217,3498.14,1.150516,2026-03-20 04:38:16.762,False,4024.6660402400003
trade,BTCUSDT,140548963,96523.08,0.829807,2026-03-20 04:38:18.482,True,80095.52744556
trade,ETHUSDT,159279218,3496.25,0.592975,2026-03-20 04:38:20.150,False,2073.18884375
trade,ETHUSDT,159279219,3487.29,1.267318,2026-03-20 04:38:20.444,False,4419.50538822
trade,BTCUSDT,140548964,97428.65,1.209621,2026-03-20 04:38:23.040,False,117851.74104164999
trade,ETHUSDT,159279220,3492.58,0.925533,2026-03-20 04:38:24.068,True,3232.49804514
trade,ETHUSDT,159279221,3507.87,0.92817,2026-03-20 04:38:24.539,False,3255.8996979
trade,BTCUSDT,140548965,96963.16,1.739422,2026-03-20 04:38:24.744,True,168659.85369352
trade,BTCUSDT,140548966,96792.8,0.59759,2026-03-20 04:38:26.473,True,57842.409351999995
trade,BTCUSDT,140548967,96627.47,0.894386,2026-03-20 04:38:27.330,True,86422.25638342
trade,ETHUSDT,159279222,3507.62,1.041247,2026-03-20 04:38:27.510,True,3652.29880214
trade,ETHUSDT,159279223,3489.43,1.945379,2026-03-20 04:38:27.692,True,6788.2638439699995
trade,BTCUSDT,140548968,97197.03,1.342878,2026-03-20 04:38:28.240,True,130523.75325234
trade,BTCUSDT,140548969,97221.49,1.578698,2026-03-20 04:38:31.917,True,153483.37182002
trade,ETHUSDT,159279224,3512.15,1.558313,2026-03-20 04:38:31.922,True,5473.02900295
trade,BTCUSDT,140548970,97141.79,0.718802,2026-03-20 04:38:34.475,False,69825.71293558
trade,ETHUSDT,159279225,3499.29,1.498404,2026-03-20 04:38:35.485,True,5243.35013316
trade,BTCUSDT,140548971,97022.68,0.114003,2026-03-20 04:38:38.423,True,11060.876588039999
trade,ETHUSDT,159279226,3491.84,1.156657,2026-03-20 04:38:39.609,False,4038.8611788800004
trade,ETHUSDT,159279227,3493.15,1.877151,2026-03-20 04:38:42.168,False,6557.17001565
trade,BTCUSDT,140548972,96625.02,0.358745,2026-03-20 04:38:42.912,True,34663.7427999
trade,ETHUSDT,159279228,3490.45,1.884473,2026-03-20 04:38:43.514,False,6577.65878285
trade,BTCUSDT,140548973,97042.72,0.067454,2026-03-20 04:38:43.888,True,6545.91963488
trade,BTCUSDT,140548974,96879.77,0.529342,2026-03-20 04:38:44.737,True,51282.53121134
trade,ETHUSDT,159279229,3517.46,1.312551,2026-03-20 04:38:46.480,False,4616.84564046
trade,ETHUSDT,159279230,3488.92,0.565265,2026-03-20 04:38:46.696,False,1972.1643638
trade,BTCUSDT,140548975,97228.14,0.340575,2026-03-20 04:38:47.922,False,33113.473780500004
trade,ETHUSDT,159279231,3509.38,0.096721,2026-03-20 04:38:48.696,False,339.43074298
trade,BTCUSDT,140548976,97368.81,1.703248,2026-03-20 04:38:51.487,False,165843.23089488
trade,ETHUSDT,159279232,3512.47,0.716744,2026-03-20 04:38:51.727,True,2517.54179768
trade,ETHUSDT,159279233,3492.12,1.359215,2026-03-20 04:38:53.479,False,4746.5418858
trade,BTCUSDT,140548977,97041.6,1.989142,2026-03-20 04:38:53.521,True,193029.5223072
trade,BTCUSDT,140548978,96969.5,1.393297,2026-03-20 04:38:55.517,True,135107.3134415
trade,BTCUSDT,140548979,97065.8,1.915145,2026-03-20 04:38:57.263,True,185895.08154100002
trade,ETHUSDT,159279234,3508.14,1.64406,2026-03-20 04:38:57.741,True,5767.5926484
trade,BTCUSDT,140548980,96651.01,1.643295,2026-03-20 04:38:58.521,True,158826.12147795
trade,ETHUSDT,159279235,3503.93,0.047889,2026-03-20 04:39:01.697,False,167.79970377
trade,BTCUSDT,140548981,97278.33,1.17669,2026-03-20 04:39:02.148,True,114466.4381277
trade,ETHUSDT,159279236,3507.34,0.155155,2026-03-20 04:39:02.345,True,544.1813377
trade,BTCUSDT,140548982,97096.64,0.289051,2026-03-20 04:39:02.759,True,28065.88088864
trade,BTCUSDT,140548983,97415.25,1.735844,2026-03-20 04:39:04.103,True,169097.677221
trade,ETHUSDT,159279237,3483.04,0.182687,2026-03-20 04:39:05.726,False,636.30612848
trade,BTCUSDT,140548984,96832.99,1.822232,2026-03-20 04:39:07.018,True,176452.17303368
trade,BTCUSDT,140548985,96565.11,1.746776,2026-03-20 04:39:07.268,True,168677.61658536003
trade,ETHUSDT,159279238,3486.53,0.440925,2026-03-20 04:39:07.285,True,1537.2982402500002
trade,ETHUSDT,159279239,3513.3,0.443469,2026-03-20 04:39:09.971,True,1558.0396377000002
trade,BTCUSDT,140548986,97146.2,0.042781,2026-03-20 04:39:10.018,True,4156.0115822
trade,ETHUSDT,159279240,3493.02,1.682794,2026-03-20 04:39:11.150,False,5878.033097879999
trade,BTCUSDT,140548987,96758.37,1.977536,2026-03-20 04:39:11.375,False,191343.15997632
trade,ETHUSDT,159279241,3488.11,0.208182,2026-03-20 04:39:13.958,True,726.1617160200001
trade,BTCUSDT,140548988,97391.93,1.955924,2026-03-20 04:39:15.766,True,190491.21329331998
trade,BTCUSDT,140548989,97174.08,0.767643,2026-03-20 04:39:17.729,False,74595.00229344
trade,ETHUSDT,159279242,3495.42,0.007545,2026-03-20 04:39:18.408,False,26.3729439
trade,ETHUSDT,159279243,3505.84,0.368494,2026-03-20 04:39:19.686,False,1291.88100496
trade,BTCUSDT,140548990,96681.9,0.622017,2026-03-20 04:39:20.825,True,60137.7853923
trade,BTCUSDT,140548991,97180.98,0.160593,2026-03-20 04:39:23.701,True,15606.58512114
trade,ETHUSDT,159279244,3504.34,0.361803,2026-03-20 04:39:24.601,False,1267.88072502
trade,ETHUSDT,159279245,3484.21,0.307417,2026-03-20 04:39:25.359,False,1071.10538557
trade,BTCUSDT,140548992,97248.2,0.047369,2026-03-20 04:39:27.764,False,4606.5499858
trade,BTCUSDT,140548993,97275.68,1.635018,2026-03-20 04:39:28.231,False,159047.48776224
trade,ETHUSDT,159279246,3501.43,1.825564,2026-03-20 04:39:28.711,False,6392.08455652
trade,ETHUSDT,159279247,3510.12,1.16906,2026-03-20 04:39:29.463,True,4103.5408872
trade,BTCUSDT,140548994,96952.23,0.74263,2026-03-20 04:39:32.465,True,71999.6345649
trade,BTCUSDT,140548995,97066.31,1.369421,2026-03-20 04:39:33.453,False,132924.64330651
trade,ETHUSDT,159279248,3500.37,1.868119,2026-03-20 04:39:33.678,True,6539.10770403
trade,ETHUSDT,159279249,3510.97,1.03603,2026-03-20 04:39:36.216,False,3637.4702491
trade,ETHUSDT,159279250,3503.27,0.67968,2026-03-20 04:39:37.063,True,2381.1025535999997
trade,BTCUSDT,140548996,97306.8,0.565371,2026-03-20 04:39:38.211,False,55014.442822799996
trade,BTCUSDT,140548997,97175.44,1.777697,2026-03-20 04:39:39.516,False,172748.48816168003
trade,ETHUSDT,159279251,3512.98,0.32591,2026-03-20 04:39:39.917,True,1144.9153118
trade,BTCUSDT,140548998,96943.62,0.259401,2026-03-20 04:39:41.303,False,25147.271971619997
trade,ETHUSDT,159279252,3502.11,1.941512,2026-03-20 04:39:42.569,False,6799.38859032
trade,ETHUSDT,159279253,3490.09,0.729913,2026-03-20 04:39:44.079,False,2547.46206217
trade,BTCUSDT,140548999,97249.49,0.001952,2026-03-20 04:39:45.537,False,189.83100448000002
trade,BTCUSDT,140549000,96787.59,1.00429,2026-03-20 04:39:46.035,True,97202.8087611
trade,ETHUSDT,159279254,3504.18,1.939914,2026-03-20 04:39:48.045,True,6797.807840519999
trade,BTCUSDT,140549001,96544.15,0.291652,2026-03-20 04:39:49.711,False,28157.294435800002
trade,ETHUSDT,159279255,3498.93,1.312743,2026-03-20 04:39:50.184,False,4593.19586499
trade,BTCUSDT,140549002,97471.91,0.188595,2026-03-20 04:39:50.427,False,18382.714866450002
trade,BTCUSDT,140549003,96673.72,1.539004,2026-03-20 04:39:52.059,False,148781.24177488
trade,ETHUSDT,159279256,3489.59,1.275155,2026-03-20 04:39:52.768,True,4449.76813645
trade,BTCUSDT,140549004,96515.11,0.592471,2026-03-20 04:39:54.846,False,57182.403736809996
trade,BTCUSDT,140549005,97458.77,1.280104,2026-03-20 04:39:56.176,False,124757.36131208
trade,ETHUSDT,159279257,3515.19,0.311465,2026-03-20 04:39:57.545,True,1094.85865335
trade,BTCUSDT,140549006,96529.47,0.581687,2026-03-20 04:39:57.796,False,56149.93781588999
trade,ETHUSDT,159279258,3502.25,0.692355,2026-03-20 04:39:58.811,True,2424.8002987500004
trade,ETHUSDT,159279259,3487.51,0.114906,2026-03-20 04:39:59.319,False,400.73582406
trade,ETHUSDT,159279260,3498.78,1.770407,2026-03-20 04:40:01.260,True,6194.26460346
trade,BTCUSDT,140549007,96720.99,1.496293,2026-03-20 04:40:01.769,False,144722.94029007002
trade,BTCUSDT,140549008,96880.63,0.902989,2026-03-20 04:40:02.743,True,87482.14320307001
trade,BTCUSDT,140549009,96631.54,0.233436,2026-03-20 04:40:04.206,True,22557.280171439998
trade,ETHUSDT,159279261,3506.1,1.265583,2026-03-20 04:40:05.246,True,4437.2605563
trade,BTCUSDT,140549010,96989.53,1.386074,2026-03-20 04:40:07.145,True,134434.66580522
trade,ETHUSDT,159279262,3489.78,0.324082,2026-03-20 04:40:09.286,True,1130.97488196
trade,ETHUSDT,159279263,3486.14,1.661191,2026-03-20 04:40:09.885,False,5791.1443927400005
trade,ETHUSDT,159279264,3517.08,1.735965,2026-03-20 04:40:10.140,True,6105.5277822
trade,BTCUSDT,140549011,96995.62,1.526156,2026-03-20 04:40:10.773,True,148030.44743672
trade,BTCUSDT,140549012,97193.54,1.182536,2026-03-20 04:40:14.010,True,114934.86001743999
trade,ETHUSDT,159279265,3500.29,1.997674,2026-03-20 04:40:14.919,True,6992.43832546
trade,BTCUSDT,140549013,96686.44,1.701062,2026-03-20 04:40:18.477,True,164469.62899928002
trade,ETHUSDT,159279266,3502.08,0.835263,2026-03-20 04:40:18.803,True,2925.15784704
trade,ETHUSDT,159279267,3500.09,0.083181,2026-03-20 04:40:18.941,False,291.14098629000006
trade,BTCUSDT,140549014,96942.75,0.959484,2026-03-20 04:40:20.114,True,93015.017541
trade,BTCUSDT,140549015,96781.3,1.390991,2026-03-20 04:40:20.997,False,134621.91726830002
trade,ETHUSDT,159279268,3491.33,0.850874,2026-03-20 04:40:23.225,True,2970.68192242
trade,BTCUSDT,140549016,96912.74,1.857646,2026-03-20 04:40:24.797,False,180029.56381004
trade,ETHUSDT,159279269,3511.42,0.644524,2026-03-20 04:40:26.157,False,2263.19446408
trade,BTCUSDT,140549017,97408.82,0.81598,2026-03-20 04:40:28.919,True,79483.64894360001
trade,ETHUSDT,159279270,3501.53,0.573687,2026-03-20 04:40:29.638,False,2008.7822411099999
trade,ETHUSDT,159279271,3512.94,1.533727,2026-03-20 04:40:31.797,False,5387.89092738
trade,BTCUSDT,140549018,96667.55,0.157433,2026-03-20 04:40:33.896,True,15218.66239915
trade,ETHUSDT,159279272,3516.88,1.644371,2026-03-20 04:40:36.737,False,5783.05548248
trade,BTCUSDT,140549019,97190.91,1.376999,2026-03-20 04:40:38.407,True,133831.78587909002
trade,BTCUSDT,140549020,96570.68,0.917905,2026-03-20 04:40:38.591,True,88642.7100254
trade,ETHUSDT,159279273,3499.92,0.35614,2026-03-20 04:40:39.663,True,1246.4615088
trade,BTCUSDT,140549021,96759.85,1.417664,2026-03-20 04:40:40.113,True,137172.95599040002
trade,ETHUSDT,159279274,3487.5,0.250119,2026-03-20 04:40:41.161,False,872.2900124999999
trade,BTCUSDT,140549022,97323.54,1.093916,2026-03-20 04:40:42.630,True,106463.77758264
trade,ETHUSDT,159279275,3490.0,1.806344,2026-03-20 04:40:46.112,True,6304.14056
trade,BTCUSDT,140549023,96572.93,1.717689,2026-03-20 04:40:46.720,False,165882.25955877
trade,ETHUSDT,159279276,3487.47,0.242987,2026-03-20 04:40:50.112,False,847.40987289
trade,BTCUSDT,140549024,96897.7,0.945729,2026-03-20 04:40:50.478,False,91638.9649233
trade,ETHUSDT,159279277,3488.81,0.607544,2026-03-20 04:40:50.884,True,2119.6055826399997
trade,BTCUSDT,140549025,96738.72,0.083697,2026-03-20 04:40:51.944,True,8096.74064784
trade,ETHUSDT,159279278,3502.87,0.518122,2026-03-20 04:40:53.498,False,1814.9140101399998
trade,BTCUSDT,140549026,96907.22,1.761528,2026-03-20 04:40:53.526,False,170704.78143216
trade,ETHUSDT,159279279,3501.62,1.863053,2026-03-20 04:40:56.811,False,6523.70364586
trade,BTCUSDT,140549027,96738.16,1.494051,2026-03-20 04:40:57.846,True,144531.74468616
trade,BTCUSDT,140549028,96541.2,0.18169,2026-03-20 04:40:58.067,True,17540.570627999998
trade,ETHUSDT,159279280,3490.72,1.658798,2026-03-20 04:41:01.390,True,5790.39935456
trade,BTCUSDT,140549029,96602.75,1.916296,2026-03-20 04:41:01.502,True,185119.463414
trade,ETHUSDT,159279281,3503.44,0.353008,2026-03-20 04:41:03.161,True,1236.74234752
trade,BTCUSDT,140549030,96671.63,0.542301,2026-03-20 04:41:06.403,True,52425.12162063001
trade,ETHUSDT,159279282,3502.4,1.352705,2026-03-20 04:41:06.553,True,4737.713992
trade,ETHUSDT,159279283,3506.38,1.668223,2026-03-20 04:41:06.973,False,5849.42376274
trade,ETHUSDT,159279284,3491.6,1.192612,2026-03-20 04:41:07.132,True,4164.1240591999995
trade,ETHUSDT,159279285,3489.02,1.216839,2026-03-20 04:41:08.356,False,4245.57560778
trade,BTCUSDT,140549031,97384.05,0.551391,2026-03-20 04:41:10.595,False,53696.68871355
trade,BTCUSDT,140549032,96791.74,0.305797,2026-03-20 04:41:12.351,True,29598.62371678
trade,ETHUSDT,159279286,3513.07,0.318767,2026-03-20 04:41:13.200,True,1119.8507846900002
trade,ETHUSDT,159279287,3516.92,0.049661,2026-03-20 04:41:16.931,True,174.65376412
trade,BTCUSDT,140549033,96882.76,0.673169,2026-03-20 04:41:17.095,True,65218.47066644
trade,BTCUSDT,140549034,97481.14,1.789885,2026-03-20 04:41:17.358,True,174480.03026889998
trade,BTCUSDT,140549035,96848.07,0.285504,2026-03-20 04:41:18.486,False,27650.51137728
trade,ETHUSDT,159279288,3493.0,0.847507,2026-03-20 04:41:20.480,False,2960.341951
trade,BTCUSDT,140549036,96615.3,0.170585,2026-03-20 04:41:23.160,False,16481.1209505
trade,ETHUSDT,159279289,3495.43,1.278616,2026-03-20 04:41:23.634,True,4469.31272488
trade,ETHUSDT,159279290,3500.89,0.14603,2026-03-20 04:41:25.882,True,511.2349667
trade,BTCUSDT,140549037,97263.89,1.309772,2026-03-20 04:41:26.707,True,127393.51973308
trade,ETHUSDT,159279291,3506.04,1.369304,2026-03-20 04:41:28.850,True,4800.83459616
trade,BTCUSDT,140549038,96596.17,0.237531,2026-03-20 04:41:30.740,False,22944.584856269998
trade,ETHUSDT,159279292,3512.01,1.307064,2026-03-20 04:41:30.964,True,4590.421838640001
trade,BTCUSDT,140549039,96874.5,1.812218,2026-03-20 04:41:35.149,False,175557.71264100002
trade,ETHUSDT,159279293,3515.17,0.805919,2026-03-20 04:41:35.477,False,2832.94229123
trade,BTCUSDT,140549040,97058.96,0.513331,2026-03-20 04:41:38.352,True,49823.37299576
trade,ETHUSDT,159279294,3484.34,0.146522,2026-03-20 04:41:38.834,True,510.53246548000004
trade,ETHUSDT,159279295,3516.79,1.559148,2026-03-20 04:41:39.157,True,5483.19609492
trade,BTCUSDT,140549041,97408.15,0.55661,2026-03-20 04:41:40.554,True,54218.350371500004
trade,BTCUSDT,140549042,97206.44,1.350849,2026-03-20 04:41:41.842,False,131311.22226756
trade,ETHUSDT,159279296,3492.09,0.635459,2026-03-20 04:41:41.986,True,2219.08001931
trade,BTCUSDT,140549043,96893.37,0.509301,2026-03-20 04:41:44.595,False,49347.890234369996
trade,BTCUSDT,140549044,97456.86,1.275238,2026-03-20 04:41:45.105,True,124280.69123268001
trade,ETHUSDT,159279297,3492.8,0.577757,2026-03-20 04:41:46.279,False,2017.9896496
trade,BTCUSDT,140549045,96811.47,1.257533,2026-03-20 04:41:46.881,True,121743.61830351
trade,BTCUSDT,140549046,97218.06,0.841724,2026-03-20 04:41:51.118,False,81830.77433544
trade,ETHUSDT,159279298,3493.07,0.502549,2026-03-20 04:41:51.279,False,1755.4388354300002
trade,ETHUSDT,159279299,3484.15,0.82188,2026-03-20 04:41:52.858,True,2863.553202
trade,BTCUSDT,140549047,96529.32,0.790588,2026-03-20 04:41:53.930,True,76314.92204016
trade,BTCUSDT,140549048,97237.97,0.359599,2026-03-20 04:41:55.121,False,34966.67677403
trade,BTCUSDT,140549049,97364.71,0.394392,2026-03-20 04:41:55.817,False,38399.862706320004
trade,ETHUSDT,159279300,3510.86,0.498674,2026-03-20 04:41:56.123,True,1750.7745996400001
trade,BTCUSDT,140549050,97484.1,1.550217,2026-03-20 04:41:57.728,True,151121.5090497
trade,BTCUSDT,140549051,96546.64,1.402606,2026-03-20 04:41:59.389,True,135416.89654384
trade,ETHUSDT,159279301,3504.03,0.550744,2026-03-20 04:41:59.679,False,1929.8234983200002
trade,BTCUSDT,140549052,96532.54,0.904454,2026-03-20 04:42:00.517,True,87309.24193316
trade,ETHUSDT,159279302,3502.89,0.486594,2026-03-20 04:42:03.226,True,1704.48525666
trade,BTCUSDT,140549053,97372.45,1.597643,2026-03-20 04:42:03.833,True,155566.41313534998
trade,BTCUSDT,140549054,97378.44,1.706016,2026-03-20 04:42:05.582,False,166129.17669504
trade,ETHUSDT,159279303,3505.04,1.814776,2026-03-20 04:42:07.129,True,6360.86247104
trade,BTCUSDT,140549055,96723.11,1.238289,2026-03-20 04:42:07.377,True,119771.16315879
trade,ETHUSDT,159279304,3497.62,0.00956,2026-03-20 04:42:08.604,False,33.4372472
trade,ETHUSDT,159279305,3516.84,1.554629,2026-03-20 04:42:08.810,False,5467.38145236
trade,BTCUSDT,140549056,97347.54,0.440486,2026-03-20 04:42:10.192,False,42880.22850444
trade,BTCUSDT,140549057,97273.8,1.881385,2026-03-20 04:42:10.578,True,183009.46821300001
trade,BTCUSDT,140549058,97226.36,0.150246,2026-03-20 04:42:11.233,False,14607.87168456
trade,ETHUSDT,159279306,3506.62,1.971861,2026-03-20 04:42:11.711,False,6914.56721982
trade,BTCUSDT,140549059,97032.17,1.644023,2026-03-20 04:42:15.216,True,159523.11921991
trade,ETHUSDT,159279307,3512.01,0.451134,2026-03-20 04:42:15.389,False,1584.38711934
trade,BTCUSDT,140549060,96834.53,1.166518,2026-03-20 04:42:15.500,True,112959.22226653999
trade,BTCUSDT,140549061,96870.79,0.348159,2026-03-20 04:42:17.157,True,33726.437375609996
trade,ETHUSDT,159279308,3501.39,0.848825,2026-03-20 04:42:17.787,False,2972.06736675
trade,BTCUSDT,140549062,97373.5,0.536254,2026-03-20 04:42:19.976,True,52216.928869
trade,ETHUSDT,159279309,3514.87,1.315183,2026-03-20 04:42:20.909,False,4622.69727121
trade,BTCUSDT,140549063,97244.82,0.437791,2026-03-20 04:42:23.183,False,42572.90699262
trade,ETHUSDT,159279310,3492.25,1.876772,2026-03-20 04:42:25.260,True,6554.157017
trade,BTCUSDT,140549064,96956.6,0.656838,2026-03-20 04:42:25.350,False,63684.779230800006
trade,BTCUSDT,140549065,96930.2,0.226138,2026-03-20 04:42:25.811,False,21919.6015676
trade,BTCUSDT,140549066,97403.08,1.938025,2026-03-20 04:42:27.097,True,188769.604117
trade,BTCUSDT,140549067,96607.0,1.212912,2026-03-20 04:42:29.018,False,117175.789584
trade,ETHUSDT,159279311,3488.17,0.693102,2026-03-20 04:42:29.127,False,2417.65760334
trade,BTCUSDT,140549068,96728.44,1.837603,2026-03-20 04:42:33.024,False,177748.47152932003
trade,BTCUSDT,140549069,97095.06,1.955349,2026-03-20 04:42:33.597,True,189854.72847594
trade,ETHUSDT,159279312,3512.18,0.88984,2026-03-20 04:42:34.068,True,3125.2782512
trade,ETHUSDT,159279313,3507.47,1.350568,2026-03-20 04:42:34.910,False,4737.07674296
trade,ETHUSDT,159279314,3507.43,0.081906,2026-03-20 04:42:35.872,True,287.27956158
trade,BTCUSDT,140549070,97474.51,0.790905,2026-03-20 04:42:38.101,True,77093.07733155
trade,BTCUSDT,140549071,96736.22,0.60819,2026-03-20 04:42:38.910,False,58834.0016418
trade,ETHUSDT,159279315,3512.4,1.595026,2026-03-20 04:42:38.999,True,5602.369322400001
trade,ETHUSDT,159279316,3497.38,1.262963,2026-03-20 04:42:41.282,False,4417.06153694
trade,BTCUSDT,140549072,97105.52,1.832378,2026-03-20 04:42:43.503,False,177934.01852656002
trade,ETHUSDT,159279317,3489.59,0.796838,2026-03-20 04:42:44.349,True,2780.6379164200002
trade,ETHUSDT,159279318,3498.06,0.065186,2026-03-20 04:42:45.469,True,228.02453916
trade,BTCUSDT,140549073,97301.71,0.175306,2026-03-20 04:42:45.945,False,17057.57357326
trade,ETHUSDT,159279319,3499.66,1.731435,2026-03-20 04:42:46.690,False,6059.4338121
trade,ETHUSDT,159279320,3513.52,0.196306,2026-03-20 04:42:48.302,True,689.72505712
trade,BTCUSDT,140549074,97455.83,0.51507,2026-03-20 04:42:49.039,False,50196.574358100006
trade,ETHUSDT,159279321,3493.88,1.634205,2026-03-20 04:42:50.021,False,5709.7161654
trade,ETHUSDT,159279322,3491.14,1.330873,2026-03-20 04:42:50.888,False,4646.26396522
trade,BTCUSDT,140549075,96735.03,0.480889,2026-03-20 04:42:51.541,False,46518.81184167
trade,BTCUSDT,140549076,96796.85,1.895078,2026-03-20 04:42:52.805,True,183437.5809043
trade,BTCUSDT,140549077,97484.12,1.116975,2026-03-20 04:42:53.049,True,108887.324937
trade,BTCUSDT,140549078,97004.97,1.097915,2026-03-20 04:42:53.877,False,106503.21163755
trade,ETHUSDT,159279323,3486.24,0.403053,2026-03-20 04:42:54.200,False,1405.13949072
trade,BTCUSDT,140549079,97211.73,0.608986,2026-03-20 04:42:54.416,False,59200.58260578
trade,ETHUSDT,159279324,3511.57,0.250719,2026-03-20 04:42:54.516,True,880.4173188300001
trade,ETHUSDT,159279325,3498.68,0.335861,2026-03-20 04:42:58.648,False,1175.07016348
trade,BTCUSDT,140549080,96965.58,1.94419,2026-03-20 04:42:59.188,True,188519.51098020002
trade,ETHUSDT,159279326,3500.77,0.145543,2026-03-20 04:42:59.207,True,509.51256811
trade,ETHUSDT,159279327,3511.8,0.510413,2026-03-20 04:43:00.096,True,1792.4683734
trade,BTCUSDT,140549081,97239.49,0.036167,2026-03-20 04:43:00.223,False,3516.86063483
trade,BTCUSDT,140549082,96557.52,1.587594,2026-03-20 04:43:00.787,True,153294.13940688001
trade,ETHUSDT,159279328,3494.36,1.333415,2026-03-20 04:43:02.386,False,4659.432039400001
trade,BTCUSDT,140549083,97393.18,1.161404,2026-03-20 04:43:04.131,False,113112.82882472
trade,BTCUSDT,140549084,96718.29,0.174307,2026-03-20 04:43:04.670,False,16858.674975029997
trade,ETHUSDT,159279329,3488.15,1.323313,2026-03-20 04:43:06.498,True,4615.91424095
trade,BTCUSDT,140549085,97456.41,0.322046,2026-03-20 04:43:07.365,True,31385.44701486
trade,BTCUSDT,140549086,96848.42,0.087118,2026-03-20 04:43:08.123,False,8437.24065356
trade,ETHUSDT,159279330,3501.33,1.751366,2026-03-20 04:43:10.532,False,6132.11031678
trade,BTCUSDT,140549087,96988.27,1.036595,2026-03-20 04:43:13.041,False,100537.55574065
trade,ETHUSDT,159279331,3510.02,0.542366,2026-03-20 04:43:13.955,False,1903.7155073200001
trade,ETHUSDT,159279332,3499.77,0.592457,2026-03-20 04:43:14.122,False,2073.46323489
trade,BTCUSDT,140549088,96957.77,0.207916,2026-03-20 04:43:17.254,True,20159.07170732
trade,ETHUSDT,159279333,3495.03,1.75302,2026-03-20 04:43:17.778,True,6126.8574906
trade,ETHUSDT,159279334,3482.76,0.209098,2026-03-20 04:43:20.202,False,728.2381504800001
trade,BTCUSDT,140549089,96666.79,1.437847,2026-03-20 04:43:21.771,False,138992.05400113
trade,ETHUSDT,159279335,3486.79,1.263763,2026-03-20 04:43:21.794,False,4406.476190769999
trade,ETHUSDT,159279336,3493.9,0.853273,2026-03-20 04:43:22.066,False,2981.2505347
trade,ETHUSDT,159279337,3510.62,1.460966,2026-03-20 04:43:25.552,True,5128.8964589199995
trade,BTCUSDT,140549090,96907.38,0.844466,2026-03-20 04:43:26.140,True,81834.98755908001
trade,ETHUSDT,159279338,3507.15,0.750268,2026-03-20 04:43:27.019,False,2631.3024162
trade,BTCUSDT,140549091,97481.83,0.05525,2026-03-20 04:43:28.027,True,5385.8711075
trade,ETHUSDT,159279339,3489.04,0.645481,2026-03-20 04:43:31.231,False,2252.10902824
trade,BTCUSDT,140549092,96853.54,1.062922,2026-03-20 04:43:32.611,True,102947.75844387998
trade,ETHUSDT,159279340,3502.63,0.129822,2026-03-20 04:43:34.804,True,454.71843186
trade,BTCUSDT,140549093,96581.01,0.058272,2026-03-20 04:43:36.540,True,5627.968614719999
trade,ETHUSDT,159279341,3490.08,1.136938,2026-03-20 04:43:37.458,True,3968.00457504
trade,BTCUSDT,140549094,96897.5,1.362644,2026-03-20 04:43:40.817,False,132036.79699
trade,ETHUSDT,159279342,3513.97,1.711879,2026-03-20 04:43:41.166,False,6015.49144963
trade,ETHUSDT,159279343,3512.59,1.735414,2026-03-20 04:43:43.477,True,6095.79786226
trade,BTCUSDT,140549095,96538.14,0.47856,2026-03-20 04:43:44.268,False,46199.2922784
trade,ETHUSDT,159279344,3514.44,1.542924,2026-03-20 04:43:44.737,False,5422.51382256
trade,BTCUSDT,140549096,97288.77,0.207703,2026-03-20 04:43:45.397,False,20207.16939531
trade,BTCUSDT,140549097,97270.01,1.417513,2026-03-20 04:43:47.530,True,137881.50368512998
trade,ETHUSDT,159279345,3501.57,0.864838,2026-03-20 04:43:48.007,False,3028.29079566
trade,ETHUSDT,159279346,3502.76,0.086626,2026-03-20 04:43:50.166,False,303.43008776
trade,BTCUSDT,140549098,96934.76,1.735014,2026-03-20 04:43:51.286,False,168183.16568664
trade,ETHUSDT,159279347,3505.55,1.324693,2026-03-20 04:43:52.315,False,4643.77754615
trade,ETHUSDT,159279348,3516.51,0.014913,2026-03-20 04:43:54.017,True,52.44171363
trade,BTCUSDT,140549099,97002.66,0.253872,2026-03-20 04:43:54.540,True,24626.25929952
trade,ETHUSDT,159279349,3484.77,0.989207,2026-03-20 04:43:54.876,False,3447.15887739
trade,ETHUSDT,159279350,3506.39,1.102564,2026-03-20 04:43:55.813,True,3866.01938396
trade,BTCUSDT,140549100,97339.74,0.361896,2026-03-20 04:43:56.997,True,35226.86254704
trade,ETHUSDT,159279351,3496.95,1.013318,2026-03-20 04:43:58.840,True,3543.5223800999997
trade,BTCUSDT,140549101,97083.04,1.654572,2026-03-20 04:43:59.870,True,160630.87965887997
trade,ETHUSDT,159279352,3491.88,1.272491,2026-03-20 04:44:00.017,False,4443.38587308
trade,ETHUSDT,159279353,3485.35,0.571871,2026-03-20 04:44:02.579,True,1993.17058985
trade,BTCUSDT,140549102,96963.85,0.599895,2026-03-20 04:44:04.077,True,58168.12879575
trade,BTCUSDT,140549103,97088.84,1.243784,2026-03-20 04:44:06.974,False,120757.54577056
trade,ETHUSDT,159279354,3485.77,0.178106,2026-03-20 04:44:07.005,True,620.8365516199999
trade,ETHUSDT,159279355,3499.98,0.432801,2026-03-20 04:44:08.817,True,1514.79484398
trade,BTCUSDT,140549104,97165.5,1.86352,2026-03-20 04:44:10.768,True,181069.85256
trade,BTCUSDT,140549105,97413.29,1.872049,2026-03-20 04:44:11.129,False,182362.45213120998
trade,ETHUSDT,159279356,3494.37,0.39762,2026-03-20 04:44:11.485,True,1389.4313994
trade,ETHUSDT,159279357,3484.79,1.087587,2026-03-20 04:44:12.582,True,3790.01230173
trade,ETHUSDT,159279358,3493.47,0.0117,2026-03-20 04:44:14.234,True,40.873599
trade,BTCUSDT,140549106,97231.77,1.330737,2026-03-20 04:44:15.489,False,129389.91391449001
trade,ETHUSDT,159279359,3498.96,1.584129,2026-03-20 04:44:17.545,True,5542.804005839999
trade,BTCUSDT,140549107,96775.94,0.328926,2026-03-20 04:44:17.932,True,31832.12284044
trade,BTCUSDT,140549108,97128.7,0.980161,2026-03-20 04:44:19.171,True,95201.7637207
trade,ETHUSDT,159279360,3516.27,1.264682,2026-03-20 04:44:20.008,False,4446.96337614
trade,ETHUSDT,159279361,3497.92,1.08365,2026-03-20 04:44:21.635,True,3790.521008
trade,BTCUSDT,140549109,96798.16,1.833448,2026-03-20 04:44:22.279,True,177474.39285568
trade,BTCUSDT,140549110,97251.3,1.276056,2026-03-20 04:44:22.772,True,124098.10487280002
trade,BTCUSDT,140549111,97098.4,0.127648,2026-03-20 04:44:23.132,True,12394.4165632
trade,BTCUSDT,140549112,97325.03,0.944724,2026-03-20 04:44:26.176,True,91945.29164172
trade,ETHUSDT,159279362,3487.33,1.855599,2026-03-20 04:44:26.239,True,6471.08606067
trade,ETHUSDT,159279363,3489.15,1.061291,2026-03-20 04:44:27.417,False,3703.00349265
trade,BTCUSDT,140549113,96679.25,1.442297,2026-03-20 04:44:29.011,True,139440.19223724998
trade,ETHUSDT,159279364,3508.16,0.526723,2026-03-20 04:44:29.061,False,1847.8285596800001
trade,BTCUSDT,140549114,96543.36,1.831557,2026-03-20 04:44:29.401,False,176824.66681152
trade,BTCUSDT,140549115,97267.66,1.598764,2026-03-20 04:44:29.558,False,155508.03317224002
trade,BTCUSDT,140549116,97069.34,0.294186,2026-03-20 04:44:31.220,True,28556.44085724
trade,BTCUSDT,140549117,96767.5,0.035739,2026-03-20 04:44:31.660,False,3458.3736825
trade,ETHUSDT,159279365,3491.64,0.386263,2026-03-20 04:44:32.278,True,1348.69134132
trade,BTCUSDT,140549118,96833.34,0.711527,2026-03-20 04:44:36.436,False,68899.53591018
trade,BTCUSDT,140549119,97287.67,0.285245,2026-03-20 04:44:36.881,True,27750.82142915
trade,ETHUSDT,159279366,3489.49,0.421156,2026-03-20 04:44:36.984,True,1469.6196504399998
trade,BTCUSDT,140549120,97359.5,0.490173,2026-03-20 04:44:37.595,False,47722.9981935
trade,ETHUSDT,159279367,3486.84,0.426979,2026-03-20 04:44:38.037,True,1488.80745636
trade,BTCUSDT,140549121,97247.81,0.14411,2026-03-20 04:44:40.118,False,14014.381899099999
trade,ETHUSDT,159279368,3502.8,1.761715,2026-03-20 04:44:42.256,False,6170.935302
trade,BTCUSDT,140549122,97157.08,1.874497,2026-03-20 04:44:42.920,True,182120.65498876
trade,BTCUSDT,140549123,96775.04,0.899882,2026-03-20 04:44:44.081,True,87086.11654527999
trade,ETHUSDT,159279369,3511.63,0.177269,2026-03-20 04:44:45.095,False,622.5031384700001
trade,ETHUSDT,159279370,3494.67,0.667037,2026-03-20 04:44:45.794,False,2331.07419279
trade,BTCUSDT,140549124,96917.4,1.471414,2026-03-20 04:44:47.786,True,142605.61920359998
trade,ETHUSDT,159279371,3509.86,1.361944,2026-03-20 04:44:49.324,False,4780.232767840001
trade,BTCUSDT,140549125,97076.67,0.478968,2026-03-20 04:44:52.663,True,46496.61847656
trade,ETHUSDT,159279372,3496.17,0.427657,2026-03-20 04:44:52.928,True,1495.16157369
trade,ETHUSDT,159279373,3512.35,0.136501,2026-03-20 04:44:55.208,False,479.43928735000003
trade,BTCUSDT,140549126,96930.54,0.364788,2026-03-20 04:44:56.775,True,35359.097825519995
trade,ETHUSDT,159279374,3508.43,0.694322,2026-03-20 04:44:57.017,True,2435.98013446
trade,BTCUSDT,140549127,97074.62,1.516173,2026-03-20 04:44:59.334,True,147181.91782926
trade,ETHUSDT,159279375,3492.69,0.487758,2026-03-20 04:45:00.916,True,1703.58748902
trade,BTCUSDT,140549128,96632.71,1.327065,2026-03-20 04:45:02.304,False,128237.88729615
trade,BTCUSDT,140549129,97311.84,1.858913,2026-03-20 04:45:02.908,False,180894.24442991999
trade,ETHUSDT,159279376,3488.39,1.077486,2026-03-20 04:45:03.501,True,3758.6913875399996
trade,BTCUSDT,140549130,97234.81,1.073775,2026-03-20 04:45:04.692,False,104408.30810775
trade,BTCUSDT,140549131,96645.42,1.006476,2026-03-20 04:45:06.375,True,97271.29573992
trade,ETHUSDT,159279377,3512.34,1.20834,2026-03-20 04:45:06.631,False,4244.1009156
trade,ETHUSDT,159279378,3488.59,1.241505,2026-03-20 04:45:09.211,True,4331.101927950001
trade,BTCUSDT,140549132,96962.18,0.365051,2026-03-20 04:45:10.154,False,35396.14077118
trade,ETHUSDT,159279379,3502.29,1.643589,2026-03-20 04:45:11.972,True,5756.32531881
trade,BTCUSDT,140549133,96549.48,0.424387,2026-03-20 04:45:13.740,False,40974.34416876
trade,ETHUSDT,159279380,3504.01,0.341345,2026-03-20 04:45:15.906,True,1196.07629345
trade,BTCUSDT,140549134,97444.49,1.839549,2026-03-20 04:45:16.430,False,179253.91413501
trade,ETHUSDT,159279381,3483.35,1.684647,2026-03-20 04:45:16.990,False,5868.21512745
trade,BTCUSDT,140549135,96609.47,0.368074,2026-03-20 04:45:20.299,True,35559.434060780004
trade,BTCUSDT,140549136,97381.61,1.304993,2026-03-20 04:45:21.344,False,127082.31937873001
trade,ETHUSDT,159279382,3508.67,1.885929,2026-03-20 04:45:21.804,False,6617.10250443
trade,BTCUSDT,140549137,96660.9,0.291301,2026-03-20 04:45:23.681,True,28157.416830899994
trade,BTCUSDT,140549138,96607.36,0.099821,2026-03-20 04:45:25.284,True,9643.44328256
trade,ETHUSDT,159279383,3501.63,1.993447,2026-03-20 04:45:25.461,True,6980.31381861
trade,ETHUSDT,159279384,3514.77,1.650463,2026-03-20 04:45:26.868,False,5800.99783851
trade,ETHUSDT,159279385,3516.41,0.021203,2026-03-20 04:45:27.480,False,74.55844123
trade,BTCUSDT,140549139,97333.48,1.998725,2026-03-20 04:45:28.132,True,194542.859813
trade,ETHUSDT,159279386,3492.96,0.762835,2026-03-20 04:45:30.747,True,2664.5521416
trade,BTCUSDT,140549140,97360.65,1.295958,2026-03-20 04:45:32.751,True,126175.31325269998
trade,ETHUSDT,159279387,3513.92,0.95936,2026-03-20 04:45:35.739,True,3371.1142912
trade,BTCUSDT,140549141,96761.04,1.345847,2026-03-20 04:45:37.459,False,130225.55540088
trade,ETHUSDT,159279388,3485.84,1.234407,2026-03-20 04:45:39.430,False,4302.945296880001
trade,ETHUSDT,159279389,3503.42,1.603389,2026-03-20 04:45:40.478,False,5617.34509038
trade,BTCUSDT,140549142,96603.17,1.661909,2026-03-20 04:45:40.922,True,160545.67765153002
trade,ETHUSDT,159279390,3512.19,1.195681,2026-03-20 04:45:42.005,False,4199.45885139
trade,BTCUSDT,140549143,96531.98,1.956747,2026-03-20 04:45:42.938,True,188888.66226906
trade,BTCUSDT,140549144,96751.73,0.43889,2026-03-20 04:45:44.887,True,42463.3667797
trade,BTCUSDT,140549145,96888.68,0.421805,2026-03-20 04:45:45.110,False,40868.1296674
trade,ETHUSDT,159279391,3496.16,0.231863,2026-03-20 04:45:46.823,False,810.63014608
trade,ETHUSDT,159279392,3499.12,1.970388,2026-03-20 04:45:48.298,False,6894.62405856
trade,BTCUSDT,140549146,96595.11,0.239938,2026-03-20 04:45:49.640,False,23176.837503180002
trade,ETHUSDT,159279393,3487.4,0.8164,2026-03-20 04:45:50.542,True,2847.1133600000003
trade,BTCUSDT,140549147,97344.37,1.126912,2026-03-20 04:45:53.880,False,109698.53868543998
trade,ETHUSDT,159279394,3498.76,0.259078,2026-03-20 04:45:54.738,False,906.45174328
trade,ETHUSDT,159279395,3502.11,1.819626,2026-03-20 04:45:56.956,False,6372.53041086
trade,BTCUSDT,140549148,97354.72,1.501566,2026-03-20 04:45:57.043,True,146184.53749152
trade,BTCUSDT,140549149,96917.86,0.68359,2026-03-20 04:45:57.669,False,66252.0799174
trade,BTCUSDT,140549150,97272.97,0.67339,2026-03-20 04:45:58.170,True,65502.6452683
trade,ETHUSDT,159279396,3487.39,0.747421,2026-03-20 04:46:01.707,True,2606.54852119
trade,BTCUSDT,140549151,96595.19,0.428675,2026-03-20 04:46:01.859,False,41407.94307325
trade,BTCUSDT,140549152,96593.98,0.528913,2026-03-20 04:46:04.201,False,51089.81174373999
trade,BTCUSDT,140549153,96687.06,0.685567,2026-03-20 04:46:04.461,False,66285.45766302
trade,ETHUSDT,159279397,3505.94,1.784604,2026-03-20 04:46:04.927,True,6256.714547760001
trade,BTCUSDT,140549154,96635.4,0.643751,2026-03-20 04:46:05.157,False,62209.13538539999
trade,BTCUSDT,140549155,97024.53,0.463561,2026-03-20 04:46:07.287,True,44976.78815133
trade,ETHUSDT,159279398,3517.02,1.212145,2026-03-20 04:46:08.053,True,4263.1382079
trade,BTCUSDT,140549156,97195.14,0.392316,2026-03-20 04:46:08.110,False,38131.20854424
trade,BTCUSDT,140549157,97180.4,1.579988,2026-03-20 04:46:09.022,False,153543.86583519998
trade,ETHUSDT,159279399,3486.37,1.511997,2026-03-20 04:46:09.617,True,5271.38098089
trade,BTCUSDT,140549158,96679.94,0.331791,2026-03-20 04:46:10.309,True,32077.53397254
trade,ETHUSDT,159279400,3495.84,1.844007,2026-03-20 04:46:12.920,True,6446.35343088
trade,BTCUSDT,140549159,97317.75,1.152046,2026-03-20 04:46:13.952,True,112114.52461649998
trade,ETHUSDT,159279401,3504.24,0.161228,2026-03-20 04:46:14.682,False,564.98160672
trade,BTCUSDT,140549160,96862.22,0.578994,2026-03-20 04:46:17.325,False,56082.64420668
trade,ETHUSDT,159279402,3495.29,1.866159,2026-03-20 04:46:19.641,True,6522.76689111
trade,BTCUSDT,140549161,97384.28,0.058299,2026-03-20 04:46:21.802,False,5677.406139719999
trade,BTCUSDT,140549162,97436.1,1.639169,2026-03-20 04:46:23.279,False,159714.23460090003
trade,BTCUSDT,140549163,96746.76,1.434398,2026-03-20 04:46:23.805,True,138773.35905048
trade,ETHUSDT,159279403,3515.02,0.929438,2026-03-20 04:46:24.629,True,3266.99315876
trade,BTCUSDT,140549164,96628.65,1.481597,2026-03-20 04:46:26.575,False,143164.71795405
trade,ETHUSDT,159279404,3498.07,0.013463,2026-03-20 04:46:26.867,True,47.09451641
trade,BTCUSDT,140549165,96777.11,1.635235,2026-03-20 04:46:27.172,False,158253.31747085
trade,BTCUSDT,140549166,97031.04,0.016701,2026-03-20 04:46:27.614,False,1620.51539904
trade,ETHUSDT,159279405,3496.28,0.213788,2026-03-20 04:46:28.257,False,747.4627086400001
trade,BTCUSDT,140549167,97381.14,1.428929,2026-03-20 04:46:30.880,False,139150.73499906
trade,ETHUSDT,159279406,3497.04,0.884237,2026-03-20 04:46:31.921,False,3092.21215848
trade,BTCUSDT,140549168,96646.76,0.633303,2026-03-20 04:46:35.144,True,61206.68304827999
trade,ETHUSDT,159279407,3493.0,0.929889,2026-03-20 04:46:35.254,True,3248.102277
trade,ETHUSDT,159279408,3490.08,1.135475,2026-03-20 04:46:36.924,False,3962.898588
trade,ETHUSDT,159279409,3510.13,0.799678,2026-03-20 04:46:37.395,True,2806.97373814
trade,ETHUSDT,159279410,3492.75,1.182593,2026-03-20 04:46:38.598,True,4130.50170075
trade,BTCUSDT,140549169,96868.87,0.780856,2026-03-20 04:46:39.650,False,75640.63835272
trade,ETHUSDT,159279411,3506.2,1.262158,2026-03-20 04:46:39.692,False,4425.3783796
trade,BTCUSDT,140549170,97073.95,1.055258,2026-03-20 04:46:41.167,True,102438.0623291
trade,BTCUSDT,140549171,97224.68,0.215709,2026-03-20 04:46:42.080,True,20972.23849812
trade,ETHUSDT,159279412,3489.68,0.947532,2026-03-20 04:46:42.213,True,3306.58346976
trade,BTCUSDT,140549172,96618.81,1.327602,2026-03-20 04:46:42.803,True,128271.32539361999
trade,BTCUSDT,140549173,96997.78,0.940072,2026-03-20 04:46:44.582,False,91184.89704016
trade,ETHUSDT,159279413,3508.01,0.922503,2026-03-20 04:46:44.958,False,3236.1497490300003
trade,BTCUSDT,140549174,96969.25,1.165788,2026-03-20 04:46:47.169,False,113045.588019
trade,ETHUSDT,159279414,3504.27,0.426292,2026-03-20 04:46:49.809,True,1493.84226684
trade,BTCUSDT,140549175,96807.01,0.815102,2026-03-20 04:46:51.887,True,78907.58746502
trade,ETHUSDT,159279415,3487.9,0.602337,2026-03-20 04:46:54.221,False,2100.8912223
trade,BTCUSDT,140549176,96724.23,1.916055,2026-03-20 04:46:55.372,True,185328.94451265
trade,BTCUSDT,140549177,96767.15,1.529051,2026-03-20 04:46:56.099,False,147961.90747464998
trade,ETHUSDT,159279416,3509.99,0.217809,2026-03-20 04:46:56.747,False,764.50741191
trade,BTCUSDT,140549178,96543.97,0.635134,2026-03-20 04:46:57.729,False,61318.357841979996
trade,BTCUSDT,140549179,96963.29,0.442117,2026-03-20 04:46:58.388,True,42869.118884929994
trade,ETHUSDT,159279417,3500.77,1.742793,2026-03-20 04:46:59.727,True,6101.11745061
trade,BTCUSDT,140549180,96889.73,1.511394,2026-03-20 04:47:00.332,False,146438.55658362
trade,ETHUSDT,159279418,3489.97,1.001759,2026-03-20 04:47:02.465,False,3496.10885723
trade,BTCUSDT,140549181,97207.47,1.333906,2026-03-20 04:47:02.803,False,129665.62747782
trade,BTCUSDT,140549182,97076.9,0.42711,2026-03-20 04:47:05.924,False,41462.514759
trade,ETHUSDT,159279419,3504.68,1.317147,2026-03-20 04:47:06.299,False,4616.17874796
trade,BTCUSDT,140549183,97087.9,1.750141,2026-03-20 04:47:07.727,False,169917.5143939
trade,BTCUSDT,140549184,97053.04,0.698883,2026-03-20 04:47:08.704,True,67828.71975432
trade,ETHUSDT,159279420,3495.56,0.540467,2026-03-20 04:47:08.809,False,1889.23482652
trade,ETHUSDT,159279421,3490.98,0.596445,2026-03-20 04:47:08.974,True,2082.1775661
trade,ETHUSDT,159279422,3516.47,1.42552,2026-03-20 04:47:11.613,True,5012.798314399999
trade,BTCUSDT,140549185,97224.2,1.311948,2026-03-20 04:47:12.614,True,127553.09474159998
trade,ETHUSDT,159279423,3492.89,0.057527,2026-03-20 04:47:13.825,True,200.93548303
trade,BTCUSDT,140549186,97305.8,0.719609,2026-03-20 04:47:16.887,True,70022.1294322
trade,ETHUSDT,159279424,3512.98,1.806341,2026-03-20 04:47:18.127,True,6345.63980618
trade,ETHUSDT,159279425,3489.65,0.216721,2026-03-20 04:47:19.837,True,756.28043765
trade,BTCUSDT,140549187,97341.5,0.297332,2026-03-20 04:47:20.803,True,28942.742877999997
trade,ETHUSDT,159279426,3494.11,1.193897,2026-03-20 04:47:21.506,False,4171.60744667
trade,BTCUSDT,140549188,96863.46,1.731004,2026-03-20 04:47:21.618,True,167671.03671384
trade,ETHUSDT,159279427,3513.25,1.043562,2026-03-20 04:47:22.755,False,3666.2941965000005
trade,BTCUSDT,140549189,96897.17,0.580395,2026-03-20 04:47:24.184,False,56238.63298215
trade,BTCUSDT,140549190,96803.49,0.587856,2026-03-20 04:47:24.650,False,56906.512417440004
trade,ETHUSDT,159279428,3512.18,1.208183,2026-03-20 04:47:26.948,False,4243.356168939999
trade,BTCUSDT,140549191,96816.64,0.50088,2026-03-20 04:47:27.876,True,48493.5186432
trade,ETHUSDT,159279429,3492.76,1.717807,2026-03-20 04:47:30.279,True,5999.887577320001
trade,ETHUSDT,159279430,3499.79,0.242495,2026-03-20 04:47:31.584,False,848.68157605
trade,BTCUSDT,140549192,96585.2,0.308926,2026-03-20 04:47:32.073,False,29837.6794952
trade,BTCUSDT,140549193,96661.2,1.412745,2026-03-20 04:47:35.362,False,136557.626994
trade,ETHUSDT,159279431,3499.87,0.95759,2026-03-20 04:47:35.876,True,3351.4405133
trade,BTCUSDT,140549194,96991.12,0.644351,2026-03-20 04:47:36.197,False,62496.32516312
trade,BTCUSDT,140549195,96813.28,0.716707,2026-03-20 04:47:37.371,True,69386.75546896
trade,ETHUSDT,159279432,3501.62,0.410743,2026-03-20 04:47:38.645,False,1438.26590366
trade,BTCUSDT,140549196,97107.02,1.113788,2026-03-20 04:47:38.922,True,108156.63359176001
trade,BTCUSDT,140549197,97386.94,0.586842,2026-03-20 04:47:39.137,True,57150.74664348
trade,ETHUSDT,159279433,3487.4,1.931052,2026-03-20 04:47:40.413,False,6734.3507448
trade,BTCUSDT,140549198,97040.81,0.423733,2026-03-20 04:47:41.002,False,41119.39354373
trade,BTCUSDT,140549199,96668.69,0.939151,2026-03-20 04:47:41.367,False,90786.49688219
trade,ETHUSDT,159279434,3490.95,0.760367,2026-03-20 04:47:43.448,False,2654.40317865
trade,BTCUSDT,140549200,97324.94,0.860195,2026-03-20 04:47:43.462,True,83718.42676330001
trade,BTCUSDT,140549201,97178.4,1.678337,2026-03-20 04:47:44.493,False,163098.1043208
trade,BTCUSDT,140549202,96993.8,1.029423,2026-03-20 04:47:45.682,False,99847.6485774
trade,BTCUSDT,140549203,97384.23,0.079599,2026-03-20 04:47:47.950,False,7751.68732377
trade,ETHUSDT,159279435,3506.93,0.984205,2026-03-20 04:47:47.987,True,3451.53804065
trade,BTCUSDT,140549204,96679.59,1.023849,2026-03-20 04:47:48.659,True,98985.30154191
trade,BTCUSDT,140549205,96668.34,1.962261,2026-03-20 04:47:48.818,True,189688.51351674
trade,ETHUSDT,159279436,3517.06,1.789896,2026-03-20 04:47:49.452,True,6295.17162576
trade,BTCUSDT,140549206,96945.57,1.85929,2026-03-20 04:47:50.807,True,180249.92884530002
trade,ETHUSDT,159279437,3489.88,1.539268,2026-03-20 04:47:51.601,False,5371.860607840001
trade,ETHUSDT,159279438,3497.3,0.863692,2026-03-20 04:47:52.759,True,3020.5900316
trade,BTCUSDT,140549207,97068.08,0.428319,2026-03-20 04:47:54.004,False,41576.10295752
trade,BTCUSDT,140549208,96710.26,1.385665,2026-03-20 04:47:56.747,False,134008.0224229
trade,BTCUSDT,140549209,96793.02,0.910459,2026-03-20 04:47:56.961,False,88126.07619618
trade,ETHUSDT,159279439,3490.12,1.746404,2026-03-20 04:47:57.504,True,6095.15952848
trade,BTCUSDT,140549210,97325.67,1.167362,2026-03-20 04:47:59.228,False,113614.28878254
trade,ETHUSDT,159279440,3486.94,1.719956,2026-03-20 04:48:00.372,False,5997.3833746400005
trade,BTCUSDT,140549211,96679.2,0.192948,2026-03-20 04:48:02.336,True,18654.0582816
trade,ETHUSDT,159279441,3501.8,1.754313,2026-03-20 04:48:05.000,False,6143.2532634
trade,BTCUSDT,140549212,96622.84,1.310485,2026-03-20 04:48:05.842,True,126622.78247739999
trade,ETHUSDT,159279442,3486.62,0.332956,2026-03-20 04:48:06.841,True,1160.8910487199998
trade,BTCUSDT,140549213,96617.72,1.615552,2026-03-20 04:48:09.068,False,156090.95078144
trade,ETHUSDT,159279443,3501.42,1.201456,2026-03-20 04:48:11.121,False,4206.8020675200005
trade,BTCUSDT,140549214,97133.78,1.080247,2026-03-20 04:48:12.721,False,104928.47444366
trade,ETHUSDT,159279444,3493.78,0.794098,2026-03-20 04:48:14.668,False,2774.40371044
trade,BTCUSDT,140549215,96635.93,1.730743,2026-03-20 04:48:14.950,False,167251.95939598998
trade,BTCUSDT,140549216,97320.72,1.632013,2026-03-20 04:48:18.868,True,158828.68020936
trade,ETHUSDT,159279445,3487.91,1.010598,2026-03-20 04:48:18.970,False,3524.87487018
trade,ETHUSDT,159279446,3485.57,1.480687,2026-03-20 04:48:23.394,True,5161.038186590001
trade,BTCUSDT,140549217,96717.3,0.645683,2026-03-20 04:48:23.859,False,62448.7164159
trade,ETHUSDT,159279447,3499.01,0.723079,2026-03-20 04:48:24.463,False,2530.06065179
trade,BTCUSDT,140549218,97144.01,1.804884,2026-03-20 04:48:26.496,True,175333.66934484
trade,ETHUSDT,159279448,3514.42,0.867108,2026-03-20 04:48:28.310,False,3047.38169736
trade,BTCUSDT,140549219,96861.58,0.763061,2026-03-20 04:48:28.498,True,73911.29409638
trade,ETHUSDT,159279449,3515.94,1.859899,2026-03-20 04:48:32.283,False,6539.29329006
trade,BTCUSDT,140549220,96748.17,1.022868,2026-03-20 04:48:33.095,True,98960.60715156
trade,ETHUSDT,159279450,3514.46,1.955819,2026-03-20 04:48:35.435,True,6873.64764274
trade,BTCUSDT,140549221,97288.76,1.799001,2026-03-20 04:48:35.961,True,175022.57652876
trade,BTCUSDT,140549222,96654.98,1.956909,2026-03-20 04:48:36.341,True,189145.00025682
trade,ETHUSDT,159279451,3484.48,0.676247,2026-03-20 04:48:38.288,False,2356.36914656
trade,ETHUSDT,159279452,3506.94,0.196472,2026-03-20 04:48:38.811,True,689.01551568
trade,BTCUSDT,140549223,97107.05,1.949175,2026-03-20 04:48:40.888,False,189278.63418375002
trade,ETHUSDT,159279453,3501.76,1.271682,2026-03-20 04:48:43.503,True,4453.12516032
trade,BTCUSDT,140549224,97031.49,0.102473,2026-03-20 04:48:44.435,True,9943.10787477
trade,ETHUSDT,159279454,3493.64,1.366302,2026-03-20 04:48:46.787,False,4773.36731928
trade,BTCUSDT,140549225,97122.09,1.960966,2026-03-20 04:48:47.486,False,190453.11633894
trade,ETHUSDT,159279455,3493.46,1.231456,2026-03-20 04:48:50.572,False,4302.042277760001
trade,BTCUSDT,140549226,96660.37,0.598458,2026-03-20 04:48:51.821,True,57847.17170946
trade,ETHUSDT,159279456,3486.87,1.01795,2026-03-20 04:48:53.583,True,3549.4593164999997
trade,BTCUSDT,140549227,96584.17,0.441521,2026-03-20 04:48:54.359,True,42643.93932257
trade,ETHUSDT,159279457,3496.85,0.739912,2026-03-20 04:48:56.123,True,2587.3612772
trade,BTCUSDT,140549228,97102.85,0.601892,2026-03-20 04:48:56.712,False,58445.428592200005
trade,BTCUSDT,140549229,97386.32,1.437557,2026-03-20 04:48:57.551,True,139998.38602024
trade,BTCUSDT,140549230,96574.58,0.695406,2026-03-20 04:48:58.725,False,67158.54237948
trade,BTCUSDT,140549231,97219.11,1.258405,2026-03-20 04:48:59.877,True,122341.01411955
trade,ETHUSDT,159279458,3516.78,0.497098,2026-03-20 04:49:00.231,False,1748.18430444
trade,ETHUSDT,159279459,3515.3,0.123871,2026-03-20 04:49:00.720,False,435.4437263
trade,BTCUSDT,140549232,97032.69,0.076882,2026-03-20 04:49:03.289,False,7460.0672725800005
trade,ETHUSDT,159279460,3513.11,1.353849,2026-03-20 04:49:03.944,True,4756.220460390001
trade,ETHUSDT,159279461,3495.07,1.272214,2026-03-20 04:49:04.712,False,4446.47698498
trade,BTCUSDT,140549233,96539.52,0.61522,2026-03-20 04:49:05.172,False,59393.0434944
trade,ETHUSDT,159279462,3517.15,1.251654,2026-03-20 04:49:07.450,True,4402.2548661
trade,BTCUSDT,140549234,97182.81,1.203363,2026-03-20 04:49:09.916,True,116946.19779003
trade,ETHUSDT,159279463,3507.77,0.847943,2026-03-20 04:49:10.332,True,2974.38901711
trade,BTCUSDT,140549235,97477.39,0.511555,2026-03-20 04:49:11.730,True,49865.04624145
trade,ETHUSDT,159279464,3515.7,1.040863,2026-03-20 04:49:13.123,False,3659.3620491
trade,BTCUSDT,140549236,97403.14,1.092179,2026-03-20 04:49:13.399,True,106381.66404206
trade,ETHUSDT,159279465,3490.3,0.480619,2026-03-20 04:49:13.987,False,1677.5044957000002
trade,BTCUSDT,140549237,97470.52,1.555566,2026-03-20 04:49:14.850,False,151621.82691432
trade,ETHUSDT,159279466,3502.57,1.404887,2026-03-20 04:49:15.817,True,4920.71505959
trade,ETHUSDT,159279467,3502.37,1.928982,2026-03-20 04:49:17.631,False,6756.00868734
trade,BTCUSDT,140549238,96929.01,0.930936,2026-03-20 04:49:19.115,False,90234.70485335999
trade,ETHUSDT,159279468,3508.52,1.056145,2026-03-20 04:49:22.398,True,3705.5058553999997
trade,BTCUSDT,140549239,97205.41,1.752099,2026-03-20 04:49:23.153,False,170313.50165559002
trade,BTCUSDT,140549240,96619.17,0.352909,2026-03-20 04:49:23.556,False,34097.77466553
trade,ETHUSDT,159279469,3483.09,1.383286,2026-03-20 04:49:26.070,False,4818.10963374
trade,BTCUSDT,140549241,97373.5,0.612461,2026-03-20 04:49:27.426,False,59637.471183500005
trade,ETHUSDT,159279470,3510.22,1.586777,2026-03-20 04:49:28.723,True,5569.93636094
trade,ETHUSDT,159279471,3496.06,0.662517,2026-03-20 04:49:31.614,False,2316.19918302
trade,BTCUSDT,140549242,96868.86,1.905507,2026-03-20 04:49:32.211,True,184584.29081202002
trade,BTCUSDT,140549243,96909.95,0.020967,2026-03-20 04:49:36.110,False,2031.9109216499999
trade,ETHUSDT,159279472,3494.16,1.425227,2026-03-20 04:49:36.496,False,4979.97117432
trade,BTCUSDT,140549244,96588.9,1.410949,2026-03-20 04:49:37.772,True,136282.0118661
trade,BTCUSDT,140549245,96995.48,1.246807,2026-03-20 04:49:40.135,False,120934.64343236
trade,ETHUSDT,159279473,3493.08,0.508472,2026-03-20 04:49:40.534,False,1776.13337376
trade,BTCUSDT,140549246,96603.66,0.150531,2026-03-20 04:49:41.442,False,14541.84554346
trade,BTCUSDT,140549247,97203.93,1.715271,2026-03-20 04:49:43.198,False,166731.08221502998
trade,ETHUSDT,159279474,3484.28,1.822335,2026-03-20 04:49:43.975,False,6349.5253938000005
trade,ETHUSDT,159279475,3509.92,1.382474,2026-03-20 04:49:44.310,True,4852.37314208
trade,ETHUSDT,159279476,3503.43,0.544698,2026-03-20 04:49:45.954,False,1908.31131414
trade,BTCUSDT,140549248,96904.58,1.041792,2026-03-20 04:49:47.316,True,100954.41620736
trade,ETHUSDT,159279477,3514.03,0.349795,2026-03-20 04:49:48.046,False,1229.1901238500002
trade,ETHUSDT,159279478,3511.78,0.774148,2026-03-20 04:49:50.079,True,2718.63746344
trade,BTCUSDT,140549249,97200.57,0.299263,2026-03-20 04:49:52.224,False,29088.534179910002
trade,ETHUSDT,159279479,3508.89,0.843487,2026-03-20 04:49:52.458,False,2959.70309943
trade,ETHUSDT,159279480,3510.79,0.046703,2026-03-20 04:49:52.776,True,163.96442537000001
trade,BTCUSDT,140549250,96733.71,0.939774,2026-03-20 04:49:55.157,True,90907.82558154
trade,BTCUSDT,140549251,96781.49,1.136347,2026-03-20 04:49:55.970,True,109977.35581703001
trade,ETHUSDT,159279481,3500.48,1.131952,2026-03-20 04:49:56.819,True,3962.3753369600004
trade,BTCUSDT,140549252,96550.48,0.849449,2026-03-20 04:49:58.477,False,82014.70868552
trade,BTCUSDT,140549253,97262.46,1.327919,2026-03-20 04:49:59.522,False,129156.66862074002
trade,ETHUSDT,159279482,3508.72,0.566679,2026-03-20 04:49:59.559,False,1988.3179408800002
trade,ETHUSDT,159279483,3499.6,0.802128,2026-03-20 04:50:00.381,True,2807.1271487999998
trade,ETHUSDT,159279484,3512.59,1.208768,2026-03-20 04:50:01.471,False,4245.90638912
trade,ETHUSDT,159279485,3502.69,1.479123,2026-03-20 04:50:02.208,True,5180.90934087
trade,ETHUSDT,159279486,3488.22,0.421937,2026-03-20 04:50:03.312,False,1471.8090821399999
trade,BTCUSDT,140549254,96984.74,0.804651,2026-03-20 04:50:03.671,True,78038.86802574001
trade,BTCUSDT,140549255,97162.82,1.946028,2026-03-20 04:50:06.746,True,189081.56827896
trade,ETHUSDT,159279487,3509.89,1.515147,2026-03-20 04:50:07.459,True,5317.99930383
trade,BTCUSDT,140549256,97190.57,0.552307,2026-03-20 04:50:08.839,True,53679.03214499
trade,ETHUSDT,159279488,3500.61,1.997612,2026-03-20 04:50:09.981,False,6992.86054332
trade,BTCUSDT,140549257,97340.53,0.616763,2026-03-20 04:50:11.955,False,60036.037304389996
trade,ETHUSDT,159279489,3505.13,1.340331,2026-03-20 04:50:14.072,False,4698.03439803
trade,BTCUSDT,140549258,96867.03,1.480671,2026-03-20 04:50:16.834,False,143428.20217713
trade,ETHUSDT,159279490,3517.23,1.655843,2026-03-20 04:50:17.132,False,5823.98067489
trade,ETHUSDT,159279491,3499.99,0.248593,2026-03-20 04:50:18.538,False,870.07301407
trade,BTCUSDT,140549259,96767.22,1.969265,2026-03-20 04:50:18.944,False,190560.2994933
trade,ETHUSDT,159279492,3492.14,0.496169,2026-03-20 04:50:22.749,False,1732.69161166
trade,BTCUSDT,140549260,97149.26,0.241663,2026-03-20 04:50:23.909,True,23477.381619379998
trade,BTCUSDT,140549261,96675.07,1.506642,2026-03-20 04:50:26.045,False,145654.72081494002
trade,ETHUSDT,159279493,3510.34,0.083134,2026-03-20 04:50:27.159,False,291.82860556
trade,ETHUSDT,159279494,3501.45,0.366979,2026-03-20 04:50:28.123,True,1284.9586195499999
trade,ETHUSDT,159279495,3503.81,1.623307,2026-03-20 04:50:28.739,False,5687.7592996700005
trade,BTCUSDT,140549262,96784.85,0.012144,2026-03-20 04:50:29.499,True,1175.3552184
trade,BTCUSDT,140549263,97471.24,0.075007,2026-03-20 04:50:31.556,True,7311.025298680001
trade,ETHUSDT,159279496,3485.96,0.778794,2026-03-20 04:50:32.860,True,2714.8447322399998
trade,ETHUSDT,159279497,3501.61,1.78994,2026-03-20 04:50:34.011,True,6267.6718034000005
trade,BTCUSDT,140549264,96700.53,1.714863,2026-03-20 04:50:35.604,False,165828.16097739
trade,ETHUSDT,159279498,3512.97,1.881774,2026-03-20 04:50:36.136,False,6610.61560878
trade,BTCUSDT,140549265,96902.78,0.098495,2026-03-20 04:50:38.329,False,9544.439316099999
trade,ETHUSDT,159279499,3513.65,1.064267,2026-03-20 04:50:38.411,True,3739.4617445500003
trade,BTCUSDT,140549266,97280.63,1.56701,2026-03-20 04:50:41.463,False,152439.7200163
trade,ETHUSDT,159279500,3509.36,0.555601,2026-03-20 04:50:42.103,True,1949.8039253600002
trade,BTCUSDT,140549267,96667.66,1.663259,2026-03-20 04:50:42.296,False,160783.35550394002
trade,ETHUSDT,159279501,3496.42,1.764671,2026-03-20 04:50:42.694,True,6170.030977820001
trade,ETHUSDT,159279502,3488.49,1.563438,2026-03-20 04:50:44.413,True,5454.03782862
trade,BTCUSDT,140549268,96686.15,1.438216,2026-03-20 04:50:45.172,True,139055.56790839997
trade,BTCUSDT,140549269,97387.58,1.429438,2026-03-20 04:50:45.407,False,139209.50758004
trade,BTCUSDT,140549270,96539.16,1.311964,2026-03-20 04:50:47.189,True,126655.90251023999
trade,ETHUSDT,159279503,3514.74,0.709057,2026-03-20 04:50:48.608,True,2492.15100018
trade,ETHUSDT,159279504,3516.22,1.571405,2026-03-20 04:50:51.002,False,5525.405689099999
trade,BTCUSDT,140549271,96606.1,1.440612,2026-03-20 04:50:51.750,True,139171.90693320002
trade,ETHUSDT,159279505,3510.42,1.050269,2026-03-20 04:50:53.875,True,3686.88530298
trade,BTCUSDT,140549272,97338.18,0.560009,2026-03-20 04:50:53.988,False,54510.256843619994
trade,ETHUSDT,159279506,3499.46,0.407806,2026-03-20 04:50:54.589,True,1427.1007847600001
trade,BTCUSDT,140549273,96893.57,1.759858,2026-03-20 04:50:57.086,False,170518.92431306
trade,ETHUSDT,159279507,3486.35,1.401663,2026-03-20 04:50:58.371,False,4886.68780005
trade,BTCUSDT,140549274,96793.18,0.487249,2026-03-20 04:50:58.595,True,47162.380161819994
trade,ETHUSDT,159279508,3495.16,0.422058,2026-03-20 04:51:00.270,True,1475.1602392799998
trade,BTCUSDT,140549275,97207.52,0.946458,2026-03-20 04:51:02.046,False,92002.83496416
trade,ETHUSDT,159279509,3500.47,0.674766,2026-03-20 04:51:03.719,False,2361.99814002
trade,ETHUSDT,159279510,3483.67,1.367215,2026-03-20 04:51:04.175,False,4762.925879050001
trade,BTCUSDT,140549276,97057.48,1.206549,2026-03-20 04:51:06.246,False,117104.60543652001
trade,ETHUSDT,159279511,3485.05,1.545278,2026-03-20 04:51:06.812,True,5385.3710939
trade,BTCUSDT,140549277,96521.0,1.149651,2026-03-20 04:51:07.510,False,110965.464171
trade,BTCUSDT,140549278,97292.03,0.752123,2026-03-20 04:51:07.890,False,73175.57347968999
trade,ETHUSDT,159279512,3505.86,0.935577,2026-03-20 04:51:09.004,False,3280.0019812200003
trade,ETHUSDT,159279513,3505.98,1.645662,2026-03-20 04:51:10.354,False,5769.65805876
trade,BTCUSDT,140549279,97453.16,1.155436,2026-03-20 04:51:11.018,True,112600.88937775999
trade,BTCUSDT,140549280,96653.12,0.769141,2026-03-20 04:51:11.651,False,74339.87736992
trade,BTCUSDT,140549281,96717.97,1.436503,2026-03-20 04:51:12.270,True,138935.65405891
trade,ETHUSDT,159279514,3507.28,1.010341,2026-03-20 04:51:14.420,False,3543.5487824799998
trade,BTCUSDT,140549282,96659.41,0.697914,2026-03-20 04:51:14.861,True,67459.95547074001
trade,ETHUSDT,159279515,3510.17,0.23774,2026-03-20 04:51:15.114,True,834.5078158
trade,BTCUSDT,140549283,97070.06,1.120387,2026-03-20 04:51:19.814,True,108756.03331322
trade,ETHUSDT,159279516,3510.65,0.104893,2026-03-20 04:51:20.048,True,368.24261045000003
trade,BTCUSDT,140549284,97418.4,0.720113,2026-03-20 04:51:23.236,False,70152.2562792
trade,ETHUSDT,159279517,3492.07,1.84277,2026-03-20 04:51:24.300,True,6435.081833900001
trade,BTCUSDT,140549285,96751.76,0.927562,2026-03-20 04:51:26.121,False,89743.25600912
trade,BTCUSDT,140549286,97028.64,1.729854,2026-03-20 04:51:27.414,True,167845.38101856
trade,ETHUSDT,159279518,3492.48,0.431366,2026-03-20 04:51:27.661,False,1506.5371276800001
trade,BTCUSDT,140549287,96932.21,1.042555,2026-03-20 04:51:29.626,True,101057.16019655
trade,BTCUSDT,140549288,97095.63,0.254514,2026-03-20 04:51:32.491,False,24712.197173820005
trade,ETHUSDT,159279519,3489.78,0.187895,2026-03-20 04:51:32.493,False,655.7122131000001
trade,BTCUSDT,140549289,96989.8,0.83542,2026-03-20 04:51:33.993,False,81027.218716
trade,ETHUSDT,159279520,3495.88,0.433118,2026-03-20 04:51:35.799,True,1514.12855384
trade,BTCUSDT,140549290,96516.46,1.948605,2026-03-20 04:51:37.671,True,188072.4565383
trade,ETHUSDT,159279521,3490.45,0.398339,2026-03-20 04:51:37.754,True,1390.38236255
trade,ETHUSDT,159279522,3510.85,1.371311,2026-03-20 04:51:37.916,True,4814.46722435
trade,ETHUSDT,159279523,3509.8,1.387508,2026-03-20 04:51:39.448,True,4869.8755784
trade,BTCUSDT,140549291,97356.8,1.487215,2026-03-20 04:51:40.225,True,144790.493312
trade,ETHUSDT,159279524,3497.04,0.143178,2026-03-20 04:51:40.727,False,500.69919312
trade,BTCUSDT,140549292,97301.36,1.089862,2026-03-20 04:51:42.926,True,106045.05481232001
trade,ETHUSDT,159279525,3515.61,1.144219,2026-03-20 04:51:44.510,True,4022.6277585900007
trade,ETHUSDT,159279526,3505.1,0.148135,2026-03-20 04:51:46.636,False,519.2279884999999
trade,BTCUSDT,140549293,97056.17,0.972694,2026-03-20 04:51:47.064,True,94405.95422197999
trade,ETHUSDT,159279527,3501.48,0.572987,2026-03-20 04:51:48.835,True,2006.30252076
trade,BTCUSDT,140549294,96703.92,1.633719,2026-03-20 04:51:50.871,True,157987.03147848
trade,ETHUSDT,159279528,3503.4,1.496446,2026-03-20 04:51:52.597,True,5242.6489163999995
trade,BTCUSDT,140549295,97377.21,0.439038,2026-03-20 04:51:52.884,True,42752.29552398
trade,BTCUSDT,140549296,97436.71,0.825909,2026-03-20 04:51:54.792,False,80473.85571939
trade,ETHUSDT,159279529,3505.53,0.342587,2026-03-20 04:51:55.146,True,1200.94900611
trade,BTCUSDT,140549297,97033.94,0.198539,2026-03-20 04:51:56.823,True,19265.02141366
trade,BTCUSDT,140549298,97417.61,0.006929,2026-03-20 04:51:57.373,True,675.00661969
trade,ETHUSDT,159279530,3498.42,1.426414,2026-03-20 04:51:58.710,False,4990.19526588
trade,ETHUSDT,159279531,3504.17,1.44286,2026-03-20 04:51:59.824,True,5056.026726200001
trade,BTCUSDT,140549299,97412.92,0.356346,2026-03-20 04:52:01.797,True,34712.704390319996
trade,BTCUSDT,140549300,97437.87,1.037677,2026-03-20 04:52:02.168,True,101109.03662798999
trade,BTCUSDT,140549301,96909.52,0.308772,2026-03-20 04:52:02.279,False,29922.94630944
trade,ETHUSDT,159279532,3516.86,1.132037,2026-03-20 04:52:04.600,True,3981.21564382
trade,BTCUSDT,140549302,96900.78,0.337068,2026-03-20 04:52:06.710,True,32662.152113039996
trade,ETHUSDT,159279533,3508.96,0.59513,2026-03-20 04:52:09.446,True,2088.2873648
trade,BTCUSDT,140549303,97050.85,1.720676,2026-03-20 04:52:10.051,True,166993.06837460003
trade,ETHUSDT,159279534,3490.94,1.835039,2026-03-20 04:52:11.580,False,6406.011046660001
trade,BTCUSDT,140549304,97380.21,1.459026,2026-03-20 04:52:14.955,False,142080.25827546002
trade,ETHUSDT,159279535,3483.47,1.347635,2026-03-20 04:52:15.726,False,4694.446093449999
trade,ETHUSDT,159279536,3501.36,0.036357,2026-03-20 04:52:17.784,True,127.29894552
trade,BTCUSDT,140549305,97391.58,1.962959,2026-03-20 04:52:19.503,True,191175.67848522
trade,ETHUSDT,159279537,3497.03,1.430398,2026-03-20 04:52:21.153,True,5002.14471794
trade,ETHUSDT,159279538,3515.93,1.385928,2026-03-20 04:52:21.482,True,4872.82583304
trade,ETHUSDT,159279539,3483.82,1.929453,2026-03-20 04:52:22.974,True,6721.86695046
trade,BTCUSDT,140549306,96527.94,1.588064,2026-03-20 04:52:23.394,True,153292.54650815998
trade,BTCUSDT,140549307,97262.07,1.762326,2026-03-20 04:52:23.669,False,171407.47477482003
trade,BTCUSDT,140549308,97159.76,1.089657,2026-03-20 04:52:24.041,False,105870.81260232
trade,BTCUSDT,140549309,97368.02,0.53198,2026-03-20 04:52:24.694,False,51797.839279600004
trade,ETHUSDT,159279540,3497.32,1.918412,2026-03-20 04:52:25.446,False,6709.30065584
trade,BTCUSDT,140549310,97140.69,0.139889,2026-03-20 04:52:26.057,False,13588.913983410002
trade,BTCUSDT,140549311,97211.88,1.544216,2026-03-20 04:52:29.267,False,150116.14048608002
trade,ETHUSDT,159279541,3485.31,1.062353,2026-03-20 04:52:29.812,True,3702.62953443
trade,ETHUSDT,159279542,3484.73,0.839149,2026-03-20 04:52:33.555,True,2924.20769477
trade,BTCUSDT,140549312,97384.76,0.747079,2026-03-20 04:52:33.985,False,72754.10911604
trade,BTCUSDT,140549313,96841.41,0.94585,2026-03-20 04:52:35.069,False,91597.4476485
trade,ETHUSDT,159279543,3510.01,0.548265,2026-03-20 04:52:35.169,False,1924.4156326500001
trade,BTCUSDT,140549314,96722.41,0.311535,2026-03-20 04:52:36.085,True,30132.415999350003
trade,ETHUSDT,159279544,3496.87,1.01785,2026-03-20 04:52:37.772,True,3559.2891294999995
trade,BTCUSDT,140549315,96709.0,0.592574,2026-03-20 04:52:40.566,False,57307.238966000004
trade,ETHUSDT,159279545,3506.9,0.923786,2026-03-20 04:52:42.399,True,3239.6251234
trade,ETHUSDT,159279546,3487.26,1.404726,2026-03-20 04:52:42.581,True,4898.64479076
trade,BTCUSDT,140549316,96522.73,1.44875,2026-03-20 04:52:43.285,True,139837.3050875
trade,ETHUSDT,159279547,3504.38,1.07864,2026-03-20 04:52:43.316,True,3779.9644432000005
trade,BTCUSDT,140549317,96713.79,0.126905,2026-03-20 04:52:46.583,True,12273.463519949999
trade,BTCUSDT,140549318,97482.5,1.636147,2026-03-20 04:52:47.660,False,159495.6999275
trade,ETHUSDT,159279548,3500.82,0.808625,2026-03-20 04:52:48.254,False,2830.8505725000005
trade,ETHUSDT,159279549,3511.09,0.278585,2026-03-20 04:52:49.969,True,978.1370076500001
trade,ETHUSDT,159279550,3499.88,0.357519,2026-03-20 04:52:50.663,True,1251.27359772
trade,BTCUSDT,140549319,97288.47,0.9938,2026-03-20 04:52:52.188,True,96685.281486
trade,BTCUSDT,140549320,96700.89,0.779084,2026-03-20 04:52:52.984,True,75338.11618476
trade,ETHUSDT,159279551,3513.24,0.277692,2026-03-20 04:52:54.298,True,975.5986420799999
trade,ETHUSDT,159279552,3500.23,1.870454,2026-03-20 04:52:55.343,False,6547.01920442
trade,BTCUSDT,140549321,97387.32,0.736018,2026-03-20 04:52:56.078,True,71678.82049176
trade,ETHUSDT,159279553,3508.42,1.448239,2026-03-20 04:52:57.092,True,5081.03067238
trade,BTCUSDT,140549322,96812.2,0.939783,2026-03-20 04:52:58.221,True,90982.4597526
trade,ETHUSDT,159279554,3515.04,1.333352,2026-03-20 04:52:58.643,True,4686.78561408
trade,ETHUSDT,159279555,3487.16,1.748272,2026-03-20 04:53:01.214,False,6096.5041875199995
trade,BTCUSDT,140549323,97386.73,0.106761,2026-03-20 04:53:02.439,False,10397.10468153
trade,ETHUSDT,159279556,3494.32,0.89811,2026-03-20 04:53:04.415,False,3138.2837352
trade,BTCUSDT,140549324,96723.24,1.382346,2026-03-20 04:53:04.698,False,133704.98392104002
trade,BTCUSDT,140549325,97039.12,1.122341,2026-03-20 04:53:06.255,False,108910.98297992
trade,ETHUSDT,159279557,3498.39,0.622808,2026-03-20 04:53:08.903,True,2178.8252791200002
trade,BTCUSDT,140549326,97258.19,0.287841,2026-03-20 04:53:10.377,False,27994.894667790002
trade,BTCUSDT,140549327,96877.84,0.258878,2026-03-20 04:53:12.697,True,25079.54146352
trade,ETHUSDT,159279558,3490.35,1.322527,2026-03-20 04:53:13.151,True,4616.08211445
trade,BTCUSDT,140549328,96811.31,1.694985,2026-03-20 04:53:13.397,True,164093.71828035
trade,BTCUSDT,140549329,97327.55,0.772483,2026-03-20 04:53:14.072,False,75183.87780665001
trade,BTCUSDT,140549330,96990.68,1.31383,2026-03-20 04:53:14.491,False,127429.2651044
trade,ETHUSDT,159279559,3504.5,1.344449,2026-03-20 04:53:14.621,False,4711.6215205
trade,ETHUSDT,159279560,3489.66,1.20441,2026-03-20 04:53:15.367,False,4202.9814006
trade,BTCUSDT,140549331,97329.17,0.472699,2026-03-20 04:53:18.084,False,46007.40132983
trade,ETHUSDT,159279561,3484.56,1.554578,2026-03-20 04:53:18.202,False,5417.02031568
trade,ETHUSDT,159279562,3492.53,1.851072,2026-03-20 04:53:18.472,False,6464.92449216
trade,ETHUSDT,159279563,3515.29,1.18515,2026-03-20 04:53:19.164,True,4166.1459435
trade,BTCUSDT,140549332,97252.62,1.799595,2026-03-20 04:53:19.806,False,175015.3286889
trade,BTCUSDT,140549333,96597.9,1.681382,2026-03-20 04:53:20.408,True,162417.97029779997
trade,BTCUSDT,140549334,96701.59,0.577907,2026-03-20 04:53:21.477,True,55884.52577212999
trade,ETHUSDT,159279564,3486.82,1.901909,2026-03-20 04:53:22.602,True,6631.61433938
trade,BTCUSDT,140549335,97376.62,0.198379,2026-03-20 04:53:23.081,False,19317.47649898
trade,ETHUSDT,159279565,3514.61,1.159933,2026-03-20 04:53:24.413,True,4076.7121211300005
trade,BTCUSDT,140549336,97231.36,1.009195,2026-03-20 04:53:26.584,True,98125.4023552
trade,ETHUSDT,159279566,3508.19,1.524831,2026-03-20 04:53:29.207,True,5349.39686589
trade,ETHUSDT,159279567,3491.07,0.990248,2026-03-20 04:53:29.496,True,3457.02508536
trade,BTCUSDT,140549337,96852.45,0.699479,2026-03-20 04:53:30.389,True,67746.25487354999
trade,BTCUSDT,140549338,97328.17,0.642745,2026-03-20 04:53:33.733,True,62557.19462665
trade,ETHUSDT,159279568,3484.76,0.024319,2026-03-20 04:53:34.487,False,84.74587844000001
trade,BTCUSDT,140549339,97271.64,1.880665,2026-03-20 04:53:37.078,False,182935.36884060001
trade,ETHUSDT,159279569,3503.15,0.775044,2026-03-20 04:53:37.838,False,2715.0953885999998
trade,BTCUSDT,140549340,97025.73,1.89492,2026-03-20 04:53:38.803,False,183855.9962916
trade,BTCUSDT,140549341,96631.7,0.264673,2026-03-20 04:53:40.372,True,25575.8019341
trade,BTCUSDT,140549342,97411.1,1.350551,2026-03-20 04:53:41.270,False,131558.65851610003
trade,ETHUSDT,159279570,3498.33,1.665526,2026-03-20 04:53:41.497,False,5826.55957158
trade,ETHUSDT,159279571,3484.78,1.315991,2026-03-20 04:53:42.762,True,4585.93911698
trade,BTCUSDT,140549343,96911.46,0.770776,2026-03-20 04:53:43.962,False,74697.02749296001
trade,ETHUSDT,159279572,3490.47,0.7735,2026-03-20 04:53:45.286,True,2699.8785449999996
trade,BTCUSDT,140549344,97448.95,1.980642,2026-03-20 04:53:45.352,True,193011.48322589998
trade,ETHUSDT,159279573,3500.04,1.264569,2026-03-20 04:53:49.045,False,4426.04208276
trade,BTCUSDT,140549345,96985.45,0.708321,2026-03-20 04:53:49.379,False,68696.83092944999
trade,BTCUSDT,140549346,96951.51,1.469479,2026-03-20 04:53:49.938,False,142468.20796328998
trade,BTCUSDT,140549347,96838.51,0.128565,2026-03-20 04:53:50.243,True,12450.043038150001
trade,ETHUSDT,159279574,3511.41,1.930942,2026-03-20 04:53:51.593,True,6780.329048219999
trade,ETHUSDT,159279575,3510.94,1.895575,2026-03-20 04:53:52.960,True,6655.2500905
trade,BTCUSDT,140549348,97068.37,0.370383,2026-03-20 04:53:54.985,False,35952.47408571
trade,ETHUSDT,159279576,3510.0,0.18684,2026-03-20 04:53:55.723,True,655.8084
trade,BTCUSDT,140549349,96646.77,1.084613,2026-03-20 04:53:59.307,True,104824.34315001001
trade,ETHUSDT,159279577,3508.46,0.78229,2026-03-20 04:53:59.412,False,2744.6331734
trade,BTCUSDT,140549350,97132.84,0.42515,2026-03-20 04:54:01.454,False,41296.026926
trade,BTCUSDT,140549351,97277.45,0.316328,2026-03-20 04:54:02.815,False,30771.5812036
trade,ETHUSDT,159279578,3511.5,0.265117,2026-03-20 04:54:02.962,True,930.9583455
trade,ETHUSDT,159279579,3505.42,0.966707,2026-03-20 04:54:03.273,False,3388.71405194
trade,BTCUSDT,140549352,97310.93,0.281303,2026-03-20 04:54:07.696,True,27373.85654179
trade,ETHUSDT,159279580,3488.8,1.538701,2026-03-20 04:54:08.103,False,5368.220048800001
trade,ETHUSDT,159279581,3503.29,1.822273,2026-03-20 04:54:09.347,True,6383.95077817
trade,ETHUSDT,159279582,3495.36,0.82076,2026-03-20 04:54:10.662,False,2868.8516736
trade,BTCUSDT,140549353,97331.4,1.067802,2026-03-20 04:54:11.592,False,103930.66358279999
trade,ETHUSDT,159279583,3495.16,1.244913,2026-03-20 04:54:14.263,True,4351.170121079999
trade,ETHUSDT,159279584,3487.93,0.566867,2026-03-20 04:54:14.610,True,1977.19241531
trade,BTCUSDT,140549354,96718.96,1.100913,2026-03-20 04:54:15.258,False,106479.16041048
trade,BTCUSDT,140549355,97138.72,1.799483,2026-03-20 04:54:16.755,True,174799.47528176
trade,ETHUSDT,159279585,3513.34,1.409955,2026-03-20 04:54:17.776,False,4953.651299700001
trade,BTCUSDT,140549356,97424.85,1.817623,2026-03-20 04:54:19.422,True,177081.64813155
trade,ETHUSDT,159279586,3496.0,0.414006,2026-03-20 04:54:21.370,False,1447.3649759999998
trade,BTCUSDT,140549357,96702.75,0.70954,2026-03-20 04:54:21.893,False,68614.469235
trade,ETHUSDT,159279587,3503.25,1.777783,2026-03-20 04:54:22.291,False,6228.01829475
trade,ETHUSDT,159279588,3496.5,1.175171,2026-03-20 04:54:22.699,False,4108.9854015
trade,BTCUSDT,140549358,96598.66,1.466732,2026-03-20 04:54:26.802,True,141684.34577912
trade,ETHUSDT,159279589,3516.44,0.008764,2026-03-20 04:54:27.462,True,30.818080159999997
trade,ETHUSDT,159279590,3509.02,1.729522,2026-03-20 04:54:28.230,False,6068.92728844
trade,BTCUSDT,140549359,97104.93,0.757763,2026-03-20 04:54:30.369,False,73582.52307159
trade,ETHUSDT,159279591,3516.98,0.729945,2026-03-20 04:54:32.484,True,2567.2019661
trade,BTCUSDT,140549360,96776.22,0.242287,2026-03-20 04:54:33.544,True,23447.62001514
trade,ETHUSDT,159279592,3508.42,1.88416,2026-03-20 04:54:33.947,True,6610.4246272
trade,BTCUSDT,140549361,97013.62,0.569746,2026-03-20 04:54:34.095,False,55273.121940519995
trade,BTCUSDT,140549362,96852.75,0.979007,2026-03-20 04:54:34.400,False,94819.52021925
trade,ETHUSDT,159279593,3486.85,0.746398,2026-03-20 04:54:37.368,True,2602.5778663
trade,BTCUSDT,140549363,96826.63,0.150574,2026-03-20 04:54:38.311,False,14579.572985620001
trade,BTCUSDT,140549364,97275.57,1.016107,2026-03-20 04:54:41.913,True,98842.38760599002
trade,ETHUSDT,159279594,3493.55,1.632256,2026-03-20 04:54:42.035,True,5702.3679488
trade,BTCUSDT,140549365,97123.38,0.470739,2026-03-20 04:54:43.662,False,45719.762777820004
trade,BTCUSDT,140549366,97125.39,1.867259,2026-03-20 04:54:44.474,True,181358.25860601
trade,ETHUSDT,159279595,3507.63,1.779492,2026-03-20 04:54:44.532,False,6241.79952396
trade,BTCUSDT,140549367,96642.92,1.860217,2026-03-20 04:54:46.357,True,179776.80271364
trade,ETHUSDT,159279596,3505.88,0.213416,2026-03-20 04:54:47.948,False,748.21088608
trade,BTCUSDT,140549368,97266.46,1.670506,2026-03-20 04:54:50.857,False,162484.20502876
trade,ETHUSDT,159279597,3508.43,1.215156,2026-03-20 04:54:52.361,True,4263.28976508
trade,BTCUSDT,140549369,97473.84,0.565582,2026-03-20 04:54:55.371,False,55129.44937488
trade,ETHUSDT,159279598,3510.02,0.505851,2026-03-20 04:54:55.423,True,1775.54712702
trade,BTCUSDT,140549370,97029.86,0.373619,2026-03-20 04:54:58.529,False,36252.19926334
trade,ETHUSDT,159279599,3494.8,0.674338,2026-03-20 04:54:59.962,False,2356.6764424000003
trade,BTCUSDT,140549371,97414.61,1.777911,2026-03-20 04:55:02.066,True,173194.50667971
trade,ETHUSDT,159279600,3512.98,1.750664,2026-03-20 04:55:03.047,False,6150.04761872
trade,ETHUSDT,159279601,3483.26,0.092493,2026-03-20 04:55:03.677,True,322.17716718
trade,BTCUSDT,140549372,97409.54,0.857742,2026-03-20 04:55:05.062,True,83552.25365868
trade,ETHUSDT,159279602,3494.44,0.109044,2026-03-20 04:55:05.487,False,381.04771536000004
trade,ETHUSDT,159279603,3514.27,1.718136,2026-03-20 04:55:07.443,False,6037.993800720001
trade,BTCUSDT,140549373,96768.88,1.214003,2026-03-20 04:55:09.043,True,117477.71062664
trade,BTCUSDT,140549374,96699.84,0.795443,2026-03-20 04:55:10.190,False,76919.21082912
trade,BTCUSDT,140549375,97155.14,0.195198,2026-03-20 04:55:10.484,True,18964.48901772
trade,ETHUSDT,159279604,3492.02,0.812403,2026-03-20 04:55:10.779,False,2836.92752406
trade,ETHUSDT,159279605,3486.06,1.076095,2026-03-20 04:55:12.302,False,3751.3317357
trade,ETHUSDT,159279606,3504.63,1.158489,2026-03-20 04:55:13.175,False,4060.0753040700006
trade,BTCUSDT,140549376,97143.62,0.142231,2026-03-20 04:55:13.539,False,13816.834216219999
trade,BTCUSDT,140549377,96616.98,0.728236,2026-03-20 04:55:13.771,True,70359.96304727999
trade,ETHUSDT,159279607,3508.75,0.267024,2026-03-20 04:55:14.493,False,936.9204599999999
trade,BTCUSDT,140549378,96715.82,1.000938,2026-03-20 04:55:18.170,False,96806.53943916001
trade,ETHUSDT,159279608,3499.17,1.838079,2026-03-20 04:55:19.212,True,6431.75089443
trade,BTCUSDT,140549379,96567.44,0.787246,2026-03-20 04:55:21.240,False,76022.33087024
trade,BTCUSDT,140549380,97199.67,0.133964,2026-03-20 04:55:21.836,True,13021.25659188
trade,ETHUSDT,159279609,3510.91,1.03116,2026-03-20 04:55:23.064,True,3620.3099556
trade,ETHUSDT,159279610,3515.78,0.060431,2026-03-20 04:55:26.090,False,212.46210118000002
trade,BTCUSDT,140549381,97130.12,1.289744,2026-03-20 04:55:26.667,False,125272.98948928
trade,ETHUSDT,159279611,3502.37,1.234325,2026-03-20 04:55:26.715,False,4323.062850249999
trade,BTCUSDT,140549382,96648.23,1.335533,2026-03-20 04:55:27.152,True,129076.90055659
trade,BTCUSDT,140549383,96811.72,0.313315,2026-03-20 04:55:28.672,True,30332.5640518
trade,ETHUSDT,159279612,3503.37,0.436693,2026-03-20 04:55:30.510,True,1529.8971554099999
trade,ETHUSDT,159279613,3510.87,0.161653,2026-03-20 04:55:31.648,False,567.5426681099999
trade,BTCUSDT,140549384,96715.61,1.001375,2026-03-20 04:55:32.081,False,96848.59396375
trade,ETHUSDT,159279614,3489.64,0.569806,2026-03-20 04:55:34.361,False,1988.41780984
trade,ETHUSDT,159279615,3512.58,1.678659,2026-03-20 04:55:36.496,True,5896.42403022
trade,BTCUSDT,140549385,97422.27,1.40472,2026-03-20 04:55:36.891,True,136851.0111144
trade,ETHUSDT,159279616,3497.36,1.3199,2026-03-20 04:55:37.303,False,4616.165464000001
trade,ETHUSDT,159279617,3500.66,1.013482,2026-03-20 04:55:39.352,True,3547.85589812
trade,BTCUSDT,140549386,97039.62,1.530526,2026-03-20 04:55:40.662,True,148521.66144012
trade,BTCUSDT,140549387,97140.03,1.393978,2026-03-20 04:55:41.874,False,135411.06473933998
trade,ETHUSDT,159279618,3508.56,0.977063,2026-03-20 04:55:42.947,True,3428.08415928
trade,BTCUSDT,140549388,97062.07,1.356212,2026-03-20 04:55:43.942,False,131636.74407884
trade,BTCUSDT,140549389,96832.22,0.818744,2026-03-20 04:55:44.544,True,79280.79913168
trade,BTCUSDT,140549390,97334.45,1.086481,2026-03-20 04:55:45.306,False,105752.03057045
trade,ETHUSDT,159279619,3513.95,0.247873,2026-03-20 04:55:45.957,False,871.0133283499999
trade,ETHUSDT,159279620,3516.15,0.613276,2026-03-20 04:55:48.133,False,2156.3704074
trade,BTCUSDT,140549391,97398.28,0.270023,2026-03-20 04:55:50.110,True,26299.77576044
trade,ETHUSDT,159279621,3498.8,1.085324,2026-03-20 04:55:51.665,True,3797.3316112
trade,BTCUSDT,140549392,97135.94,0.162168,2026-03-20 04:55:51.819,True,15752.341117920001
trade,ETHUSDT,159279622,3495.44,1.4848,2026-03-20 04:55:53.301,False,5190.029312
trade,ETHUSDT,159279623,3497.26,0.269308,2026-03-20 04:55:53.861,True,941.8400960800001
trade,ETHUSDT,159279624,3517.47,0.077509,2026-03-20 04:55:55.495,True,272.63558222999995
trade,BTCUSDT,140549393,97245.16,1.427019,2026-03-20 04:55:56.816,False,138770.69097804002
trade,ETHUSDT,159279625,3508.19,1.74994,2026-03-20 04:55:58.211,True,6139.1220086
trade,ETHUSDT,159279626,3502.66,0.707584,2026-03-20 04:55:59.662,True,2478.4261734399997
trade,BTCUSDT,140549394,97157.94,1.781584,2026-03-20 04:56:00.699,False,173095.03137696002
trade,BTCUSDT,140549395,96695.66,0.739276,2026-03-20 04:56:01.134,True,71484.78074216
trade,BTCUSDT,140549396,96530.19,1.065873,2026-03-20 04:56:01.764,True,102888.92320587001
trade,ETHUSDT,159279627,3484.38,0.878571,2026-03-20 04:56:02.559,True,3061.27522098
trade,ETHUSDT,159279628,3515.48,1.511406,2026-03-20 04:56:02.974,False,5313.31756488
trade,BTCUSDT,140549397,96818.53,0.827954,2026-03-20 04:56:03.581,True,80161.28918762
trade,ETHUSDT,159279629,3503.53,1.130107,2026-03-20 04:56:04.161,False,3959.3637777100002
trade,BTCUSDT,140549398,96695.02,1.932483,2026-03-20 04:56:07.483,True,186861.48233466002
trade,ETHUSDT,159279630,3501.1,0.094962,2026-03-20 04:56:08.382,False,332.47145820000003
trade,ETHUSDT,159279631,3507.75,0.223873,2026-03-20 04:56:09.061,True,785.2905157499999
trade,ETHUSDT,159279632,3488.44,0.120569,2026-03-20 04:56:10.899,True,420.59772236
trade,ETHUSDT,159279633,3504.15,1.739659,2026-03-20 04:56:11.504,False,6096.02608485
trade,BTCUSDT,140549399,97099.24,0.869654,2026-03-20 04:56:12.123,True,84442.74246296001
trade,ETHUSDT,159279634,3500.9,0.583007,2026-03-20 04:56:13.852,True,2041.0492063000002
trade,BTCUSDT,140549400,97261.31,0.571174,2026-03-20 04:56:14.057,True,55553.13147794
trade,BTCUSDT,140549401,97068.06,1.700863,2026-03-20 04:56:15.600,True,165099.47173578
trade,ETHUSDT,159279635,3485.39,0.017427,2026-03-20 04:56:18.717,True,60.73989153
trade,BTCUSDT,140549402,96944.8,1.698342,2026-03-20 04:56:19.325,False,164645.4255216
trade,ETHUSDT,159279636,3485.92,0.590473,2026-03-20 04:56:23.124,True,2058.34164016
trade,BTCUSDT,140549403,97141.54,1.357034,2026-03-20 04:56:24.218,True,131824.37259235998
trade,ETHUSDT,159279637,3504.57,0.589673,2026-03-20 04:56:25.260,False,2066.55030561
trade,ETHUSDT,159279638,3512.62,1.340695,2026-03-20 04:56:25.599,True,4709.3520708999995
trade,BTCUSDT,140549404,97108.0,0.83904,2026-03-20 04:56:25.784,False,81477.49632
trade,BTCUSDT,140549405,96943.47,0.328064,2026-03-20 04:56:28.820,False,31803.66254208
trade,ETHUSDT,159279639,3489.75,1.105495,2026-03-20 04:56:28.835,True,3857.9011762499995
trade,BTCUSDT,140549406,97284.06,1.318927,2026-03-20 04:56:31.775,True,128310.57340361999
trade,ETHUSDT,159279640,3517.23,0.271917,2026-03-20 04:56:33.696,False,956.39462991
trade,BTCUSDT,140549407,97452.42,1.912855,2026-03-20 04:56:35.973,False,186412.3488591
trade,ETHUSDT,159279641,3490.83,0.278285,2026-03-20 04:56:37.240,True,971.44562655
trade,BTCUSDT,140549408,96583.37,0.445292,2026-03-20 04:56:39.678,False,43007.80199404
trade,ETHUSDT,159279642,3514.85,0.705824,2026-03-20 04:56:40.218,False,2480.8654864
trade,BTCUSDT,140549409,97001.41,0.083262,2026-03-20 04:56:41.292,False,8076.5313994200005
trade,BTCUSDT,140549410,97271.17,0.354551,2026-03-20 04:56:43.112,False,34487.59059467
trade,BTCUSDT,140549411,96644.08,0.919859,2026-03-20 04:56:43.681,False,88898.92678472
trade,ETHUSDT,159279643,3485.94,1.224497,2026-03-20 04:56:44.510,True,4268.52307218
trade,BTCUSDT,140549412,96626.73,1.729959,2026-03-20 04:56:46.748,True,167160.28120407
trade,ETHUSDT,159279644,3495.18,1.936206,2026-03-20 04:56:46.999,False,6767.38848708
trade,BTCUSDT,140549413,96908.48,1.837067,2026-03-20 04:56:48.536,True,178027.37062816
trade,BTCUSDT,140549414,96847.28,1.30969,2026-03-20 04:56:50.621,False,126839.9141432
trade,ETHUSDT,159279645,3488.41,0.308971,2026-03-20 04:56:51.533,True,1077.81752611
trade,BTCUSDT,140549415,96522.11,0.886873,2026-03-20 04:56:54.378,False,85602.85326203
trade,ETHUSDT,159279646,3511.58,0.43158,2026-03-20 04:56:54.976,False,1515.5276964
trade,ETHUSDT,159279647,3500.16,0.641414,2026-03-20 04:56:58.856,True,2245.05162624
trade,BTCUSDT,140549416,97140.5,0.200608,2026-03-20 04:56:59.004,True,19487.161424
trade,ETHUSDT,159279648,3491.56,1.60082,2026-03-20 04:57:01.714,False,5589.3590791999995
trade,BTCUSDT,140549417,97179.69,1.413313,2026-03-20 04:57:02.300,False,137345.31921297
trade,BTCUSDT,140549418,96691.86,0.148942,2026-03-20 04:57:03.259,True,14401.479012119999
trade,ETHUSDT,159279649,3495.05,1.803634,2026-03-20 04:57:05.302,False,6303.7910117
trade,BTCUSDT,140549419,96971.61,1.127016,2026-03-20 04:57:07.232,False,109288.55601576
trade,BTCUSDT,140549420,96961.34,0.803596,2026-03-20 04:57:08.166,False,77917.74497864
trade,ETHUSDT,159279650,3484.09,1.215166,2026-03-20 04:57:09.634,True,4233.74770894
trade,BTCUSDT,140549421,97111.83,1.45503,2026-03-20 04:57:11.334,True,141300.6260049
trade,BTCUSDT,140549422,96572.74,1.908067,2026-03-20 04:57:14.066,False,184267.25829358
trade,ETHUSDT,159279651,3493.57,0.949592,2026-03-20 04:57:14.547,False,3317.46612344
trade,BTCUSDT,140549423,97320.35,1.745677,2026-03-20 04:57:18.959,True,169889.89662695
trade,ETHUSDT,159279652,3508.44,1.313021,2026-03-20 04:57:19.102,True,4606.65539724
trade,ETHUSDT,159279653,3482.83,0.344604,2026-03-20 04:57:21.172,False,1200.19714932
trade,BTCUSDT,140549424,97215.18,0.289821,2026-03-20 04:57:21.259,False,28175.00068278
trade,ETHUSDT,159279654,3483.92,0.147206,2026-03-20 04:57:22.317,True,512.8539275200001
trade,BTCUSDT,140549425,97255.89,0.808153,2026-03-20 04:57:24.705,True,78597.63927117
trade,ETHUSDT,159279655,3489.48,1.089144,2026-03-20 04:57:26.448,False,3800.5462051199997
trade,BTCUSDT,140549426,97090.9,0.341379,2026-03-20 04:57:29.691,False,33144.7943511
trade,ETHUSDT,159279656,3513.33,0.552953,2026-03-20 04:57:31.045,True,1942.70636349
trade,BTCUSDT,140549427,96596.77,1.025527,2026-03-20 04:57:31.055,False,99062.59574779001
trade,ETHUSDT,159279657,3511.77,1.279061,2026-03-20 04:57:31.364,False,4491.76804797
trade,ETHUSDT,159279658,3489.16,0.887593,2026-03-20 04:57:33.458,False,3096.9539918799996
trade,BTCUSDT,140549428,96921.7,0.496429,2026-03-20 04:57:33.594,True,48114.742609299996
trade,ETHUSDT,159279659,3502.66,0.162563,2026-03-20 04:57:36.946,False,569.40291758
trade,BTCUSDT,140549429,96926.58,0.05021,2026-03-20 04:57:37.098,True,4866.6835818
trade,BTCUSDT,140549430,97256.27,0.228813,2026-03-20 04:57:41.742,True,22253.49890751
trade,ETHUSDT,159279660,3504.75,0.110364,2026-03-20 04:57:41.804,False,386.798229
trade,BTCUSDT,140549431,97453.37,1.391789,2026-03-20 04:57:42.321,True,135634.52837893
trade,ETHUSDT,159279661,3486.25,0.2443,2026-03-20 04:57:42.506,True,851.690875
trade,BTCUSDT,140549432,96918.09,1.757366,2026-03-20 04:57:43.701,False,170320.55615093998
trade,ETHUSDT,159279662,3506.46,1.325428,2026-03-20 04:57:47.142,True,4647.56026488
trade,BTCUSDT,140549433,97198.42,1.590929,2026-03-20 04:57:47.738,True,154635.78513218
trade,ETHUSDT,159279663,3502.96,1.461571,2026-03-20 04:57:48.678,False,5119.82475016
trade,ETHUSDT,159279664,3514.79,1.063382,2026-03-20 04:57:49.427,True,3737.56441978
trade,BTCUSDT,140549434,97170.98,1.637839,2026-03-20 04:57:49.685,True,159150.42071222
trade,BTCUSDT,140549435,97076.56,0.201509,2026-03-20 04:57:50.258,True,19561.80052904
trade,ETHUSDT,159279665,3504.88,0.731432,2026-03-20 04:57:50.365,True,2563.58138816
trade,ETHUSDT,159279666,3498.81,1.992261,2026-03-20 04:57:52.490,True,6970.5427094100005
trade,BTCUSDT,140549436,97457.5,1.246662,2026-03-20 04:57:52.919,True,121496.561865
trade,ETHUSDT,159279667,3513.23,0.835647,2026-03-20 04:57:56.256,False,2935.8201098100003
trade,BTCUSDT,140549437,97013.04,0.276456,2026-03-20 04:57:56.634,True,26819.836986239996
trade,ETHUSDT,159279668,3503.41,0.546542,2026-03-20 04:57:57.185,True,1914.7607082199997
trade,BTCUSDT,140549438,97321.44,1.45233,2026-03-20 04:58:00.693,True,141342.8469552
trade,ETHUSDT,159279669,3510.44,1.883681,2026-03-20 04:58:01.505,True,6612.54912964
trade,BTCUSDT,140549439,97363.16,0.852384,2026-03-20 04:58:05.681,True,82990.79977344001
trade,ETHUSDT,159279670,3495.6,1.199333,2026-03-20 04:58:06.150,True,4192.3884348
trade,ETHUSDT,159279671,3501.07,0.252093,2026-03-20 04:58:06.279,True,882.59523951
trade,ETHUSDT,159279672,3486.49,0.647953,2026-03-20 04:58:09.327,True,2259.08165497
trade,BTCUSDT,140549440,97058.01,0.452797,2026-03-20 04:58:09.406,True,43947.57575397
trade,BTCUSDT,140549441,97424.28,0.949763,2026-03-20 04:58:12.397,True,92529.97644564
trade,ETHUSDT,159279673,3487.37,1.067417,2026-03-20 04:58:12.525,False,3722.4780232900002
trade,ETHUSDT,159279674,3514.06,1.498503,2026-03-20 04:58:15.937,False,5265.82945218
trade,ETHUSDT,159279675,3490.17,1.207783,2026-03-20 04:58:16.446,False,4215.3679931100005
trade,BTCUSDT,140549442,97291.18,0.910105,2026-03-20 04:58:17.140,True,88545.1893739
trade,ETHUSDT,159279676,3500.0,0.546943,2026-03-20 04:58:17.152,False,1914.3004999999998
trade,ETHUSDT,159279677,3512.0,1.327587,2026-03-20 04:58:18.293,True,4662.485544
trade,ETHUSDT,159279678,3497.7,0.563409,2026-03-20 04:58:19.304,True,1970.6356593
trade,BTCUSDT,140549443,97274.03,0.452903,2026-03-20 04:58:21.003,False,44055.70000909
trade,ETHUSDT,159279679,3490.54,1.203719,2026-03-20 04:58:21.459,True,4201.62931826
trade,BTCUSDT,140549444,96528.87,0.509296,2026-03-20 04:58:21.731,True,49161.767375519994
trade,ETHUSDT,159279680,3510.79,1.175156,2026-03-20 04:58:21.879,True,4125.72593324
trade,BTCUSDT,140549445,96641.61,0.692545,2026-03-20 04:58:23.417,False,66928.66379744999
trade,BTCUSDT,140549446,96943.8,1.906221,2026-03-20 04:58:23.769,False,184796.3073798
trade,BTCUSDT,140549447,97366.96,1.456258,2026-03-20 04:58:24.616,True,141791.41443568002
trade,ETHUSDT,159279681,3506.12,0.019822,2026-03-20 04:58:26.309,False,69.49831064
trade,BTCUSDT,140549448,97447.25,1.194871,2026-03-20 04:58:29.504,False,116436.89305475
trade,ETHUSDT,159279682,3508.86,1.620895,2026-03-20 04:58:30.102,True,5687.4936297
trade,BTCUSDT,140549449,96737.36,0.224616,2026-03-20 04:58:31.935,False,21728.758853760002
trade,ETHUSDT,159279683,3489.64,1.437668,2026-03-20 04:58:35.055,False,5016.94375952
trade,BTCUSDT,140549450,96611.04,0.045425,2026-03-20 04:58:35.075,True,4388.556492
trade,BTCUSDT,140549451,97348.12,0.874813,2026-03-20 04:58:36.969,False,85161.40090155999
trade,ETHUSDT,159279684,3508.47,0.239505,2026-03-20 04:58:39.376,True,840.2961073499999
trade,BTCUSDT,140549452,97366.49,1.611894,2026-03-20 04:58:40.840,False,156944.46103206
trade,BTCUSDT,140549453,97145.82,0.229641,2026-03-20 04:58:41.697,True,22308.663250620004
trade,ETHUSDT,159279685,3488.87,0.919708,2026-03-20 04:58:42.798,True,3208.74164996
trade,ETHUSDT,159279686,3497.84,1.245641,2026-03-20 04:58:43.633,False,4357.05291544
trade,BTCUSDT,140549454,96783.66,0.649961,2026-03-20 04:58:46.567,True,62905.60443726
trade,BTCUSDT,140549455,97147.78,1.260682,2026-03-20 04:58:47.351,True,122472.45758596
trade,ETHUSDT,159279687,3501.84,1.445821,2026-03-20 04:58:48.536,True,5063.03381064
trade,BTCUSDT,140549456,97233.52,1.866073,2026-03-20 04:58:51.732,True,181444.84636696
trade,ETHUSDT,159279688,3484.03,0.990389,2026-03-20 04:58:52.490,True,3450.54498767
trade,ETHUSDT,159279689,3491.74,0.758544,2026-03-20 04:58:54.086,True,2648.63842656
trade,ETHUSDT,159279690,3488.7,0.420615,2026-03-20 04:58:55.043,False,1467.3995505
trade,BTCUSDT,140549457,97006.26,1.03704,2026-03-20 04:58:56.250,False,100599.37187039999
trade,ETHUSDT,159279691,3500.74,1.711974,2026-03-20 04:58:56.685,False,5993.17586076
trade,ETHUSDT,159279692,3516.76,1.43658,2026-03-20 04:58:56.920,True,5052.1070808
trade,ETHUSDT,159279693,3495.7,1.153105,2026-03-20 04:58:57.718,True,4030.9091485
trade,ETHUSDT,159279694,3500.05,0.737225,2026-03-20 04:58:58.966,False,2580.32436125
trade,BTCUSDT,140549458,96937.13,1.342058,2026-03-20 04:59:00.243,False,130095.25081354
trade,ETHUSDT,159279695,3491.56,0.422496,2026-03-20 04:59:03.398,True,1475.17013376
trade,BTCUSDT,140549459,97011.0,1.576734,2026-03-20 04:59:04.231,False,152960.542074
trade,BTCUSDT,140549460,97365.19,1.404864,2026-03-20 04:59:04.818,True,136784.85028416
trade,ETHUSDT,159279696,3482.74,0.300485,2026-03-20 04:59:04.897,False,1046.5111289
trade,BTCUSDT,140549461,96867.68,0.370665,2026-03-20 04:59:07.231,False,35905.4586072
trade,ETHUSDT,159279697,3510.7,1.764971,2026-03-20 04:59:09.539,True,6196.2836897
trade,BTCUSDT,140549462,97478.63,1.712395,2026-03-20 04:59:11.839,True,166921.91861885
trade,ETHUSDT,159279698,3509.06,0.492795,2026-03-20 04:59:12.662,True,1729.2472226999998
trade,BTCUSDT,140549463,96943.53,0.194231,2026-03-20 04:59:16.586,True,18829.438775429997
trade,ETHUSDT,159279699,3506.87,1.334794,2026-03-20 04:59:17.135,True,4680.94903478
trade,BTCUSDT,140549464,96774.62,1.209475,2026-03-20 04:59:19.104,False,117046.4835245
trade,BTCUSDT,140549465,97144.79,1.373684,2026-03-20 04:59:19.752,False,133446.24370636
trade,ETHUSDT,159279700,3502.07,0.891805,2026-03-20 04:59:19.806,True,3123.16353635
trade,BTCUSDT,140549466,96657.93,1.527743,2026-03-20 04:59:21.511,False,147668.47595199
trade,BTCUSDT,140549467,97059.17,1.005601,2026-03-20 04:59:23.774,False,97602.79841116999
trade,ETHUSDT,159279701,3510.68,0.771245,2026-03-20 04:59:24.354,False,2707.5943965999995
trade,ETHUSDT,159279702,3506.59,1.918514,2026-03-20 04:59:25.280,True,6727.4420072600005
trade,BTCUSDT,140549468,96753.37,1.12708,2026-03-20 04:59:26.586,True,109048.7882596
trade,BTCUSDT,140549469,96952.24,1.458529,2026-03-20 04:59:29.138,False,141407.65365496
trade,ETHUSDT,159279703,3488.8,1.050248,2026-03-20 04:59:30.068,True,3664.1052224000005
trade,ETHUSDT,159279704,3502.14,0.541341,2026-03-20 04:59:30.888,True,1895.8519697399997
trade,BTCUSDT,140549470,97342.02,0.627724,2026-03-20 04:59:30.939,False,61103.92216248
trade,BTCUSDT,140549471,96781.72,1.015182,2026-03-20 04:59:31.796,True,98251.06007304
trade,ETHUSDT,159279705,3504.05,0.97054,2026-03-20 04:59:31.927,False,3400.820687
trade,ETHUSDT,159279706,3489.05,1.402898,2026-03-20 04:59:35.310,False,4894.7812669
trade,BTCUSDT,140549472,97444.4,0.343665,2026-03-20 04:59:35.666,False,33488.229726
trade,BTCUSDT,140549473,97462.26,0.946925,2026-03-20 04:59:37.182,False,92289.4505505
trade,ETHUSDT,159279707,3499.5,1.915349,2026-03-20 04:59:39.843,False,6702.7638255
trade,BTCUSDT,140549474,96707.86,0.33421,2026-03-20 04:59:40.711,False,32320.7338906
trade,BTCUSDT,140549475,96638.76,1.652479,2026-03-20 04:59:41.721,False,159693.52148604
trade,BTCUSDT,140549476,97305.05,1.331945,2026-03-20 04:59:42.131,False,129604.97482224999
trade,ETHUSDT,159279708,3515.83,1.187729,2026-03-20 04:59:44.576,False,4175.85325007
trade,BTCUSDT,140549477,97162.49,0.770728,2026-03-20 04:59:45.166,False,74885.85159272
trade,ETHUSDT,159279709,3504.24,0.638451,2026-03-20 04:59:46.724,False,2237.2855322399996
trade,BTCUSDT,140549478,96523.8,0.174989,2026-03-20 04:59:47.544,True,16890.6032382
trade,ETHUSDT,159279710,3484.38,1.424329,2026-03-20 04:59:49.986,True,4962.90348102
trade,BTCUSDT,140549479,96770.88,1.477171,2026-03-20 04:59:52.075,False,142947.13758048002
trade,ETHUSDT,159279711,3497.65,0.788173,2026-03-20 04:59:53.963,True,2756.75329345
trade,BTCUSDT,140549480,97174.91,0.519214,2026-03-20 04:59:54.648,True,50454.573720739994
trade,BTCUSDT,140549481,97423.4,1.111794,2026-03-20 04:59:56.289,True,108314.7515796
trade,BTCUSDT,140549482,97253.72,1.910493,2026-03-20 04:59:56.954,True,185802.55128396
trade,ETHUSDT,159279712,3493.83,0.306446,2026-03-20 04:59:58.315,False,1070.6702281799999
trade,BTCUSDT,140549483,97087.12,1.392582,2026-03-20 05:00:00.752,True,135201.77574384
trade,ETHUSDT,159279713,3506.65,0.607912,2026-03-20 05:00:01.115,False,2131.7346148
trade,ETHUSDT,159279714,3503.9,0.933653,2026-03-20 05:00:01.812,False,3271.4267467
trade,BTCUSDT,140549484,97069.41,1.979817,2026-03-20 05:00:04.136,True,192179.66809797
trade,ETHUSDT,159279715,3489.29,1.321442,2026-03-20 05:00:05.092,False,4610.89435618
trade,BTCUSDT,140549485,97195.85,1.646424,2026-03-20 05:00:09.021,False,160025.5801404
trade,ETHUSDT,159279716,3515.84,1.841192,2026-03-20 05:00:09.407,False,6473.33648128
trade,BTCUSDT,140549486,97403.33,1.990828,2026-03-20 05:00:09.903,False,193913.27665724
trade,ETHUSDT,159279717,3487.89,0.254932,2026-03-20 05:00:11.553,False,889.1747734799999
trade,BTCUSDT,140549487,97021.98,1.577623,2026-03-20 05:00:11.752,True,153064.10715353998
trade,BTCUSDT,140549488,97356.93,0.602508,2026-03-20 05:00:13.701,True,58658.32918044
trade,ETHUSDT,159279718,3505.26,0.941161,2026-03-20 05:00:15.202,False,3299.0140068600003
trade,ETHUSDT,159279719,3488.82,0.884217,2026-03-20 05:00:15.994,False,3084.8739539400003
trade,BTCUSDT,140549489,96713.98,0.089475,2026-03-20 05:00:18.314,False,8653.4833605
trade,ETHUSDT,159279720,3512.78,1.360543,2026-03-20 05:00:18.966,True,4779.28823954
trade,BTCUSDT,140549490,96637.62,0.460514,2026-03-20 05:00:21.629,True,44502.976936679996
trade,ETHUSDT,159279721,3488.63,0.495317,2026-03-20 05:00:23.226,False,1727.9777457100001
trade,ETHUSDT,159279722,3498.64,1.366327,2026-03-20 05:00:24.744,False,4780.28629528
trade,BTCUSDT,140549491,96893.23,1.394274,2026-03-20 05:00:25.733,False,135095.71136502
trade,BTCUSDT,140549492,97463.62,0.935425,2026-03-20 05:00:27.318,False,91169.9067385
trade,ETHUSDT,159279723,3502.0,1.40913,2026-03-20 05:00:27.883,False,4934.77326
trade,ETHUSDT,159279724,3483.05,1.391773,2026-03-20 05:00:29.165,False,4847.61494765
trade,BTCUSDT,140549493,97398.14,1.707451,2026-03-20 05:00:29.653,False,166302.55154114
trade,ETHUSDT,159279725,3497.09,0.949883,2026-03-20 05:00:30.477,True,3321.82634047
trade,ETHUSDT,159279726,3497.73,0.15965,2026-03-20 05:00:31.659,False,558.4125945
trade,BTCUSDT,140549494,96797.5,0.612806,2026-03-20 05:00:32.737,False,59318.088785
trade,BTCUSDT,140549495,96533.98,0.157494,2026-03-20 05:00:33.633,False,15203.522646119998
trade,ETHUSDT,159279727,3484.92,0.48627,2026-03-20 05:00:34.706,True,1694.6120484
trade,BTCUSDT,140549496,96722.35,1.703262,2026-03-20 05:00:37.336,True,164743.50330570003
trade,ETHUSDT,159279728,3512.09,0.560362,2026-03-20 05:00:38.682,True,1968.0417765800003
trade,BTCUSDT,140549497,97242.73,0.129315,2026-03-20 05:00:39.114,False,12574.943629950001
trade,ETHUSDT,159279729,3486.74,1.960276,2026-03-20 05:00:40.978,False,6834.972740239999
trade,BTCUSDT,140549498,96880.23,1.870917,2026-03-20 05:00:41.077,False,181254.86927090999
trade,BTCUSDT,140549499,96962.74,1.895452,2026-03-20 05:00:42.278,False,183788.21945848
trade,ETHUSDT,159279730,3487.47,1.574046,2026-03-20 05:00:43.250,True,5489.4382036199995
trade,ETHUSDT,159279731,3509.54,0.12266,2026-03-20 05:00:43.487,True,430.4801764
trade,ETHUSDT,159279732,3514.24,1.419467,2026-03-20 05:00:46.470,False,4988.34771008
trade,BTCUSDT,140549500,96698.3,1.041476,2026-03-20 05:00:47.214,False,100708.9586908
trade,ETHUSDT,159279733,3502.33,1.089391,2026-03-20 05:00:47.419,True,3815.40678103
trade,ETHUSDT,159279734,3497.89,1.497595,2026-03-20 05:00:50.566,False,5238.42257455
trade,ETHUSDT,159279735,3516.29,1.871752,2026-03-20 05:00:50.911,True,6581.62284008
trade,BTCUSDT,140549501,97256.92,0.165891,2026-03-20 05:00:51.893,True,16134.04771572
trade,ETHUSDT,159279736,3498.45,1.530575,2026-03-20 05:00:54.234,False,5354.64010875
trade,BTCUSDT,140549502,97201.34,0.076824,2026-03-20 05:00:54.935,False,7467.3957441600005
trade,BTCUSDT,140549503,97425.71,1.164677,2026-03-20 05:00:55.816,True,113469.48364567
trade,ETHUSDT,159279737,3502.88,1.867764,2026-03-20 05:00:56.157,False,6542.55316032
trade,BTCUSDT,140549504,97233.83,0.877327,2026-03-20 05:00:59.307,True,85305.86437241
trade,BTCUSDT,140549505,97483.59,0.351518,2026-03-20 05:01:00.630,True,34267.23658962
trade,ETHUSDT,159279738,3499.97,0.428934,2026-03-20 05:01:01.050,True,1501.25613198
trade,ETHUSDT,159279739,3502.96,1.64537,2026-03-20 05:01:01.949,True,5763.6652952
trade,BTCUSDT,140549506,97479.98,0.055334,2026-03-20 05:01:05.416,False,5393.95721332
trade,ETHUSDT,159279740,3488.55,0.697572,2026-03-20 05:01:06.377,False,2433.5148006
trade,BTCUSDT,140549507,96718.75,1.847785,2026-03-20 05:01:09.398,False,178715.45546875
trade,BTCUSDT,140549508,96517.03,1.065139,2026-03-20 05:01:09.840,False,102804.05281717
trade,ETHUSDT,159279741,3500.88,0.603395,2026-03-20 05:01:10.381,True,2112.4134876000003
trade,BTCUSDT,140549509,96529.56,0.935272,2026-03-20 05:01:12.139,False,90281.39464032
trade,ETHUSDT,159279742,3484.37,0.578558,2026-03-20 05:01:13.325,False,2015.91013846
trade,BTCUSDT,140549510,97301.45,1.735517,2026-03-20 05:01:16.948,False,168868.32059965
trade,ETHUSDT,159279743,3513.29,0.812011,2026-03-20 05:01:16.998,True,2852.83012619
trade,BTCUSDT,140549511,96903.13,0.693205,2026-03-20 05:01:20.403,False,67173.73423165
trade,ETHUSDT,159279744,3498.65,0.896205,2026-03-20 05:01:20.932,True,3135.50762325
trade,BTCUSDT,140549512,96659.31,1.460415,2026-03-20 05:01:25.001,False,141162.70621365
trade,ETHUSDT,159279745,3501.05,1.327011,2026-03-20 05:01:25.293,True,4645.93186155
trade,ETHUSDT,159279746,3505.46,0.291132,2026-03-20 05:01:28.376,True,1020.5515807200001
trade,BTCUSDT,140549513,97330.29,1.820425,2026-03-20 05:01:28.716,True,177182.49317325
trade,BTCUSDT,140549514,96870.16,0.022763,2026-03-20 05:01:29.056,False,2205.05545208
trade,BTCUSDT,140549515,96862.38,0.406975,2026-03-20 05:01:31.392,False,39420.5671005
trade,ETHUSDT,159279747,3490.9,1.130518,2026-03-20 05:01:33.110,True,3946.5252861999998
trade,BTCUSDT,140549516,96898.8,1.767988,2026-03-20 05:01:33.441,False,171315.9156144
trade,BTCUSDT,140549517,97179.95,0.493929,2026-03-20 05:01:35.793,True,47999.99552355
trade,ETHUSDT,159279748,3490.52,0.116091,2026-03-20 05:01:36.481,True,405.21795732
trade,ETHUSDT,159279749,3500.17,0.009314,2026-03-20 05:01:38.671,False,32.600583379999996
trade,BTCUSDT,140549518,97046.82,1.184099,2026-03-20 05:01:40.116,False,114913.04251518002
trade,BTCUSDT,140549519,96580.38,0.355494,2026-03-20 05:01:40.300,True,34333.74560772
trade,BTCUSDT,140549520,96663.22,0.242996,2026-03-20 05:01:42.256,True,23488.77580712
trade,ETHUSDT,159279750,3511.87,1.099004,2026-03-20 05:01:43.488,False,3859.55917748
trade,BTCUSDT,140549521,96605.78,1.419062,2026-03-20 05:01:44.357,True,137089.59137836
trade,BTCUSDT,140549522,96918.31,1.217896,2026-03-20 05:01:45.444,True,118036.42207576001
trade,ETHUSDT,159279751,3504.0,1.530693,2026-03-20 05:01:47.951,False,5363.548272
trade,BTCUSDT,140549523,96725.61,1.508561,2026-03-20 05:01:48.372,True,145916.48294721
trade,BTCUSDT,140549524,96875.31,0.724854,2026-03-20 05:01:49.637,True,70220.45595474
trade,BTCUSDT,140549525,96934.82,1.921009,2026-03-20 05:01:49.848,False,186212.66163338002
trade,BTCUSDT,140549526,96521.14,1.72677,2026-03-20 05:01:51.121,False,166669.8089178
trade,ETHUSDT,159279752,3503.42,1.355971,2026-03-20 05:01:52.170,False,4750.535920820001
trade,BTCUSDT,140549527,96551.85,0.136096,2026-03-20 05:01:52.770,True,13140.3205776
trade,ETHUSDT,159279753,3493.04,1.485243,2026-03-20 05:01:53.104,True,5188.01320872
trade,ETHUSDT,159279754,3507.09,1.460597,2026-03-20 05:01:56.698,False,5122.44513273
trade,BTCUSDT,140549528,97323.34,1.650733,2026-03-20 05:01:57.633,True,160654.84900822
trade,BTCUSDT,140549529,96923.95,1.649106,2026-03-20 05:01:58.255,True,159837.8674887
trade,BTCUSDT,140549530,97435.27,1.622257,2026-03-20 05:01:58.523,True,158065.04880439
trade,BTCUSDT,140549531,96772.52,1.70667,2026-03-20 05:02:01.027,False,165158.7567084
trade,ETHUSDT,159279755,3495.43,1.100163,2026-03-20 05:02:01.275,True,3845.54275509
trade,BTCUSDT,140549532,96650.09,1.930988,2026-03-20 05:02:02.027,False,186630.16398892
trade,ETHUSDT,159279756,3490.72,0.840137,2026-03-20 05:02:02.043,False,2932.68302864
trade,ETHUSDT,159279757,3511.94,0.205192,2026-03-20 05:02:02.825,True,720.62199248
trade,BTCUSDT,140549533,97412.54,1.484069,2026-03-20 05:02:03.688,False,144566.93082526
trade,ETHUSDT,159279758,3498.8,1.156946,2026-03-20 05:02:04.438,False,4047.9226648000003
trade,BTCUSDT,140549534,96792.9,1.754327,2026-03-20 05:02:05.252,False,169806.3978783
trade,BTCUSDT,140549535,97274.37,1.179567,2026-03-20 05:02:06.120,True,114741.63679779
trade,BTCUSDT,140549536,96616.17,0.075328,2026-03-20 05:02:09.167,False,7277.902853760001
trade,ETHUSDT,159279759,3491.67,1.066834,2026-03-20 05:02:09.417,False,3725.0322727800003
trade,ETHUSDT,159279760,3487.0,0.894219,2026-03-20 05:02:10.142,True,3118.141653
trade,BTCUSDT,140549537,97141.51,0.876233,2026-03-20 05:02:12.012,True,85118.59673183
trade,ETHUSDT,159279761,3509.7,0.99392,2026-03-20 05:02:13.686,False,3488.361024
trade,BTCUSDT,140549538,96945.52,1.045016,2026-03-20 05:02:14.644,True,101309.61952831999
trade,BTCUSDT,140549539,96614.98,0.776909,2026-03-20 05:02:15.934,False,75061.04749682
trade,ETHUSDT,159279762,3493.83,1.942371,2026-03-20 05:02:17.407,True,6786.3140709300005
trade,BTCUSDT,140549540,96545.81,0.092145,2026-03-20 05:02:19.558,True,8896.21366245
trade,BTCUSDT,140549541,97446.36,1.218884,2026-03-20 05:02:21.594,True,118775.80906224
trade,ETHUSDT,159279763,3484.21,0.80861,2026-03-20 05:02:21.690,False,2817.3670481000004
trade,ETHUSDT,159279764,3490.67,0.148869,2026-03-20 05:02:22.257,False,519.65255223
trade,BTCUSDT,140549542,97373.0,1.062423,2026-03-20 05:02:22.971,False,103451.314779
trade,ETHUSDT,159279765,3482.99,0.337913,2026-03-20 05:02:24.272,True,1176.94759987
trade,BTCUSDT,140549543,97117.84,1.237835,2026-03-20 05:02:27.630,True,120215.8614764
trade,ETHUSDT,159279766,3511.02,1.792846,2026-03-20 05:02:28.756,False,6294.7181629199995
trade,BTCUSDT,140549544,96698.42,1.579692,2026-03-20 05:02:29.741,False,152753.72048664
trade,BTCUSDT,140549545,96713.19,1.600712,2026-03-20 05:02:32.977,True,154809.96379128
trade,ETHUSDT,159279767,3497.56,1.536392,2026-03-20 05:02:33.667,False,5373.62320352
trade,BTCUSDT,140549546,97442.71,0.797984,2026-03-20 05:02:36.078,True,77757.72349664001
trade,BTCUSDT,140549547,96827.0,0.290388,2026-03-20 05:02:37.636,False,28117.398876
trade,ETHUSDT,159279768,3497.51,1.406262,2026-03-20 05:02:38.296,False,4918.41540762
trade,ETHUSDT,159279769,3497.0,1.083339,2026-03-20 05:02:39.653,False,3788.4364830000004
trade,BTCUSDT,140549548,96696.82,0.742948,2026-03-20 05:02:42.597,True,71840.70902536
trade,BTCUSDT,140549549,96859.07,1.867913,2026-03-20 05:02:43.021,False,180924.31602091002
trade,ETHUSDT,159279770,3499.05,1.529165,2026-03-20 05:02:43.979,True,5350.624793250001
trade,BTCUSDT,140549550,96929.05,0.852292,2026-03-20 05:02:47.915,False,82611.8538826
trade,ETHUSDT,159279771,3500.52,0.317926,2026-03-20 05:02:48.504,True,1112.90632152
trade,ETHUSDT,159279772,3485.51,0.599279,2026-03-20 05:02:50.884,False,2088.79294729
trade,ETHUSDT,159279773,3511.87,1.742031,2026-03-20 05:02:51.975,False,6117.78640797
trade,BTCUSDT,140549551,96946.04,0.899686,2026-03-20 05:02:52.400,True,87220.99494343999
trade,BTCUSDT,140549552,97086.75,1.284549,2026-03-20 05:02:53.180,False,124712.68762575
trade,ETHUSDT,159279774,3491.73,1.759583,2026-03-20 05:02:53.542,True,6143.98874859
trade,ETHUSDT,159279775,3505.57,1.177646,2026-03-20 05:02:55.533,False,4128.32048822
trade,BTCUSDT,140549553,97118.96,1.747828,2026-03-20 05:02:55.768,True,169747.23761888
trade,ETHUSDT,159279776,3503.99,0.458139,2026-03-20 05:02:56.882,True,1605.31447461
trade,BTCUSDT,140549554,96839.88,0.832374,2026-03-20 05:02:58.592,True,80606.99827512
trade,BTCUSDT,140549555,97367.64,0.813216,2026-03-20 05:02:59.126,False,79180.92273024001
trade,ETHUSDT,159279777,3499.65,1.013278,2026-03-20 05:02:59.302,True,3546.1183527
trade,BTCUSDT,140549556,97246.69,1.429334,2026-03-20 05:02:59.545,True,138998.00040446
trade,ETHUSDT,159279778,3507.71,0.411459,2026-03-20 05:02:59.998,True,1443.27884889
trade,ETHUSDT,159279779,3499.31,1.350067,2026-03-20 05:03:00.951,True,4724.3029537699995
trade,BTCUSDT,140549557,96873.0,1.697229,2026-03-20 05:03:03.159,True,164415.66491700002
trade,BTCUSDT,140549558,97238.05,1.673241,2026-03-20 05:03:04.460,False,162702.69202005002
trade,ETHUSDT,159279780,3513.84,1.947165,2026-03-20 05:03:04.680,False,6842.026263600001
trade,ETHUSDT,159279781,3484.17,1.644962,2026-03-20 05:03:05.799,False,5731.32725154
trade,BTCUSDT,140549559,96745.74,1.710686,2026-03-20 05:03:07.605,True,165501.58297764
trade,BTCUSDT,140549560,96955.1,0.984276,2026-03-20 05:03:08.630,True,95430.57800760001
trade,BTCUSDT,140549561,97106.35,0.157909,2026-03-20 05:03:09.335,False,15333.966622150001
trade,BTCUSDT,140549562,96940.77,1.626116,2026-03-20 05:03:10.239,False,157636.93714932
trade,ETHUSDT,159279782,3488.01,1.063538,2026-03-20 05:03:10.581,True,3709.6311793800005
trade,ETHUSDT,159279783,3507.72,0.608622,2026-03-20 05:03:11.608,True,2134.87556184
trade,BTCUSDT,140549563,96943.41,1.390952,2026-03-20 05:03:13.429,False,134843.63002632
trade,ETHUSDT,159279784,3515.15,0.543957,2026-03-20 05:03:16.088,False,1912.0904485500002
trade,ETHUSDT,159279785,3494.32,0.313183,2026-03-20 05:03:17.518,False,1094.3616205600001
trade,BTCUSDT,140549564,96946.53,0.529486,2026-03-20 05:03:17.774,False,51331.83038358
trade,BTCUSDT,140549565,97120.98,1.700062,2026-03-20 05:03:19.662,True,165111.68750076
trade,ETHUSDT,159279786,3490.29,0.095871,2026-03-20 05:03:22.019,False,334.61759259
trade,ETHUSDT,159279787,3497.68,1.458432,2026-03-20 05:03:22.595,True,5101.1284377599995
trade,BTCUSDT,140549566,96950.11,1.331609,2026-03-20 05:03:23.483,True,129099.63902699
trade,ETHUSDT,159279788,3507.27,0.463794,2026-03-20 05:03:23.842,True,1626.65078238
trade,ETHUSDT,159279789,3484.81,1.056446,2026-03-20 05:03:26.222,False,3681.51358526
trade,BTCUSDT,140549567,97187.7,1.919335,2026-03-20 05:03:26.777,False,186535.75417949999
trade,ETHUSDT,159279790,3491.66,1.480249,2026-03-20 05:03:30.478,True,5168.52622334
trade,BTCUSDT,140549568,97383.97,0.324722,2026-03-20 05:03:31.663,False,31622.717506340003
trade,BTCUSDT,140549569,96716.44,0.348613,2026-03-20 05:03:33.499,False,33716.60829772
trade,BTCUSDT,140549570,96861.27,1.42927,2026-03-20 05:03:34.497,True,138440.90737290002
trade,ETHUSDT,159279791,3496.97,1.894229,2026-03-20 05:03:34.722,True,6624.061986129999
trade,BTCUSDT,140549571,96555.34,0.90109,2026-03-20 05:03:34.800,False,87005.05132059999
trade,ETHUSDT,159279792,3504.34,0.194947,2026-03-20 05:03:36.548,False,683.1605699800001
trade,ETHUSDT,159279793,3504.49,1.108368,2026-03-20 05:03:38.596,False,3884.26457232
trade,BTCUSDT,140549572,97248.71,1.552558,2026-03-20 05:03:39.180,True,150984.26270018003
trade,ETHUSDT,159279794,3496.93,0.27453,2026-03-20 05:03:41.943,True,960.0121929
trade,BTCUSDT,140549573,97097.89,1.888136,2026-03-20 05:03:42.269,False,183334.02163304
trade,ETHUSDT,159279795,3507.0,1.411993,2026-03-20 05:03:44.577,True,4951.859451
trade,ETHUSDT,159279796,3505.83,0.025624,2026-03-20 05:03:44.890,False,89.83338792
trade,ETHUSDT,159279797,3483.97,0.365618,2026-03-20 05:03:46.176,False,1273.80214346
trade,ETHUSDT,159279798,3515.8,1.821516,2026-03-20 05:03:46.374,False,6404.0859528
trade,BTCUSDT,140549574,96987.92,0.197903,2026-03-20 05:03:47.216,False,19194.20033176
trade,BTCUSDT,140549575,96631.21,1.179668,2026-03-20 05:03:49.040,True,113992.74623828
trade,ETHUSDT,159279799,3495.43,0.927288,2026-03-20 05:03:49.656,True,3241.27029384
trade,BTCUSDT,140549576,96768.32,0.805784,2026-03-20 05:03:50.684,False,77974.36396288
trade,ETHUSDT,159279800,3503.03,0.905884,2026-03-20 05:03:51.692,False,3173.3388285200003
trade,ETHUSDT,159279801,3493.08,0.030984,2026-03-20 05:03:52.444,True,108.22959072
trade,BTCUSDT,140549577,97378.42,0.479781,2026-03-20 05:03:55.038,False,46720.31572602
trade,ETHUSDT,159279802,3507.37,1.446017,2026-03-20 05:03:56.072,False,5071.71664529
trade,ETHUSDT,159279803,3482.98,1.603472,2026-03-20 05:03:56.590,True,5584.86090656
trade,BTCUSDT,140549578,97123.78,1.726848,2026-03-20 05:03:56.824,True,167718.00524544
trade,BTCUSDT,140549579,97203.2,1.788568,2026-03-20 05:03:56.937,True,173854.53301759998
trade,BTCUSDT,140549580,96629.37,0.439733,2026-03-20 05:03:59.872,True,42491.12275821
trade,ETHUSDT,159279804,3502.77,1.891425,2026-03-20 05:04:00.158,True,6625.22674725
trade,ETHUSDT,159279805,3506.23,0.897249,2026-03-20 05:04:01.480,True,3145.96136127
trade,BTCUSDT,140549581,97405.84,0.985904,2026-03-20 05:04:02.275,False,96032.80727936
trade,BTCUSDT,140549582,96717.84,1.60074,2026-03-20 05:04:02.465,True,154820.1152016
trade,ETHUSDT,159279806,3485.42,1.412086,2026-03-20 05:04:03.840,False,4921.71278612
trade,ETHUSDT,159279807,3486.53,1.472254,2026-03-20 05:04:05.060,False,5133.05773862
trade,ETHUSDT,159279808,3508.31,0.022735,2026-03-20 05:04:05.736,False,79.76142784999999
trade,BTCUSDT,140549583,96642.53,1.81396,2026-03-20 05:04:07.400,False,175305.6837188
trade,BTCUSDT,140549584,96688.02,0.145822,2026-03-20 05:04:10.028,True,14099.24045244
trade,ETHUSDT,159279809,3514.11,1.727311,2026-03-20 05:04:10.159,True,6069.96085821
trade,BTCUSDT,140549585,96739.09,1.432516,2026-03-20 05:04:11.082,True,138580.29425044
trade,ETHUSDT,159279810,3511.24,1.81354,2026-03-20 05:04:12.210,True,6367.7741896
trade,BTCUSDT,140549586,97036.64,1.147348,2026-03-20 05:04:13.771,False,111334.79483072
trade,BTCUSDT,140549587,97164.97,1.546264,2026-03-20 05:04:15.172,True,150242.69517208
trade,ETHUSDT,159279811,3496.24,1.933232,2026-03-20 05:04:15.609,True,6759.04304768
trade,BTCUSDT,140549588,97359.26,0.926046,2026-03-20 05:04:17.555,True,90159.15328596
trade,ETHUSDT,159279812,3501.03,0.110576,2026-03-20 05:04:17.978,True,387.12989328
trade,BTCUSDT,140549589,97279.25,0.447268,2026-03-20 05:04:18.294,True,43509.895589
trade,BTCUSDT,140549590,96824.94,0.359749,2026-03-20 05:04:18.934,False,34832.67534006
trade,ETHUSDT,159279813,3496.09,1.605003,2026-03-20 05:04:19.933,True,5611.23493827
trade,BTCUSDT,140549591,96861.93,0.70032,2026-03-20 05:04:20.044,True,67834.3468176
trade,ETHUSDT,159279814,3484.7,1.977393,2026-03-20 05:04:20.410,True,6890.621387099999
trade,BTCUSDT,140549592,97301.47,0.079922,2026-03-20 05:04:20.914,False,7776.528085340001
trade,BTCUSDT,140549593,96955.15,0.856991,2026-03-20 05:04:21.282,False,83089.69095364999
trade,ETHUSDT,159279815,3484.29,1.061963,2026-03-20 05:04:22.394,False,3700.18706127
trade,ETHUSDT,159279816,3482.56,1.324126,2026-03-20 05:04:24.029,True,4611.34824256
trade,BTCUSDT,140549594,96687.62,1.284784,2026-03-20 05:04:25.361,False,124222.70717407999
trade,ETHUSDT,159279817,3487.55,0.98057,2026-03-20 05:04:25.902,True,3419.7869035000003
trade,ETHUSDT,159279818,3503.46,0.013423,2026-03-20 05:04:26.388,False,47.02694358
trade,ETHUSDT,159279819,3497.63,1.988724,2026-03-20 05:04:27.107,True,6955.82072412
trade,BTCUSDT,140549595,96526.1,1.763001,2026-03-20 05:04:27.116,True,170175.61082610002
trade,BTCUSDT,140549596,96831.76,1.525479,2026-03-20 05:04:27.586,True,147714.81641303998
trade,ETHUSDT,159279820,3514.09,0.5795,2026-03-20 05:04:30.079,True,2036.4151550000001
trade,BTCUSDT,140549597,97175.46,1.275396,2026-03-20 05:04:31.213,True,123937.19298216
trade,ETHUSDT,159279821,3483.21,1.519091,2026-03-20 05:04:32.386,False,5291.31296211
trade,ETHUSDT,159279822,3508.6,0.067002,2026-03-20 05:04:33.532,True,235.0832172
trade,BTCUSDT,140549598,97120.84,1.836692,2026-03-20 05:04:34.046,False,178381.06986128
trade,BTCUSDT,140549599,97309.11,0.918836,2026-03-20 05:04:34.161,True,89411.11339596
trade,ETHUSDT,159279823,3514.25,0.778419,2026-03-20 05:04:35.141,True,2735.55897075
trade,BTCUSDT,140549600,96621.65,1.256846,2026-03-20 05:04:38.129,True,121438.53431589999
trade,BTCUSDT,140549601,96848.64,1.097889,2026-03-20 05:04:39.115,False,106329.05652095999
trade,ETHUSDT,159279824,3508.31,1.060771,2026-03-20 05:04:39.147,False,3721.5135070099996
trade,ETHUSDT,159279825,3502.14,1.472093,2026-03-20 05:04:42.396,False,5155.47577902
trade,BTCUSDT,140549602,97446.19,1.416602,2026-03-20 05:04:43.840,True,138042.46764637998
trade,ETHUSDT,159279826,3516.49,0.260878,2026-03-20 05:04:44.983,False,917.3748782199999
trade,ETHUSDT,159279827,3488.34,1.650834,2026-03-20 05:04:46.091,True,5758.67027556
trade,BTCUSDT,140549603,97452.17,0.981138,2026-03-20 05:04:46.249,False,95614.02716946
trade,ETHUSDT,159279828,3501.82,0.936798,2026-03-20 05:04:49.268,True,3280.4979723600004
trade,BTCUSDT,140549604,96613.0,0.178126,2026-03-20 05:04:50.950,True,17209.287238
trade,ETHUSDT,159279829,3515.42,1.483456,2026-03-20 05:04:51.301,True,5214.970891520001
trade,BTCUSDT,140549605,96882.34,0.030721,2026-03-20 05:04:52.779,False,2976.3223671399996
trade,ETHUSDT,159279830,3499.12,0.101973,2026-03-20 05:04:54.619,False,356.81576376
trade,BTCUSDT,140549606,97437.99,0.565404,2026-03-20 05:04:54.780,False,55091.82929796001
trade,BTCUSDT,140549607,96588.73,0.844201,2026-03-20 05:04:55.413,False,81540.30245473
trade,ETHUSDT,159279831,3489.35,0.343297,2026-03-20 05:04:57.558,False,1197.88338695
trade,BTCUSDT,140549608,96702.69,0.418064,2026-03-20 05:04:59.756,False,40427.91339216
trade,BTCUSDT,140549609,96600.8,0.862752,2026-03-20 05:05:00.732,False,83342.5334016
trade,ETHUSDT,159279832,3508.41,0.578818,2026-03-20 05:05:02.237,True,2030.73085938
trade,BTCUSDT,140549610,97124.76,0.902923,2026-03-20 05:05:04.797,True,87696.17967348
trade,BTCUSDT,140549611,97300.0,0.344179,2026-03-20 05:05:05.682,False,33488.6167
trade,BTCUSDT,140549612,97438.52,0.915515,2026-03-20 05:05:07.069,True,89206.4266378
trade,ETHUSDT,159279833,3497.7,1.007482,2026-03-20 05:05:07.087,True,3523.8697914
trade,BTCUSDT,140549613,97199.09,0.836626,2026-03-20 05:05:11.012,False,81319.28587034
trade,ETHUSDT,159279834,3490.64,1.968399,2026-03-20 05:05:11.449,True,6870.97228536
trade,BTCUSDT,140549614,96694.77,1.351025,2026-03-20 05:05:13.391,False,130637.05163925
trade,BTCUSDT,140549615,96991.32,1.750466,2026-03-20 05:05:13.491,True,169780.00795512003
trade,BTCUSDT,140549616,97404.54,0.135659,2026-03-20 05:05:16.314,False,13213.802491859999
trade,ETHUSDT,159279835,3510.22,0.468239,2026-03-20 05:05:16.449,False,1643.6219025799999
trade,BTCUSDT,140549617,96921.76,0.110487,2026-03-20 05:05:19.599,False,10708.594497119999
trade,BTCUSDT,140549618,97050.58,1.346981,2026-03-20 05:05:21.112,False,130725.28729898
trade,ETHUSDT,159279836,3507.14,0.200871,2026-03-20 05:05:21.388,False,704.4827189399999
trade,ETHUSDT,159279837,3512.93,1.783073,2026-03-20 05:05:22.425,True,6263.81063389
trade,BTCUSDT,140549619,96767.96,1.719919,2026-03-20 05:05:23.779,True,166433.05299524
trade,ETHUSDT,159279838,3512.53,1.383767,2026-03-20 05:05:26.298,True,4860.52310051
trade,BTCUSDT,140549620,97345.94,0.249555,2026-03-20 05:05:28.573,False,24293.1660567
trade,BTCUSDT,140549621,96809.22,0.416565,2026-03-20 05:05:29.478,True,40327.332729300004
trade,ETHUSDT,159279839,3486.3,1.722921,2026-03-20 05:05:30.843,True,6006.6194823
trade,BTCUSDT,140549622,97142.22,1.607004,2026-03-20 05:05:32.574,True,156107.93610888
trade,ETHUSDT,159279840,3482.59,0.006953,2026-03-20 05:05:33.402,False,24.214448270000002
trade,BTCUSDT,140549623,97165.54,0.289762,2026-03-20 05:05:35.674,True,28154.88120148
trade,ETHUSDT,159279841,3511.43,1.169148,2026-03-20 05:05:35.932,False,4105.38136164
trade,BTCUSDT,140549624,96737.14,1.063474,2026-03-20 05:05:37.133,False,102877.43322436001
trade,ETHUSDT,159279842,3511.45,1.459737,2026-03-20 05:05:38.480,True,5125.79348865
trade,BTCUSDT,140549625,96788.64,1.852858,2026-03-20 05:05:41.609,True,179335.60593311998
trade,ETHUSDT,159279843,3488.67,1.367793,2026-03-20 05:05:41.992,True,4771.77840531
trade,BTCUSDT,140549626,96674.93,1.258247,2026-03-20 05:05:43.590,False,121640.94064770998
trade,BTCUSDT,140549627,97329.41,1.906877,2026-03-20 05:05:45.001,False,185595.21335257
trade,ETHUSDT,159279844,3488.21,0.576795,2026-03-20 05:05:46.181,False,2011.98208695
trade,BTCUSDT,140549628,96707.16,0.687112,2026-03-20 05:05:49.976,True,66448.65012192
trade,BTCUSDT,140549629,97121.29,1.478787,2026-03-20 05:05:50.097,False,143621.70107523
trade,ETHUSDT,159279845,3515.43,1.324747,2026-03-20 05:05:50.417,False,4657.05534621
trade,BTCUSDT,140549630,97011.71,1.579819,2026-03-20 05:05:50.428,True,153260.94268049003
trade,ETHUSDT,159279846,3493.13,0.719033,2026-03-20 05:05:51.899,False,2511.6757432900004
trade,ETHUSDT,159279847,3497.11,1.811793,2026-03-20 05:05:52.680,False,6336.039418230001
trade,ETHUSDT,159279848,3503.19,1.893689,2026-03-20 05:05:53.706,False,6633.95236791
trade,BTCUSDT,140549631,96813.15,1.589557,2026-03-20 05:05:54.423,True,153890.02027455
trade,BTCUSDT,140549632,97140.63,0.038363,2026-03-20 05:05:54.955,True,3726.6059886900002
trade,ETHUSDT,159279849,3485.25,0.351271,2026-03-20 05:05:55.317,True,1224.26725275
trade,ETHUSDT,159279850,3508.56,1.681311,2026-03-20 05:05:55.883,False,5898.98052216
trade,BTCUSDT,140549633,96974.25,1.776968,2026-03-20 05:05:56.000,False,172320.139074
trade,ETHUSDT,159279851,3493.68,1.264331,2026-03-20 05:05:56.855,True,4417.16792808
trade,ETHUSDT,159279852,3493.01,0.751304,2026-03-20 05:05:57.319,False,2624.31238504
trade,ETHUSDT,159279853,3491.15,1.059653,2026-03-20 05:06:00.599,True,3699.40757095
trade,BTCUSDT,140549634,96699.07,0.273679,2026-03-20 05:06:00.898,False,26464.50477853
trade,ETHUSDT,159279854,3489.25,0.866357,2026-03-20 05:06:03.269,True,3022.93616225
trade,BTCUSDT,140549635,97035.78,0.900976,2026-03-20 05:06:03.668,False,87426.90892128
trade,BTCUSDT,140549636,96771.36,0.87512,2026-03-20 05:06:04.198,True,84686.5525632
trade,ETHUSDT,159279855,3491.11,1.760395,2026-03-20 05:06:05.546,True,6145.73258845
trade,BTCUSDT,140549637,97462.95,1.851502,2026-03-20 05:06:07.535,False,180452.84685089998
trade,ETHUSDT,159279856,3486.12,1.689755,2026-03-20 05:06:09.741,False,5890.6887006
trade,ETHUSDT,159279857,3485.37,0.436787,2026-03-20 05:06:10.623,True,1522.36430619
trade,ETHUSDT,159279858,3511.11,0.02396,2026-03-20 05:06:10.737,True,84.1261956
trade,BTCUSDT,140549638,97050.66,1.501827,2026-03-20 05:06:11.936,False,145753.30155582
trade,ETHUSDT,159279859,3514.06,1.728985,2026-03-20 05:06:12.088,False,6075.7570291
trade,ETHUSDT,159279860,3516.77,1.481655,2026-03-20 05:06:15.296,True,5210.63985435
trade,BTCUSDT,140549639,97233.33,0.273228,2026-03-20 05:06:15.723,False,26566.868289240003
trade,ETHUSDT,159279861,3516.82,1.085057,2026-03-20 05:06:17.580,True,3815.95015874
trade,BTCUSDT,140549640,97112.53,0.670352,2026-03-20 05:06:20.340,True,65099.578710559996
trade,ETHUSDT,159279862,3487.78,0.732607,2026-03-20 05:06:21.923,False,2555.1720424600003
trade,BTCUSDT,140549641,96746.16,0.633512,2026-03-20 05:06:23.954,True,61289.85331392
trade,BTCUSDT,140549642,96802.62,1.476303,2026-03-20 05:06:25.275,False,142909.99831385998
trade,ETHUSDT,159279863,3498.48,1.083454,2026-03-20 05:06:25.778,False,3790.44214992
trade,ETHUSDT,159279864,3504.62,1.449878,2026-03-20 05:06:27.133,False,5081.27143636
trade,BTCUSDT,140549643,96603.68,1.537392,2026-03-20 05:06:28.409,False,148517.72480256
trade,BTCUSDT,140549644,96730.07,0.693588,2026-03-20 05:06:31.067,True,67090.81579116
trade,ETHUSDT,159279865,3515.63,1.984175,2026-03-20 05:06:31.897,True,6975.625155250001
trade,BTCUSDT,140549645,97325.12,0.777907,2026-03-20 05:06:34.614,True,75709.89212383999
trade,BTCUSDT,140549646,97026.21,0.737165,2026-03-20 05:06:35.137,False,71524.32609465
trade,ETHUSDT,159279866,3500.88,1.152627,2026-03-20 05:06:35.457,True,4035.2088117600006
trade,BTCUSDT,140549647,96588.73,1.617798,2026-03-20 05:06:36.188,True,156261.05421654
trade,ETHUSDT,159279867,3512.16,1.880745,2026-03-20 05:06:36.693,True,6605.477359199999
trade,BTCUSDT,140549648,96756.82,0.579548,2026-03-20 05:06:38.885,True,56075.22151736
trade,ETHUSDT,159279868,3502.53,1.887053,2026-03-20 05:06:39.768,True,6609.459744090001
trade,BTCUSDT,140549649,96944.35,0.960462,2026-03-20 05:06:41.451,True,93111.36428970001
trade,BTCUSDT,140549650,97444.02,0.621018,2026-03-20 05:06:42.955,False,60514.49041236
trade,ETHUSDT,159279869,3517.03,0.25785,2026-03-20 05:06:44.495,False,906.8661855000001
trade,BTCUSDT,140549651,97240.72,0.309024,2026-03-20 05:06:47.706,True,30049.71625728
trade,ETHUSDT,159279870,3491.01,1.763878,2026-03-20 05:06:49.240,False,6157.715736780001
trade,BTCUSDT,140549652,96894.45,1.940387,2026-03-20 05:06:49.434,False,188012.73115215
trade,BTCUSDT,140549653,96880.97,1.73596,2026-03-20 05:06:49.905,True,168181.4886812
trade,BTCUSDT,140549654,96760.02,1.036074,2026-03-20 05:06:52.452,False,100250.54096148
trade,ETHUSDT,159279871,3501.63,0.560577,2026-03-20 05:06:53.771,False,1962.9332405100001
trade,ETHUSDT,159279872,3485.01,0.710054,2026-03-20 05:06:55.411,False,2474.54529054
trade,BTCUSDT,140549655,96838.8,1.257425,2026-03-20 05:06:56.482,False,121767.52809
trade,ETHUSDT,159279873,3485.94,0.607344,2026-03-20 05:06:56.497,True,2117.16474336
trade,BTCUSDT,140549656,97455.08,1.296014,2026-03-20 05:06:57.821,False,126303.14805112
trade,ETHUSDT,159279874,3515.25,1.96702,2026-03-20 05:07:01.329,False,6914.5670549999995
trade,BTCUSDT,140549657,96663.93,1.58951,2026-03-20 05:07:02.366,False,153648.2833743
trade,BTCUSDT,140549658,97038.79,1.356853,2026-03-20 05:07:04.367,False,131667.37332787
trade,ETHUSDT,159279875,3517.37,1.098739,2026-03-20 05:07:05.756,True,3864.6715964299997
trade,ETHUSDT,159279876,3512.75,1.813864,2026-03-20 05:07:06.137,False,6371.650766
trade,BTCUSDT,140549659,97400.14,1.925376,2026-03-20 05:07:08.577,False,187531.89195264
trade,BTCUSDT,140549660,96922.37,1.648707,2026-03-20 05:07:10.257,False,159796.58987559
trade,ETHUSDT,159279877,3493.56,1.309338,2026-03-20 05:07:10.338,True,4574.25086328
trade,BTCUSDT,140549661,96666.85,1.50968,2026-03-20 05:07:13.171,True,145936.010108
trade,ETHUSDT,159279878,3509.66,1.944868,2026-03-20 05:07:13.698,False,6825.825424879999
trade,BTCUSDT,140549662,97379.39,1.063354,2026-03-20 05:07:15.763,False,103548.76387406
trade,BTCUSDT,140549663,96641.05,0.273114,2026-03-20 05:07:16.073,True,26394.023729700002
trade,ETHUSDT,159279879,3486.45,1.252986,2026-03-20 05:07:16.469,False,4368.473039699999
trade,BTCUSDT,140549664,97229.09,0.686105,2026-03-20 05:07:19.319,False,66709.36479445
trade,BTCUSDT,140549665,96932.28,1.942639,2026-03-20 05:07:19.778,True,188304.42748692
trade,ETHUSDT,159279880,3499.58,0.467411,2026-03-20 05:07:20.979,False,1635.7421873800001
trade,ETHUSDT,159279881,3485.09,1.43472,2026-03-20 05:07:21.758,False,5000.1283248
trade,BTCUSDT,140549666,96949.1,1.076615,2026-03-20 05:07:22.292,True,104376.85529650001
trade,ETHUSDT,159279882,3514.29,1.072581,2026-03-20 05:07:23.420,True,3769.36068249
trade,BTCUSDT,140549667,96932.04,1.872779,2026-03-20 05:07:26.514,False,181532.28893915997
trade,ETHUSDT,159279883,3488.55,1.32109,2026-03-20 05:07:27.149,False,4608.6885195
trade,BTCUSDT,140549668,97173.35,1.354182,2026-03-20 05:07:27.157,True,131590.4014497
trade,ETHUSDT,159279884,3515.27,1.650182,2026-03-20 05:07:28.434,False,5800.83527914
trade,ETHUSDT,159279885,3484.22,1.309764,2026-03-20 05:07:29.851,True,4563.505924079999
trade,BTCUSDT,140549669,97333.02,1.831073,2026-03-20 05:07:30.760,False,178223.86493046
trade,ETHUSDT,159279886,3486.19,0.030589,2026-03-20 05:07:32.439,False,106.63906591000001
trade,ETHUSDT,159279887,3512.54,1.863157,2026-03-20 05:07:34.828,True,6544.41348878
trade,BTCUSDT,140549670,96749.19,0.14102,2026-03-20 05:07:35.627,True,13643.5707738
trade,ETHUSDT,159279888,3498.05,1.179079,2026-03-20 05:07:36.212,True,4124.477295950001
trade,BTCUSDT,140549671,96821.05,1.688709,2026-03-20 05:07:39.379,True,163502.57852445001
trade,ETHUSDT,159279889,3508.83,0.001132,2026-03-20 05:07:40.976,True,3.97199556
trade,BTCUSDT,140549672,96986.07,1.610659,2026-03-20 05:07:42.243,True,156211.48652013
trade,BTCUSDT,140549673,97103.16,0.950709,2026-03-20 05:07:44.467,False,92316.84814044001
trade,ETHUSDT,159279890,3495.0,0.775218,2026-03-20 05:07:45.591,False,2709.3869099999997
trade,BTCUSDT,140549674,97058.52,0.958638,2026-03-20 05:07:48.152,True,93043.98549576
trade,ETHUSDT,159279891,3510.06,0.7145,2026-03-20 05:07:50.355,True,2507.93787
trade,BTCUSDT,140549675,96798.93,1.559815,2026-03-20 05:07:52.578,False,150988.42299795
trade,ETHUSDT,159279892,3482.72,0.034521,2026-03-20 05:07:54.474,True,120.22697712
trade,BTCUSDT,140549676,97091.69,1.123883,2026-03-20 05:07:55.097,False,109119.69983227
trade,ETHUSDT,159279893,3495.97,1.448803,2026-03-20 05:07:55.519,False,5064.97182391
trade,ETHUSDT,159279894,3486.54,1.240817,2026-03-20 05:07:55.656,False,4326.158103180001
trade,ETHUSDT,159279895,3517.28,0.076922,2026-03-20 05:07:57.226,True,270.55621216000003
trade,ETHUSDT,159279896,3498.78,0.662242,2026-03-20 05:07:59.425,True,2317.03906476
trade,BTCUSDT,140549677,97297.73,1.066842,2026-03-20 05:07:59.797,False,103801.30486866001
trade,ETHUSDT,159279897,3515.9,0.558731,2026-03-20 05:08:01.362,True,1964.4423229
trade,ETHUSDT,159279898,3488.83,1.998223,2026-03-20 05:08:01.833,True,6971.46034909
trade,BTCUSDT,140549678,97134.64,0.837878,2026-03-20 05:08:02.907,True,81386.97789392
trade,ETHUSDT,159279899,3485.58,0.443906,2026-03-20 05:08:04.491,True,1547.26987548
trade,ETHUSDT,159279900,3493.05,1.031222,2026-03-20 05:08:04.657,False,3602.1100071000005
trade,ETHUSDT,159279901,3516.37,1.771505,2026-03-20 05:08:04.804,False,6229.26703685
trade,BTCUSDT,140549679,96618.33,0.464911,2026-03-20 05:08:06.497,True,44918.924418630006
trade,ETHUSDT,159279902,3510.44,0.472,2026-03-20 05:08:08.939,False,1656.92768
trade,BTCUSDT,140549680,97122.78,1.049702,2026-03-20 05:08:09.903,True,101949.97641156
trade,ETHUSDT,159279903,3489.2,0.086375,2026-03-20 05:08:09.995,False,301.37964999999997
trade,ETHUSDT,159279904,3501.13,0.257182,2026-03-20 05:08:10.554,True,900.4276156600001
trade,BTCUSDT,140549681,97345.62,0.350661,2026-03-20 05:08:14.420,False,34135.31245482
trade,ETHUSDT,159279905,3513.59,0.912798,2026-03-20 05:08:15.225,True,3207.19792482
trade,BTCUSDT,140549682,97368.99,0.421374,2026-03-20 05:08:15.430,False,41028.76079226001
trade,BTCUSDT,140549683,96520.33,0.603435,2026-03-20 05:08:18.945,False,58243.74533355
trade,ETHUSDT,159279906,3496.0,1.726663,2026-03-20 05:08:19.862,True,6036.413848
trade,BTCUSDT,140549684,97275.27,1.686806,2026-03-20 05:08:23.499,True,164084.50908762
trade,ETHUSDT,159279907,3497.56,0.833587,2026-03-20 05:08:23.973,True,2915.5205477199997
trade,BTCUSDT,140549685,96701.7,0.006815,2026-03-20 05:08:27.616,True,659.0220855
trade,ETHUSDT,159279908,3484.71,1.324987,2026-03-20 05:08:28.460,True,4617.1954487699995
trade,ETHUSDT,159279909,3496.56,1.59141,2026-03-20 05:08:30.460,True,5564.4605495999995
trade,BTCUSDT,140549686,97102.6,0.125287,2026-03-20 05:08:30.947,False,12165.6934462
trade,BTCUSDT,140549687,97300.49,1.300615,2026-03-20 05:08:31.417,False,126550.47680135001
trade,ETHUSDT,159279910,3489.02,1.147223,2026-03-20 05:08:34.601,True,4002.6839914600005
trade,BTCUSDT,140549688,96582.83,0.25875,2026-03-20 05:08:36.215,False,24990.8072625
trade,ETHUSDT,159279911,3489.81,0.498177,2026-03-20 05:08:36.707,False,1738.5430763699999
trade,ETHUSDT,159279912,3511.12,0.997701,2026-03-20 05:08:37.774,False,3503.0479351199997
trade,BTCUSDT,140549689,96770.3,0.069717,2026-03-20 05:08:41.045,True,6746.5350051000005
trade,BTCUSDT,140549690,97266.55,0.495994,2026-03-20 05:08:41.392,True,48243.6252007
trade,ETHUSDT,159279913,3512.01,0.287897,2026-03-20 05:08:41.395,False,1011.0971429700002
trade,BTCUSDT,140549691,97384.54,0.373649,2026-03-20 05:08:43.597,True,36387.63598646
trade,ETHUSDT,159279914,3489.98,1.383384,2026-03-20 05:08:46.214,False,4827.982492319999
trade,BTCUSDT,140549692,96834.72,1.546575,2026-03-20 05:08:46.358,False,149762.157084
trade,BTCUSDT,140549693,97153.16,0.847494,2026-03-20 05:08:47.925,True,82336.72018104
trade,ETHUSDT,159279915,3484.6,1.150664,2026-03-20 05:08:49.251,False,4009.6037743999996
trade,ETHUSDT,159279916,3487.15,1.939948,2026-03-20 05:08:50.234,False,6764.8896682
trade,ETHUSDT,159279917,3489.71,0.909231,2026-03-20 05:08:50.820,True,3172.95251301
trade,BTCUSDT,140549694,96915.46,0.688972,2026-03-20 05:08:51.317,True,66772.03830712
trade,ETHUSDT,159279918,3492.51,0.426751,2026-03-20 05:08:53.168,False,1490.4321350100001
trade,BTCUSDT,140549695,97188.3,0.642058,2026-03-20 05:08:53.884,True,62400.525521400006
trade,ETHUSDT,159279919,3498.6,1.184265,2026-03-20 05:08:54.509,False,4143.269528999999
trade,ETHUSDT,159279920,3506.42,0.189008,2026-03-20 05:08:54.934,True,662.7414313600001
trade,BTCUSDT,140549696,96913.98,1.515662,2026-03-20 05:08:55.347,True,146888.83675476
trade,ETHUSDT,159279921,3494.78,1.898362,2026-03-20 05:08:57.937,True,6634.3575503600005
trade,BTCUSDT,140549697,97117.57,0.511037,2026-03-20 05:08:58.196,False,49630.67162009
trade,BTCUSDT,140549698,97374.12,1.445563,2026-03-20 05:09:00.874,False,140760.42502956
trade,ETHUSDT,159279922,3500.57,1.069361,2026-03-20 05:09:01.614,True,3743.37303577
trade,ETHUSDT,159279923,3494.77,0.856993,2026-03-20 05:09:04.043,True,2994.99342661
trade,BTCUSDT,140549699,97130.15,0.984448,2026-03-20 05:09:05.497,True,95619.58190719999
trade,BTCUSDT,140549700,96864.27,0.816504,2026-03-20 05:09:05.973,True,79090.06391208
trade,BTCUSDT,140549701,97158.64,0.150164,2026-03-20 05:09:06.415,True,14589.730016959998
trade,ETHUSDT,159279924,3484.8,1.072399,2026-03-20 05:09:07.759,False,3737.0960352000006
trade,BTCUSDT,140549702,96906.78,1.798673,2026-03-20 05:09:07.776,False,174303.60870294
trade,ETHUSDT,159279925,3491.23,1.596549,2026-03-20 05:09:11.684,False,5573.91976527
trade,BTCUSDT,140549703,97118.9,0.28811,2026-03-20 05:09:11.847,True,27980.926278999996
trade,ETHUSDT,159279926,3490.75,1.670662,2026-03-20 05:09:13.530,False,5831.8633765
trade,BTCUSDT,140549704,96840.37,1.224761,2026-03-20 05:09:14.888,True,118606.30840156999
trade,BTCUSDT,140549705,96915.33,0.037224,2026-03-20 05:09:15.408,True,3607.5762439200003
trade,BTCUSDT,140549706,97133.69,0.505344,2026-03-20 05:09:15.672,False,49085.927439360006
trade,ETHUSDT,159279927,3493.51,1.111128,2026-03-20 05:09:16.572,True,3881.73677928
trade,ETHUSDT,159279928,3493.23,0.857737,2026-03-20 05:09:16.828,True,2996.27262051
trade,BTCUSDT,140549707,97169.96,1.123966,2026-03-20 05:09:18.637,False,109215.73126136001
trade,BTCUSDT,140549708,97198.8,1.186405,2026-03-20 05:09:19.496,True,115317.142314
trade,ETHUSDT,159279929,3501.22,0.275625,2026-03-20 05:09:20.086,False,965.0237625
trade,BTCUSDT,140549709,96552.23,0.418476,2026-03-20 05:09:20.963,False,40404.79100148
trade,ETHUSDT,159279930,3493.61,0.949029,2026-03-20 05:09:22.197,True,3315.53720469
trade,BTCUSDT,140549710,96560.28,0.642422,2026-03-20 05:09:23.981,True,62032.448198160004
trade,ETHUSDT,159279931,3498.55,0.581151,2026-03-20 05:09:25.068,False,2033.18583105
trade,BTCUSDT,140549711,96917.31,0.143654,2026-03-20 05:09:25.443,False,13922.55925074
trade,BTCUSDT,140549712,97178.18,1.267423,2026-03-20 05:09:27.596,False,123165.86043013999
trade,ETHUSDT,159279932,3507.4,0.895309,2026-03-20 05:09:28.987,False,3140.2067866
trade,ETHUSDT,159279933,3496.87,1.103844,2026-03-20 05:09:30.623,True,3859.99896828
trade,BTCUSDT,140549713,96540.97,1.406996,2026-03-20 05:09:31.726,True,135832.75862612
trade,BTCUSDT,140549714,96774.31,1.381421,2026-03-20 05:09:33.380,True,133686.06409451
trade,ETHUSDT,159279934,3485.97,1.511038,2026-03-20 05:09:33.780,True,5267.43313686
trade,ETHUSDT,159279935,3498.34,1.109712,2026-03-20 05:09:35.229,True,3882.1498780800002
trade,BTCUSDT,140549715,97093.03,1.584107,2026-03-20 05:09:35.678,False,153805.74847421
trade,ETHUSDT,159279936,3517.01,1.063504,2026-03-20 05:09:36.927,True,3740.3542030400004
trade,BTCUSDT,140549716,96868.54,1.50477,2026-03-20 05:09:37.699,False,145764.8729358
trade,BTCUSDT,140549717,97439.27,1.396474,2026-03-20 05:09:39.279,True,136071.40713398
trade,ETHUSDT,159279937,3515.75,0.142101,2026-03-20 05:09:41.144,True,499.59159075
trade,ETHUSDT,159279938,3510.19,1.433065,2026-03-20 05:09:42.329,True,5030.330432350001
trade,BTCUSDT,140549718,97346.42,0.334965,2026-03-20 05:09:42.909,False,32607.6435753
trade,ETHUSDT,159279939,3504.83,1.214315,2026-03-20 05:09:43.002,False,4255.96764145
trade,BTCUSDT,140549719,97146.0,1.565911,2026-03-20 05:09:44.996,False,152121.990006
trade,BTCUSDT,140549720,96833.7,0.191988,2026-03-20 05:09:45.659,False,18590.9083956
trade,ETHUSDT,159279940,3496.48,1.507071,2026-03-20 05:09:45.761,True,5269.44361008
trade,ETHUSDT,159279941,3516.15,0.904224,2026-03-20 05:09:47.048,False,3179.3872176
trade,BTCUSDT,140549721,97064.36,1.584411,2026-03-20 05:09:47.145,False,153789.83969196
trade,BTCUSDT,140549722,96957.53,0.705221,2026-03-20 05:09:48.319,False,68376.48626413
trade,ETHUSDT,159279942,3503.79,0.819407,2026-03-20 05:09:50.145,True,2871.03005253
trade,BTCUSDT,140549723,97313.89,0.442964,2026-03-20 05:09:50.530,True,43106.549969960004
trade,ETHUSDT,159279943,3498.25,0.959434,2026-03-20 05:09:51.974,True,3356.3399905
trade,BTCUSDT,140549724,96872.66,1.726207,2026-03-20 05:09:54.224,False,167222.26380062
trade,BTCUSDT,140549725,97337.26,1.159122,2026-03-20 05:09:55.133,False,112825.75948571999
trade,ETHUSDT,159279944,3499.54,1.479974,2026-03-20 05:09:55.526,False,5179.2282119599995
trade,BTCUSDT,140549726,97185.75,0.517272,2026-03-20 05:09:56.388,True,50271.467273999995
trade,ETHUSDT,159279945,3492.78,0.201689,2026-03-20 05:09:58.766,True,704.4553054200001
trade,BTCUSDT,140549727,97220.26,1.14278,2026-03-20 05:09:59.047,True,111101.36872279999
trade,BTCUSDT,140549728,96557.74,0.904089,2026-03-20 05:10:01.839,True,87296.79059886001
trade,ETHUSDT,159279946,3489.36,0.00645,2026-03-20 05:10:01.897,True,22.506372000000002
trade,BTCUSDT,140549729,97384.27,0.552414,2026-03-20 05:10:03.880,True,53796.43412778
trade,ETHUSDT,159279947,3510.0,1.656515,2026-03-20 05:10:05.219,True,5814.36765
trade,BTCUSDT,140549730,97331.47,1.332586,2026-03-20 05:10:07.663,False,129702.55428142
trade,ETHUSDT,159279948,3500.71,0.182439,2026-03-20 05:10:09.437,True,638.66603169
trade,BTCUSDT,140549731,97043.14,1.34095,2026-03-20 05:10:12.035,False,130129.99858300001
trade,ETHUSDT,159279949,3491.08,1.253621,2026-03-20 05:10:12.786,True,4376.4912006800005
trade,BTCUSDT,140549732,96558.99,0.806617,2026-03-20 05:10:15.393,True,77886.12283683
trade,ETHUSDT,159279950,3486.22,1.358668,2026-03-20 05:10:17.686,True,4736.61555496
trade,BTCUSDT,140549733,97277.93,0.891278,2026-03-20 05:10:17.944,False,86701.67889453999
trade,BTCUSDT,140549734,97448.52,1.3775,2026-03-20 05:10:19.756,True,134235.3363
trade,BTCUSDT,140549735,97213.75,0.441758,2026-03-20 05:10:21.823,False,42944.9517725
trade,ETHUSDT,159279951,3506.96,1.802991,2026-03-20 05:10:21.851,True,6323.01731736
trade,ETHUSDT,159279952,3484.07,1.178128,2026-03-20 05:10:23.304,False,4104.68042096
trade,ETHUSDT,159279953,3499.28,1.892823,2026-03-20 05:10:24.878,True,6623.51766744
trade,BTCUSDT,140549736,96633.37,1.866151,2026-03-20 05:10:26.270,True,180332.46005886997
trade,BTCUSDT,140549737,97071.01,1.241731,2026-03-20 05:10:26.429,False,120536.08231830999
trade,ETHUSDT,159279954,3485.37,1.149604,2026-03-20 05:10:27.407,False,4006.79529348
trade,ETHUSDT,159279955,3509.35,1.084878,2026-03-20 05:10:27.935,True,3807.2166093
trade,ETHUSDT,159279956,3487.59,1.017199,2026-03-20 05:10:28.895,True,3547.57306041
trade,BTCUSDT,140549738,96692.97,0.756268,2026-03-20 05:10:29.189,False,73125.79903596001
trade,BTCUSDT,140549739,97478.98,1.011689,2026-03-20 05:10:29.868,True,98618.41179722
trade,ETHUSDT,159279957,3507.69,0.993308,2026-03-20 05:10:31.502,True,3484.21653852
trade,BTCUSDT,140549740,96677.99,0.409448,2026-03-20 05:10:32.961,False,39584.60964952
trade,ETHUSDT,159279958,3499.78,1.34361,2026-03-20 05:10:34.084,True,4702.3394058
trade,BTCUSDT,140549741,96800.9,0.692749,2026-03-20 05:10:34.422,True,67058.72667409999
trade,ETHUSDT,159279959,3503.39,1.813415,2026-03-20 05:10:34.876,False,6353.09997685
trade,BTCUSDT,140549742,97476.41,1.649635,2026-03-20 05:10:37.900,True,160800.49761035
trade,ETHUSDT,159279960,3514.81,0.514316,2026-03-20 05:10:38.290,True,1807.7230199599999
trade,BTCUSDT,140549743,97427.17,0.503238,2026-03-20 05:10:39.191,False,49029.05417646
trade,BTCUSDT,140549744,96546.2,1.802443,2026-03-20 05:10:40.219,True,174019.0223666
trade,ETHUSDT,159279961,3513.14,0.633007,2026-03-20 05:10:41.273,False,2223.84221198
trade,ETHUSDT,159279962,3487.72,1.949989,2026-03-20 05:10:42.862,False,6801.01563508
trade,BTCUSDT,140549745,97161.22,1.70166,2026-03-20 05:10:43.241,True,165335.3616252
trade,ETHUSDT,159279963,3505.33,1.114134,2026-03-20 05:10:46.047,True,3905.40733422
trade,ETHUSDT,159279964,3504.85,0.765214,2026-03-20 05:10:46.624,True,2681.9602879
trade,BTCUSDT,140549746,96950.86,1.393372,2026-03-20 05:10:47.753,False,135088.61369992
trade,ETHUSDT,159279965,3500.61,1.136341,2026-03-20 05:10:48.486,True,3977.8866680100004
trade,BTCUSDT,140549747,96728.93,0.395209,2026-03-20 05:10:48.621,False,38228.143696369996
trade,ETHUSDT,159279966,3502.6,0.338721,2026-03-20 05:10:50.819,False,1186.4041746
trade,BTCUSDT,140549748,97212.61,0.561182,2026-03-20 05:10:51.437,True,54553.966905019995
trade,BTCUSDT,140549749,97095.39,1.695537,2026-03-20 05:10:52.455,False,164628.82627443
trade,BTCUSDT,140549750,97253.42,0.844601,2026-03-20 05:10:53.604,False,82140.33578542
trade,ETHUSDT,159279967,3493.91,0.735665,2026-03-20 05:10:55.366,False,2570.34730015
trade,ETHUSDT,159279968,3482.66,0.297448,2026-03-20 05:10:56.811,True,1035.9102516799999
trade,BTCUSDT,140549751,97460.48,0.65402,2026-03-20 05:10:57.197,False,63741.1031296
trade,BTCUSDT,140549752,97351.75,1.195557,2026-03-20 05:10:59.821,False,116389.56617475
trade,ETHUSDT,159279969,3492.71,0.728566,2026-03-20 05:11:00.896,False,2544.66975386
trade,ETHUSDT,159279970,3502.98,1.943431,2026-03-20 05:11:03.148,True,6807.7999243799995
trade,BTCUSDT,140549753,96784.08,1.411648,2026-03-20 05:11:03.722,True,136625.05296384
trade,BTCUSDT,140549754,96824.49,0.810137,2026-03-20 05:11:04.702,True,78441.10185513001
trade,ETHUSDT,159279971,3505.57,0.606543,2026-03-20 05:11:05.067,True,2126.27894451
trade,BTCUSDT,140549755,97231.24,0.184672,2026-03-20 05:11:07.071,True,17955.88755328
trade,ETHUSDT,159279972,3486.12,0.557036,2026-03-20 05:11:08.117,True,1941.8943403199999
trade,ETHUSDT,159279973,3484.11,0.253955,2026-03-20 05:11:10.925,False,884.80715505
trade,BTCUSDT,140549756,96690.73,1.818312,2026-03-20 05:11:11.285,True,175813.91464776
trade,BTCUSDT,140549757,97293.91,1.216918,2026-03-20 05:11:14.425,False,118398.71036938
trade,ETHUSDT,159279974,3514.56,0.665357,2026-03-20 05:11:14.483,True,2338.43709792
trade,ETHUSDT,159279975,3496.12,0.212547,2026-03-20 05:11:16.201,True,743.08981764
trade,BTCUSDT,140549758,97108.97,0.714784,2026-03-20 05:11:16.454,True,69411.93801248
trade,ETHUSDT,159279976,3507.27,0.075742,2026-03-20 05:11:17.220,False,265.64764434
trade,ETHUSDT,159279977,3496.31,0.94262,2026-03-20 05:11:18.147,True,3295.6917322
trade,BTCUSDT,140549759,97371.03,1.372061,2026-03-20 05:11:19.365,True,133598.99279283
trade,ETHUSDT,159279978,3500.87,0.158549,2026-03-20 05:11:22.405,False,555.0594376299999
trade,BTCUSDT,140549760,96860.8,0.675646,2026-03-20 05:11:22.532,True,65443.6120768
trade,ETHUSDT,159279979,3496.83,0.420268,2026-03-20 05:11:23.390,True,1469.6057504399998
trade,BTCUSDT,140549761,96683.73,0.540995,2026-03-20 05:11:27.515,True,52305.41451135
trade,ETHUSDT,159279980,3495.64,0.38044,2026-03-20 05:11:28.172,False,1329.8812816
trade,ETHUSDT,159279981,3489.55,0.883735,2026-03-20 05:11:31.180,True,3083.83746925
trade,BTCUSDT,140549762,96813.47,0.313727,2026-03-20 05:11:31.504,False,30372.99950269
trade,ETHUSDT,159279982,3497.76,0.124824,2026-03-20 05:11:35.345,True,436.60439424000003
trade,BTCUSDT,140549763,97221.84,0.607577,2026-03-20 05:11:36.439,False,59069.75388168
trade,BTCUSDT,140549764,96655.7,1.107951,2026-03-20 05:11:37.287,False,107089.77947069998
trade,BTCUSDT,140549765,97180.75,1.526609,2026-03-20 05:11:38.448,True,148357.00757675
trade,ETHUSDT,159279983,3482.71,0.793847,2026-03-20 05:11:38.986,False,2764.73888537
trade,BTCUSDT,140549766,97101.22,1.578252,2026-03-20 05:11:43.195,False,153250.19466744
trade,ETHUSDT,159279984,3516.07,0.205639,2026-03-20 05:11:43.204,True,723.04111873
trade,BTCUSDT,140549767,96763.01,0.27069,2026-03-20 05:11:45.806,True,26192.779176899996
trade,BTCUSDT,140549768,97052.65,1.956199,2026-03-20 05:11:47.269,True,189854.29687735
trade,ETHUSDT,159279985,3506.94,0.22223,2026-03-20 05:11:48.086,False,779.3472762
trade,BTCUSDT,140549769,96976.25,1.873131,2026-03-20 05:11:51.157,True,181649.22013875
trade,ETHUSDT,159279986,3501.25,1.316266,2026-03-20 05:11:51.863,False,4608.5763325
trade,BTCUSDT,140549770,97090.97,0.497099,2026-03-20 05:11:53.170,True,48263.82409603
trade,ETHUSDT,159279987,3495.28,1.088102,2026-03-20 05:11:54.075,True,3803.22115856
trade,BTCUSDT,140549771,96628.99,1.964999,2026-03-20 05:11:55.653,True,189875.86872101002
trade,ETHUSDT,159279988,3515.18,1.695652,2026-03-20 05:11:56.788,False,5960.52199736
trade,BTCUSDT,140549772,96749.74,1.742278,2026-03-20 05:11:58.048,True,168564.94350772002
trade,BTCUSDT,140549773,97435.23,1.039364,2026-03-20 05:12:01.649,False,101270.67039371999
trade,ETHUSDT,159279989,3486.27,1.260884,2026-03-20 05:12:01.650,True,4395.782062679999
trade,ETHUSDT,159279990,3497.0,0.69474,2026-03-20 05:12:01.768,False,2429.50578
trade,BTCUSDT,140549774,96930.0,0.81653,2026-03-20 05:12:03.622,True,79146.25289999999
trade,ETHUSDT,159279991,3489.43,0.941059,2026-03-20 05:12:03.966,False,3283.7595063699996
trade,BTCUSDT,140549775,97015.82,1.725984,2026-03-20 05:12:04.906,True,167447.75306688002
trade,BTCUSDT,140549776,97223.81,0.156489,2026-03-20 05:12:06.008,False,15214.456803089999
trade,ETHUSDT,159279992,3498.1,1.190409,2026-03-20 05:12:07.195,False,4164.1697229
trade,ETHUSDT,159279993,3515.38,0.697618,2026-03-20 05:12:07.981,True,2452.39236484
trade,BTCUSDT,140549777,97044.51,1.12037,2026-03-20 05:12:09.286,True,108725.7576687
trade,ETHUSDT,159279994,3494.01,1.017908,2026-03-20 05:12:09.871,True,3556.5807310800005
trade,BTCUSDT,140549778,97162.42,0.167563,2026-03-20 05:12:14.029,False,16280.826582459998
trade,ETHUSDT,159279995,3514.6,0.693201,2026-03-20 05:12:14.650,True,2436.3242345999997
trade,BTCUSDT,140549779,97036.27,0.375819,2026-03-20 05:12:15.927,True,36468.07395513
trade,BTCUSDT,140549780,96621.03,0.364664,2026-03-20 05:12:16.248,True,35234.21128392
trade,BTCUSDT,140549781,96563.01,1.840515,2026-03-20 05:12:18.902,False,177725.66835015
trade,ETHUSDT,159279996,3515.64,0.554919,2026-03-20 05:12:19.375,True,1950.89543316
trade,ETHUSDT,159279997,3487.52,0.958324,2026-03-20 05:12:21.475,False,3342.1741164799996
trade,ETHUSDT,159279998,3510.33,1.039737,2026-03-20 05:12:21.781,True,3649.8199832099995
trade,BTCUSDT,140549782,96872.23,1.374191,2026-03-20 05:12:21.948,False,133120.94661592998
trade,BTCUSDT,140549783,97267.78,1.084546,2026-03-20 05:12:22.051,False,105491.38172788
trade,ETHUSDT,159279999,3500.84,1.436928,2026-03-20 05:12:22.805,True,5030.45501952
trade,BTCUSDT,140549784,96720.87,0.677417,2026-03-20 05:12:23.141,False,65520.36159279
trade,BTCUSDT,140549785,96970.82,0.364078,2026-03-20 05:12:24.928,True,35304.94220396
trade,ETHUSDT,159280000,3488.2,0.103607,2026-03-20 05:12:25.088,True,361.4019374
trade,BTCUSDT,140549786,96926.51,1.373781,2026-03-20 05:12:27.157,True,133155.79783430998
trade,BTCUSDT,140549787,96996.71,0.109293,2026-03-20 05:12:27.862,False,10601.06142603
trade,ETHUSDT,159280001,3510.96,0.571826,2026-03-20 05:12:28.623,False,2007.65821296
trade,ETHUSDT,159280002,3485.57,0.142086,2026-03-20 05:12:29.762,True,495.25069902
trade,BTCUSDT,140549788,97468.83,0.808626,2026-03-20 05:12:30.403,True,78815.83012758
trade,ETHUSDT,159280003,3492.4,1.711022,2026-03-20 05:12:31.915,True,5975.5732328
trade,ETHUSDT,159280004,3510.12,1.701069,2026-03-20 05:12:32.710,True,5970.956318279999
trade,ETHUSDT,159280005,3506.47,0.726758,2026-03-20 05:12:33.867,False,2548.3551242599997
trade,BTCUSDT,140549789,97003.93,1.318076,2026-03-20 05:12:35.362,True,127858.55203867999
trade,ETHUSDT,159280006,3484.3,0.715624,2026-03-20 05:12:36.556,True,2493.4487032
trade,ETHUSDT,159280007,3492.88,0.500925,2026-03-20 05:12:39.194,False,1749.6709139999998
trade,BTCUSDT,140549790,97208.05,0.844033,2026-03-20 05:12:39.317,True,82046.80206565
trade,ETHUSDT,159280008,3490.89,0.386697,2026-03-20 05:12:43.265,True,1349.91669033
trade,BTCUSDT,140549791,97004.31,1.300328,2026-03-20 05:12:43.583,True,126137.42041368
trade,ETHUSDT,159280009,3498.45,0.171607,2026-03-20 05:12:45.691,True,600.35850915
trade,BTCUSDT,140549792,97351.69,0.834345,2026-03-20 05:12:47.765,True,81224.89579305
trade,ETHUSDT,159280010,3488.24,0.397815,2026-03-20 05:12:48.805,False,1387.6741955999998
trade,BTCUSDT,140549793,97176.01,1.401656,2026-03-20 05:12:48.941,False,136207.33747256
trade,BTCUSDT,140549794,97264.63,1.077897,2026-03-20 05:12:49.337,True,104841.25288311002
trade,BTCUSDT,140549795,96956.5,0.516735,2026-03-20 05:12:50.061,True,50100.81702750001
trade,BTCUSDT,140549796,97055.58,0.325048,2026-03-20 05:12:51.462,False,31547.722167840002
trade,ETHUSDT,159280011,3487.69,0.284592,2026-03-20 05:12:52.895,False,992.56867248
trade,BTCUSDT,140549797,97159.15,1.970449,2026-03-20 05:12:52.939,False,191447.14995834997
trade,ETHUSDT,159280012,3495.01,1.784542,2026-03-20 05:12:55.873,True,6236.9921354200005
trade,ETHUSDT,159280013,3515.2,1.719887,2026-03-20 05:12:57.175,False,6045.7467824
trade,BTCUSDT,140549798,97047.81,1.811408,2026-03-20 05:12:57.749,True,175793.17941647998
trade,BTCUSDT,140549799,96553.4,0.661909,2026-03-20 05:12:58.067,False,63909.56444059999
trade,ETHUSDT,159280014,3508.08,1.436362,2026-03-20 05:12:59.308,True,5038.8728049599995
trade,ETHUSDT,159280015,3515.14,0.367857,2026-03-20 05:13:02.793,True,1293.06885498
trade,BTCUSDT,140549800,96639.49,0.309256,2026-03-20 05:13:02.868,True,29886.34211944
trade,ETHUSDT,159280016,3496.44,1.376677,2026-03-20 05:13:03.976,False,4813.46852988
trade,BTCUSDT,140549801,97326.75,0.385161,2026-03-20 05:13:06.477,False,37486.468356749996
trade,BTCUSDT,140549802,97048.73,1.41103,2026-03-20 05:13:07.219,False,136938.6694919
trade,ETHUSDT,159280017,3497.84,1.662786,2026-03-20 05:13:08.478,False,5816.159382240001
trade,BTCUSDT,140549803,97236.41,0.981517,2026-03-20 05:13:08.573,False,95439.18943397
trade,ETHUSDT,159280018,3489.69,1.228907,2026-03-20 05:13:10.322,False,4288.50446883
trade,ETHUSDT,159280019,3497.51,0.276642,2026-03-20 05:13:10.950,True,967.55816142
trade,ETHUSDT,159280020,3488.54,1.564301,2026-03-20 05:13:11.215,False,5457.12661054
trade,ETHUSDT,159280021,3493.4,0.209727,2026-03-20 05:13:13.156,True,732.6603018
trade,BTCUSDT,140549804,97007.63,0.439538,2026-03-20 05:13:13.184,False,42638.53967494
trade,BTCUSDT,140549805,97212.17,0.317904,2026-03-20 05:13:14.651,True,30904.13769168
trade,ETHUSDT,159280022,3494.58,0.884445,2026-03-20 05:13:15.481,False,3090.7638081
trade,BTCUSDT,140549806,96865.69,1.165739,2026-03-20 05:13:15.554,False,112920.11259491001
trade,BTCUSDT,140549807,96744.58,0.521182,2026-03-20 05:13:17.564,True,50421.533693560006
trade,ETHUSDT,159280023,3516.06,0.237854,2026-03-20 05:13:19.088,True,836.30893524
trade,BTCUSDT,140549808,96965.6,0.045522,2026-03-20 05:13:21.850,True,4414.0680432
trade,ETHUSDT,159280024,3499.85,1.339774,2026-03-20 05:13:22.039,False,4689.0080339
trade,ETHUSDT,159280025,3502.91,0.031906,2026-03-20 05:13:22.828,True,111.76384645999998
trade,BTCUSDT,140549809,96972.73,0.710487,2026-03-20 05:13:23.843,True,68897.86401951
trade,ETHUSDT,159280026,3503.73,0.355768,2026-03-20 05:13:25.527,False,1246.51501464
trade,BTCUSDT,140549810,96677.2,1.126742,2026-03-20 05:13:26.390,True,108930.26168239999
trade,ETHUSDT,159280027,3504.87,0.473654,2026-03-20 05:13:27.105,False,1660.09569498
trade,BTCUSDT,140549811,96674.44,1.64986,2026-03-20 05:13:29.097,True,159499.2915784
trade,ETHUSDT,159280028,3499.68,0.486292,2026-03-20 05:13:29.098,True,1701.86638656
trade,ETHUSDT,159280029,3487.47,1.699093,2026-03-20 05:13:29.787,True,5925.535864709999
trade,BTCUSDT,140549812,96743.31,0.411593,2026-03-20 05:13:32.218,False,39818.869192829996
trade,ETHUSDT,159280030,3498.86,0.236807,2026-03-20 05:13:33.833,False,828.55454002
trade,BTCUSDT,140549813,96847.24,0.409978,2026-03-20 05:13:34.830,False,39705.23776072
trade,ETHUSDT,159280031,3497.94,1.118695,2026-03-20 05:13:35.627,True,3913.1279883
trade,ETHUSDT,159280032,3515.9,1.796186,2026-03-20 05:13:38.917,False,6315.2103574
trade,BTCUSDT,140549814,96527.52,0.078828,2026-03-20 05:13:39.017,False,7609.07134656
trade,ETHUSDT,159280033,3512.88,1.699026,2026-03-20 05:13:40.967,True,5968.47445488
trade,BTCUSDT,140549815,96746.91,1.482954,2026-03-20 05:13:42.734,False,143471.21717214002
trade,ETHUSDT,159280034,3511.59,0.434639,2026-03-20 05:13:44.732,True,1526.27396601
trade,ETHUSDT,159280035,3506.6,0.196269,2026-03-20 05:13:45.675,False,688.2368754
trade,BTCUSDT,140549816,97252.35,1.435852,2026-03-20 05:13:47.269,False,139639.9812522
trade,ETHUSDT,159280036,3483.85,1.892266,2026-03-20 05:13:47.405,False,6592.3709041
trade,ETHUSDT,159280037,3495.45,1.047379,2026-03-20 05:13:49.853,True,3661.06092555
trade,BTCUSDT,140549817,96602.75,0.188447,2026-03-20 05:13:50.023,False,18204.49842925
trade,ETHUSDT,159280038,3484.82,1.659934,2026-03-20 05:13:52.234,True,5784.57120188
trade,BTCUSDT,140549818,96910.72,0.180891,2026-03-20 05:13:54.905,False,17530.27705152
trade,ETHUSDT,159280039,3511.45,1.991572,2026-03-20 05:13:55.238,False,6993.3054993999995
trade,BTCUSDT,140549819,96755.72,0.459656,2026-03-20 05:13:59.695,False,44474.347232320004
trade,ETHUSDT,159280040,3498.2,0.427725,2026-03-20 05:13:59.828,True,1496.267595
trade,ETHUSDT,159280041,3513.77,0.469643,2026-03-20 05:14:00.759,False,1650.21748411
trade,BTCUSDT,140549820,97390.98,0.620672,2026-03-20 05:14:03.388,False,60447.85433856
trade,ETHUSDT,159280042,3485.85,0.804691,2026-03-20 05:14:04.796,False,2805.03212235
trade,ETHUSDT,159280043,3486.4,1.919388,2026-03-20 05:14:05.076,False,6691.754323200001
trade,ETHUSDT,159280044,3516.32,1.550879,2026-03-20 05:14:05.299,True,5453.38684528
trade,BTCUSDT,140549821,97290.07,1.957134,2026-03-20 05:14:05.385,True,190409.70385938
trade,BTCUSDT,140549822,97215.76,1.098261,2026-03-20 05:14:09.424,False,106768.27779335999
trade,ETHUSDT,159280045,3496.84,0.024739,2026-03-20 05:14:09.528,False,86.50832476000001
trade,ETHUSDT,159280046,3497.78,1.989689,2026-03-20 05:14:11.244,True,6959.494390420001
trade,ETHUSDT,159280047,3500.19,0.530022,2026-03-20 05:14:12.800,False,1855.17770418
trade,BTCUSDT,140549823,97244.41,1.858882,2026-03-20 05:14:13.674,False,180765.88334962
trade,ETHUSDT,159280048,3496.38,0.477712,2026-03-20 05:14:15.825,False,1670.26268256
trade,BTCUSDT,140549824,97304.13,0.604392,2026-03-20 05:14:17.650,True,58809.83773896001
trade,BTCUSDT,140549825,97147.5,1.249638,2026-03-20 05:14:18.360,True,121399.207605
trade,BTCUSDT,140549826,96581.05,0.967171,2026-03-20 05:14:20.328,True,93410.39070955
trade,ETHUSDT,159280049,3484.53,1.521693,2026-03-20 05:14:20.426,True,5302.38490929
trade,BTCUSDT,140549827,96602.04,0.714818,2026-03-20 05:14:20.816,True,69052.87702871999
trade,ETHUSDT,159280050,3515.13,0.565853,2026-03-20 05:14:22.998,False,1989.0468558900002
trade,BTCUSDT,140549828,97116.75,1.371845,2026-03-20 05:14:24.718,True,133229.12790375
trade,ETHUSDT,159280051,3494.85,1.840503,2026-03-20 05:14:24.898,True,6432.28190955
trade,BTCUSDT,140549829,96752.33,0.510912,2026-03-20 05:14:25.300,False,49431.92642496
trade,BTCUSDT,140549830,96900.84,0.16193,2026-03-20 05:14:25.903,True,15691.153021199998
trade,ETHUSDT,159280052,3492.43,1.313965,2026-03-20 05:14:27.215,True,4588.93078495
trade,BTCUSDT,140549831,96683.79,0.595905,2026-03-20 05:14:27.504,False,57614.353879949995
trade,BTCUSDT,140549832,97131.17,1.646548,2026-03-20 05:14:28.153,True,159931.13370116
trade,ETHUSDT,159280053,3509.05,0.549073,2026-03-20 05:14:30.896,True,1926.7246106500002
trade,BTCUSDT,140549833,96800.76,0.05253,2026-03-20 05:14:33.057,True,5084.9439228
trade,ETHUSDT,159280054,3516.35,0.12138,2026-03-20 05:14:34.924,True,426.814563
trade,BTCUSDT,140549834,96771.14,0.442287,2026-03-20 05:14:35.466,True,42800.61719718
trade,BTCUSDT,140549835,96748.88,1.893273,2026-03-20 05:14:37.546,False,183172.04228424001
trade,ETHUSDT,159280055,3490.46,0.089806,2026-03-20 05:14:38.090,False,313.46425075999997
trade,BTCUSDT,140549836,97030.41,1.858404,2026-03-20 05:14:39.117,False,180321.70206564
trade,BTCUSDT,140549837,97326.21,0.105095,2026-03-20 05:14:40.484,True,10228.49803995
trade,BTCUSDT,140549838,96582.72,0.350544,2026-03-20 05:14:42.071,True,33856.492999680006
trade,ETHUSDT,159280056,3494.1,0.850661,2026-03-20 05:14:42.470,True,2972.2946001
trade,BTCUSDT,140549839,96918.69,1.608238,2026-03-20 05:14:42.849,True,155868.32016822
trade,BTCUSDT,140549840,96682.49,0.373688,2026-03-20 05:14:44.901,False,36129.086323120006
trade,ETHUSDT,159280057,3497.48,1.746266,2026-03-20 05:14:46.453,True,6107.53040968
trade,BTCUSDT,140549841,96755.44,1.582095,2026-03-20 05:14:47.426,True,153076.2978468
trade,BTCUSDT,140549842,96731.93,1.633178,2026-03-20 05:14:48.734,False,157980.45997353998
trade,ETHUSDT,159280058,3506.35,0.490712,2026-03-20 05:14:49.251,True,1720.6080212
trade,BTCUSDT,140549843,97037.42,0.59486,2026-03-20 05:14:52.403,False,57723.6796612
trade,ETHUSDT,159280059,3507.53,1.365758,2026-03-20 05:14:52.471,False,4790.437157740001
trade,BTCUSDT,140549844,96807.61,0.593906,2026-03-20 05:14:56.785,False,57494.62042466
trade,ETHUSDT,159280060,3484.02,0.38267,2026-03-20 05:14:56.908,True,1333.2299334
trade,BTCUSDT,140549845,97468.2,0.683409,2026-03-20 05:14:59.710,True,66610.6450938
trade,ETHUSDT,159280061,3484.81,1.737458,2026-03-20 05:14:59.922,True,6054.711012979999
trade,BTCUSDT,140549846,96765.79,1.159441,2026-03-20 05:15:00.501,False,112194.22432339
trade,BTCUSDT,140549847,97236.07,0.658398,2026-03-20 05:15:01.881,False,64020.03401586001
trade,ETHUSDT,159280062,3496.75,1.171133,2026-03-20 05:15:02.986,True,4095.15931775
trade,BTCUSDT,140549848,97439.59,0.625935,2026-03-20 05:15:03.614,False,60990.84976665
trade,ETHUSDT,159280063,3508.56,1.298903,2026-03-20 05:15:05.114,False,4557.279109679999
trade,ETHUSDT,159280064,3487.33,0.862474,2026-03-20 05:15:07.497,True,3007.73145442
trade,BTCUSDT,140549849,97201.56,1.750245,2026-03-20 05:15:07.639,False,170126.5443822
trade,BTCUSDT,140549850,96869.29,0.158198,2026-03-20 05:15:08.536,False,15324.527939419999
trade,BTCUSDT,140549851,97330.59,0.017628,2026-03-20 05:15:09.878,False,1715.74364052
trade,ETHUSDT,159280065,3489.14,1.661806,2026-03-20 05:15:12.489,True,5798.273786839999
trade,BTCUSDT,140549852,96590.91,1.580354,2026-03-20 05:15:13.614,False,152647.83098214
trade,ETHUSDT,159280066,3492.74,1.213482,2026-03-20 05:15:16.024,False,4238.377120679999
trade,BTCUSDT,140549853,97344.63,1.685441,2026-03-20 05:15:18.200,True,164068.63053183001
trade,ETHUSDT,159280067,3496.18,1.513571,2026-03-20 05:15:18.773,True,5291.716658779999
trade,ETHUSDT,159280068,3488.97,1.615422,2026-03-20 05:15:19.255,False,5636.15889534
trade,ETHUSDT,159280069,3490.98,0.094446,2026-03-20 05:15:19.995,True,329.70909708
trade,ETHUSDT,159280070,3509.24,1.273027,2026-03-20 05:15:20.989,False,4467.35726948
trade,BTCUSDT,140549854,96526.66,1.782415,2026-03-20 05:15:22.142,False,172050.56668390002
trade,ETHUSDT,159280071,3507.17,1.097628,2026-03-20 05:15:23.690,False,3849.5679927600004
trade,ETHUSDT,159280072,3483.82,0.93256,2026-03-20 05:15:24.038,True,3248.8711792
trade,BTCUSDT,140549855,97031.22,0.976339,2026-03-20 05:15:24.686,False,94735.36430357999
trade,ETHUSDT,159280073,3507.37,0.407871,2026-03-20 05:15:28.947,True,1430.55450927
trade,BTCUSDT,140549856,96905.93,0.019809,2026-03-20 05:15:29.595,False,1919.60956737
trade,BTCUSDT,140549857,97288.42,0.411121,2026-03-20 05:15:31.497,True,39997.31251882
trade,ETHUSDT,159280074,3490.25,1.904663,2026-03-20 05:15:33.547,False,6647.75003575
trade,ETHUSDT,159280075,3515.86,0.562252,2026-03-20 05:15:33.978,True,1976.79931672
trade,BTCUSDT,140549858,97056.21,0.673547,2026-03-20 05:15:35.579,False,65371.91907687001
trade,BTCUSDT,140549859,96729.92,1.354493,2026-03-20 05:15:35.925,True,131019.99953055999
trade,BTCUSDT,140549860,96981.81,0.285682,2026-03-20 05:15:37.636,False,27705.957444419997
trade,BTCUSDT,140549861,96684.21,0.989477,2026-03-20 05:15:37.846,True,95666.80205817001
trade,ETHUSDT,159280076,3491.7,1.10362,2026-03-20 05:15:38.094,False,3853.509954
trade,ETHUSDT,159280077,3494.79,1.654714,2026-03-20 05:15:39.004,False,5782.87794006
trade,ETHUSDT,159280078,3495.88,1.536904,2026-03-20 05:15:39.681,True,5372.8319555200005
trade,BTCUSDT,140549862,96982.03,1.564521,2026-03-20 05:15:42.462,False,151730.42255763
trade,ETHUSDT,159280079,3492.07,1.28006,2026-03-20 05:15:42.622,False,4470.0591242
trade,ETHUSDT,159280080,3513.64,1.621334,2026-03-20 05:15:43.011,True,5696.78399576
trade,ETHUSDT,159280081,3510.76,0.937779,2026-03-20 05:15:45.331,True,3292.3170020400003
trade,BTCUSDT,140549863,96976.05,1.860207,2026-03-20 05:15:45.700,True,180395.52704235
trade,ETHUSDT,159280082,3493.26,0.729842,2026-03-20 05:15:46.736,False,2549.52786492
trade,ETHUSDT,159280083,3517.17,0.920705,2026-03-20 05:15:47.238,False,3238.27600485
trade,BTCUSDT,140549864,97265.15,1.961467,2026-03-20 05:15:47.737,False,190782.38197505
trade,BTCUSDT,140549865,97241.34,0.412503,2026-03-20 05:15:48.060,False,40112.34447402
trade,BTCUSDT,140549866,97369.16,0.973021,2026-03-20 05:15:50.475,True,94742.23743236001
trade,ETHUSDT,159280084,3495.02,1.256963,2026-03-20 05:15:51.810,True,4393.11082426
trade,BTCUSDT,140549867,97213.61,0.96842,2026-03-20 05:15:51.930,True,94143.6041962
trade,BTCUSDT,140549868,96683.42,0.749738,2026-03-20 05:15:52.111,True,72487.23394396
trade,ETHUSDT,159280085,3498.58,0.707014,2026-03-20 05:15:53.178,True,2473.54504012
trade,BTCUSDT,140549869,96796.3,1.800232,2026-03-20 05:15:53.550,True,174255.7967416
trade,ETHUSDT,159280086,3484.19,1.333108,2026-03-20 05:15:57.150,False,4644.80156252
trade,BTCUSDT,140549870,96872.72,1.381544,2026-03-20 05:15:58.373,True,133833.92507968002
trade,ETHUSDT,159280087,3509.57,0.454888,2026-03-20 05:16:01.520,False,1596.4612781600001
trade,BTCUSDT,140549871,97124.13,0.060934,2026-03-20 05:16:02.249,True,5918.1617374200005
trade,BTCUSDT,140549872,96602.71,0.18844,2026-03-20 05:16:05.881,True,18203.8146724
trade,ETHUSDT,159280088,3516.52,0.807391,2026-03-20 05:16:06.154,False,2839.20659932
trade,BTCUSDT,140549873,97211.14,0.985773,2026-03-20 05:16:06.825,True,95828.11711122
trade,ETHUSDT,159280089,3509.29,0.882711,2026-03-20 05:16:08.773,True,3097.68888519
trade,BTCUSDT,140549874,97316.02,0.456563,2026-03-20 05:16:08.833,True,44430.89403926
trade,BTCUSDT,140549875,96670.7,1.508419,2026-03-20 05:16:11.398,False,145819.9206233
trade,ETHUSDT,159280090,3487.84,0.079371,2026-03-20 05:16:13.038,False,276.83334864
trade,BTCUSDT,140549876,97401.0,0.951841,2026-03-20 05:16:15.407,True,92710.265241
trade,ETHUSDT,159280091,3498.58,1.055953,2026-03-20 05:16:16.367,False,3694.33604674
trade,ETHUSDT,159280092,3510.05,1.374365,2026-03-20 05:16:17.329,True,4824.08986825
trade,BTCUSDT,140549877,97448.45,0.125242,2026-03-20 05:16:19.849,False,12204.638774899999
trade,ETHUSDT,159280093,3506.1,1.95825,2026-03-20 05:16:20.374,False,6865.820325
trade,BTCUSDT,140549878,96691.47,1.586932,2026-03-20 05:16:23.945,False,153442.78787004
trade,ETHUSDT,159280094,3494.94,0.264608,2026-03-20 05:16:24.461,True,924.7890835200001
trade,BTCUSDT,140549879,96617.36,0.998114,2026-03-20 05:16:26.945,True,96435.13965904
trade,ETHUSDT,159280095,3508.03,1.620494,2026-03-20 05:16:27.567,False,5684.741566820001
trade,BTCUSDT,140549880,97383.15,1.062295,2026-03-20 05:16:30.919,True,103449.63332924999
trade,ETHUSDT,159280096,3484.43,1.431775,2026-03-20 05:16:31.214,False,4988.91976325
trade,BTCUSDT,140549881,96794.81,0.573582,2026-03-20 05:16:35.668,False,55519.76070942
trade,ETHUSDT,159280097,3485.6,0.26223,2026-03-20 05:16:35.963,True,914.028888
trade,BTCUSDT,140549882,96720.73,1.117713,2026-03-20 05:16:37.645,True,108106.01729049
trade,BTCUSDT,140549883,96636.34,1.426184,2026-03-20 05:16:37.991,False,137821.20192656
trade,BTCUSDT,140549884,97362.08,1.366861,2026-03-20 05:16:40.085,True,133080.43003088
trade,ETHUSDT,159280098,3508.71,1.348042,2026-03-20 05:16:40.730,False,4729.88844582
trade,BTCUSDT,140549885,97091.04,1.080126,2026-03-20 05:16:41.407,False,104870.55667103999
trade,ETHUSDT,159280099,3509.5,1.247538,2026-03-20 05:16:41.454,True,4378.234611
trade,ETHUSDT,159280100,3501.1,0.503992,2026-03-20 05:16:45.611,True,1764.5263912
trade,BTCUSDT,140549886,96761.39,0.6656,2026-03-20 05:16:45.739,True,64404.381184
trade,ETHUSDT,159280101,3496.92,0.518655,2026-03-20 05:16:46.683,False,1813.6950425999999
trade,BTCUSDT,140549887,97154.42,1.391971,2026-03-20 05:16:47.127,True,135236.13516182
trade,BTCUSDT,140549888,97214.12,1.158354,2026-03-20 05:16:47.820,True,112608.36475848
trade,ETHUSDT,159280102,3489.21,1.032025,2026-03-20 05:16:50.156,True,3600.9519502499998
trade,BTCUSDT,140549889,97350.89,0.789152,2026-03-20 05:16:50.505,False,76824.64954528
trade,BTCUSDT,140549890,97402.56,1.112324,2026-03-20 05:16:54.805,False,108343.20514944001
trade,ETHUSDT,159280103,3491.68,0.905308,2026-03-20 05:16:55.105,True,3161.04583744
trade,ETHUSDT,159280104,3515.38,0.468506,2026-03-20 05:16:57.849,False,1646.97662228
trade,BTCUSDT,140549891,97224.99,0.426866,2026-03-20 05:16:59.161,True,41502.04258134001
trade,ETHUSDT,159280105,3484.17,1.618986,2026-03-20 05:17:02.140,False,5640.82245162
trade,ETHUSDT,159280106,3485.65,0.77807,2026-03-20 05:17:02.503,False,2712.0796955
trade,BTCUSDT,140549892,97220.95,1.056214,2026-03-20 05:17:03.665,False,102686.1284833
trade,BTCUSDT,140549893,97341.73,0.415167,2026-03-20 05:17:05.321,False,40413.074018909996
trade,ETHUSDT,159280107,3493.64,1.559471,2026-03-20 05:17:06.005,False,5448.23026444
trade,ETHUSDT,159280108,3482.52,1.9672,2026-03-20 05:17:07.009,True,6850.813344
trade,ETHUSDT,159280109,3494.19,0.624033,2026-03-20 05:17:09.729,True,2180.48986827
trade,BTCUSDT,140549894,96795.13,1.678568,2026-03-20 05:17:09.763,False,162477.20777384003
trade,ETHUSDT,159280110,3489.01,0.055759,2026-03-20 05:17:13.066,True,194.54370859000002
trade,BTCUSDT,140549895,97178.34,0.521273,2026-03-20 05:17:13.337,False,50656.44482682
trade,BTCUSDT,140549896,97148.56,0.612088,2026-03-20 05:17:13.581,True,59463.46779328
trade,ETHUSDT,159280111,3491.13,1.737642,2026-03-20 05:17:14.636,False,6066.33411546
trade,BTCUSDT,140549897,96724.05,0.932585,2026-03-20 05:17:15.453,True,90203.39816925001
trade,BTCUSDT,140549898,97283.69,0.262935,2026-03-20 05:17:17.386,True,25579.287030149997
trade,ETHUSDT,159280112,3485.91,0.43835,2026-03-20 05:17:17.549,False,1528.0486485
trade,ETHUSDT,159280113,3483.18,0.397122,2026-03-20 05:17:21.895,False,1383.24740796
trade,BTCUSDT,140549899,97347.19,0.580261,2026-03-20 05:17:22.158,True,56486.77781659
trade,ETHUSDT,159280114,3504.74,1.305493,2026-03-20 05:17:23.498,False,4575.4135368199995
trade,ETHUSDT,159280115,3483.06,0.124111,2026-03-20 05:17:25.782,True,432.28605966
trade,BTCUSDT,140549900,96656.13,1.507232,2026-03-20 05:17:26.196,False,145683.21213216
trade,ETHUSDT,159280116,3511.46,0.827355,2026-03-20 05:17:27.178,False,2905.2239882999997
trade,ETHUSDT,159280117,3495.96,1.998461,2026-03-20 05:17:30.133,True,6986.53971756
trade,BTCUSDT,140549901,96645.61,1.640003,2026-03-20 05:17:31.048,True,158499.09033683
trade,ETHUSDT,159280118,3515.16,0.650073,2026-03-20 05:17:32.513,True,2285.11060668
trade,BTCUSDT,140549902,96919.6,1.378033,2026-03-20 05:17:32.721,True,133558.40714680002
trade,ETHUSDT,159280119,3487.61,1.202658,2026-03-20 05:17:33.617,True,4194.4020673800005
trade,BTCUSDT,140549903,97336.9,0.340757,2026-03-20 05:17:34.249,False,33168.230033299995
trade,ETHUSDT,159280120,3510.72,0.026767,2026-03-20 05:17:35.547,True,93.97144223999999
trade,BTCUSDT,140549904,96566.85,0.690713,2026-03-20 05:17:36.222,False,66699.97866405001
trade,ETHUSDT,159280121,3498.06,1.302033,2026-03-20 05:17:37.882,True,4554.58955598
trade,BTCUSDT,140549905,97112.71,1.848183,2026-03-20 05:17:39.046,True,179482.05970593
trade,BTCUSDT,140549906,96555.1,0.045839,2026-03-20 05:17:39.808,False,4425.9892289
trade,ETHUSDT,159280122,3490.67,0.312833,2026-03-20 05:17:40.522,False,1091.9967681100002
trade,ETHUSDT,159280123,3484.03,1.645522,2026-03-20 05:17:41.535,False,5733.04801366
trade,ETHUSDT,159280124,3489.63,1.140168,2026-03-20 05:17:41.961,True,3978.7644578400004
trade,BTCUSDT,140549907,96764.58,0.48275,2026-03-20 05:17:42.927,False,46713.100995
trade,BTCUSDT,140549908,96889.17,1.269207,2026-03-20 05:17:43.740,False,122972.41278818999
trade,ETHUSDT,159280125,3515.48,0.660145,2026-03-20 05:17:45.701,True,2320.7265446
trade,BTCUSDT,140549909,96693.42,0.673319,2026-03-20 05:17:46.728,False,65105.51686098
trade,ETHUSDT,159280126,3498.73,1.143741,2026-03-20 05:17:48.581,True,4001.6409489299995
trade,BTCUSDT,140549910,96601.73,0.060193,2026-03-20 05:17:48.990,True,5814.74793389
trade,ETHUSDT,159280127,3483.04,1.100106,2026-03-20 05:17:49.472,True,3831.71320224
trade,BTCUSDT,140549911,97477.07,1.233691,2026-03-20 05:17:50.577,False,120256.58396537002
trade,BTCUSDT,140549912,96875.51,1.266516,2026-03-20 05:17:50.935,True,122694.38342315999
trade,ETHUSDT,159280128,3514.41,1.633227,2026-03-20 05:17:53.906,True,5739.82930107
trade,BTCUSDT,140549913,97007.84,1.401917,2026-03-20 05:17:54.943,True,135996.94002928
trade,ETHUSDT,159280129,3515.64,0.987601,2026-03-20 05:17:55.678,False,3472.0495796399996
trade,BTCUSDT,140549914,97417.34,0.224847,2026-03-20 05:17:57.967,True,21903.99664698
trade,BTCUSDT,140549915,96823.97,1.205193,2026-03-20 05:17:59.148,True,116691.57087621
trade,ETHUSDT,159280130,3485.67,0.009212,2026-03-20 05:17:59.515,True,32.10999204
trade,BTCUSDT,140549916,97452.0,1.254688,2026-03-20 05:18:00.228,True,122271.854976
trade,ETHUSDT,159280131,3509.56,1.370961,2026-03-20 05:18:02.004,False,4811.46988716
trade,BTCUSDT,140549917,96758.6,1.864864,2026-03-20 05:18:03.254,False,180441.62983040002
trade,BTCUSDT,140549918,96766.25,1.567941,2026-03-20 05:18:04.656,False,151723.77079125
trade,ETHUSDT,159280132,3506.23,0.042735,2026-03-20 05:18:06.522,True,149.83873905000002
trade,BTCUSDT,140549919,96517.19,1.614482,2026-03-20 05:18:06.983,True,155825.26594558
trade,BTCUSDT,140549920,97288.54,0.390312,2026-03-20 05:18:07.860,True,37972.88462447999
trade,BTCUSDT,140549921,96863.87,1.788506,2026-03-20 05:18:09.422,False,173241.61267821997
trade,ETHUSDT,159280133,3512.36,1.885146,2026-03-20 05:18:10.074,False,6621.3114045600005
trade,ETHUSDT,159280134,3513.56,1.347412,2026-03-20 05:18:11.788,True,4734.21290672
trade,ETHUSDT,159280135,3517.2,0.333848,2026-03-20 05:18:12.804,True,1174.2101856
trade,ETHUSDT,159280136,3514.13,1.358551,2026-03-20 05:18:12.942,False,4774.1248256300005
trade,BTCUSDT,140549922,96709.78,1.778516,2026-03-20 05:18:13.121,False,171999.89108648
trade,ETHUSDT,159280137,3512.78,1.196013,2026-03-20 05:18:13.168,False,4201.3305461400005
trade,ETHUSDT,159280138,3502.49,1.815768,2026-03-20 05:18:16.317,True,6359.70926232
trade,ETHUSDT,159280139,3491.63,0.084038,2026-03-20 05:18:17.416,True,293.42960194
trade,BTCUSDT,140549923,96569.98,0.903228,2026-03-20 05:18:17.825,False,87224.70989544
trade,ETHUSDT,159280140,3498.98,1.407543,2026-03-20 05:18:18.325,True,4924.96480614
trade,ETHUSDT,159280141,3506.02,1.845811,2026-03-20 05:18:19.069,False,6471.45028222
trade,ETHUSDT,159280142,3488.98,1.099974,2026-03-20 05:18:19.678,True,3837.78728652
trade,BTCUSDT,140549924,96605.57,0.301105,2026-03-20 05:18:20.979,True,29088.420154850002
trade,BTCUSDT,140549925,97462.1,1.013782,2026-03-20 05:18:21.881,True,98805.32266220001
trade,ETHUSDT,159280143,3513.08,1.862775,2026-03-20 05:18:22.641,True,6544.077597
trade,ETHUSDT,159280144,3501.5,1.05592,2026-03-20 05:18:24.526,False,3697.30388
trade,BTCUSDT,140549926,97381.02,1.912794,2026-03-20 05:18:25.817,False,186269.83076988
trade,ETHUSDT,159280145,3514.8,0.55325,2026-03-20 05:18:28.611,True,1944.5631
trade,BTCUSDT,140549927,97392.22,1.622484,2026-03-20 05:18:29.132,True,158017.31867448002
trade,BTCUSDT,140549928,97410.0,1.796289,2026-03-20 05:18:32.804,False,174976.51149
trade,ETHUSDT,159280146,3486.99,0.970811,2026-03-20 05:18:32.919,False,3385.2082488899996
trade,BTCUSDT,140549929,96690.8,1.973379,2026-03-20 05:18:35.009,True,190807.5942132
trade,ETHUSDT,159280147,3514.27,1.873194,2026-03-20 05:18:36.993,True,6582.90947838
trade,BTCUSDT,140549930,96801.32,0.663134,2026-03-20 05:18:39.189,False,64192.246536880004
trade,ETHUSDT,159280148,3496.68,0.6247,2026-03-20 05:18:41.317,False,2184.375996
trade,BTCUSDT,140549931,96725.7,0.897527,2026-03-20 05:18:42.179,True,86813.9273439
trade,ETHUSDT,159280149,3501.47,0.29424,2026-03-20 05:18:45.187,False,1030.2725328
trade,BTCUSDT,140549932,96908.25,1.131646,2026-03-20 05:18:45.777,False,109665.8334795
trade,BTCUSDT,140549933,96659.8,0.176096,2026-03-20 05:18:46.164,True,17021.4041408
trade,BTCUSDT,140549934,96941.53,1.387537,2026-03-20 05:18:47.782,True,134509.95971161
trade,BTCUSDT,140549935,96734.76,1.768503,2026-03-20 05:18:48.975,False,171075.71326428
trade,ETHUSDT,159280150,3510.63,1.75985,2026-03-20 05:18:49.193,True,6178.1822055
trade,BTCUSDT,140549936,97013.16,0.332563,2026-03-20 05:18:50.094,True,32262.98752908
trade,ETHUSDT,159280151,3505.73,1.464953,2026-03-20 05:18:50.711,True,5135.729680689999
trade,BTCUSDT,140549937,96973.65,1.656095,2026-03-20 05:18:53.171,False,160597.57689675
trade,ETHUSDT,159280152,3509.72,1.120232,2026-03-20 05:18:54.622,False,3931.700655039999
trade,BTCUSDT,140549938,97384.44,1.162593,2026-03-20 05:18:56.050,True,113218.46825292
trade,BTCUSDT,140549939,97217.83,0.801506,2026-03-20 05:18:57.684,False,77920.67405198001
trade,ETHUSDT,159280153,3500.16,1.658157,2026-03-20 05:18:58.711,True,5803.8148051200005
trade,BTCUSDT,140549940,96921.48,0.933257,2026-03-20 05:18:58.942,True,90452.64966036
trade,ETHUSDT,159280154,3498.86,1.913479,2026-03-20 05:19:00.783,False,6694.99513394
trade,BTCUSDT,140549941,97176.22,1.031469,2026-03-20 05:19:01.203,False,100234.25846718
trade,ETHUSDT,159280155,3508.85,1.090414,2026-03-20 05:19:01.277,False,3826.0991639
trade,BTCUSDT,140549942,96947.71,1.599846,2026-03-20 05:19:02.427,False,155101.40605266002
trade,BTCUSDT,140549943,96716.9,1.928995,2026-03-20 05:19:04.066,False,186566.4165155
trade,ETHUSDT,159280156,3491.82,0.263493,2026-03-20 05:19:05.961,False,920.0701272599999
trade,BTCUSDT,140549944,96753.02,0.896008,2026-03-20 05:19:06.293,False,86691.47994416
trade,BTCUSDT,140549945,97419.82,1.433335,2026-03-20 05:19:06.637,True,139635.23769970002
trade,ETHUSDT,159280157,3484.2,0.962458,2026-03-20 05:19:08.130,True,3353.3961636
trade,BTCUSDT,140549946,97395.19,1.816495,2026-03-20 05:19:08.184,False,176917.87565905
trade,ETHUSDT,159280158,3498.57,1.425108,2026-03-20 05:19:08.293,True,4985.84009556
trade,BTCUSDT,140549947,96759.21,0.364025,2026-03-20 05:19:11.335,True,35222.77142025
trade,ETHUSDT,159280159,3506.29,1.578849,2026-03-20 05:19:11.541,True,5535.90246021
trade,ETHUSDT,159280160,3484.01,0.395367,2026-03-20 05:19:12.337,False,1377.4625816700002
trade,BTCUSDT,140549948,97222.83,1.750927,2026-03-20 05:19:15.672,False,170230.07806340998
trade,ETHUSDT,159280161,3498.39,1.898937,2026-03-20 05:19:15.937,True,6643.22221143
trade,BTCUSDT,140549949,96856.62,0.071856,2026-03-20 05:19:17.954,False,6959.72928672
trade,ETHUSDT,159280162,3492.62,0.63531,2026-03-20 05:19:20.115,False,2218.8964122
trade,BTCUSDT,140549950,97036.68,1.412482,2026-03-20 05:19:20.207,False,137062.56383976
trade,BTCUSDT,140549951,97261.44,1.474408,2026-03-20 05:19:24.255,False,143403.04522752
trade,ETHUSDT,159280163,3505.22,0.032715,2026-03-20 05:19:24.394,True,114.6732723
trade,ETHUSDT,159280164,3506.34,0.879636,2026-03-20 05:19:25.861,False,3084.30289224
trade,BTCUSDT,140549952,97253.09,1.722827,2026-03-20 05:19:28.760,False,167550.24928543
trade,ETHUSDT,159280165,3488.36,1.046256,2026-03-20 05:19:29.647,False,3649.7175801600006
trade,BTCUSDT,140549953,96951.62,1.890016,2026-03-20 05:19:31.976,False,183240.11302591997
trade,ETHUSDT,159280166,3513.16,1.489913,2026-03-20 05:19:32.566,True,5234.30275508
trade,ETHUSDT,159280167,3483.14,0.79211,2026-03-20 05:19:32.752,True,2759.0300254
trade,BTCUSDT,140549954,96744.03,1.128635,2026-03-20 05:19:35.355,False,109188.69829905001
trade,ETHUSDT,159280168,3508.35,1.253508,2026-03-20 05:19:36.699,True,4397.7447918
trade,BTCUSDT,140549955,96716.42,0.220711,2026-03-20 05:19:37.611,False,21346.37777462
trade,BTCUSDT,140549956,96984.51,1.600614,2026-03-20 05:19:37.845,False,155234.76448913998
trade,ETHUSDT,159280169,3488.2,0.992878,2026-03-20 05:19:38.173,False,3463.3570396
trade,ETHUSDT,159280170,3496.97,1.839901,2026-03-20 05:19:39.606,True,6434.078599969999
trade,BTCUSDT,140549957,96569.81,1.699479,2026-03-20 05:19:39.803,True,164118.36412898998
trade,ETHUSDT,159280171,3483.98,1.9309,2026-03-20 05:19:43.531,False,6727.216982
trade,BTCUSDT,140549958,97067.5,0.818615,2026-03-20 05:19:43.813,False,79460.9115125
trade,ETHUSDT,159280172,3508.96,0.741226,2026-03-20 05:19:44.977,False,2600.93238496
trade,ETHUSDT,159280173,3499.83,1.500301,2026-03-20 05:19:46.117,False,5250.79844883
trade,BTCUSDT,140549959,97247.91,1.909273,2026-03-20 05:19:47.527,False,185672.80886943
trade,BTCUSDT,140549960,96885.65,0.203934,2026-03-20 05:19:47.678,False,19758.278147099998
trade,ETHUSDT,159280174,3494.77,0.909042,2026-03-20 05:19:50.418,False,3176.89271034
trade,BTCUSDT,140549961,96780.48,1.017252,2026-03-20 05:19:52.260,True,98450.13684096
trade,ETHUSDT,159280175,3511.69,1.669459,2026-03-20 05:19:54.956,True,5862.62247571
trade,BTCUSDT,140549962,96627.96,1.189041,2026-03-20 05:19:56.489,True,114894.60618636
trade,BTCUSDT,140549963,96824.25,1.096865,2026-03-20 05:19:57.068,True,106203.13097625
trade,ETHUSDT,159280176,3500.0,1.781953,2026-03-20 05:19:58.540,True,6236.835499999999
trade,ETHUSDT,159280177,3486.76,0.343241,2026-03-20 05:19:59.354,True,1196.7989891600002
trade,BTCUSDT,140549964,96913.5,1.898991,2026-03-20 05:20:01.141,True,184037.8642785
trade,BTCUSDT,140549965,97022.42,0.895263,2026-03-20 05:20:02.423,True,86860.58279646
trade,ETHUSDT,159280178,3494.21,1.786323,2026-03-20 05:20:03.268,True,6241.78768983
trade,ETHUSDT,159280179,3484.42,0.477051,2026-03-20 05:20:06.291,True,1662.24604542
trade,BTCUSDT,140549966,96874.94,1.732296,2026-03-20 05:20:07.268,False,167816.07106224002
trade,BTCUSDT,140549967,97112.31,1.185491,2026-03-20 05:20:09.924,False,115125.76949421
trade,ETHUSDT,159280180,3487.61,0.497426,2026-03-20 05:20:10.394,True,1734.82789186
trade,BTCUSDT,140549968,97212.81,0.479013,2026-03-20 05:20:14.353,False,46566.199756530004
trade,ETHUSDT,159280181,3506.75,1.061437,2026-03-20 05:20:15.070,False,3722.19419975
trade,BTCUSDT,140549969,97248.68,0.79493,2026-03-20 05:20:15.913,True,77305.89319239999
trade,ETHUSDT,159280182,3496.24,0.544881,2026-03-20 05:20:16.661,False,1905.0347474399996
trade,BTCUSDT,140549970,96663.31,0.030314,2026-03-20 05:20:17.658,True,2930.25157934
trade,ETHUSDT,159280183,3489.28,1.077068,2026-03-20 05:20:18.659,False,3758.19183104
trade,BTCUSDT,140549971,97470.41,0.646205,2026-03-20 05:20:19.594,True,62985.86629405001
trade,ETHUSDT,159280184,3507.16,1.56789,2026-03-20 05:20:23.100,False,5498.8410924
trade,BTCUSDT,140549972,97185.17,0.969077,2026-03-20 05:20:23.851,True,94179.91298809
trade,BTCUSDT,140549973,97038.56,0.723324,2026-03-20 05:20:25.153,False,70190.31937344
trade,ETHUSDT,159280185,3483.57,1.039839,2026-03-20 05:20:25.309,False,3622.35194523
trade,BTCUSDT,140549974,97433.02,0.341037,2026-03-20 05:20:26.532,False,33228.26484174
trade,ETHUSDT,159280186,3503.86,1.337983,2026-03-20 05:20:26.811,True,4688.10511438
trade,BTCUSDT,140549975,97053.85,0.592713,2026-03-20 05:20:29.178,False,57525.07859505001
trade,ETHUSDT,159280187,3492.78,1.646949,2026-03-20 05:20:30.099,False,5752.43052822
trade,BTCUSDT,140549976,96685.65,0.798997,2026-03-20 05:20:30.418,False,77251.54429304998
trade,BTCUSDT,140549977,96830.66,1.202505,2026-03-20 05:20:33.045,False,116439.3528033
trade,ETHUSDT,159280188,3504.13,1.110651,2026-03-20 05:20:34.123,True,3891.8654886300005
trade,BTCUSDT,140549978,96703.73,1.290416,2026-03-20 05:20:34.318,True,124788.04045167999
trade,ETHUSDT,159280189,3484.03,0.113609,2026-03-20 05:20:36.310,True,395.81716427000003
trade,BTCUSDT,140549979,96643.16,0.607225,2026-03-20 05:20:37.151,True,58684.142831000005
trade,ETHUSDT,159280190,3502.34,0.132977,2026-03-20 05:20:37.330,True,465.73066618000007
trade,BTCUSDT,140549980,97289.75,0.973253,2026-03-20 05:20:38.700,False,94687.54105675001
trade,ETHUSDT,159280191,3484.13,0.531088,2026-03-20 05:20:39.296,True,1850.3796334400001
trade,BTCUSDT,140549981,97250.41,1.819797,2026-03-20 05:20:39.577,False,176976.00436677
trade,BTCUSDT,140549982,97157.62,0.809439,2026-03-20 05:20:41.952,True,78643.16677518
trade,ETHUSDT,159280192,3491.74,0.824645,2026-03-20 05:20:42.123,True,2879.4459322999996
trade,ETHUSDT,159280193,3506.16,1.668533,2026-03-20 05:20:42.640,True,5850.14366328
trade,BTCUSDT,140549983,97004.26,0.519235,2026-03-20 05:20:44.583,True,50368.0069411
trade,ETHUSDT,159280194,3496.42,0.584285,2026-03-20 05:20:45.327,True,2042.9057597000003
trade,BTCUSDT,140549984,97251.44,1.779558,2026-03-20 05:20:49.456,True,173064.57806352
trade,ETHUSDT,159280195,3499.17,0.921511,2026-03-20 05:20:49.866,False,3224.52364587
trade,BTCUSDT,140549985,96744.06,1.705325,2026-03-20 05:20:52.279,False,164980.0641195
trade,ETHUSDT,159280196,3496.41,1.745789,2026-03-20 05:20:53.621,True,6103.99411749
trade,ETHUSDT,159280197,3513.16,1.546228,2026-03-20 05:20:55.187,False,5432.146360479999
trade,BTCUSDT,140549986,96754.15,0.363217,2026-03-20 05:20:56.304,False,35142.75210055
trade,BTCUSDT,140549987,96518.83,0.381242,2026-03-20 05:20:56.440,True,36797.03178686
trade,ETHUSDT,159280198,3483.7,0.9529,2026-03-20 05:20:56.526,True,3319.61773
trade,ETHUSDT,159280199,3510.54,1.357643,2026-03-20 05:20:59.298,True,4766.06005722
trade,BTCUSDT,140549988,96936.3,0.060327,2026-03-20 05:21:00.174,True,5847.8761701
trade,ETHUSDT,159280200,3513.16,0.212747,2026-03-20 05:21:02.703,True,747.41425052
trade,BTCUSDT,140549989,97454.96,0.959913,2026-03-20 05:21:02.870,True,93548.28301848001
trade,ETHUSDT,159280201,3505.4,1.672547,2026-03-20 05:21:03.248,False,5862.9462538
trade,ETHUSDT,159280202,3491.66,1.623006,2026-03-20 05:21:05.946,False,5666.9851299599995
trade,BTCUSDT,140549990,97003.4,0.156798,2026-03-20 05:21:06.726,True,15209.939113199998
trade,ETHUSDT,159280203,3499.88,1.11525,2026-03-20 05:21:08.200,False,3903.2411700000002
trade,BTCUSDT,140549991,96736.34,0.261431,2026-03-20 05:21:08.229,False,25289.878102540002
trade,BTCUSDT,140549992,96566.86,0.906104,2026-03-20 05:21:08.582,True,87499.61811344
trade,ETHUSDT,159280204,3496.69,1.861044,2026-03-20 05:21:10.562,True,6507.49394436
trade,BTCUSDT,140549993,97233.34,1.441132,2026-03-20 05:21:13.412,True,140126.07774088
trade,BTCUSDT,140549994,96917.14,1.198358,2026-03-20 05:21:13.724,True,116141.43005612
trade,ETHUSDT,159280205,3499.68,1.639253,2026-03-20 05:21:15.226,True,5736.86093904
trade,ETHUSDT,159280206,3482.68,0.618782,2026-03-20 05:21:16.149,True,2155.01969576
trade,BTCUSDT,140549995,96869.29,0.212239,2026-03-20 05:21:17.477,True,20559.44124031
trade,BTCUSDT,140549996,96584.86,0.285213,2026-03-20 05:21:17.608,False,27547.25767518
trade,ETHUSDT,159280207,3507.1,1.765159,2026-03-20 05:21:18.383,True,6190.589128899999
trade,ETHUSDT,159280208,3482.76,0.982917,2026-03-20 05:21:19.227,True,3423.26401092
trade,BTCUSDT,140549997,97237.12,0.142999,2026-03-20 05:21:20.902,False,13904.810922879999
trade,BTCUSDT,140549998,97308.6,0.987478,2026-03-20 05:21:21.924,True,96090.10171080001
trade,ETHUSDT,159280209,3516.52,0.687519,2026-03-20 05:21:23.123,True,2417.6743138799998
trade,BTCUSDT,140549999,97005.07,1.635025,2026-03-20 05:21:23.872,False,158605.71457675
trade,BTCUSDT,140550000,97248.49,1.152704,2026-03-20 05:21:27.153,False,112098.72341696
trade,ETHUSDT,159280210,3499.99,1.880213,2026-03-20 05:21:27.419,False,6580.726697869999
trade,ETHUSDT,159280211,3500.41,1.778038,2026-03-20 05:21:29.613,False,6223.8619955799995
trade,BTCUSDT,140550001,96552.47,1.763778,2026-03-20 05:21:31.845,True,170297.12243166
trade,ETHUSDT,159280212,3514.0,1.446805,2026-03-20 05:21:32.741,True,5084.07277
trade,BTCUSDT,140550002,96747.54,1.522435,2026-03-20 05:21:33.745,True,147291.84105989998
trade,BTCUSDT,140550003,96742.92,1.685266,2026-03-20 05:21:34.901,True,163037.55381672
trade,ETHUSDT,159280213,3516.99,1.093002,2026-03-20 05:21:35.846,True,3844.0771039799997
trade,ETHUSDT,159280214,3506.96,1.673218,2026-03-20 05:21:36.278,True,5867.90859728
trade,ETHUSDT,159280215,3485.62,1.357782,2026-03-20 05:21:36.651,True,4732.71209484
trade,BTCUSDT,140550004,96813.37,0.452571,2026-03-20 05:21:36.787,True,43814.92367427
trade,ETHUSDT,159280216,3493.68,0.927196,2026-03-20 05:21:41.003,False,3239.32612128
trade,BTCUSDT,140550005,97091.43,0.63452,2026-03-20 05:21:41.650,True,61606.45416359999
trade,BTCUSDT,140550006,96853.38,1.747713,2026-03-20 05:21:41.752,False,169271.91131994
trade,ETHUSDT,159280217,3485.05,1.942409,2026-03-20 05:21:43.106,True,6769.39248545
trade,BTCUSDT,140550007,97207.77,1.981263,2026-03-20 05:21:45.764,False,192594.15801351
trade,ETHUSDT,159280218,3500.41,1.614402,2026-03-20 05:21:46.550,True,5651.068904819999
trade,BTCUSDT,140550008,96603.09,0.15233,2026-03-20 05:21:46.860,True,14715.548699699999
trade,ETHUSDT,159280219,3491.63,0.953567,2026-03-20 05:21:49.635,True,3329.5031442100003
trade,BTCUSDT,140550009,97005.82,0.751964,2026-03-20 05:21:51.178,False,72944.88443048
trade,ETHUSDT,159280220,3512.8,0.106611,2026-03-20 05:21:51.782,True,374.50312080000003
trade,BTCUSDT,140550010,97285.55,1.256333,2026-03-20 05:21:54.957,True,122223.04688815
trade,BTCUSDT,140550011,96806.36,0.137766,2026-03-20 05:21:55.872,True,13336.62499176
trade,ETHUSDT,159280221,3517.4,0.001984,2026-03-20 05:21:56.236,True,6.9785216000000005
trade,ETHUSDT,159280222,3502.09,0.363682,2026-03-20 05:21:56.980,True,1273.64709538
trade,ETHUSDT,159280223,3497.92,1.632904,2026-03-20 05:21:57.782,True,5711.76755968
trade,BTCUSDT,140550012,97308.47,1.415153,2026-03-20 05:21:58.472,False,137706.37324591
trade,BTCUSDT,140550013,97084.22,0.119891,2026-03-20 05:21:59.624,True,11639.52422002
trade,ETHUSDT,159280224,3510.27,1.415282,2026-03-20 05:22:01.162,True,4968.021946139999
trade,BTCUSDT,140550014,97408.12,0.602293,2026-03-20 05:22:02.604,True,58668.228819159995
trade,ETHUSDT,159280225,3516.42,0.463613,2026-03-20 05:22:06.154,True,1630.25802546
trade,BTCUSDT,140550015,96732.56,0.340949,2026-03-20 05:22:07.148,True,32980.86959944
trade,BTCUSDT,140550016,97093.46,0.588136,2026-03-20 05:22:08.379,True,57104.15919056
trade,ETHUSDT,159280226,3514.8,0.884806,2026-03-20 05:22:09.939,True,3109.9161288
trade,BTCUSDT,140550017,96828.2,1.451412,2026-03-20 05:22:11.150,True,140537.6114184
trade,ETHUSDT,159280227,3505.48,1.912148,2026-03-20 05:22:12.098,True,6702.99657104
trade,BTCUSDT,140550018,97101.21,1.910522,2026-03-20 05:22:12.721,False,185513.99793162002
trade,ETHUSDT,159280228,3495.01,1.952171,2026-03-20 05:22:13.171,False,6822.8571667100005
trade,BTCUSDT,140550019,97019.32,1.974555,2026-03-20 05:22:14.076,True,191569.98340260002
trade,BTCUSDT,140550020,97479.5,1.29028,2026-03-20 05:22:14.633,True,125775.84926
trade,BTCUSDT,140550021,97091.42,0.639528,2026-03-20 05:22:15.832,True,62092.681649759994
trade,ETHUSDT,159280229,3490.07,0.601987,2026-03-20 05:22:16.364,False,2100.9767690900003
trade,ETHUSDT,159280230,3488.78,1.985827,2026-03-20 05:22:17.919,True,6928.1135210600005
trade,BTCUSDT,140550022,96852.6,1.701613,2026-03-20 05:22:18.136,True,164805.6432438
trade,BTCUSDT,140550023,97350.86,0.429438,2026-03-20 05:22:21.762,False,41806.15861668
trade,ETHUSDT,159280231,3486.85,1.513271,2026-03-20 05:22:22.123,True,5276.54898635
trade,BTCUSDT,140550024,97420.4,1.561629,2026-03-20 05:22:24.057,False,152134.5218316
trade,ETHUSDT,159280232,3507.72,1.605746,2026-03-20 05:22:26.794,True,5632.507359119999
trade,BTCUSDT,140550025,97270.43,0.183823,2026-03-20 05:22:28.077,True,17880.54225389
trade,ETHUSDT,159280233,3514.79,1.106141,2026-03-20 05:22:28.551,True,3887.85332539
trade,BTCUSDT,140550026,96707.74,1.543609,2026-03-20 05:22:32.334,True,149278.93783366002
trade,ETHUSDT,159280234,3512.64,0.957698,2026-03-20 05:22:33.019,True,3364.0483027200003
trade,BTCUSDT,140550027,96997.06,0.638774,2026-03-20 05:22:33.397,False,61959.20000444
trade,BTCUSDT,140550028,96680.48,0.648529,2026-03-20 05:22:35.306,True,62700.09501392
trade,ETHUSDT,159280235,3515.92,1.033272,2026-03-20 05:22:35.822,True,3632.90169024
trade,BTCUSDT,140550029,96980.78,1.404991,2026-03-20 05:22:36.093,False,136257.12307298
trade,ETHUSDT,159280236,3511.45,1.120927,2026-03-20 05:22:37.046,True,3936.07911415
trade,ETHUSDT,159280237,3493.58,1.078712,2026-03-20 05:22:37.417,True,3768.5666689599993
trade,BTCUSDT,140550030,96844.46,0.437554,2026-03-20 05:22:39.189,False,42374.68085084
trade,BTCUSDT,140550031,97311.25,0.685343,2026-03-20 05:22:41.506,True,66691.58400875
trade,ETHUSDT,159280238,3516.48,1.057506,2026-03-20 05:22:41.809,True,3718.6986988800004
trade,BTCUSDT,140550032,96721.31,0.648664,2026-03-20 05:22:45.141,False,62739.63182984
trade,ETHUSDT,159280239,3490.15,1.649506,2026-03-20 05:22:45.419,True,5757.0233659
trade,BTCUSDT,140550033,97314.98,1.322384,2026-03-20 05:22:45.808,False,128687.77251231999
trade,BTCUSDT,140550034,97364.33,1.451057,2026-03-20 05:22:47.953,False,141281.19259681
trade,ETHUSDT,159280240,3514.71,0.574192,2026-03-20 05:22:50.089,False,2018.1183643200002
trade,ETHUSDT,159280241,3501.54,0.334961,2026-03-20 05:22:50.350,True,1172.87933994
trade,BTCUSDT,140550035,96531.11,1.250183,2026-03-20 05:22:52.836,False,120681.55269313001
trade,ETHUSDT,159280242,3506.85,1.024885,2026-03-20 05:22:53.171,True,3594.11796225
trade,ETHUSDT,159280243,3492.67,0.180731,2026-03-20 05:22:56.592,True,631.23374177
trade,ETHUSDT,159280244,3507.38,0.108899,2026-03-20 05:22:56.948,True,381.95017462
trade,BTCUSDT,140550036,96581.81,1.757941,2026-03-20 05:22:57.669,True,169785.12365321
trade,ETHUSDT,159280245,3492.78,1.819099,2026-03-20 05:22:57.765,True,6353.71260522
trade,BTCUSDT,140550037,96895.9,0.70177,2026-03-20 05:23:00.847,False,67998.63574299999
trade,BTCUSDT,140550038,97231.41,0.419669,2026-03-20 05:23:02.089,False,40805.00860329
trade,ETHUSDT,159280246,3517.39,0.131794,2026-03-20 05:23:02.331,True,463.57089765999996
trade,ETHUSDT,159280247,3508.93,1.852581,2026-03-20 05:23:03.021,True,6500.57704833
trade,BTCUSDT,140550039,97129.15,1.27735,2026-03-20 05:23:05.574,True,124067.91975249999
trade,ETHUSDT,159280248,3517.29,0.718718,2026-03-20 05:23:07.187,True,2527.93963422
trade,BTCUSDT,140550040,97340.66,1.443359,2026-03-20 05:23:08.356,True,140497.51767694
trade,ETHUSDT,159280249,3509.55,0.941602,2026-03-20 05:23:09.540,True,3304.5992991000003
trade,BTCUSDT,140550041,96592.41,0.479152,2026-03-20 05:23:10.426,True,46282.44643632
trade,ETHUSDT,159280250,3505.28,0.012661,2026-03-20 05:23:12.755,True,44.38035008000001
trade,ETHUSDT,159280251,3482.64,1.06572,2026-03-20 05:23:13.967,True,3711.5191007999997
trade,BTCUSDT,140550042,97163.16,1.276057,2026-03-20 05:23:14.427,False,123985.73046012
trade,ETHUSDT,159280252,3506.06,0.887353,2026-03-20 05:23:14.474,False,3111.1128591799998
trade,BTCUSDT,140550043,97233.41,0.405263,2026-03-20 05:23:17.560,False,39405.10343683
trade,ETHUSDT,159280253,3508.2,0.599983,2026-03-20 05:23:18.220,True,2104.8603606
trade,BTCUSDT,140550044,97015.45,1.512738,2026-03-20 05:23:18.730,True,146758.9578021
trade,ETHUSDT,159280254,3498.82,1.616098,2026-03-20 05:23:19.770,True,5654.43600436
trade,BTCUSDT,140550045,97174.57,1.149568,2026-03-20 05:23:20.434,False,111708.77608576001
trade,ETHUSDT,159280255,3483.07,1.981061,2026-03-20 05:23:20.880,False,6900.17413727
trade,BTCUSDT,140550046,96934.5,0.237949,2026-03-20 05:23:23.435,True,23065.4673405
trade,ETHUSDT,159280256,3507.2,1.619335,2026-03-20 05:23:24.454,True,5679.331711999999
trade,BTCUSDT,140550047,97454.37,1.515888,2026-03-20 05:23:27.199,True,147729.91003056
trade,ETHUSDT,159280257,3492.38,1.284517,2026-03-20 05:23:27.579,True,4486.02148046
trade,ETHUSDT,159280258,3485.66,1.799942,2026-03-20 05:23:29.714,False,6273.98583172
trade,BTCUSDT,140550048,97413.43,1.394185,2026-03-20 05:23:29.833,True,135812.34290455
trade,BTCUSDT,140550049,97205.57,1.574434,2026-03-20 05:23:32.435,False,153043.75439738
trade,ETHUSDT,159280259,3501.43,1.375873,2026-03-20 05:23:33.301,False,4817.52299839
trade,BTCUSDT,140550050,96691.59,0.738412,2026-03-20 05:23:34.168,True,71398.23035508
trade,ETHUSDT,159280260,3500.26,1.029405,2026-03-20 05:23:34.625,False,3603.1851453
trade,BTCUSDT,140550051,96602.38,0.537823,2026-03-20 05:23:34.649,False,51954.98181874001
trade,BTCUSDT,140550052,97178.9,1.829218,2026-03-20 05:23:36.298,False,177761.3931002
trade,BTCUSDT,140550053,96711.9,1.87998,2026-03-20 05:23:36.549,True,181816.437762
trade,ETHUSDT,159280261,3505.15,0.188038,2026-03-20 05:23:36.570,False,659.1013957
trade,BTCUSDT,140550054,97422.25,0.853179,2026-03-20 05:23:38.085,True,83118.61783275001
trade,BTCUSDT,140550055,97330.7,1.478486,2026-03-20 05:23:39.118,True,143902.07732019998
trade,ETHUSDT,159280262,3509.78,1.037288,2026-03-20 05:23:39.627,True,3640.65267664
trade,BTCUSDT,140550056,96635.0,0.843889,2026-03-20 05:23:42.337,True,81549.213515
trade,ETHUSDT,159280263,3513.2,0.243915,2026-03-20 05:23:44.564,True,856.9221779999999
trade,BTCUSDT,140550057,96807.53,0.076722,2026-03-20 05:23:45.768,False,7427.26731666
trade,ETHUSDT,159280264,3511.76,1.532048,2026-03-20 05:23:46.749,False,5380.184884480001
trade,ETHUSDT,159280265,3492.34,0.907734,2026-03-20 05:23:49.298,False,3170.1157575600005
trade,BTCUSDT,140550058,97381.5,1.894676,2026-03-20 05:23:50.234,False,184506.390894
trade,ETHUSDT,159280266,3510.63,0.864794,2026-03-20 05:23:50.991,True,3035.97176022
trade,BTCUSDT,140550059,96982.53,0.258444,2026-03-20 05:23:53.982,True,25064.55298332
trade,ETHUSDT,159280267,3497.22,1.063391,2026-03-20 05:23:54.726,True,3718.9122730199997
trade,BTCUSDT,140550060,97443.73,1.549765,2026-03-20 05:23:58.185,False,151014.88222345
trade,ETHUSDT,159280268,3503.97,1.59132,2026-03-20 05:23:59.155,False,5575.9375404
trade,ETHUSDT,159280269,3484.08,0.990667,2026-03-20 05:23:59.965,False,3451.5630813599996
trade,BTCUSDT,140550061,96949.68,0.385545,2026-03-20 05:24:02.480,True,37378.4643756
trade,ETHUSDT,159280270,3489.79,0.40532,2026-03-20 05:24:03.696,True,1414.4816828
trade,BTCUSDT,140550062,97377.96,1.540176,2026-03-20 05:24:05.293,False,149979.19692096
trade,ETHUSDT,159280271,3497.56,1.573088,2026-03-20 05:24:05.591,True,5501.96966528
trade,ETHUSDT,159280272,3485.32,1.453067,2026-03-20 05:24:06.362,False,5064.40347644
trade,BTCUSDT,140550063,97253.93,1.678739,2026-03-20 05:24:08.532,True,163263.96519427
trade,BTCUSDT,140550064,96706.46,0.944278,2026-03-20 05:24:09.182,False,91317.78263588001
trade,ETHUSDT,159280273,3515.46,0.652074,2026-03-20 05:24:10.211,True,2292.34006404
trade,BTCUSDT,140550065,97442.57,1.236275,2026-03-20 05:24:10.523,True,120465.81322675
trade,BTCUSDT,140550066,96652.1,1.201079,2026-03-20 05:24:11.635,True,116086.8076159
trade,ETHUSDT,159280274,3500.06,0.986642,2026-03-20 05:24:14.302,True,3453.30619852
trade,ETHUSDT,159280275,3486.2,1.034656,2026-03-20 05:24:15.316,False,3607.0177472
trade,BTCUSDT,140550067,97011.76,1.07596,2026-03-20 05:24:15.905,True,104380.7732896
trade,ETHUSDT,159280276,3512.33,0.37498,2026-03-20 05:24:16.016,True,1317.0535034
trade,ETHUSDT,159280277,3492.36,1.074228,2026-03-20 05:24:19.192,False,3751.59089808
trade,ETHUSDT,159280278,3484.49,1.261233,2026-03-20 05:24:19.423,True,4394.75377617
trade,BTCUSDT,140550068,96989.51,1.010449,2026-03-20 05:24:19.922,True,98002.95338998998
trade,ETHUSDT,159280279,3502.58,1.579891,2026-03-20 05:24:23.476,True,5533.6946187799995
trade,BTCUSDT,140550069,96647.58,1.437141,2026-03-20 05:24:23.687,True,138896.19976878
trade,BTCUSDT,140550070,96834.97,1.362461,2026-03-20 05:24:23.808,False,131933.87006117
trade,BTCUSDT,140550071,97084.2,0.08511,2026-03-20 05:24:24.027,False,8262.836262
trade,ETHUSDT,159280280,3502.46,1.195218,2026-03-20 05:24:26.479,True,4186.20323628
trade,ETHUSDT,159280281,3482.91,0.543468,2026-03-20 05:24:27.033,True,1892.8501318799997
trade,BTCUSDT,140550072,96846.83,0.575488,2026-03-20 05:24:27.164,False,55734.18850304
trade,ETHUSDT,159280282,3515.41,1.649336,2026-03-20 05:24:29.533,False,5798.092267759999
trade,BTCUSDT,140550073,97165.51,1.614553,2026-03-20 05:24:31.211,False,156878.86566702998
trade,ETHUSDT,159280283,3513.62,0.542492,2026-03-20 05:24:33.514,False,1906.1107410399998
trade,ETHUSDT,159280284,3485.27,1.487503,2026-03-20 05:24:34.618,True,5184.34958081
trade,BTCUSDT,140550074,96956.62,1.382903,2026-03-20 05:24:35.112,False,134081.60066785998
trade,BTCUSDT,140550075,96977.54,1.610921,2026-03-20 05:24:36.621,False,156223.15571433998
trade,BTCUSDT,140550076,96737.77,0.890161,2026-03-20 05:24:38.084,False,86112.19008097
trade,BTCUSDT,140550077,96961.63,0.33275,2026-03-20 05:24:38.615,False,32263.982382500002
trade,ETHUSDT,159280285,3498.38,1.108418,2026-03-20 05:24:38.883,False,3877.66736284
trade,BTCUSDT,140550078,96710.49,0.236384,2026-03-20 05:24:41.011,False,22860.812468160002
trade,ETHUSDT,159280286,3508.29,1.678074,2026-03-20 05:24:42.399,True,5887.17023346
trade,BTCUSDT,140550079,97482.68,0.395259,2026-03-20 05:24:44.145,False,38530.90661412
trade,ETHUSDT,159280287,3492.45,1.260474,2026-03-20 05:24:44.769,True,4402.1424213
trade,BTCUSDT,140550080,97010.68,1.988059,2026-03-20 05:24:45.729,True,192862.95547011998
trade,ETHUSDT,159280288,3504.0,0.279159,2026-03-20 05:24:46.625,False,978.173136
trade,BTCUSDT,140550081,97370.34,1.783113,2026-03-20 05:24:47.250,True,173622.31906841998
trade,ETHUSDT,159280289,3487.56,0.806309,2026-03-20 05:24:49.245,False,2812.05101604
trade,BTCUSDT,140550082,96669.84,0.115406,2026-03-20 05:24:51.891,False,11156.279555039999
trade,ETHUSDT,159280290,3509.19,1.997332,2026-03-20 05:24:52.763,False,7009.017481080001
trade,BTCUSDT,140550083,96862.34,0.490667,2026-03-20 05:24:54.142,False,47527.15378078
trade,ETHUSDT,159280291,3488.83,1.969008,2026-03-20 05:24:55.187,True,6869.53418064
trade,ETHUSDT,159280292,3496.28,0.486651,2026-03-20 05:24:55.545,False,1701.4681582800001
trade,BTCUSDT,140550084,96854.32,0.479322,2026-03-20 05:24:56.522,False,46424.40637104001
trade,ETHUSDT,159280293,3510.08,0.31413,2026-03-20 05:24:57.639,True,1102.6214304
trade,ETHUSDT,159280294,3514.53,0.67457,2026-03-20 05:24:59.855,True,2370.7965021
trade,BTCUSDT,140550085,97083.09,1.492585,2026-03-20 05:25:00.699,False,144904.76388765
trade,ETHUSDT,159280295,3508.23,1.770161,2026-03-20 05:25:00.825,True,6210.13192503
trade,ETHUSDT,159280296,3490.84,1.27422,2026-03-20 05:25:01.226,True,4448.0981448
trade,BTCUSDT,140550086,96548.71,0.059701,2026-03-20 05:25:03.399,True,5764.05453571
trade,BTCUSDT,140550087,97215.27,0.29063,2026-03-20 05:25:03.886,True,28253.673920100002
trade,ETHUSDT,159280297,3502.71,1.733717,2026-03-20 05:25:04.176,True,6072.70787307
trade,BTCUSDT,140550088,97181.0,1.323483,2026-03-20 05:25:04.259,False,128617.401423
trade,ETHUSDT,159280298,3512.54,1.601231,2026-03-20 05:25:08.610,False,5624.38793674
trade,BTCUSDT,140550089,96879.93,0.010151,2026-03-20 05:25:08.927,False,983.4281694299999
trade,BTCUSDT,140550090,96612.8,0.802473,2026-03-20 05:25:11.887,True,77529.1634544
trade,ETHUSDT,159280299,3485.86,1.88015,2026-03-20 05:25:12.117,True,6553.939679
trade,ETHUSDT,159280300,3510.8,1.55417,2026-03-20 05:25:13.266,True,5456.3800360000005
trade,BTCUSDT,140550091,96905.57,0.543626,2026-03-20 05:25:15.978,False,52680.387396820006
trade,ETHUSDT,159280301,3499.31,0.30922,2026-03-20 05:25:17.238,True,1082.0566382
trade,ETHUSDT,159280302,3497.92,0.713543,2026-03-20 05:25:18.961,True,2495.91633056
trade,BTCUSDT,140550092,97355.72,0.436988,2026-03-20 05:25:19.028,True,42543.28137136
trade,BTCUSDT,140550093,97454.32,1.107361,2026-03-20 05:25:19.584,True,107917.11324952001
trade,BTCUSDT,140550094,96596.06,0.613636,2026-03-20 05:25:20.715,True,59274.81987415999
trade,ETHUSDT,159280303,3501.1,0.13047,2026-03-20 05:25:21.657,True,456.788517
trade,BTCUSDT,140550095,97397.91,1.640614,2026-03-20 05:25:21.966,True,159792.37471674
trade,ETHUSDT,159280304,3516.37,1.724086,2026-03-20 05:25:23.895,False,6062.52428782
trade,BTCUSDT,140550096,96579.14,1.156933,2026-03-20 05:25:25.927,True,111735.59417762
trade,ETHUSDT,159280305,3503.46,1.943487,2026-03-20 05:25:27.884,False,6808.92896502
trade,ETHUSDT,159280306,3508.26,0.984577,2026-03-20 05:25:29.558,True,3454.1521060200002
trade,BTCUSDT,140550097,96828.86,0.379124,2026-03-20 05:25:29.696,True,36710.144718640004
trade,BTCUSDT,140550098,96587.17,0.727082,2026-03-20 05:25:32.841,True,70226.79273794
trade,ETHUSDT,159280307,3502.68,1.70248,2026-03-20 05:25:33.198,True,5963.2426464
trade,ETHUSDT,159280308,3486.83,1.784115,2026-03-20 05:25:34.997,True,6220.90570545
trade,BTCUSDT,140550099,96721.38,0.835037,2026-03-20 05:25:37.819,False,80765.93099106001
trade,ETHUSDT,159280309,3486.6,1.388672,2026-03-20 05:25:38.960,False,4841.743795199999
trade,ETHUSDT,159280310,3515.89,1.134323,2026-03-20 05:25:39.788,False,3988.1548924699996
trade,BTCUSDT,140550100,97199.41,0.26484,2026-03-20 05:25:40.594,True,25742.2917444
trade,BTCUSDT,140550101,96530.33,0.10299,2026-03-20 05:25:41.415,True,9941.6586867
trade,ETHUSDT,159280311,3500.49,0.593561,2026-03-20 05:25:42.975,True,2077.75434489
trade,BTCUSDT,140550102,96810.31,0.405903,2026-03-20 05:25:43.802,True,39295.59525993
trade,ETHUSDT,159280312,3492.08,0.608312,2026-03-20 05:25:45.530,True,2124.2741689599998
trade,ETHUSDT,159280313,3497.27,1.819579,2026-03-20 05:25:46.028,False,6363.559049330001
trade,ETHUSDT,159280314,3495.19,1.450525,2026-03-20 05:25:46.761,False,5069.86047475
trade,BTCUSDT,140550103,97163.96,0.096635,2026-03-20 05:25:48.042,True,9389.439274600001
trade,ETHUSDT,159280315,3489.93,1.072601,2026-03-20 05:25:49.639,False,3743.3024079299994
trade,BTCUSDT,140550104,97387.33,1.424254,2026-03-20 05:25:50.873,False,138704.29430182
trade,BTCUSDT,140550105,96820.17,0.040788,2026-03-20 05:25:51.848,True,3949.1010939599996
trade,ETHUSDT,159280316,3509.85,1.137307,2026-03-20 05:25:52.507,False,3991.77697395
trade,BTCUSDT,140550106,96934.39,1.92897,2026-03-20 05:25:54.242,False,186983.5302783
trade,ETHUSDT,159280317,3484.46,1.859564,2026-03-20 05:25:55.340,False,6479.57637544
trade,ETHUSDT,159280318,3495.42,1.256471,2026-03-20 05:25:56.257,True,4391.893862819999
trade,BTCUSDT,140550107,96694.59,1.320254,2026-03-20 05:25:56.547,False,127661.41922586
trade,BTCUSDT,140550108,97470.98,0.716899,2026-03-20 05:25:58.558,False,69876.84809101999
trade,BTCUSDT,140550109,96819.77,1.31622,2026-03-20 05:26:00.010,True,127436.1176694
trade,ETHUSDT,159280319,3504.34,0.182372,2026-03-20 05:26:01.156,True,639.09349448
trade,BTCUSDT,140550110,97229.12,1.603524,2026-03-20 05:26:04.471,True,155909.22741887998
trade,ETHUSDT,159280320,3485.28,1.828773,2026-03-20 05:26:04.723,True,6373.78596144
trade,BTCUSDT,140550111,96578.37,0.49418,2026-03-20 05:26:05.506,False,47727.0988866
trade,ETHUSDT,159280321,3492.67,0.040326,2026-03-20 05:26:07.731,False,140.84541042
trade,ETHUSDT,159280322,3486.38,1.72553,2026-03-20 05:26:09.189,True,6015.8532814
trade,BTCUSDT,140550112,96800.07,1.175637,2026-03-20 05:26:09.648,False,113801.74389459
trade,BTCUSDT,140550113,96635.06,0.871384,2026-03-20 05:26:10.775,False,84206.24512304
trade,BTCUSDT,140550114,96662.69,1.640676,2026-03-20 05:26:12.127,True,158592.15557844
trade,ETHUSDT,159280323,3490.34,0.434582,2026-03-20 05:26:13.902,True,1516.8389378800002
trade,BTCUSDT,140550115,96652.84,1.376876,2026-03-20 05:26:15.548,False,133078.97572784
trade,ETHUSDT,159280324,3503.16,0.173023,2026-03-20 05:26:18.295,True,606.12725268
trade,BTCUSDT,140550116,97231.95,1.344881,2026-03-20 05:26:19.350,False,130765.40214795
trade,BTCUSDT,140550117,96656.72,0.264984,2026-03-20 05:26:20.558,False,25612.48429248
trade,BTCUSDT,140550118,97127.65,1.60131,2026-03-20 05:26:22.475,False,155531.47722149998
trade,ETHUSDT,159280325,3498.84,0.49841,2026-03-20 05:26:22.501,True,1743.8568444000002
trade,BTCUSDT,140550119,96773.29,1.373301,2026-03-20 05:26:23.450,True,132898.85593029
trade,ETHUSDT,159280326,3511.41,1.0974,2026-03-20 05:26:24.622,False,3853.4213339999997
trade,ETHUSDT,159280327,3499.86,0.64441,2026-03-20 05:26:26.020,False,2255.3447826
trade,BTCUSDT,140550120,96839.11,1.455304,2026-03-20 05:26:26.969,False,140930.34413943999
trade,ETHUSDT,159280328,3512.59,0.273487,2026-03-20 05:26:28.661,False,960.64770133
trade,BTCUSDT,140550121,96765.84,0.356081,2026-03-20 05:26:29.212,False,34456.47707304
trade,ETHUSDT,159280329,3499.17,0.909555,2026-03-20 05:26:31.567,False,3182.68756935
trade,ETHUSDT,159280330,3506.4,1.01035,2026-03-20 05:26:32.927,True,3542.6912400000006
trade,BTCUSDT,140550122,96643.54,1.065844,2026-03-20 05:26:33.944,True,103006.93724776
trade,ETHUSDT,159280331,3509.64,0.368083,2026-03-20 05:26:35.388,True,1291.83882012
trade,ETHUSDT,159280332,3507.82,0.393294,2026-03-20 05:26:37.163,True,1379.60455908
trade,BTCUSDT,140550123,96915.28,0.927967,2026-03-20 05:26:38.482,False,89934.18163576
trade,BTCUSDT,140550124,96790.9,1.059707,2026-03-20 05:26:40.774,False,102569.9942663
trade,BTCUSDT,140550125,97359.47,0.953153,2026-03-20 05:26:41.962,True,92798.47090891
trade,ETHUSDT,159280333,3501.58,1.704641,2026-03-20 05:26:42.150,True,5968.93683278
trade,ETHUSDT,159280334,3508.4,0.788941,2026-03-20 05:26:44.833,True,2767.9206044000002
trade,BTCUSDT,140550126,96989.6,0.508197,2026-03-20 05:26:45.140,False,49289.823751200005
trade,BTCUSDT,140550127,97315.68,1.191537,2026-03-20 05:26:45.971,True,115955.23340016
trade,ETHUSDT,159280335,3495.62,1.429907,2026-03-20 05:26:47.257,True,4998.41150734
trade,BTCUSDT,140550128,97123.98,0.654174,2026-03-20 05:26:47.911,True,63535.98249252
trade,ETHUSDT,159280336,3507.02,0.405951,2026-03-20 05:26:51.188,True,1423.67827602
trade,ETHUSDT,159280337,3498.76,1.061046,2026-03-20 05:26:51.811,True,3712.34530296
trade,BTCUSDT,140550129,96600.28,1.323819,2026-03-20 05:26:51.961,True,127881.28606932
trade,ETHUSDT,159280338,3496.72,1.337071,2026-03-20 05:26:54.623,False,4675.362907119999
trade,BTCUSDT,140550130,96768.11,0.073797,2026-03-20 05:26:55.623,True,7141.19621367
trade,ETHUSDT,159280339,3494.54,0.277786,2026-03-20 05:26:56.487,False,970.7342884399999
trade,ETHUSDT,159280340,3484.7,0.697127,2026-03-20 05:26:57.120,True,2429.2784569
trade,BTCUSDT,140550131,96598.16,1.496548,2026-03-20 05:26:57.284,False,144563.78315168
trade,BTCUSDT,140550132,97413.48,0.19777,2026-03-20 05:26:58.911,True,19265.4639396
trade,ETHUSDT,159280341,3501.25,0.122655,2026-03-20 05:26:59.652,False,429.44581875
trade,BTCUSDT,140550133,97193.74,0.654503,2026-03-20 05:27:01.194,True,63613.59441122
trade,BTCUSDT,140550134,97382.87,1.201975,2026-03-20 05:27:01.504,False,117051.77516825
trade,ETHUSDT,159280342,3485.04,0.410398,2026-03-20 05:27:04.645,False,1430.2534459199999
trade,BTCUSDT,140550135,97351.34,0.49169,2026-03-20 05:27:06.426,True,47866.6803646
trade,ETHUSDT,159280343,3514.82,0.552747,2026-03-20 05:27:08.989,True,1942.80621054
trade,BTCUSDT,140550136,97398.31,0.508,2026-03-20 05:27:09.068,True,49478.34148
trade,ETHUSDT,159280344,3500.73,1.392962,2026-03-20 05:27:09.609,False,4876.383862260001
trade,BTCUSDT,140550137,96938.57,0.634311,2026-03-20 05:27:10.589,False,61489.20127527
trade,ETHUSDT,159280345,3501.46,1.297088,2026-03-20 05:27:14.495,False,4541.70174848
trade,BTCUSDT,140550138,97086.45,1.894907,2026-03-20 05:27:14.861,True,183969.79371014997
trade,BTCUSDT,140550139,97403.33,0.498992,2026-03-20 05:27:16.732,False,48603.48244336
trade,BTCUSDT,140550140,96589.24,1.286454,2026-03-20 05:27:16.986,True,124257.61415496
trade,ETHUSDT,159280346,3505.88,1.398147,2026-03-20 05:27:17.165,False,4901.73560436
trade,ETHUSDT,159280347,3502.04,0.495084,2026-03-20 05:27:17.275,True,1733.80397136
trade,ETHUSDT,159280348,3500.33,1.33396,2026-03-20 05:27:19.214,True,4669.3002068
trade,BTCUSDT,140550141,96809.57,0.46549,2026-03-20 05:27:20.610,False,45063.886739300004
trade,BTCUSDT,140550142,96656.42,1.904968,2026-03-20 05:27:22.536,False,184127.38709456
trade,ETHUSDT,159280349,3498.88,1.769555,2026-03-20 05:27:23.593,False,6191.4605984
trade,ETHUSDT,159280350,3506.54,1.774547,2026-03-20 05:27:24.465,True,6222.52003738
trade,ETHUSDT,159280351,3495.85,0.740327,2026-03-20 05:27:24.596,False,2588.07214295
trade,ETHUSDT,159280352,3491.72,1.213712,2026-03-20 05:27:25.165,False,4237.942464639999
trade,BTCUSDT,140550143,96692.56,1.833793,2026-03-20 05:27:25.767,False,177314.13968008
trade,BTCUSDT,140550144,97473.51,1.272635,2026-03-20 05:27:26.878,True,124048.20039885
trade,BTCUSDT,140550145,97106.6,0.089448,2026-03-20 05:27:27.152,False,8685.9911568
trade,BTCUSDT,140550146,96895.19,0.921237,2026-03-20 05:27:28.515,False,89263.43415002999
trade,ETHUSDT,159280353,3517.3,1.146194,2026-03-20 05:27:29.531,False,4031.5081562
trade,ETHUSDT,159280354,3498.14,0.645922,2026-03-20 05:27:32.752,False,2259.52558508
trade,BTCUSDT,140550147,97005.45,0.015211,2026-03-20 05:27:33.098,False,1475.54989995
trade,ETHUSDT,159280355,3514.26,1.676719,2026-03-20 05:27:34.211,True,5892.426512940001
trade,ETHUSDT,159280356,3502.78,0.815779,2026-03-20 05:27:34.712,False,2857.4943656200003
trade,ETHUSDT,159280357,3493.29,0.080425,2026-03-20 05:27:35.755,True,280.94784825
trade,BTCUSDT,140550148,97398.01,1.261617,2026-03-20 05:27:36.004,True,122878.98518217
trade,ETHUSDT,159280358,3513.21,1.595354,2026-03-20 05:27:37.729,False,5604.81362634
trade,BTCUSDT,140550149,97452.08,0.118689,2026-03-20 05:27:38.215,False,11566.48992312
trade,BTCUSDT,140550150,96892.91,1.532925,2026-03-20 05:27:38.594,True,148529.56406175002
trade,ETHUSDT,159280359,3505.47,1.422477,2026-03-20 05:27:40.748,True,4986.45044919
trade,ETHUSDT,159280360,3503.61,0.114897,2026-03-20 05:27:41.015,False,402.55427817000003
trade,ETHUSDT,159280361,3506.46,1.199008,2026-03-20 05:27:43.110,True,4204.27359168
trade,BTCUSDT,140550151,97299.78,0.977589,2026-03-20 05:27:43.232,True,95119.19463042001
trade,ETHUSDT,159280362,3507.31,1.412654,2026-03-20 05:27:46.896,True,4954.61550074
trade,ETHUSDT,159280363,3500.53,1.065361,2026-03-20 05:27:47.732,False,3729.32814133
trade,ETHUSDT,159280364,3504.5,1.573994,2026-03-20 05:27:47.892,False,5516.061973
trade,BTCUSDT,140550152,97278.26,0.062461,2026-03-20 05:27:47.950,True,6076.09739786
trade,BTCUSDT,140550153,96650.87,1.89479,2026-03-20 05:27:48.156,False,183133.1019673
trade,ETHUSDT,159280365,3484.02,0.203236,2026-03-20 05:27:48.322,False,708.07828872
trade,ETHUSDT,159280366,3494.71,1.600624,2026-03-20 05:27:50.995,False,5593.71669904
trade,BTCUSDT,140550154,97404.45,0.159155,2026-03-20 05:27:51.386,False,15502.405239749998
trade,BTCUSDT,140550155,96779.77,0.345994,2026-03-20 05:27:52.128,False,33485.21974138
trade,BTCUSDT,140550156,97395.34,1.273186,2026-03-20 05:27:53.823,False,124002.38335323999
trade,BTCUSDT,140550157,96591.13,0.279327,2026-03-20 05:27:53.939,False,26980.51056951
trade,ETHUSDT,159280367,3489.7,0.899451,2026-03-20 05:27:55.586,True,3138.8141547
trade,BTCUSDT,140550158,96699.24,0.968828,2026-03-20 05:27:55.710,True,93684.93129072001
trade,ETHUSDT,159280368,3517.05,1.842182,2026-03-20 05:27:57.854,False,6479.046203100001
trade,ETHUSDT,159280369,3508.23,0.625692,2026-03-20 05:27:57.973,False,2195.07144516
trade,BTCUSDT,140550159,96991.48,0.986622,2026-03-20 05:27:59.625,True,95693.92798056
trade,ETHUSDT,159280370,3504.31,1.636625,2026-03-20 05:28:01.987,True,5735.24135375
trade,BTCUSDT,140550160,97381.93,1.244342,2026-03-20 05:28:02.975,True,121176.42554006
trade,ETHUSDT,159280371,3499.11,0.314765,2026-03-20 05:28:06.661,False,1101.39735915
trade,BTCUSDT,140550161,96543.47,1.14704,2026-03-20 05:28:07.843,False,110739.2218288
trade,ETHUSDT,159280372,3503.61,0.009999,2026-03-20 05:28:11.382,False,35.03259639
trade,BTCUSDT,140550162,97126.33,0.683702,2026-03-20 05:28:11.459,True,66405.46607366
trade,ETHUSDT,159280373,3500.76,0.426595,2026-03-20 05:28:11.490,False,1493.4067122000001
trade,ETHUSDT,159280374,3492.22,0.101988,2026-03-20 05:28:12.081,True,356.16453335999995
trade,BTCUSDT,140550163,96788.15,0.684049,2026-03-20 05:28:12.958,True,66207.83721935
trade,ETHUSDT,159280375,3500.96,1.384275,2026-03-20 05:28:13.726,True,4846.291404
trade,ETHUSDT,159280376,3508.52,1.43593,2026-03-20 05:28:14.978,False,5037.989123599999
trade,BTCUSDT,140550164,96863.18,0.515027,2026-03-20 05:28:16.804,True,49887.15300586
trade,BTCUSDT,140550165,97359.21,0.336375,2026-03-20 05:28:17.101,False,32749.20426375
trade,ETHUSDT,159280377,3511.93,1.137373,2026-03-20 05:28:17.614,False,3994.3743598899996
trade,BTCUSDT,140550166,97158.09,1.90426,2026-03-20 05:28:20.404,False,185014.2644634
trade,BTCUSDT,140550167,97348.7,1.427485,2026-03-20 05:28:21.375,False,138963.80901949998
trade,ETHUSDT,159280378,3503.84,1.548698,2026-03-20 05:28:22.359,False,5426.39000032
trade,BTCUSDT,140550168,97289.84,1.257996,2026-03-20 05:28:22.793,False,122390.22956063999
trade,ETHUSDT,159280379,3497.77,1.884184,2026-03-20 05:28:23.625,True,6590.44226968
trade,ETHUSDT,159280380,3497.81,0.740781,2026-03-20 05:28:23.956,False,2591.11118961
trade,ETHUSDT,159280381,3513.24,1.016083,2026-03-20 05:28:24.893,True,3569.7434389200002
trade,BTCUSDT,140550169,96966.18,0.846632,2026-03-20 05:28:26.711,True,82094.67090576
trade,ETHUSDT,159280382,3495.1,1.749622,2026-03-20 05:28:28.679,True,6115.1038522
trade,BTCUSDT,140550170,96644.26,1.295856,2026-03-20 05:28:29.189,True,125237.04418655999
trade,BTCUSDT,140550171,97343.11,0.128152,2026-03-20 05:28:32.697,False,12474.714232719998
trade,BTCUSDT,140550172,97343.62,1.797279,2026-03-20 05:28:33.236,True,174953.64400998
trade,ETHUSDT,159280383,3490.43,0.142755,2026-03-20 05:28:33.246,True,498.27633464999997
trade,BTCUSDT,140550173,96677.75,1.225133,2026-03-20 05:28:35.050,False,118443.10189075
trade,ETHUSDT,159280384,3505.68,1.556134,2026-03-20 05:28:37.396,True,5455.3078411199995
trade,BTCUSDT,140550174,97184.27,0.563262,2026-03-20 05:28:38.501,False,54740.20628874001
trade,ETHUSDT,159280385,3516.75,1.523675,2026-03-20 05:28:39.110,True,5358.38405625
trade,BTCUSDT,140550175,96936.89,1.114164,2026-03-20 05:28:40.729,True,108003.59310996
trade,BTCUSDT,140550176,97084.53,1.223851,2026-03-20 05:28:41.012,True,118816.99912503
trade,BTCUSDT,140550177,96644.77,0.450894,2026-03-20 05:28:42.071,False,43576.54692438
trade,ETHUSDT,159280386,3517.07,1.435913,2026-03-20 05:28:42.203,False,5050.20653491
trade,BTCUSDT,140550178,96589.26,0.477138,2026-03-20 05:28:42.550,True,46086.40633788
trade,BTCUSDT,140550179,96754.75,0.381412,2026-03-20 05:28:45.163,False,36903.422707
trade,ETHUSDT,159280387,3483.36,1.487525,2026-03-20 05:28:45.430,False,5181.585084
trade,BTCUSDT,140550180,97091.5,0.673718,2026-03-20 05:28:48.292,True,65412.291197000006
trade,ETHUSDT,159280388,3491.75,1.991255,2026-03-20 05:28:48.445,False,6952.96464625
trade,BTCUSDT,140550181,97035.82,1.983961,2026-03-20 05:28:52.700,False,192515.28248302
trade,ETHUSDT,159280389,3515.6,0.896847,2026-03-20 05:28:52.722,True,3152.9553131999996
trade,BTCUSDT,140550182,97073.21,1.563055,2026-03-20 05:28:55.279,False,151730.76625655
trade,ETHUSDT,159280390,3513.27,0.155659,2026-03-20 05:28:56.239,False,546.87209493
trade,ETHUSDT,159280391,3488.08,1.178496,2026-03-20 05:28:56.465,False,4110.68832768
trade,ETHUSDT,159280392,3510.48,0.250994,2026-03-20 05:28:59.027,False,881.10941712
trade,BTCUSDT,140550183,96722.31,1.526103,2026-03-20 05:28:59.187,False,147608.20745793
trade,ETHUSDT,159280393,3498.54,1.742278,2026-03-20 05:29:01.151,False,6095.42927412
trade,BTCUSDT,140550184,97472.38,1.758389,2026-03-20 05:29:03.132,False,171394.36079582002
trade,BTCUSDT,140550185,96550.95,1.051706,2026-03-20 05:29:03.672,False,101543.2134207
trade,ETHUSDT,159280394,3515.17,0.198411,2026-03-20 05:29:04.731,True,697.44839487
trade,BTCUSDT,140550186,97070.17,1.881629,2026-03-20 05:29:06.314,False,182650.04690693
trade,ETHUSDT,159280395,3511.27,1.392408,2026-03-20 05:29:06.557,True,4889.12043816
trade,BTCUSDT,140550187,97066.17,1.367899,2026-03-20 05:29:08.742,True,132776.71687683
trade,ETHUSDT,159280396,3502.12,1.940903,2026-03-20 05:29:11.085,False,6797.27521436
trade,BTCUSDT,140550188,97307.46,1.638111,2026-03-20 05:29:13.038,False,159400.42060806003
trade,ETHUSDT,159280397,3488.26,0.868791,2026-03-20 05:29:13.807,False,3030.56889366
trade,BTCUSDT,140550189,97399.98,0.611101,2026-03-20 05:29:15.343,True,59521.22517798
trade,ETHUSDT,159280398,3505.41,0.999531,2026-03-20 05:29:17.660,True,3503.7659627099997
trade,BTCUSDT,140550190,96827.02,0.702074,2026-03-20 05:29:19.512,False,67979.73323948
trade,ETHUSDT,159280399,3492.79,1.627163,2026-03-20 05:29:22.008,True,5683.338654769999
trade,BTCUSDT,140550191,97070.5,1.389798,2026-03-20 05:29:23.360,True,134908.38675900002
trade,ETHUSDT,159280400,3499.98,1.431874,2026-03-20 05:29:26.132,False,5011.53036252
trade,ETHUSDT,159280401,3495.31,0.097814,2026-03-20 05:29:26.306,True,341.89025233999996
trade,BTCUSDT,140550192,97416.07,1.35829,2026-03-20 05:29:28.023,True,132319.2737203
trade,ETHUSDT,159280402,3502.91,0.837661,2026-03-20 05:29:28.147,False,2934.25109351
trade,ETHUSDT,159280403,3482.67,1.367438,2026-03-20 05:29:28.764,False,4762.33529946
trade,BTCUSDT,140550193,97384.39,0.40179,2026-03-20 05:29:29.456,False,39128.0740581
trade,ETHUSDT,159280404,3490.84,0.998089,2026-03-20 05:29:32.908,True,3484.16900476
trade,BTCUSDT,140550194,96742.93,1.51741,2026-03-20 05:29:33.224,True,146798.68941129997
trade,BTCUSDT,140550195,97423.06,0.71918,2026-03-20 05:29:34.534,False,70064.7162908
trade,ETHUSDT,159280405,3498.37,0.984514,2026-03-20 05:29:35.993,True,3444.19424218
trade,ETHUSDT,159280406,3492.84,1.399024,2026-03-20 05:29:37.166,False,4886.566988160001
trade,BTCUSDT,140550196,96538.01,0.534463,2026-03-20 05:29:38.209,False,51595.99443863
trade,BTCUSDT,140550197,97072.09,1.34847,2026-03-20 05:29:38.573,True,130898.8012023
trade,ETHUSDT,159280407,3501.19,0.697259,2026-03-20 05:29:39.439,True,2441.23623821
trade,ETHUSDT,159280408,3493.91,0.028189,2026-03-20 05:29:39.674,False,98.48982898999999
trade,BTCUSDT,140550198,96875.16,1.966859,2026-03-20 05:29:40.497,True,190539.78032244
trade,BTCUSDT,140550199,97255.85,0.04285,2026-03-20 05:29:41.937,False,4167.4131725
trade,ETHUSDT,159280409,3501.7,1.359834,2026-03-20 05:29:42.641,True,4761.7307178
trade,ETHUSDT,159280410,3493.94,0.74813,2026-03-20 05:29:43.284,True,2613.9213322
trade,ETHUSDT,159280411,3509.28,0.580877,2026-03-20 05:29:44.333,False,2038.46003856
trade,BTCUSDT,140550200,96806.01,0.610933,2026-03-20 05:29:44.430,True,59141.98610732999
trade,BTCUSDT,140550201,97433.72,0.198636,2026-03-20 05:29:47.716,True,19353.84440592
trade,ETHUSDT,159280412,3498.08,0.406396,2026-03-20 05:29:47.888,True,1421.60571968
trade,BTCUSDT,140550202,97438.58,0.072997,2026-03-20 05:29:50.309,True,7112.724024260001
trade,ETHUSDT,159280413,3496.12,1.003856,2026-03-20 05:29:51.396,True,3509.6010387200004
trade,ETHUSDT,159280414,3507.41,1.575878,2026-03-20 05:29:52.013,False,5527.25025598
trade,ETHUSDT,159280415,3508.57,0.824881,2026-03-20 05:29:53.369,True,2894.1527301700003
trade,BTCUSDT,140550203,97408.16,1.61263,2026-03-20 05:29:53.967,True,157083.3210608
trade,ETHUSDT,159280416,3485.97,1.244785,2026-03-20 05:29:54.248,True,4339.28316645
trade,BTCUSDT,140550204,96853.46,0.882789,2026-03-20 05:29:55.474,True,85501.16909994002
trade,ETHUSDT,159280417,3487.3,0.489746,2026-03-20 05:29:56.313,False,1707.8912258
trade,ETHUSDT,159280418,3513.69,1.69976,2026-03-20 05:29:57.372,True,5972.4297144
trade,BTCUSDT,140550205,96838.91,0.926714,2026-03-20 05:29:57.398,False,89741.97364174001
trade,BTCUSDT,140550206,97146.6,1.257929,2026-03-20 05:29:59.302,True,122203.52539140002
trade,ETHUSDT,159280419,3482.82,0.910818,2026-03-20 05:30:00.696,True,3172.21514676
trade,ETHUSDT,159280420,3499.65,1.465221,2026-03-20 05:30:01.223,True,5127.760672650001
trade,BTCUSDT,140550207,96611.05,0.498681,2026-03-20 05:30:01.845,False,48178.09502505
trade,ETHUSDT,159280421,3514.52,1.855087,2026-03-20 05:30:03.230,True,6519.74036324
trade,BTCUSDT,140550208,97474.21,0.370418,2026-03-20 05:30:05.057,False,36106.201919780004
trade,ETHUSDT,159280422,3502.31,0.222106,2026-03-20 05:30:06.968,True,777.88406486
trade,BTCUSDT,140550209,96559.04,0.453107,2026-03-20 05:30:08.270,False,43751.57693728
trade,ETHUSDT,159280423,3508.5,0.184059,2026-03-20 05:30:09.276,False,645.7710015
trade,BTCUSDT,140550210,96909.03,1.696539,2026-03-20 05:30:09.753,True,164409.94884717
trade,BTCUSDT,140550211,97315.47,1.088567,2026-03-20 05:30:10.987,True,105934.40923149
trade,ETHUSDT,159280424,3503.4,0.026397,2026-03-20 05:30:13.684,True,92.4792498
trade,BTCUSDT,140550212,97364.46,1.234021,2026-03-20 05:30:13.853,False,120149.78829366
trade,BTCUSDT,140550213,96600.01,0.620048,2026-03-20 05:30:16.947,True,59896.64300048
trade,ETHUSDT,159280425,3505.89,1.758487,2026-03-20 05:30:18.439,False,6165.0619884299995
trade,BTCUSDT,140550214,96959.46,1.165957,2026-03-20 05:30:20.638,True,113050.56110322
trade,ETHUSDT,159280426,3496.38,0.126491,2026-03-20 05:30:22.650,True,442.26060258
trade,BTCUSDT,140550215,97200.49,0.928807,2026-03-20 05:30:23.388,False,90280.49551543001
trade,ETHUSDT,159280427,3497.88,1.619221,2026-03-20 05:30:25.607,False,5663.84075148
trade,ETHUSDT,159280428,3510.82,1.090327,2026-03-20 05:30:26.472,False,3827.9418381400005
trade,ETHUSDT,159280429,3511.04,1.213968,2026-03-20 05:30:27.185,False,4262.290206719999
trade,BTCUSDT,140550216,96525.95,0.541893,2026-03-20 05:30:28.147,True,52306.73662334999
trade,BTCUSDT,140550217,96544.68,0.553043,2026-03-20 05:30:29.487,False,53393.35946123999
trade,ETHUSDT,159280430,3494.44,0.769604,2026-03-20 05:30:30.883,True,2689.33500176
trade,BTCUSDT,140550218,96749.13,1.173471,2026-03-20 05:30:33.183,True,113532.29833023
trade,ETHUSDT,159280431,3488.78,1.620306,2026-03-20 05:30:34.456,False,5652.89116668
trade,BTCUSDT,140550219,96843.81,1.436428,2026-03-20 05:30:36.616,True,139109.16031068
trade,ETHUSDT,159280432,3487.74,1.511558,2026-03-20 05:30:39.079,True,5271.92129892
trade,ETHUSDT,159280433,3486.39,1.481065,2026-03-20 05:30:39.185,True,5163.57020535
trade,ETHUSDT,159280434,3509.64,0.749327,2026-03-20 05:30:41.179,True,2629.8680122799997
trade,BTCUSDT,140550220,96907.96,1.836311,2026-03-20 05:30:41.276,False,177953.15293556
trade,ETHUSDT,159280435,3495.45,1.135659,2026-03-20 05:30:43.600,False,3969.6392515499997
trade,BTCUSDT,140550221,96525.89,1.074439,2026-03-20 05:30:44.594,False,103711.18072570999
trade,ETHUSDT,159280436,3500.74,1.058178,2026-03-20 05:30:45.622,True,3704.40605172
trade,BTCUSDT,140550222,97154.88,1.685958,2026-03-20 05:30:45.984,True,163799.04717504
trade,ETHUSDT,159280437,3499.34,1.372116,2026-03-20 05:30:49.908,True,4801.50040344
trade,ETHUSDT,159280438,3505.06,0.431248,2026-03-20 05:30:50.011,True,1511.5501148800001
trade,BTCUSDT,140550223,96735.93,0.043611,2026-03-20 05:30:50.145,False,4218.75064323
trade,ETHUSDT,159280439,3508.6,1.989283,2026-03-20 05:30:51.803,False,6979.5983338
trade,BTCUSDT,140550224,96775.83,1.991945,2026-03-20 05:30:54.561,False,192772.13068935002
trade,ETHUSDT,159280440,3508.15,1.634614,2026-03-20 05:30:56.708,False,5734.4711041
trade,BTCUSDT,140550225,97058.56,1.473869,2026-03-20 05:30:58.926,False,143051.60276864
trade,ETHUSDT,159280441,3495.77,1.343405,2026-03-20 05:30:59.611,True,4696.23489685
trade,ETHUSDT,159280442,3494.73,0.531154,2026-03-20 05:31:02.679,False,1856.2398184200001
trade,BTCUSDT,140550226,97234.49,1.095224,2026-03-20 05:31:03.354,True,106493.54707576
trade,BTCUSDT,140550227,96956.98,0.673576,2026-03-20 05:31:03.959,False,65307.89476047999
trade,ETHUSDT,159280443,3484.23,0.615916,2026-03-20 05:31:04.617,False,2145.99300468
trade,ETHUSDT,159280444,3500.65,1.846791,2026-03-20 05:31:06.508,True,6464.96891415
trade,BTCUSDT,140550228,96680.54,0.435298,2026-03-20 05:31:07.621,True,42084.84570092
trade,ETHUSDT,159280445,3487.81,0.014721,2026-03-20 05:31:10.215,True,51.34405101
trade,BTCUSDT,140550229,96960.99,0.587915,2026-03-20 05:31:11.289,True,57004.82043585
trade,BTCUSDT,140550230,96884.2,1.944517,2026-03-20 05:31:11.542,False,188392.9739314
trade,BTCUSDT,140550231,97428.62,1.202841,2026-03-20 05:31:12.480,True,117191.13870942
trade,ETHUSDT,159280446,3498.52,1.564891,2026-03-20 05:31:14.087,True,5474.8024613200005
trade,BTCUSDT,140550232,96646.76,1.906235,2026-03-20 05:31:14.336,False,184231.43654859997
trade,ETHUSDT,159280447,3506.84,0.16618,2026-03-20 05:31:14.534,True,582.7666712
trade,BTCUSDT,140550233,96895.34,0.792107,2026-03-20 05:31:16.186,True,76751.47708138
trade,ETHUSDT,159280448,3511.83,0.01839,2026-03-20 05:31:17.333,True,64.5825537
trade,BTCUSDT,140550234,96834.66,0.301261,2026-03-20 05:31:20.744,True,29172.50650626
trade,ETHUSDT,159280449,3511.6,1.005589,2026-03-20 05:31:21.492,True,3531.2263324
trade,BTCUSDT,140550235,96778.86,1.913732,2026-03-20 05:31:21.949,False,185208.80130552
trade,ETHUSDT,159280450,3495.79,1.006871,2026-03-20 05:31:23.326,False,3519.8095730900004
trade,ETHUSDT,159280451,3482.7,0.557587,2026-03-20 05:31:24.721,True,1941.9082449
trade,ETHUSDT,159280452,3486.95,0.248409,2026-03-20 05:31:24.909,False,866.18976255
trade,BTCUSDT,140550236,97317.55,0.073499,2026-03-20 05:31:25.515,True,7152.74260745
trade,ETHUSDT,159280453,3515.43,0.981359,2026-03-20 05:31:26.773,False,3449.89886937
trade,BTCUSDT,140550237,97015.68,0.331741,2026-03-20 05:31:29.288,False,32184.07869888
trade,ETHUSDT,159280454,3488.83,1.69719,2026-03-20 05:31:30.630,True,5921.207387699999
trade,BTCUSDT,140550238,96627.28,1.816259,2026-03-20 05:31:30.818,True,175500.16694552
trade,ETHUSDT,159280455,3513.71,0.497551,2026-03-20 05:31:31.339,True,1748.24992421
trade,BTCUSDT,140550239,96637.95,0.474053,2026-03-20 05:31:33.929,True,45811.51011135
trade,ETHUSDT,159280456,3513.08,0.055909,2026-03-20 05:31:35.528,False,196.41278972
trade,BTCUSDT,140550240,96906.47,1.173138,2026-03-20 05:31:37.690,True,113684.66240286
trade,BTCUSDT,140550241,96968.26,0.701242,2026-03-20 05:31:39.191,True,67998.21657892
trade,ETHUSDT,159280457,3487.96,1.620609,2026-03-20 05:31:40.303,False,5652.61936764
trade,ETHUSDT,159280458,3494.48,1.90488,2026-03-20 05:31:41.686,True,6656.5650624
trade,BTCUSDT,140550242,97266.43,0.464619,2026-03-20 05:31:41.864,False,45191.83144017
trade,ETHUSDT,159280459,3510.75,0.557526,2026-03-20 05:31:44.920,False,1957.3344045
trade,BTCUSDT,140550243,96927.84,0.7467,2026-03-20 05:31:45.400,False,72376.018128
trade,ETHUSDT,159280460,3484.9,1.973865,2026-03-20 05:31:47.206,True,6878.7221385
trade,BTCUSDT,140550244,97417.3,1.620703,2026-03-20 05:31:47.568,True,157884.5103619
trade,ETHUSDT,159280461,3512.1,1.881118,2026-03-20 05:31:49.965,False,6606.6745278
trade,BTCUSDT,140550245,96553.51,1.346658,2026-03-20 05:31:50.864,False,130024.55666957998
trade,ETHUSDT,159280462,3512.02,0.413241,2026-03-20 05:31:51.184,False,1451.31065682
trade,ETHUSDT,159280463,3491.43,1.705765,2026-03-20 05:31:51.386,True,5955.55909395
trade,BTCUSDT,140550246,97120.68,0.636265,2026-03-20 05:31:53.975,False,61794.48946019999
trade,ETHUSDT,159280464,3515.42,0.12641,2026-03-20 05:31:54.762,False,444.3842422
trade,BTCUSDT,140550247,97275.9,0.472885,2026-03-20 05:31:58.887,True,46000.3139715
trade,ETHUSDT,159280465,3497.35,0.042348,2026-03-20 05:31:59.357,False,148.1057778
trade,BTCUSDT,140550248,97276.56,1.124467,2026-03-20 05:31:59.768,False,109384.28159352
trade,BTCUSDT,140550249,96748.35,0.80656,2026-03-20 05:32:01.565,True,78033.349176
trade,BTCUSDT,140550250,96879.12,1.6212,2026-03-20 05:32:01.758,False,157060.429344
trade,ETHUSDT,159280466,3482.57,0.018191,2026-03-20 05:32:02.262,True,63.35143087
trade,BTCUSDT,140550251,97422.9,1.064023,2026-03-20 05:32:03.958,True,103660.20632669999
trade,BTCUSDT,140550252,97266.3,1.986025,2026-03-20 05:32:06.444,True,193173.3034575
trade,ETHUSDT,159280467,3506.82,1.87481,2026-03-20 05:32:06.663,True,6574.621204200001
trade,ETHUSDT,159280468,3495.32,0.579798,2026-03-20 05:32:08.380,True,2026.57954536
trade,BTCUSDT,140550253,96945.42,0.104502,2026-03-20 05:32:10.344,False,10130.99028084
trade,ETHUSDT,159280469,3486.53,0.644648,2026-03-20 05:32:10.743,True,2247.58459144
trade,ETHUSDT,159280470,3486.04,1.282884,2026-03-20 05:32:12.292,False,4472.18493936
trade,ETHUSDT,159280471,3512.07,0.042359,2026-03-20 05:32:13.048,False,148.76777313000002
trade,BTCUSDT,140550254,97289.35,0.320552,2026-03-20 05:32:13.646,True,31186.295721200004
trade,ETHUSDT,159280472,3497.46,0.844351,2026-03-20 05:32:14.715,True,2953.08384846
trade,BTCUSDT,140550255,97080.45,1.836797,2026-03-20 05:32:15.953,True,178317.07931865
trade,ETHUSDT,159280473,3508.38,0.916298,2026-03-20 05:32:17.739,True,3214.72157724
trade,BTCUSDT,140550256,97239.66,0.094605,2026-03-20 05:32:18.501,True,9199.3580343
trade,ETHUSDT,159280474,3505.83,0.306808,2026-03-20 05:32:22.033,False,1075.6166906400001
trade,BTCUSDT,140550257,96656.15,1.292603,2026-03-20 05:32:22.390,True,124938.02945845
trade,BTCUSDT,140550258,97123.42,1.234132,2026-03-20 05:32:23.167,False,119863.12057144
trade,BTCUSDT,140550259,97093.58,1.756457,2026-03-20 05:32:25.816,False,170540.69824606
trade,ETHUSDT,159280475,3488.06,0.876166,2026-03-20 05:32:26.107,True,3056.11957796
trade,BTCUSDT,140550260,97026.16,0.640007,2026-03-20 05:32:28.363,True,62097.42158312
trade,ETHUSDT,159280476,3484.55,0.924194,2026-03-20 05:32:30.869,False,3220.4002027
trade,BTCUSDT,140550261,96605.76,1.84166,2026-03-20 05:32:32.200,False,177914.9639616
trade,ETHUSDT,159280477,3512.22,0.650422,2026-03-20 05:32:33.647,True,2284.4251568399995
trade,BTCUSDT,140550262,96611.0,0.187854,2026-03-20 05:32:34.214,True,18148.762794
trade,ETHUSDT,159280478,3499.35,0.752394,2026-03-20 05:32:36.345,False,2632.8899439
trade,ETHUSDT,159280479,3500.26,0.015694,2026-03-20 05:32:36.805,True,54.933080440000005
trade,BTCUSDT,140550263,97158.89,0.940427,2026-03-20 05:32:37.932,False,91370.84344603
trade,ETHUSDT,159280480,3516.37,1.663004,2026-03-20 05:32:39.377,False,5847.737375479999
trade,BTCUSDT,140550264,97401.33,1.835256,2026-03-20 05:32:39.915,False,178756.37529048
trade,ETHUSDT,159280481,3482.91,1.784053,2026-03-20 05:32:40.491,False,6213.69603423
trade,ETHUSDT,159280482,3493.69,1.520252,2026-03-20 05:32:41.233,True,5311.28920988
trade,ETHUSDT,159280483,3493.64,0.670755,2026-03-20 05:32:42.719,True,2343.3764982
trade,BTCUSDT,140550265,97208.85,1.993942,2026-03-20 05:32:43.278,False,193828.8087867
trade,ETHUSDT,159280484,3509.58,0.078361,2026-03-20 05:32:46.729,True,275.01419838
trade,ETHUSDT,159280485,3501.88,1.701803,2026-03-20 05:32:47.350,False,5959.50988964
trade,BTCUSDT,140550266,96673.79,1.75114,2026-03-20 05:32:48.196,False,169289.34062059998
trade,BTCUSDT,140550267,96645.23,0.62028,2026-03-20 05:32:48.980,True,59947.1032644
trade,ETHUSDT,159280486,3483.78,1.786591,2026-03-20 05:32:51.734,True,6224.08999398
trade,BTCUSDT,140550268,96939.63,0.334326,2026-03-20 05:32:53.117,False,32409.438739380003
trade,BTCUSDT,140550269,96543.47,1.076435,2026-03-20 05:32:53.458,True,103922.77012945
trade,ETHUSDT,159280487,3484.94,1.412931,2026-03-20 05:32:53.673,False,4923.97975914
trade,BTCUSDT,140550270,97476.62,0.093645,2026-03-20 05:32:55.572,False,9128.1980799
trade,ETHUSDT,159280488,3504.26,1.553904,2026-03-20 05:32:55.614,False,5445.28363104
trade,BTCUSDT,140550271,96557.57,0.403571,2026-03-20 05:32:56.309,False,38967.83508247
trade,ETHUSDT,159280489,3502.94,0.71006,2026-03-20 05:32:56.611,True,2487.2975764000003
trade,ETHUSDT,159280490,3495.08,1.096541,2026-03-20 05:32:58.380,False,3832.49851828
trade,BTCUSDT,140550272,97138.97,0.198759,2026-03-20 05:32:59.523,True,19307.24453823
trade,ETHUSDT,159280491,3510.63,0.017298,2026-03-20 05:33:01.011,False,60.726877740000006
trade,BTCUSDT,140550273,96919.98,0.279819,2026-03-20 05:33:01.156,False,27120.05188362
trade,ETHUSDT,159280492,3517.47,1.087077,2026-03-20 05:33:05.761,False,3823.76073519
trade,BTCUSDT,140550274,96763.44,0.710711,2026-03-20 05:33:06.144,True,68770.84120584
trade,ETHUSDT,159280493,3508.81,1.515729,2026-03-20 05:33:08.698,True,5318.40507249
trade,BTCUSDT,140550275,97107.4,0.404127,2026-03-20 05:33:08.782,True,39243.7222398
trade,BTCUSDT,140550276,96998.3,0.566559,2026-03-20 05:33:09.551,True,54955.25984970001
trade,ETHUSDT,159280494,3505.53,1.471303,2026-03-20 05:33:09.716,False,5157.696805590001
trade,BTCUSDT,140550277,97456.53,0.333513,2026-03-20 05:33:09.871,False,32503.01968989
trade,BTCUSDT,140550278,96985.48,0.303848,2026-03-20 05:33:10.654,True,29468.84412704
trade,BTCUSDT,140550279,97442.17,0.268235,2026-03-20 05:33:13.268,True,26137.40046995
trade,ETHUSDT,159280495,3490.06,1.69467,2026-03-20 05:33:13.910,True,5914.499980199999
trade,BTCUSDT,140550280,96794.07,0.188784,2026-03-20 05:33:15.036,True,18273.17171088
trade,BTCUSDT,140550281,96976.63,1.184169,2026-03-20 05:33:16.396,False,114836.71897047001
trade,ETHUSDT,159280496,3491.43,1.042946,2026-03-20 05:33:18.839,False,3641.3729527799997
trade,ETHUSDT,159280497,3497.45,0.188287,2026-03-20 05:33:19.835,True,658.52436815
trade,BTCUSDT,140550282,96574.13,0.580363,2026-03-20 05:33:21.052,True,56048.05180919
trade,BTCUSDT,140550283,97330.23,1.734475,2026-03-20 05:33:21.396,False,168816.85067925
trade,BTCUSDT,140550284,96553.19,1.475564,2026-03-20 05:33:23.682,True,142470.41124916
trade,ETHUSDT,159280498,3510.8,0.437348,2026-03-20 05:33:23.712,False,1535.4413584000001
trade,ETHUSDT,159280499,3493.89,1.944333,2026-03-20 05:33:24.386,True,6793.28562537
trade,BTCUSDT,140550285,96819.31,1.308536,2026-03-20 05:33:27.647,False,126691.55263015999
trade,ETHUSDT,159280500,3501.43,1.080408,2026-03-20 05:33:28.774,False,3782.97298344
trade,BTCUSDT,140550286,96583.69,0.385429,2026-03-20 05:33:31.328,True,37226.15505301
trade,ETHUSDT,159280501,3498.4,0.64474,2026-03-20 05:33:33.300,True,2255.558416
trade,BTCUSDT,140550287,97029.98,0.094944,2026-03-20 05:33:34.610,False,9212.41442112
trade,ETHUSDT,159280502,3486.75,1.527962,2026-03-20 05:33:36.467,False,5327.6215035000005
trade,BTCUSDT,140550288,97454.85,0.234058,2026-03-20 05:33:36.706,True,22810.0872813
trade,ETHUSDT,159280503,3496.65,0.91919,2026-03-20 05:33:38.894,False,3214.0857135
trade,ETHUSDT,159280504,3494.08,0.740736,2026-03-20 05:33:41.111,True,2588.1908428799998
trade,BTCUSDT,140550289,96729.23,0.236931,2026-03-20 05:33:41.282,True,22918.153193129998
trade,BTCUSDT,140550290,96958.71,1.338009,2026-03-20 05:33:43.315,True,129731.62660839001
trade,ETHUSDT,159280505,3489.7,1.670405,2026-03-20 05:33:43.789,True,5829.2123285
trade,BTCUSDT,140550291,97436.11,0.884427,2026-03-20 05:33:45.470,False,86175.12645897
trade,ETHUSDT,159280506,3501.57,1.964107,2026-03-20 05:33:47.521,True,6877.458147990001
trade,BTCUSDT,140550292,96985.57,0.351038,2026-03-20 05:33:47.787,False,34045.62052166001
trade,BTCUSDT,140550293,97024.07,0.332893,2026-03-20 05:33:49.280,True,32298.63373451
trade,ETHUSDT,159280507,3516.24,1.443432,2026-03-20 05:33:50.685,True,5075.45333568
trade,ETHUSDT,159280508,3485.79,1.370709,2026-03-20 05:33:51.342,False,4778.00372511
trade,BTCUSDT,140550294,97000.29,1.961866,2026-03-20 05:33:52.765,True,190301.57094114
trade,ETHUSDT,159280509,3494.49,0.636191,2026-03-20 05:33:52.793,False,2223.1630875899996
trade,BTCUSDT,140550295,96817.08,0.476067,2026-03-20 05:33:57.492,False,46091.41682436
trade,ETHUSDT,159280510,3485.17,1.281358,2026-03-20 05:33:57.737,True,4465.75046086
trade,BTCUSDT,140550296,96521.74,0.31124,2026-03-20 05:33:58.935,False,30041.426357600005
trade,ETHUSDT,159280511,3492.1,1.544759,2026-03-20 05:34:02.010,False,5394.4529039
trade,BTCUSDT,140550297,96968.8,1.360265,2026-03-20 05:34:03.018,False,131903.264732
trade,BTCUSDT,140550298,97290.19,1.924843,2026-03-20 05:34:04.949,True,187268.34119017
trade,BTCUSDT,140550299,96806.03,1.578231,2026-03-20 05:34:05.063,False,152782.27753293
trade,BTCUSDT,140550300,97281.89,0.776539,2026-03-20 05:34:05.564,False,75543.18157870999
trade,ETHUSDT,159280512,3512.52,0.585736,2026-03-20 05:34:05.700,False,2057.4094147200003
trade,BTCUSDT,140550301,97208.27,0.51115,2026-03-20 05:34:05.912,False,49688.0072105
trade,BTCUSDT,140550302,96981.49,0.662439,2026-03-20 05:34:06.557,True,64244.32125411
trade,BTCUSDT,140550303,97208.49,0.154235,2026-03-20 05:34:07.873,False,14992.951455150001
trade,ETHUSDT,159280513,3509.96,0.584019,2026-03-20 05:34:10.284,True,2049.88332924
trade,BTCUSDT,140550304,97230.26,1.561591,2026-03-20 05:34:11.040,False,151833.89894366
trade,ETHUSDT,159280514,3492.44,0.980938,2026-03-20 05:34:13.616,False,3425.86710872
trade,BTCUSDT,140550305,96576.41,0.248236,2026-03-20 05:34:14.497,True,23973.741712760002
trade,ETHUSDT,159280515,3505.34,0.503176,2026-03-20 05:34:15.001,True,1763.8029598399999
trade,ETHUSDT,159280516,3488.05,0.945545,2026-03-20 05:34:15.509,False,3298.10823725
trade,BTCUSDT,140550306,96582.34,0.193276,2026-03-20 05:34:17.602,True,18667.04834584
trade,ETHUSDT,159280517,3488.59,0.211338,2026-03-20 05:34:18.456,False,737.2716334200001
trade,BTCUSDT,140550307,97113.32,1.302687,2026-03-20 05:34:19.140,True,126508.25949084
trade,BTCUSDT,140550308,97282.16,1.789303,2026-03-20 05:34:20.576,False,174067.26073448002
trade,ETHUSDT,159280518,3514.52,0.773041,2026-03-20 05:34:22.822,False,2716.8680553199997
trade,BTCUSDT,140550309,96902.49,0.817397,2026-03-20 05:34:25.139,True,79207.80461853
trade,ETHUSDT,159280519,3492.74,0.80568,2026-03-20 05:34:25.947,True,2814.0307631999995
trade,BTCUSDT,140550310,97228.4,0.616419,2026-03-20 05:34:27.460,True,59933.4330996
trade,ETHUSDT,159280520,3513.99,1.28212,2026-03-20 05:34:27.519,True,4505.3568588
trade,BTCUSDT,140550311,97308.75,1.80732,2026-03-20 05:34:31.197,False,175868.05005
trade,ETHUSDT,159280521,3503.87,0.934321,2026-03-20 05:34:31.801,False,3273.73932227
trade,BTCUSDT,140550312,96625.74,0.542984,2026-03-20 05:34:32.311,True,52466.230808160006
trade,ETHUSDT,159280522,3498.05,1.199128,2026-03-20 05:34:33.403,True,4194.6097004
trade,BTCUSDT,140550313,97114.91,1.524572,2026-03-20 05:34:36.439,False,148058.67256852
trade,BTCUSDT,140550314,96705.06,1.466721,2026-03-20 05:34:37.051,True,141839.34230825998
trade,ETHUSDT,159280523,3499.15,1.866657,2026-03-20 05:34:37.330,False,6531.71284155
trade,ETHUSDT,159280524,3494.89,0.34005,2026-03-20 05:34:37.779,False,1188.4373445
trade,ETHUSDT,159280525,3508.3,0.915015,2026-03-20 05:34:38.468,False,3210.1471245000002
trade,BTCUSDT,140550315,96669.82,1.761866,2026-03-20 05:34:39.472,True,170319.26908412
trade,ETHUSDT,159280526,3503.17,0.952066,2026-03-20 05:34:39.970,True,3335.24904922
trade,ETHUSDT,159280527,3482.68,1.112224,2026-03-20 05:34:42.443,True,3873.52028032
trade,ETHUSDT,159280528,3517.22,1.663483,2026-03-20 05:34:43.607,False,5850.83567726
trade,BTCUSDT,140550316,97035.73,0.115503,2026-03-20 05:34:44.262,True,11207.91792219
trade,ETHUSDT,159280529,3497.93,1.982404,2026-03-20 05:34:44.488,True,6934.31042372
trade,ETHUSDT,159280530,3517.14,1.085138,2026-03-20 05:34:46.286,True,3816.58226532
trade,BTCUSDT,140550317,97026.92,1.315541,2026-03-20 05:34:47.065,True,127642.89136372
trade,ETHUSDT,159280531,3485.04,1.687916,2026-03-20 05:34:48.934,False,5882.45477664
trade,ETHUSDT,159280532,3511.19,1.384865,2026-03-20 05:34:49.872,False,4862.52413935
trade,BTCUSDT,140550318,97451.12,1.559741,2026-03-20 05:34:50.329,True,151998.50735992
trade,ETHUSDT,159280533,3513.33,0.94096,2026-03-20 05:34:54.336,False,3305.9029968
trade,BTCUSDT,140550319,97135.88,0.81258,2026-03-20 05:34:54.805,False,78930.6733704
trade,ETHUSDT,159280534,3510.83,0.688796,2026-03-20 05:34:58.739,True,2418.2456606799997
trade,BTCUSDT,140550320,96705.44,0.142929,2026-03-20 05:34:59.742,True,13822.01183376
trade,BTCUSDT,140550321,96740.77,1.043884,2026-03-20 05:35:01.484,False,100986.14195068
trade,ETHUSDT,159280535,3491.45,1.514719,2026-03-20 05:35:02.225,False,5288.56565255
trade,BTCUSDT,140550322,97112.69,1.575282,2026-03-20 05:35:02.902,False,152979.87252858002
trade,BTCUSDT,140550323,97168.03,0.863789,2026-03-20 05:35:06.349,True,83932.67546567
trade,ETHUSDT,159280536,3489.68,0.144086,2026-03-20 05:35:07.213,False,502.8140324799999
trade,ETHUSDT,159280537,3500.01,1.222961,2026-03-20 05:35:09.304,False,4280.37572961
trade,ETHUSDT,159280538,3484.86,0.804153,2026-03-20 05:35:10.301,True,2802.3606235800003
trade,BTCUSDT,140550324,97433.64,1.045869,2026-03-20 05:35:10.605,False,101902.82363315999
trade,BTCUSDT,140550325,96593.29,0.343126,2026-03-20 05:35:11.352,True,33143.66922454
trade,BTCUSDT,140550326,96766.57,0.511629,2026-03-20 05:35:13.607,False,49508.583442530005
trade,ETHUSDT,159280539,3493.39,1.805584,2026-03-20 05:35:14.365,True,6307.60908976
trade,BTCUSDT,140550327,96836.87,0.131478,2026-03-20 05:35:16.111,False,12731.917993860001
trade,ETHUSDT,159280540,3505.98,1.977412,2026-03-20 05:35:18.045,True,6932.76692376
trade,ETHUSDT,159280541,3484.51,0.104926,2026-03-20 05:35:20.667,False,365.61569626000005
trade,BTCUSDT,140550328,97400.86,0.660108,2026-03-20 05:35:21.086,True,64295.086892880005
trade,BTCUSDT,140550329,96722.63,1.850809,2026-03-20 05:35:24.246,True,179015.11410767
trade,ETHUSDT,159280542,3511.32,0.350124,2026-03-20 05:35:24.866,False,1229.39740368
trade,BTCUSDT,140550330,97446.06,1.896978,2026-03-20 05:35:24.877,True,184853.03200668
trade,ETHUSDT,159280543,3513.8,0.748985,2026-03-20 05:35:25.908,True,2631.7834930000004
trade,BTCUSDT,140550331,97283.98,0.099723,2026-03-20 05:35:27.788,True,9701.45033754
trade,BTCUSDT,140550332,96907.1,0.982961,2026-03-20 05:35:28.279,False,95255.8999231
trade,BTCUSDT,140550333,96658.65,1.93689,2026-03-20 05:35:29.514,False,187217.17259849998
trade,BTCUSDT,140550334,96715.45,0.519364,2026-03-20 05:35:29.787,True,50230.522973800005
trade,ETHUSDT,159280544,3506.36,0.428856,2026-03-20 05:35:30.853,True,1503.7235241600001
trade,ETHUSDT,159280545,3484.94,1.538265,2026-03-20 05:35:32.682,True,5360.7612291000005
trade,BTCUSDT,140550335,96666.77,1.608973,2026-03-20 05:35:33.595,True,155534.22292721
trade,ETHUSDT,159280546,3506.02,0.091576,2026-03-20 05:35:34.337,True,321.06728752000004
trade,BTCUSDT,140550336,97292.16,0.518641,2026-03-20 05:35:34.437,False,50459.703154560004
trade,BTCUSDT,140550337,97317.58,0.232929,2026-03-20 05:35:38.084,False,22668.08659182
trade,BTCUSDT,140550338,96838.3,0.184279,2026-03-20 05:35:39.172,True,17845.2650857
trade,ETHUSDT,159280547,3496.84,1.652233,2026-03-20 05:35:39.215,False,5777.5944437200005
trade,ETHUSDT,159280548,3486.2,1.545033,2026-03-20 05:35:42.231,True,5386.2940446
trade,BTCUSDT,140550339,97239.99,0.158801,2026-03-20 05:35:43.368,False,15441.80765199
trade,BTCUSDT,140550340,96562.9,1.360672,2026-03-20 05:35:44.247,True,131390.4342688
trade,BTCUSDT,140550341,97451.53,1.766698,2026-03-20 05:35:44.808,False,172167.42314794002
trade,BTCUSDT,140550342,96583.12,1.14156,2026-03-20 05:35:46.635,False,110255.42646719998
trade,ETHUSDT,159280549,3506.94,1.807924,2026-03-20 05:35:46.861,False,6340.28099256
trade,BTCUSDT,140550343,96789.44,0.077362,2026-03-20 05:35:50.023,True,7487.82465728
trade,ETHUSDT,159280550,3516.13,0.687995,2026-03-20 05:35:51.154,False,2419.0798593500003
trade,BTCUSDT,140550344,96601.89,1.85758,2026-03-20 05:35:54.204,True,179445.7388262
trade,ETHUSDT,159280551,3486.82,1.851615,2026-03-20 05:35:55.148,True,6456.248214300001
trade,ETHUSDT,159280552,3495.76,0.968517,2026-03-20 05:35:57.411,False,3385.70298792
trade,BTCUSDT,140550345,97385.23,1.973911,2026-03-20 05:35:58.674,True,192229.77673453
trade,ETHUSDT,159280553,3497.35,0.179969,2026-03-20 05:35:58.984,False,629.41458215
trade,BTCUSDT,140550346,97352.19,1.505734,2026-03-20 05:36:02.867,False,146586.50245745998
trade,ETHUSDT,159280554,3499.53,0.908242,2026-03-20 05:36:03.057,True,3178.42012626
trade,ETHUSDT,159280555,3516.03,1.614273,2026-03-20 05:36:03.731,True,5675.83229619
trade,ETHUSDT,159280556,3514.99,1.872632,2026-03-20 05:36:05.393,False,6582.28275368
trade,BTCUSDT,140550347,97115.92,0.497585,2026-03-20 05:36:06.189,False,48323.4250532
trade,BTCUSDT,140550348,96788.5,0.08329,2026-03-20 05:36:08.329,False,8061.5141650000005
trade,ETHUSDT,159280557,3510.8,0.255052,2026-03-20 05:36:09.457,False,895.4365616
trade,BTCUSDT,140550349,96548.97,1.059547,2026-03-20 05:36:11.522,False,102298.17151659001
trade,ETHUSDT,159280558,3487.85,0.271374,2026-03-20 05:36:12.446,False,946.5118059
trade,BTCUSDT,140550350,96938.9,0.642542,2026-03-20 05:36:13.110,False,62287.31468379999
trade,ETHUSDT,159280559,3492.24,0.303607,2026-03-20 05:36:14.314,True,1060.26850968
trade,ETHUSDT,159280560,3491.65,0.242611,2026-03-20 05:36:14.432,True,847.11269815
trade,BTCUSDT,140550351,96837.27,0.468306,2026-03-20 05:36:16.228,True,45349.47456462
trade,ETHUSDT,159280561,3487.04,0.687756,2026-03-20 05:36:16.506,True,2398.23268224
trade,ETHUSDT,159280562,3494.86,0.823522,2026-03-20 05:36:20.433,False,2878.09409692
trade,BTCUSDT,140550352,96705.6,1.773695,2026-03-20 05:36:20.913,True,171526.239192
trade,ETHUSDT,159280563,3513.82,0.851612,2026-03-20 05:36:23.786,True,2992.4112778400004
trade,BTCUSDT,140550353,97404.11,0.713497,2026-03-20 05:36:24.180,True,69497.54027267001
trade,BTCUSDT,140550354,96847.11,1.663864,2026-03-20 05:36:26.693,True,161140.41983304
trade,ETHUSDT,159280564,3491.81,1.416381,2026-03-20 05:36:26.730,False,4945.733339609999
trade,BTCUSDT,140550355,96598.0,0.752072,2026-03-20 05:36:28.550,True,72648.651056
trade,ETHUSDT,159280565,3502.25,1.77978,2026-03-20 05:36:29.039,True,6233.234504999999
trade,BTCUSDT,140550356,97367.97,0.171328,2026-03-20 05:36:29.099,False,16681.85956416
trade,BTCUSDT,140550357,96877.26,1.162352,2026-03-20 05:36:29.514,True,112605.47691552
trade,ETHUSDT,159280566,3486.06,1.833859,2026-03-20 05:36:30.060,True,6392.94250554
trade,BTCUSDT,140550358,96799.6,0.711039,2026-03-20 05:36:31.540,False,68828.2907844
trade,BTCUSDT,140550359,97478.01,1.633926,2026-03-20 05:36:33.357,False,159271.85496725998
trade,ETHUSDT,159280567,3493.15,1.06971,2026-03-20 05:36:33.457,False,3736.6574865
trade,BTCUSDT,140550360,97483.33,1.096063,2026-03-20 05:36:35.348,True,106847.87112979
trade,ETHUSDT,159280568,3495.91,0.023325,2026-03-20 05:36:36.601,False,81.54210074999999
trade,BTCUSDT,140550361,96546.29,0.257057,2026-03-20 05:36:38.387,True,24817.899668529997
trade,ETHUSDT,159280569,3498.87,1.217115,2026-03-20 05:36:40.092,False,4258.52716005
trade,ETHUSDT,159280570,3506.28,1.810907,2026-03-20 05:36:40.953,True,6349.5469959600005
trade,BTCUSDT,140550362,97090.78,1.007234,2026-03-20 05:36:42.743,True,97793.13470252
trade,ETHUSDT,159280571,3502.95,1.604617,2026-03-20 05:36:43.283,True,5620.89312015
trade,ETHUSDT,159280572,3494.15,0.433208,2026-03-20 05:36:44.629,True,1513.6937332
trade,BTCUSDT,140550363,97113.19,1.861798,2026-03-20 05:36:46.314,True,180805.14291562
trade,ETHUSDT,159280573,3502.05,1.998329,2026-03-20 05:36:48.551,True,6998.248074450001
trade,BTCUSDT,140550364,97108.95,1.672133,2026-03-20 05:36:50.596,False,162379.07989035
trade,ETHUSDT,159280574,3486.1,0.891605,2026-03-20 05:36:51.459,False,3108.2241905
trade,BTCUSDT,140550365,96634.56,0.818412,2026-03-20 05:36:51.665,False,79086.88351872
trade,ETHUSDT,159280575,3491.64,0.450765,2026-03-20 05:36:53.010,False,1573.9091046
trade,BTCUSDT,140550366,96709.28,0.268046,2026-03-20 05:36:54.479,False,25922.53566688
trade,BTCUSDT,140550367,96788.49,0.072081,2026-03-20 05:36:57.024,True,6976.611147690001
trade,ETHUSDT,159280576,3495.37,0.967528,2026-03-20 05:36:57.419,True,3381.86834536
trade,ETHUSDT,159280577,3515.2,0.248572,2026-03-20 05:36:58.713,False,873.7802943999999
trade,ETHUSDT,159280578,3493.9,1.887998,2026-03-20 05:36:58.960,True,6596.4762122
trade,BTCUSDT,140550368,96768.14,1.253765,2026-03-20 05:37:00.188,False,121324.5070471
trade,BTCUSDT,140550369,97017.93,0.536194,2026-03-20 05:37:01.566,True,52020.43195841999
trade,BTCUSDT,140550370,97020.0,0.893684,2026-03-20 05:37:02.285,True,86705.22168
trade,ETHUSDT,159280579,3496.17,0.529062,2026-03-20 05:37:02.294,True,1849.69069254
trade,ETHUSDT,159280580,3500.98,0.113359,2026-03-20 05:37:03.374,False,396.86759182000003
trade,BTCUSDT,140550371,97036.38,1.31648,2026-03-20 05:37:04.776,True,127746.45354240002
trade,BTCUSDT,140550372,97197.04,0.209345,2026-03-20 05:37:05.062,False,20347.7143388
trade,ETHUSDT,159280581,3485.6,1.630274,2026-03-20 05:37:06.308,True,5682.4830544
trade,ETHUSDT,159280582,3488.05,1.950552,2026-03-20 05:37:07.440,False,6803.6229036
trade,ETHUSDT,159280583,3508.23,1.401537,2026-03-20 05:37:08.077,True,4916.91414951
trade,BTCUSDT,140550373,96865.2,0.318367,2026-03-20 05:37:08.423,True,30838.6831284
trade,ETHUSDT,159280584,3489.78,0.886903,2026-03-20 05:37:10.479,False,3095.09635134
trade,ETHUSDT,159280585,3492.99,1.818125,2026-03-20 05:37:11.035,True,6350.692443749999
trade,BTCUSDT,140550374,97088.48,0.919777,2026-03-20 05:37:12.538,True,89299.75086895999
trade,ETHUSDT,159280586,3485.84,0.857633,2026-03-20 05:37:12.655,False,2989.57141672
trade,BTCUSDT,140550375,97125.1,0.722791,2026-03-20 05:37:13.287,True,70201.1481541
trade,ETHUSDT,159280587,3513.81,1.428432,2026-03-20 05:37:13.613,False,5019.23864592
trade,BTCUSDT,140550376,97100.07,0.298274,2026-03-20 05:37:18.248,True,28962.42627918
trade,ETHUSDT,159280588,3486.37,1.402302,2026-03-20 05:37:18.405,True,4888.94362374
trade,ETHUSDT,159280589,3513.86,1.712731,2026-03-20 05:37:20.251,True,6018.296951660001
trade,BTCUSDT,140550377,96812.75,1.752554,2026-03-20 05:37:21.651,False,169669.57226349998
trade,ETHUSDT,159280590,3498.84,1.315492,2026-03-20 05:37:23.764,True,4602.69602928
trade,BTCUSDT,140550378,96522.05,0.651502,2026-03-20 05:37:25.842,False,62884.308619100004
trade,BTCUSDT,140550379,96872.58,1.949085,2026-03-20 05:37:27.380,False,188812.8925893
trade,ETHUSDT,159280591,3485.32,1.35484,2026-03-20 05:37:27.998,True,4722.050948800001
trade,BTCUSDT,140550380,96674.65,0.172553,2026-03-20 05:37:30.239,False,16681.50088145
trade,ETHUSDT,159280592,3512.81,0.699904,2026-03-20 05:37:31.240,True,2458.6297702399997
trade,BTCUSDT,140550381,97248.39,0.911766,2026-03-20 05:37:34.135,True,88667.77555674
trade,ETHUSDT,159280593,3489.27,0.453466,2026-03-20 05:37:35.869,False,1582.2653098199999
trade,ETHUSDT,159280594,3505.18,0.99172,2026-03-20 05:37:37.202,True,3476.1571096
trade,ETHUSDT,159280595,3514.43,0.480941,2026-03-20 05:37:37.559,True,1690.23347863
trade,ETHUSDT,159280596,3484.18,1.981141,2026-03-20 05:37:38.700,True,6902.6518493799995
trade,BTCUSDT,140550382,96671.98,0.685213,2026-03-20 05:37:38.823,True,66240.89743174
trade,ETHUSDT,159280597,3497.26,1.463154,2026-03-20 05:37:39.913,True,5117.029958040001
trade,ETHUSDT,159280598,3484.3,1.928424,2026-03-20 05:37:42.915,False,6719.2077432
trade,BTCUSDT,140550383,96980.88,0.819016,2026-03-20 05:37:43.490,False,79428.89241408
trade,ETHUSDT,159280599,3500.15,0.57178,2026-03-20 05:37:44.922,True,2001.3157669999998
trade,BTCUSDT,140550384,97149.21,0.777229,2026-03-20 05:37:45.810,True,75507.18333909
trade,BTCUSDT,140550385,97425.52,0.626444,2026-03-20 05:37:47.629,False,61031.63245088
trade,ETHUSDT,159280600,3507.91,1.506545,2026-03-20 05:37:49.227,False,5284.82427095
trade,ETHUSDT,159280601,3515.12,0.403898,2026-03-20 05:37:51.004,False,1419.74993776
trade,BTCUSDT,140550386,97029.46,1.199975,2026-03-20 05:37:52.287,False,116432.9262635
trade,ETHUSDT,159280602,3510.13,0.993895,2026-03-20 05:37:54.171,False,3488.70065635
trade,ETHUSDT,159280603,3511.89,0.093841,2026-03-20 05:37:57.105,False,329.55926948999996
trade,BTCUSDT,140550387,96567.93,1.866768,2026-03-20 05:37:57.188,True,180269.92155024
trade,ETHUSDT,159280604,3495.91,1.751832,2026-03-20 05:38:01.640,True,6124.24700712
trade,BTCUSDT,140550388,96879.14,0.148812,2026-03-20 05:38:02.135,True,14416.77858168
trade,ETHUSDT,159280605,3510.31,1.461431,2026-03-20 05:38:03.122,False,5130.075853609999
trade,BTCUSDT,140550389,97328.62,1.263746,2026-03-20 05:38:05.010,False,122998.65421051999
trade,ETHUSDT,159280606,3513.33,1.207475,2026-03-20 05:38:06.137,False,4242.2581417500005
trade,ETHUSDT,159280607,3501.06,0.259245,2026-03-20 05:38:06.297,False,907.6322997
trade,BTCUSDT,140550390,96699.3,0.861837,2026-03-20 05:38:08.397,True,83339.0346141
trade,ETHUSDT,159280608,3508.13,1.485381,2026-03-20 05:38:08.503,False,5210.90964753
trade,BTCUSDT,140550391,96855.11,0.447758,2026-03-20 05:38:08.977,True,43367.65034338
trade,BTCUSDT,140550392,96793.34,0.018628,2026-03-20 05:38:09.298,True,1803.0663375199997
trade,BTCUSDT,140550393,97063.37,1.96318,2026-03-20 05:38:10.516,True,190552.8667166
trade,ETHUSDT,159280609,3494.76,1.952641,2026-03-20 05:38:12.690,True,6824.011661160001
trade,BTCUSDT,140550394,97383.42,0.029393,2026-03-20 05:38:13.372,False,2862.39086406
trade,BTCUSDT,140550395,97325.11,1.588168,2026-03-20 05:38:13.500,True,154568.62529848
trade,BTCUSDT,140550396,97111.92,1.877,2026-03-20 05:38:15.251,True,182279.07384
trade,ETHUSDT,159280610,3503.88,0.996048,2026-03-20 05:38:16.483,False,3490.0326662400003
trade,ETHUSDT,159280611,3506.21,1.46067,2026-03-20 05:38:16.628,False,5121.4157607
trade,ETHUSDT,159280612,3511.54,0.98307,2026-03-20 05:38:17.892,True,3452.0896278
trade,BTCUSDT,140550397,96835.73,0.090528,2026-03-20 05:38:20.062,False,8766.34496544
trade,ETHUSDT,159280613,3492.08,0.129213,2026-03-20 05:38:20.896,True,451.22213303999996
trade,BTCUSDT,140550398,97296.23,0.939749,2026-03-20 05:38:21.182,True,91434.03484626999
trade,BTCUSDT,140550399,96879.6,0.480295,2026-03-20 05:38:22.878,False,46530.78748200001
trade,ETHUSDT,159280614,3514.91,0.056046,2026-03-20 05:38:25.868,True,196.99664586
trade,BTCUSDT,140550400,97418.87,0.689906,2026-03-20 05:38:27.761,True,67209.86292622
trade,ETHUSDT,159280615,3483.19,1.859083,2026-03-20 05:38:28.184,True,6475.539314770001
trade,BTCUSDT,140550401,96856.88,0.240439,2026-03-20 05:38:28.505,False,23288.171370320004
trade,ETHUSDT,159280616,3500.24,0.834478,2026-03-20 05:38:29.529,False,2920.87327472
trade,BTCUSDT,140550402,96810.98,0.202664,2026-03-20 05:38:31.584,False,19620.10045072
trade,ETHUSDT,159280617,3496.73,0.936376,2026-03-20 05:38:33.351,False,3274.25405048
trade,BTCUSDT,140550403,97165.9,0.932158,2026-03-20 05:38:34.332,False,90573.9710122
trade,ETHUSDT,159280618,3508.81,0.76084,2026-03-20 05:38:36.821,False,2669.6430004
trade,BTCUSDT,140550404,97326.3,0.510517,2026-03-20 05:38:38.716,False,49686.7306971
trade,ETHUSDT,159280619,3487.58,1.898793,2026-03-20 05:38:40.538,False,6622.1924909399995
trade,BTCUSDT,140550405,97155.34,1.113049,2026-03-20 05:38:43.524,False,108138.65403165999
trade,ETHUSDT,159280620,3495.85,1.701057,2026-03-20 05:38:45.373,False,5946.64011345
trade,ETHUSDT,159280621,3498.97,1.80384,2026-03-20 05:38:45.940,False,6311.5820448
trade,ETHUSDT,159280622,3489.92,0.563596,2026-03-20 05:38:46.826,False,1966.90495232
trade,BTCUSDT,140550406,97274.74,1.025051,2026-03-20 05:38:47.755,True,99711.56951174
trade,BTCUSDT,140550407,96730.86,1.254299,2026-03-20 05:38:50.087,True,121329.42096714
trade,ETHUSDT,159280623,3500.46,0.743968,2026-03-20 05:38:50.223,False,2604.23022528
trade,ETHUSDT,159280624,3484.48,1.366358,2026-03-20 05:38:52.119,False,4761.04712384
trade,ETHUSDT,159280625,3503.24,0.295722,2026-03-20 05:38:52.307,True,1035.9851392799999
trade,ETHUSDT,159280626,3487.36,0.227385,2026-03-20 05:38:53.575,False,792.9733536
trade,ETHUSDT,159280627,3507.58,1.523749,2026-03-20 05:38:53.798,True,5344.67151742
trade,BTCUSDT,140550408,96969.36,1.062057,2026-03-20 05:38:53.887,False,102986.98757352
trade,BTCUSDT,140550409,97053.33,1.991696,2026-03-20 05:38:54.954,True,193300.72914768
trade,ETHUSDT,159280628,3514.19,1.757133,2026-03-20 05:38:57.849,True,6174.89921727
trade,BTCUSDT,140550410,96779.53,1.72971,2026-03-20 05:38:58.437,True,167400.5208363
trade,ETHUSDT,159280629,3502.43,0.396798,2026-03-20 05:38:59.580,False,1389.75721914
trade,ETHUSDT,159280630,3496.32,1.860108,2026-03-20 05:39:01.387,True,6503.532802560001
trade,ETHUSDT,159280631,3505.42,0.817787,2026-03-20 05:39:01.865,True,2866.68690554
trade,BTCUSDT,140550411,97140.3,1.242689,2026-03-20 05:39:03.280,True,120715.1822667
trade,ETHUSDT,159280632,3489.87,1.606529,2026-03-20 05:39:03.797,True,5606.57736123
trade,ETHUSDT,159280633,3510.42,1.830957,2026-03-20 05:39:05.665,True,6427.42807194
trade,ETHUSDT,159280634,3491.15,1.688557,2026-03-20 05:39:05.851,True,5895.00577055
trade,BTCUSDT,140550412,96593.86,1.155884,2026-03-20 05:39:07.483,False,111651.29727223999
trade,ETHUSDT,159280635,3513.99,1.260591,2026-03-20 05:39:07.768,False,4429.70416809
trade,BTCUSDT,140550413,96566.02,1.237163,2026-03-20 05:39:08.042,False,119467.90700126001
trade,BTCUSDT,140550414,96775.53,0.493172,2026-03-20 05:39:08.711,False,47726.981681159996
trade,ETHUSDT,159280636,3516.13,1.838432,2026-03-20 05:39:10.138,True,6464.16590816
trade,ETHUSDT,159280637,3495.13,0.196508,2026-03-20 05:39:11.527,False,686.8210060399999
trade,BTCUSDT,140550415,97461.58,0.42403,2026-03-20 05:39:11.864,True,41326.6337674
trade,ETHUSDT,159280638,3507.5,1.063026,2026-03-20 05:39:16.023,True,3728.5636950000003
trade,BTCUSDT,140550416,96641.9,1.824988,2026-03-20 05:39:16.815,False,176370.3077972
trade,BTCUSDT,140550417,97297.56,1.774614,2026-03-20 05:39:17.735,False,172665.61214183999
trade,BTCUSDT,140550418,97307.37,1.172456,2026-03-20 05:39:20.281,False,114088.60980071999
trade,ETHUSDT,159280639,3512.44,1.72999,2026-03-20 05:39:20.610,False,6076.4860756
trade,ETHUSDT,159280640,3500.38,1.808982,2026-03-20 05:39:21.599,False,6332.124413160001
trade,BTCUSDT,140550419,96630.96,0.641237,2026-03-20 05:39:22.436,True,61963.34689752
trade,ETHUSDT,159280641,3502.37,0.187688,2026-03-20 05:39:22.741,True,657.3528205599999
trade,BTCUSDT,140550420,97023.84,0.85451,2026-03-20 05:39:24.284,False,82907.84151839999
trade,ETHUSDT,159280642,3515.97,1.309248,2026-03-20 05:39:26.873,False,4603.276690559999
trade,BTCUSDT,140550421,97455.56,1.982884,2026-03-20 05:39:26.960,True,193243.07063504
trade,BTCUSDT,140550422,96985.99,1.394039,2026-03-20 05:39:29.185,True,135202.25251361
trade,BTCUSDT,140550423,96955.14,0.054899,2026-03-20 05:39:30.194,False,5322.74023086
trade,ETHUSDT,159280643,3501.15,0.27027,2026-03-20 05:39:31.540,True,946.2558105
trade,BTCUSDT,140550424,97165.65,0.029885,2026-03-20 05:39:33.345,False,2903.7954502499997
trade,BTCUSDT,140550425,97037.5,1.050573,2026-03-20 05:39:33.786,True,101944.9774875
trade,ETHUSDT,159280644,3516.86,1.550574,2026-03-20 05:39:35.352,False,5453.151677639999
trade,BTCUSDT,140550426,97457.23,1.681686,2026-03-20 05:39:38.112,True,163892.45928978
trade,ETHUSDT,159280645,3503.99,1.329952,2026-03-20 05:39:38.465,True,4660.1385084799995
trade,BTCUSDT,140550427,97468.44,0.641626,2026-03-20 05:39:39.172,False,62538.285283440004
trade,ETHUSDT,159280646,3513.23,1.472259,2026-03-20 05:39:39.995,False,5172.38448657
trade,BTCUSDT,140550428,97015.87,1.845354,2026-03-20 05:39:41.841,True,179028.62376798
trade,ETHUSDT,159280647,3486.64,1.054576,2026-03-20 05:39:42.953,False,3676.9268646399996
trade,ETHUSDT,159280648,3513.59,0.520376,2026-03-20 05:39:45.236,True,1828.3879098399998
trade,BTCUSDT,140550429,97408.42,1.617915,2026-03-20 05:39:46.511,False,157598.5438443
trade,ETHUSDT,159280649,3495.2,1.638566,2026-03-20 05:39:50.009,True,5727.115883199999
trade,BTCUSDT,140550430,96515.6,1.205397,2026-03-20 05:39:50.208,True,116339.61469320001
trade,ETHUSDT,159280650,3514.04,0.018413,2026-03-20 05:39:50.552,False,64.70401851999999
trade,ETHUSDT,159280651,3507.14,1.737011,2026-03-20 05:39:50.884,True,6091.94075854
trade,ETHUSDT,159280652,3499.2,0.344706,2026-03-20 05:39:52.065,False,1206.1952352
trade,BTCUSDT,140550431,96809.51,0.104738,2026-03-20 05:39:52.293,False,10139.63445838
trade,ETHUSDT,159280653,3488.45,0.246624,2026-03-20 05:39:53.727,False,860.3354928
trade,ETHUSDT,159280654,3510.75,1.091817,2026-03-20 05:39:54.433,False,3833.0965327500003
trade,BTCUSDT,140550432,96712.28,0.991476,2026-03-20 05:39:55.437,True,95887.90452528
trade,ETHUSDT,159280655,3488.65,0.64844,2026-03-20 05:39:56.044,False,2262.180206
trade,BTCUSDT,140550433,96894.67,0.995335,2026-03-20 05:39:58.707,False,96442.65636445
trade,BTCUSDT,140550434,96874.83,0.983806,2026-03-20 05:39:59.416,False,95306.03900298
trade,ETHUSDT,159280656,3496.42,1.624695,2026-03-20 05:40:00.097,False,5680.6160919
trade,ETHUSDT,159280657,3491.76,0.08219,2026-03-20 05:40:02.786,True,286.98775440000003
trade,BTCUSDT,140550435,97455.99,1.009998,2026-03-20 05:40:03.795,False,98430.35498802
trade,BTCUSDT,140550436,97097.96,0.040482,2026-03-20 05:40:04.505,False,3930.71961672
trade,ETHUSDT,159280658,3505.41,0.393862,2026-03-20 05:40:05.058,False,1380.64779342
trade,ETHUSDT,159280659,3489.48,1.31787,2026-03-20 05:40:06.533,True,4598.6810076
trade,BTCUSDT,140550437,96558.74,0.563683,2026-03-20 05:40:06.616,False,54428.52023942001
trade,BTCUSDT,140550438,97252.16,1.699818,2026-03-20 05:40:07.700,True,165310.97210688
trade,ETHUSDT,159280660,3488.5,0.92108,2026-03-20 05:40:08.855,False,3213.1875800000003
trade,ETHUSDT,159280661,3503.23,0.91803,2026-03-20 05:40:11.166,True,3216.0702369
trade,BTCUSDT,140550439,97208.54,0.785689,2026-03-20 05:40:11.295,False,76375.68058406
trade,ETHUSDT,159280662,3490.71,1.741551,2026-03-20 05:40:14.827,False,6079.24949121
trade,BTCUSDT,140550440,97331.18,1.88938,2026-03-20 05:40:16.120,True,183895.58486839998
trade,ETHUSDT,159280663,3497.0,1.325387,2026-03-20 05:40:16.431,False,4634.878339000001
trade,ETHUSDT,159280664,3512.37,1.548895,2026-03-20 05:40:17.083,False,5440.29233115
trade,BTCUSDT,140550441,96742.24,0.861774,2026-03-20 05:40:19.132,False,83369.94713376001
trade,ETHUSDT,159280665,3493.39,1.188556,2026-03-20 05:40:19.873,True,4152.08964484
trade,BTCUSDT,140550442,97011.58,1.780957,2026-03-20 05:40:24.092,True,172773.45248206
trade,ETHUSDT,159280666,3502.96,1.759424,2026-03-20 05:40:24.842,False,6163.19189504
trade,BTCUSDT,140550443,96530.01,1.126057,2026-03-20 05:40:27.333,False,108698.29347057
trade,ETHUSDT,159280667,3484.51,0.507639,2026-03-20 05:40:28.948,True,1768.8731718899999
trade,BTCUSDT,140550444,97474.46,1.052894,2026-03-20 05:40:31.633,False,102630.27408724
trade,ETHUSDT,159280668,3488.05,1.940381,2026-03-20 05:40:32.287,False,6768.14594705
trade,ETHUSDT,159280669,3502.3,1.999958,2026-03-20 05:40:32.561,True,7004.4529034
trade,ETHUSDT,159280670,3485.08,0.622255,2026-03-20 05:40:32.701,True,2168.6084554
trade,BTCUSDT,140550445,96916.79,0.354042,2026-03-20 05:40:33.635,True,34312.61416518
trade,BTCUSDT,140550446,97014.38,1.730184,2026-03-20 05:40:35.767,True,167852.72804592
trade,ETHUSDT,159280671,3492.01,0.552939,2026-03-20 05:40:36.018,False,1930.86851739
trade,ETHUSDT,159280672,3500.82,0.640399,2026-03-20 05:40:39.610,False,2241.92162718
trade,BTCUSDT,140550447,97427.55,0.663229,2026-03-20 05:40:40.083,True,64616.77655895
trade,ETHUSDT,159280673,3505.85,1.96726,2026-03-20 05:40:40.119,True,6896.918471
trade,ETHUSDT,159280674,3483.24,1.957628,2026-03-20 05:40:42.604,True,6818.888154719999
trade,ETHUSDT,159280675,3489.58,0.289014,2026-03-20 05:40:43.803,False,1008.53747412
trade,BTCUSDT,140550448,97107.95,0.774175,2026-03-20 05:40:44.041,False,75178.54719124999
trade,BTCUSDT,140550449,97203.51,0.649065,2026-03-20 05:40:45.509,True,63091.396218149996
trade,ETHUSDT,159280676,3503.21,0.444733,2026-03-20 05:40:45.684,True,1557.9930929299999
trade,ETHUSDT,159280677,3498.49,1.470772,2026-03-20 05:40:46.617,True,5145.481134279999
trade,BTCUSDT,140550450,97198.01,1.700097,2026-03-20 05:40:48.241,False,165246.04520696998
trade,BTCUSDT,140550451,97113.58,1.7109,2026-03-20 05:40:49.603,False,166151.624022
trade,ETHUSDT,159280678,3512.05,1.724491,2026-03-20 05:40:51.425,False,6056.49861655
trade,BTCUSDT,140550452,96665.7,0.474597,2026-03-20 05:40:53.070,False,45877.2512229
trade,ETHUSDT,159280679,3486.49,0.017606,2026-03-20 05:40:54.522,False,61.38314294
trade,ETHUSDT,159280680,3505.37,1.972896,2026-03-20 05:40:54.789,False,6915.730451519999
trade,BTCUSDT,140550453,97165.42,0.881573,2026-03-20 05:40:56.619,True,85658.41080566001
trade,ETHUSDT,159280681,3509.49,0.098919,2026-03-20 05:40:57.299,False,347.15524131
trade,BTCUSDT,140550454,96861.43,1.509779,2026-03-20 05:40:57.761,False,146239.35292397
trade,ETHUSDT,159280682,3513.32,1.85719,2026-03-20 05:40:58.929,True,6524.9027708
trade,BTCUSDT,140550455,97461.36,1.583451,2026-03-20 05:41:02.366,True,154325.28795336
trade,BTCUSDT,140550456,97276.44,0.763417,2026-03-20 05:41:02.872,False,74262.48799548
trade,ETHUSDT,159280683,3503.18,1.33414,2026-03-20 05:41:03.381,False,4673.7325652
trade,BTCUSDT,140550457,97034.74,1.513734,2026-03-20 05:41:05.015,True,146884.78511916
trade,ETHUSDT,159280684,3499.67,0.222944,2026-03-20 05:41:06.875,False,780.23042848
trade,BTCUSDT,140550458,97448.19,1.148379,2026-03-20 05:41:08.571,True,111907.45498401001
trade,ETHUSDT,159280685,3502.86,0.619229,2026-03-20 05:41:08.864,True,2169.07249494
trade,BTCUSDT,140550459,96913.68,1.586682,2026-03-20 05:41:10.013,False,153771.19160976
trade,ETHUSDT,159280686,3505.69,0.190381,2026-03-20 05:41:12.000,True,667.41676789
trade,BTCUSDT,140550460,97302.72,1.606634,2026-03-20 05:41:12.363,False,156329.85824447998
trade,BTCUSDT,140550461,96647.76,1.428208,2026-03-20 05:41:15.119,False,138033.10401408
trade,ETHUSDT,159280687,3486.9,1.020937,2026-03-20 05:41:16.207,True,3559.9052253
trade,ETHUSDT,159280688,3498.64,0.517136,2026-03-20 05:41:17.152,True,1809.2726950400001
trade,ETHUSDT,159280689,3506.43,0.510013,2026-03-20 05:41:17.455,False,1788.3248835900001
trade,BTCUSDT,140550462,97174.41,1.350033,2026-03-20 05:41:19.386,True,131188.66025553
trade,BTCUSDT,140550463,96537.49,0.511771,2026-03-20 05:41:20.350,True,49405.08779479
trade,ETHUSDT,159280690,3494.28,0.174942,2026-03-20 05:41:22.257,True,611.29633176
trade,BTCUSDT,140550464,96651.47,0.762316,2026-03-20 05:41:23.115,False,73678.96200452
trade,BTCUSDT,140550465,96892.14,1.929462,2026-03-20 05:41:26.210,False,186949.70222868
trade,ETHUSDT,159280691,3496.38,1.025174,2026-03-20 05:41:26.403,False,3584.3978701200003
trade,BTCUSDT,140550466,97380.09,1.264481,2026-03-20 05:41:27.092,True,123135.27358328999
trade,ETHUSDT,159280692,3484.05,0.819766,2026-03-20 05:41:30.017,True,2856.1057323
trade,BTCUSDT,140550467,97406.6,0.203858,2026-03-20 05:41:30.253,False,19857.114662800002
trade,ETHUSDT,159280693,3485.34,0.63311,2026-03-20 05:41:32.531,False,2206.6036074
trade,ETHUSDT,159280694,3493.14,0.932691,2026-03-20 05:41:33.977,True,3258.02023974
trade,ETHUSDT,159280695,3509.43,1.008662,2026-03-20 05:41:34.125,False,3539.8286826599997
trade,BTCUSDT,140550468,97076.06,1.858853,2026-03-20 05:41:35.179,True,180450.12535918
trade,ETHUSDT,159280696,3500.85,0.966284,2026-03-20 05:41:37.887,False,3382.8153414
trade,BTCUSDT,140550469,97385.16,0.659104,2026-03-20 05:41:40.056,True,64186.948496640005
trade,ETHUSDT,159280697,3493.04,1.215686,2026-03-20 05:41:41.927,True,4246.43982544
trade,ETHUSDT,159280698,3515.17,0.950605,2026-03-20 05:41:43.014,True,3341.53817785
trade,BTCUSDT,140550470,97172.07,0.015487,2026-03-20 05:41:44.755,True,1504.90384809
trade,BTCUSDT,140550471,96956.72,0.389524,2026-03-20 05:41:45.860,True,37766.969401279996
trade,ETHUSDT,159280699,3504.07,0.189499,2026-03-20 05:41:47.012,True,664.01776093
trade,ETHUSDT,159280700,3493.26,1.314632,2026-03-20 05:41:47.133,False,4592.35138032
trade,ETHUSDT,159280701,3502.77,0.011338,2026-03-20 05:41:48.935,False,39.714406260000004
trade,BTCUSDT,140550472,97435.52,0.16042,2026-03-20 05:41:49.624,False,15630.606118400001
trade,ETHUSDT,159280702,3514.15,0.811394,2026-03-20 05:41:51.690,True,2851.3602250999998
trade,BTCUSDT,140550473,97086.17,0.885029,2026-03-20 05:41:51.712,True,85924.07594893
trade,ETHUSDT,159280703,3484.98,0.117328,2026-03-20 05:41:54.043,False,408.88573344
trade,ETHUSDT,159280704,3503.93,0.094571,2026-03-20 05:41:54.320,True,331.37016403
trade,BTCUSDT,140550474,97479.94,1.641906,2026-03-20 05:41:55.057,False,160052.89836564002
trade,ETHUSDT,159280705,3500.95,1.289762,2026-03-20 05:41:57.647,True,4515.3922739
trade,ETHUSDT,159280706,3487.09,1.617403,2026-03-20 05:41:58.676,False,5640.02982727
trade,BTCUSDT,140550475,97320.77,1.826568,2026-03-20 05:41:59.971,False,177763.00421736
trade,ETHUSDT,159280707,3487.91,1.713961,2026-03-20 05:42:02.263,False,5978.14171151
trade,BTCUSDT,140550476,96796.3,0.366075,2026-03-20 05:42:02.531,False,35434.7055225
trade,ETHUSDT,159280708,3490.21,1.016454,2026-03-20 05:42:04.805,True,3547.63791534
trade,ETHUSDT,159280709,3508.77,1.249578,2026-03-20 05:42:05.984,False,4384.48179906
trade,ETHUSDT,159280710,3504.2,1.836442,2026-03-20 05:42:06.515,False,6435.2600563999995
trade,BTCUSDT,140550477,97012.02,0.201827,2026-03-20 05:42:07.240,True,19579.64496054
trade,ETHUSDT,159280711,3504.69,1.631591,2026-03-20 05:42:07.831,True,5718.22066179
trade,BTCUSDT,140550478,96753.03,1.405055,2026-03-20 05:42:09.190,False,135943.32856665
trade,ETHUSDT,159280712,3488.25,1.56799,2026-03-20 05:42:10.474,False,5469.5411175
trade,BTCUSDT,140550479,97142.36,1.219976,2026-03-20 05:42:13.552,True,118511.34778335999
trade,ETHUSDT,159280713,3512.7,1.888644,2026-03-20 05:42:14.357,False,6634.2397788
trade,BTCUSDT,140550480,96563.33,0.09152,2026-03-20 05:42:17.423,False,8837.475961600001
trade,ETHUSDT,159280714,3512.05,0.210883,2026-03-20 05:42:18.658,True,740.63164015
trade,BTCUSDT,140550481,96924.5,0.593089,2026-03-20 05:42:19.072,False,57484.8547805
trade,ETHUSDT,159280715,3510.09,1.551843,2026-03-20 05:42:21.608,True,5447.1085958700005
trade,ETHUSDT,159280716,3501.67,0.039868,2026-03-20 05:42:21.744,False,139.60457956000002
trade,BTCUSDT,140550482,96971.95,1.274258,2026-03-20 05:42:22.329,True,123567.28306309998
trade,ETHUSDT,159280717,3517.33,0.293769,2026-03-20 05:42:23.173,False,1033.28251677
trade,BTCUSDT,140550483,96595.08,0.775274,2026-03-20 05:42:27.138,False,74887.65405192
trade,BTCUSDT,140550484,97365.6,1.997981,2026-03-20 05:42:27.525,False,194534.61885360003
trade,ETHUSDT,159280718,3512.04,1.966209,2026-03-20 05:42:28.086,False,6905.40465636
trade,BTCUSDT,140550485,97350.79,1.526211,2026-03-20 05:42:30.550,True,148577.84655669
trade,ETHUSDT,159280719,3485.32,0.854115,2026-03-20 05:42:30.833,False,2976.8640918
trade,BTCUSDT,140550486,97300.13,1.517389,2026-03-20 05:42:31.822,False,147642.14696057
trade,BTCUSDT,140550487,96938.8,0.483113,2026-03-20 05:42:32.952,False,46832.3944844
trade,ETHUSDT,159280720,3508.31,0.862739,2026-03-20 05:42:34.069,False,3026.75586109
trade,ETHUSDT,159280721,3513.35,1.786937,2026-03-20 05:42:34.271,False,6278.135108949999
trade,BTCUSDT,140550488,96534.93,1.040737,2026-03-20 05:42:35.119,False,100467.47344341
trade,ETHUSDT,159280722,3486.9,0.254932,2026-03-20 05:42:35.821,False,888.9223908
trade,BTCUSDT,140550489,97097.57,1.587175,2026-03-20 05:42:38.507,False,154110.83566475002
trade,BTCUSDT,140550490,97421.19,1.043717,2026-03-20 05:42:39.314,True,101680.15216323
trade,BTCUSDT,140550491,96756.45,1.191693,2026-03-20 05:42:39.601,False,115303.98416984998
trade,ETHUSDT,159280723,3501.84,0.018407,2026-03-20 05:42:40.530,True,64.45836888
trade,BTCUSDT,140550492,97314.05,0.43562,2026-03-20 05:42:41.617,False,42391.946461
trade,BTCUSDT,140550493,97283.33,0.922612,2026-03-20 05:42:44.425,False,89754.76765796
trade,ETHUSDT,159280724,3487.06,0.513642,2026-03-20 05:42:44.855,False,1791.10047252
trade,BTCUSDT,140550494,97079.79,0.756562,2026-03-20 05:42:46.930,False,73446.88008198
trade,ETHUSDT,159280725,3513.64,1.725615,2026-03-20 05:42:48.018,False,6063.189888599999
trade,BTCUSDT,140550495,97202.38,0.503978,2026-03-20 05:42:50.178,True,48987.861067640006
trade,ETHUSDT,159280726,3514.58,1.317884,2026-03-20 05:42:50.593,True,4631.80874872
trade,BTCUSDT,140550496,97409.61,0.078097,2026-03-20 05:42:53.801,True,7607.39831217
trade,ETHUSDT,159280727,3492.38,0.145911,2026-03-20 05:42:54.079,False,509.57665818000004
trade,BTCUSDT,140550497,96742.45,1.821178,2026-03-20 05:42:55.983,True,176185.22160609998
trade,ETHUSDT,159280728,3508.29,0.394669,2026-03-20 05:42:58.913,False,1384.6133060099999
trade,BTCUSDT,140550498,97260.41,0.344862,2026-03-20 05:42:59.889,False,33541.41951342
trade,ETHUSDT,159280729,3486.69,0.656922,2026-03-20 05:43:00.032,True,2290.48336818
trade,BTCUSDT,140550499,96611.38,0.251606,2026-03-20 05:43:00.181,True,24308.00287628
trade,BTCUSDT,140550500,96927.92,1.734095,2026-03-20 05:43:04.528,False,168082.2214324
trade,ETHUSDT,159280730,3494.3,1.253708,2026-03-20 05:43:04.705,False,4380.8318644
trade,BTCUSDT,140550501,97323.88,0.710816,2026-03-20 05:43:06.876,False,69179.37108608
trade,ETHUSDT,159280731,3487.55,1.120839,2026-03-20 05:43:06.967,True,3908.98205445
trade,BTCUSDT,140550502,96581.83,1.051052,2026-03-20 05:43:08.041,False,101512.52558516001
trade,BTCUSDT,140550503,96601.48,1.749533,2026-03-20 05:43:10.090,False,169007.47710884
trade,ETHUSDT,159280732,3514.45,1.538029,2026-03-20 05:43:11.245,True,5405.3260190500005
trade,ETHUSDT,159280733,3483.92,1.959524,2026-03-20 05:43:13.970,False,6826.8248540800005
trade,BTCUSDT,140550504,97034.47,0.100221,2026-03-20 05:43:14.792,True,9724.89161787
trade,BTCUSDT,140550505,97121.07,0.182147,2026-03-20 05:43:15.398,True,17690.311537290003
trade,ETHUSDT,159280734,3482.83,1.768174,2026-03-20 05:43:15.867,False,6158.249452419999
trade,ETHUSDT,159280735,3511.04,1.369497,2026-03-20 05:43:19.151,True,4808.35874688
trade,BTCUSDT,140550506,96765.94,1.664528,2026-03-20 05:43:19.431,False,161069.61657632
trade,ETHUSDT,159280736,3507.12,0.996025,2026-03-20 05:43:20.718,False,3493.1791980000003
trade,BTCUSDT,140550507,97203.24,0.472994,2026-03-20 05:43:21.134,False,45976.54930056001
trade,BTCUSDT,140550508,96855.69,1.151781,2026-03-20 05:43:21.594,True,111556.54348389
trade,ETHUSDT,159280737,3486.11,0.932272,2026-03-20 05:43:22.863,False,3250.00274192
trade,ETHUSDT,159280738,3489.12,0.033263,2026-03-20 05:43:23.438,True,116.05859856
trade,BTCUSDT,140550509,96776.31,0.22357,2026-03-20 05:43:24.443,False,21636.279626699998
trade,BTCUSDT,140550510,96828.62,0.168964,2026-03-20 05:43:25.370,True,16360.550949679999
trade,ETHUSDT,159280739,3502.83,1.16413,2026-03-20 05:43:25.869,False,4077.7494879
trade,BTCUSDT,140550511,96839.11,1.601257,2026-03-20 05:43:26.154,False,155064.30276127
trade,ETHUSDT,159280740,3491.26,0.041848,2026-03-20 05:43:29.143,False,146.10224848000001
trade,BTCUSDT,140550512,97471.45,1.466666,2026-03-20 05:43:30.654,False,142958.0616857
trade,ETHUSDT,159280741,3515.01,0.410405,2026-03-20 05:43:31.846,True,1442.5776790500001
trade,BTCUSDT,140550513,96682.99,1.558226,2026-03-20 05:43:34.825,False,150653.94877574002
trade,ETHUSDT,159280742,3494.93,1.224831,2026-03-20 05:43:35.615,False,4280.69860683
trade,ETHUSDT,159280743,3491.7,0.938239,2026-03-20 05:43:39.012,False,3276.0491163
trade,BTCUSDT,140550514,96618.71,0.596155,2026-03-20 05:43:39.241,False,57599.727060050005
trade,BTCUSDT,140550515,97361.24,0.459086,2026-03-20 05:43:41.465,True,44697.182226640005
trade,ETHUSDT,159280744,3509.09,0.118225,2026-03-20 05:43:42.755,False,414.86216525000003
trade,BTCUSDT,140550516,97254.02,0.717566,2026-03-20 05:43:45.534,True,69786.17811532001
trade,BTCUSDT,140550517,96974.54,1.158179,2026-03-20 05:43:46.009,True,112313.87576266
trade,ETHUSDT,159280745,3514.56,1.653579,2026-03-20 05:43:46.915,True,5811.602610239999
trade,BTCUSDT,140550518,97215.76,0.41162,2026-03-20 05:43:47.272,False,40015.951131199996
trade,BTCUSDT,140550519,97351.39,1.550437,2026-03-20 05:43:50.633,False,150937.19705743
trade,ETHUSDT,159280746,3491.17,1.560239,2026-03-20 05:43:50.670,True,5447.05958963
trade,ETHUSDT,159280747,3483.07,1.575354,2026-03-20 05:43:52.098,False,5487.06825678
trade,BTCUSDT,140550520,97050.16,0.301814,2026-03-20 05:43:53.772,False,29291.096990240003
trade,ETHUSDT,159280748,3497.36,0.017562,2026-03-20 05:43:54.137,False,61.42063632000001
trade,ETHUSDT,159280749,3495.93,0.638564,2026-03-20 05:43:54.687,False,2232.37504452
trade,BTCUSDT,140550521,97063.43,0.701711,2026-03-20 05:43:58.584,True,68110.47652873
trade,ETHUSDT,159280750,3488.57,0.442389,2026-03-20 05:43:58.603,False,1543.30499373
trade,BTCUSDT,140550522,97190.65,0.298795,2026-03-20 05:44:00.441,False,29040.080266749996
trade,BTCUSDT,140550523,96743.68,1.989308,2026-03-20 05:44:02.680,False,192452.97657343998
trade,BTCUSDT,140550524,97254.44,1.094995,2026-03-20 05:44:03.026,True,106493.1255278
trade,BTCUSDT,140550525,96561.47,0.86119,2026-03-20 05:44:03.228,False,83157.77234930001
trade,ETHUSDT,159280751,3501.73,1.770384,2026-03-20 05:44:03.597,False,6199.40676432
trade,ETHUSDT,159280752,3500.48,0.810205,2026-03-20 05:44:06.285,False,2836.1063983999998
trade,BTCUSDT,140550526,96699.07,1.629204,2026-03-20 05:44:06.611,False,157542.51164028002
trade,ETHUSDT,159280753,3504.21,0.9015,2026-03-20 05:44:08.061,False,3159.045315
trade,ETHUSDT,159280754,3487.23,1.671595,2026-03-20 05:44:09.057,False,5829.23623185
trade,BTCUSDT,140550527,97335.84,0.086122,2026-03-20 05:44:11.073,False,8382.75721248
trade,BTCUSDT,140550528,97121.99,1.208551,2026-03-20 05:44:11.180,True,117376.87813649
trade,BTCUSDT,140550529,97013.14,0.099352,2026-03-20 05:44:12.330,True,9638.44948528
trade,BTCUSDT,140550530,97442.41,0.779885,2026-03-20 05:44:12.718,True,75993.87392285
trade,ETHUSDT,159280755,3501.64,1.967195,2026-03-20 05:44:13.408,True,6888.4086998
trade,BTCUSDT,140550531,96595.28,1.16124,2026-03-20 05:44:14.473,True,112170.3029472
trade,ETHUSDT,159280756,3509.29,0.634214,2026-03-20 05:44:17.470,True,2225.6408480600003
trade,BTCUSDT,140550532,97484.53,0.283243,2026-03-20 05:44:18.318,False,27611.810730790003
trade,BTCUSDT,140550533,97042.02,1.928623,2026-03-20 05:44:19.772,False,187157.47173846
trade,ETHUSDT,159280757,3500.22,1.264463,2026-03-20 05:44:19.825,False,4425.89868186
trade,ETHUSDT,159280758,3512.95,0.845249,2026-03-20 05:44:23.793,False,2969.31747455
trade,BTCUSDT,140550534,97337.03,1.850464,2026-03-20 05:44:23.985,True,180118.66988192
trade,ETHUSDT,159280759,3483.16,1.134601,2026-03-20 05:44:24.290,True,3951.9968191599996
trade,ETHUSDT,159280760,3486.61,1.1772,2026-03-20 05:44:24.824,False,4104.4372920000005
trade,ETHUSDT,159280761,3482.62,0.891162,2026-03-20 05:44:26.413,True,3103.57860444
trade,BTCUSDT,140550535,97036.02,1.13392,2026-03-20 05:44:27.065,False,110031.08379840001
trade,BTCUSDT,140550536,97400.79,0.25709,2026-03-20 05:44:27.694,True,25040.769101099995
trade,ETHUSDT,159280762,3506.08,0.018394,2026-03-20 05:44:27.837,False,64.49083552
trade,BTCUSDT,140550537,96850.01,0.82963,2026-03-20 05:44:30.216,False,80349.67379629999
trade,ETHUSDT,159280763,3488.92,0.912971,2026-03-20 05:44:32.479,False,3185.28278132
trade,BTCUSDT,140550538,96778.61,1.973746,2026-03-20 05:44:33.558,True,191016.39437306
trade,ETHUSDT,159280764,3486.98,0.417768,2026-03-20 05:44:34.853,False,1456.74866064
trade,BTCUSDT,140550539,97401.15,0.462857,2026-03-20 05:44:37.804,True,45082.80408555
trade,BTCUSDT,140550540,97249.52,0.027553,2026-03-20 05:44:38.425,False,2679.51602456
trade,ETHUSDT,159280765,3484.45,1.529094,2026-03-20 05:44:39.495,True,5328.0515883
trade,ETHUSDT,159280766,3499.89,1.494941,2026-03-20 05:44:42.922,False,5232.12905649
trade,BTCUSDT,140550541,96692.91,1.395289,2026-03-20 05:44:43.252,False,134914.55370099
trade,BTCUSDT,140550542,96636.01,0.545485,2026-03-20 05:44:43.834,True,52713.49391485
trade,ETHUSDT,159280767,3483.79,1.731599,2026-03-20 05:44:44.553,False,6032.527280210001
trade,BTCUSDT,140550543,96544.74,0.851029,2026-03-20 05:44:46.526,True,82162.37353746001
trade,BTCUSDT,140550544,97187.06,0.328968,2026-03-20 05:44:47.962,True,31971.432754079997
trade,ETHUSDT,159280768,3509.86,1.081216,2026-03-20 05:44:49.039,False,3794.91678976
trade,BTCUSDT,140550545,97114.07,0.290616,2026-03-20 05:44:52.480,False,28222.90256712
trade,ETHUSDT,159280769,3503.88,1.964557,2026-03-20 05:44:53.366,True,6883.57198116
trade,BTCUSDT,140550546,97249.59,1.982445,2026-03-20 05:44:55.967,False,192791.96344755
trade,ETHUSDT,159280770,3486.52,0.857656,2026-03-20 05:44:57.569,True,2990.2347971199997
trade,BTCUSDT,140550547,97070.68,1.326626,2026-03-20 05:44:57.624,False,128776.48792568
trade,ETHUSDT,159280771,3483.4,0.930241,2026-03-20 05:45:00.296,False,3240.4014994
trade,BTCUSDT,140550548,96829.12,1.108721,2026-03-20 05:45:00.467,True,107356.47875552
trade,BTCUSDT,140550549,97415.83,1.47866,2026-03-20 05:45:01.624,True,144044.8911878
trade,BTCUSDT,140550550,97478.64,1.041826,2026-03-20 05:45:01.989,True,101555.78159664
trade,ETHUSDT,159280772,3498.65,0.502843,2026-03-20 05:45:03.324,False,1759.2716619500002
trade,ETHUSDT,159280773,3510.08,0.327096,2026-03-20 05:45:06.153,True,1148.13312768
trade,BTCUSDT,140550551,96889.29,0.246601,2026-03-20 05:45:06.263,True,23892.995803289996
trade,ETHUSDT,159280774,3489.11,1.888699,2026-03-20 05:45:09.202,False,6589.87856789
trade,ETHUSDT,159280775,3492.63,1.84181,2026-03-20 05:45:10.567,True,6432.7608603
trade,BTCUSDT,140550552,96801.67,1.044018,2026-03-20 05:45:10.742,False,101062.68591005998
trade,BTCUSDT,140550553,97280.81,0.116775,2026-03-20 05:45:12.388,False,11359.96658775
trade,BTCUSDT,140550554,97318.14,0.539836,2026-03-20 05:45:13.136,True,52535.83542504
trade,ETHUSDT,159280776,3503.02,0.605509,2026-03-20 05:45:13.176,True,2121.11013718
trade,ETHUSDT,159280777,3490.21,0.130257,2026-03-20 05:45:17.193,False,454.62428397
trade,BTCUSDT,140550555,97283.91,0.416991,2026-03-20 05:45:17.448,True,40566.51491481
trade,BTCUSDT,140550556,96909.27,1.165721,2026-03-20 05:45:20.770,True,112969.17113367001
trade,ETHUSDT,159280778,3503.46,1.423867,2026-03-20 05:45:21.568,True,4988.46107982
trade,BTCUSDT,140550557,96609.25,0.06182,2026-03-20 05:45:24.107,True,5972.383835
trade,ETHUSDT,159280779,3499.49,0.714476,2026-03-20 05:45:24.794,True,2500.30161724
trade,ETHUSDT,159280780,3499.41,1.01335,2026-03-20 05:45:24.906,False,3546.1271235
trade,ETHUSDT,159280781,3484.15,1.197276,2026-03-20 05:45:26.820,True,4171.4891754
trade,BTCUSDT,140550558,96833.78,1.725562,2026-03-20 05:45:27.865,True,167092.69108436
trade,ETHUSDT,159280782,3511.02,1.392642,2026-03-20 05:45:31.233,False,4889.593914839999
trade,BTCUSDT,140550559,97192.62,0.893225,2026-03-20 05:45:32.692,False,86814.8779995
trade,ETHUSDT,159280783,3507.5,0.09541,2026-03-20 05:45:35.206,False,334.650575
trade,BTCUSDT,140550560,97084.54,0.988845,2026-03-20 05:45:36.696,True,96001.5619563
trade,BTCUSDT,140550561,96682.23,1.2489,2026-03-20 05:45:37.064,False,120746.43704699998
trade,ETHUSDT,159280784,3515.9,1.843207,2026-03-20 05:45:38.634,True,6480.5314913
trade,BTCUSDT,140550562,96963.38,0.241684,2026-03-20 05:45:39.782,False,23434.497531920002
trade,BTCUSDT,140550563,96922.3,1.435312,2026-03-20 05:45:40.576,False,139113.7402576
trade,ETHUSDT,159280785,3495.42,1.730789,2026-03-20 05:45:41.154,True,6049.834486379999
trade,ETHUSDT,159280786,3490.15,1.4095,2026-03-20 05:45:41.336,False,4919.366425
trade,ETHUSDT,159280787,3490.08,1.220152,2026-03-20 05:45:45.253,False,4258.428092159999
trade,BTCUSDT,140550564,97394.32,1.3756,2026-03-20 05:45:45.301,True,133975.62659200002
trade,ETHUSDT,159280788,3488.74,1.071867,2026-03-20 05:45:46.356,True,3739.4652775799996
trade,BTCUSDT,140550565,96804.72,0.347435,2026-03-20 05:45:46.595,False,33633.3478932
trade,ETHUSDT,159280789,3498.79,1.893494,2026-03-20 05:45:51.117,False,6624.93787226
trade,BTCUSDT,140550566,97132.25,1.810889,2026-03-20 05:45:51.240,True,175895.72307025
trade,BTCUSDT,140550567,96840.86,1.591993,2026-03-20 05:45:51.843,True,154169.97123398
trade,ETHUSDT,159280790,3506.14,1.949463,2026-03-20 05:45:52.255,True,6835.09020282
trade,ETHUSDT,159280791,3510.09,1.819788,2026-03-20 05:45:53.066,True,6387.619660920001
trade,BTCUSDT,140550568,96622.23,0.712111,2026-03-20 05:45:53.265,True,68805.75282753
trade,ETHUSDT,159280792,3486.39,1.482962,2026-03-20 05:45:55.266,False,5170.183887179999
trade,BTCUSDT,140550569,97015.8,1.245839,2026-03-20 05:45:57.973,True,120866.0672562
trade,ETHUSDT,159280793,3487.44,0.098232,2026-03-20 05:45:58.154,True,342.57820608000003
trade,BTCUSDT,140550570,96757.93,0.880184,2026-03-20 05:45:58.694,False,85164.78185911999
trade,ETHUSDT,159280794,3483.89,0.167809,2026-03-20 05:45:58.720,False,584.62809701
trade,BTCUSDT,140550571,96918.89,0.911547,2026-03-20 05:45:59.642,True,88346.12342283
trade,ETHUSDT,159280795,3500.2,0.241043,2026-03-20 05:45:59.828,True,843.6987086
trade,ETHUSDT,159280796,3494.05,1.656344,2026-03-20 05:46:00.213,True,5787.348753200001
trade,BTCUSDT,140550572,96593.57,0.877814,2026-03-20 05:46:01.640,False,84791.18805598
trade,BTCUSDT,140550573,96877.41,1.142639,2026-03-20 05:46:04.598,True,110695.90688499
trade,BTCUSDT,140550574,97325.49,1.742112,2026-03-20 05:46:04.775,False,169551.90403488002
trade,ETHUSDT,159280797,3502.59,0.89032,2026-03-20 05:46:04.887,True,3118.4259288000003
trade,BTCUSDT,140550575,96533.27,1.491707,2026-03-20 05:46:07.455,True,143999.35459189
trade,ETHUSDT,159280798,3509.17,0.331633,2026-03-20 05:46:07.766,False,1163.7565746100001
trade,ETHUSDT,159280799,3492.21,0.440177,2026-03-20 05:46:08.984,False,1537.19052117
trade,BTCUSDT,140550576,97233.02,0.471614,2026-03-20 05:46:11.291,True,45856.45349428
trade,ETHUSDT,159280800,3497.96,0.27854,2026-03-20 05:46:13.172,True,974.3217784000001
trade,BTCUSDT,140550577,96975.98,0.954813,2026-03-20 05:46:14.012,True,92593.92639174
trade,ETHUSDT,159280801,3500.34,1.397476,2026-03-20 05:46:14.487,False,4891.64114184
trade,BTCUSDT,140550578,97439.62,1.158854,2026-03-20 05:46:15.031,True,112918.29339548
trade,ETHUSDT,159280802,3493.06,0.49567,2026-03-20 05:46:18.429,True,1731.4050502
trade,BTCUSDT,140550579,96551.14,1.728368,2026-03-20 05:46:19.907,True,166875.90073952
trade,ETHUSDT,159280803,3493.63,1.360083,2026-03-20 05:46:22.040,True,4751.62677129
trade,ETHUSDT,159280804,3505.76,1.051432,2026-03-20 05:46:23.257,True,3686.06824832
trade,BTCUSDT,140550580,96849.29,0.443442,2026-03-20 05:46:23.290,True,42947.04285618
trade,BTCUSDT,140550581,96914.86,1.736292,2026-03-20 05:46:27.412,False,168272.49609912
trade,ETHUSDT,159280805,3489.05,1.32701,2026-03-20 05:46:27.590,True,4630.0042405
trade,BTCUSDT,140550582,97312.74,0.549392,2026-03-20 05:46:28.438,True,53462.84085408
trade,ETHUSDT,159280806,3514.08,0.26617,2026-03-20 05:46:28.495,True,935.3426736
trade,BTCUSDT,140550583,96877.2,0.276732,2026-03-20 05:46:31.737,False,26809.021310399996
trade,BTCUSDT,140550584,96612.33,1.233412,2026-03-20 05:46:32.455,True,119162.80716996
trade,ETHUSDT,159280807,3487.21,0.137762,2026-03-20 05:46:32.488,False,480.40502402
trade,ETHUSDT,159280808,3486.64,0.556934,2026-03-20 05:46:32.731,True,1941.82836176
trade,ETHUSDT,159280809,3505.41,1.503681,2026-03-20 05:46:36.190,True,5271.01841421
trade,BTCUSDT,140550585,96801.93,0.067119,2026-03-20 05:46:37.403,False,6497.248739669999
trade,BTCUSDT,140550586,97092.99,0.938999,2026-03-20 05:46:38.425,True,91170.22051701
trade,BTCUSDT,140550587,96677.56,0.219496,2026-03-20 05:46:39.384,False,21220.33770976
trade,ETHUSDT,159280810,3499.23,0.965798,2026-03-20 05:46:40.155,True,3379.5493355400004
trade,BTCUSDT,140550588,96830.56,1.748844,2026-03-20 05:46:41.143,True,169341.54387264
trade,BTCUSDT,140550589,97140.43,1.723392,2026-03-20 05:46:41.484,True,167411.03993856
trade,ETHUSDT,159280811,3514.27,0.133815,2026-03-20 05:46:43.914,False,470.26204004999994
trade,BTCUSDT,140550590,97209.98,0.98685,2026-03-20 05:46:45.558,False,95931.668763
trade,ETHUSDT,159280812,3486.15,0.69097,2026-03-20 05:46:47.630,False,2408.8250655
trade,BTCUSDT,140550591,97158.35,0.642136,2026-03-20 05:46:48.834,True,62388.87423560001
trade,ETHUSDT,159280813,3516.25,0.258111,2026-03-20 05:46:50.607,True,907.5828037499999
trade,ETHUSDT,159280814,3497.51,0.506027,2026-03-20 05:46:51.321,False,1769.8344927700002
trade,BTCUSDT,140550592,97484.11,1.892452,2026-03-20 05:46:51.477,False,184483.99893772
trade,ETHUSDT,159280815,3508.53,1.336672,2026-03-20 05:46:51.758,False,4689.753812160001
trade,ETHUSDT,159280816,3495.42,0.06006,2026-03-20 05:46:52.336,False,209.9349252
trade,BTCUSDT,140550593,96613.43,0.35711,2026-03-20 05:46:53.317,False,34501.62198729999
trade,ETHUSDT,159280817,3511.05,0.861156,2026-03-20 05:46:55.587,True,3023.5617738
trade,BTCUSDT,140550594,97423.41,0.83019,2026-03-20 05:46:55.667,True,80879.94074790001
trade,ETHUSDT,159280818,3499.42,0.61696,2026-03-20 05:46:56.392,True,2159.0021632
trade,BTCUSDT,140550595,97162.18,1.585727,2026-03-20 05:46:58.100,False,154072.69220486
trade,ETHUSDT,159280819,3496.71,0.567871,2026-03-20 05:46:59.558,True,1985.68020441
trade,BTCUSDT,140550596,96989.89,1.964665,2026-03-20 05:47:01.336,True,190552.64223685002
trade,ETHUSDT,159280820,3484.89,1.343233,2026-03-20 05:47:02.533,True,4681.01924937
trade,ETHUSDT,159280821,3496.97,1.275802,2026-03-20 05:47:04.225,False,4461.4413199400005
trade,BTCUSDT,140550597,97196.7,0.395081,2026-03-20 05:47:06.075,False,38400.5694327
trade,BTCUSDT,140550598,96953.78,1.204608,2026-03-20 05:47:06.427,True,116791.29901824
trade,BTCUSDT,140550599,97074.87,1.6437,2026-03-20 05:47:06.804,False,159561.963819
trade,ETHUSDT,159280822,3490.75,0.826028,2026-03-20 05:47:07.104,False,2883.457241
trade,BTCUSDT,140550600,96561.93,1.991408,2026-03-20 05:47:09.846,True,192294.19989744
trade,ETHUSDT,159280823,3515.04,1.698698,2026-03-20 05:47:11.213,False,5970.9914179200005
trade,BTCUSDT,140550601,96526.9,1.05723,2026-03-20 05:47:14.113,True,102051.13448699999
trade,ETHUSDT,159280824,3512.68,1.471372,2026-03-20 05:47:14.245,False,5168.458996959999
trade,ETHUSDT,159280825,3482.77,0.127299,2026-03-20 05:47:15.060,False,443.35313822999996
trade,BTCUSDT,140550602,97177.24,1.810972,2026-03-20 05:47:16.528,False,175985.26067728002
trade,ETHUSDT,159280826,3498.49,0.800706,2026-03-20 05:47:17.555,False,2801.26193394
trade,BTCUSDT,140550603,96543.21,1.204677,2026-03-20 05:47:17.621,True,116303.38459317
trade,ETHUSDT,159280827,3517.35,0.696709,2026-03-20 05:47:19.099,True,2450.56940115
trade,BTCUSDT,140550604,96608.17,0.168286,2026-03-20 05:47:20.673,True,16257.80249662
trade,ETHUSDT,159280828,3486.77,0.250002,2026-03-20 05:47:22.576,False,871.69947354
trade,BTCUSDT,140550605,97380.95,1.543168,2026-03-20 05:47:24.688,True,150275.16584960002
trade,ETHUSDT,159280829,3502.05,1.094987,2026-03-20 05:47:25.584,True,3834.69922335
trade,BTCUSDT,140550606,96946.68,1.763801,2026-03-20 05:47:26.171,True,170994.65113068
trade,BTCUSDT,140550607,97414.44,0.801986,2026-03-20 05:47:27.938,True,78125.01707784
trade,ETHUSDT,159280830,3495.17,0.687802,2026-03-20 05:47:28.252,False,2403.98491634
trade,BTCUSDT,140550608,96783.06,0.797801,2026-03-20 05:47:32.407,True,77213.62205106
trade,ETHUSDT,159280831,3497.7,0.62422,2026-03-20 05:47:32.981,True,2183.3342939999998
trade,BTCUSDT,140550609,97360.35,1.153883,2026-03-20 05:47:34.590,True,112342.45273905
trade,ETHUSDT,159280832,3488.2,0.847923,2026-03-20 05:47:36.243,False,2957.7250086
trade,BTCUSDT,140550610,96969.93,1.284835,2026-03-20 05:47:36.555,True,124590.36001154999
trade,ETHUSDT,159280833,3508.72,0.650743,2026-03-20 05:47:37.933,True,2283.2749789599998
trade,BTCUSDT,140550611,96942.49,0.518552,2026-03-20 05:47:39.166,True,50269.72207448001
trade,BTCUSDT,140550612,97116.25,1.444554,2026-03-20 05:47:39.686,False,140289.6674025
trade,BTCUSDT,140550613,96669.88,0.306923,2026-03-20 05:47:40.661,True,29670.209579240003
trade,ETHUSDT,159280834,3489.43,1.922092,2026-03-20 05:47:40.777,True,6707.005487559999
trade,BTCUSDT,140550614,96590.05,1.566964,2026-03-20 05:47:42.984,False,151353.1311082
trade,ETHUSDT,159280835,3483.57,1.265291,2026-03-20 05:47:45.696,True,4407.72976887
trade,BTCUSDT,140550615,97445.88,1.986476,2026-03-20 05:47:46.633,True,193573.90191888
trade,ETHUSDT,159280836,3514.44,0.102955,2026-03-20 05:47:47.040,False,361.8291702
trade,BTCUSDT,140550616,97075.22,0.476884,2026-03-20 05:47:47.478,True,46293.61921448
trade,BTCUSDT,140550617,96579.88,1.968581,2026-03-20 05:47:48.410,False,190125.31675028
trade,ETHUSDT,159280837,3493.35,0.926234,2026-03-20 05:47:50.988,False,3235.6595439
trade,ETHUSDT,159280838,3506.98,1.310588,2026-03-20 05:47:51.163,True,4596.205904240001
trade,ETHUSDT,159280839,3500.21,1.233446,2026-03-20 05:47:52.699,True,4317.3200236600005
trade,BTCUSDT,140550618,96677.64,0.410333,2026-03-20 05:47:53.329,False,39670.02605412
trade,ETHUSDT,159280840,3485.21,1.36885,2026-03-20 05:47:53.333,False,4770.7297085
trade,BTCUSDT,140550619,97103.0,1.979118,2026-03-20 05:47:53.634,False,192178.295154
trade,BTCUSDT,140550620,96994.65,1.247944,2026-03-20 05:47:55.342,True,121043.89149959998
trade,BTCUSDT,140550621,97400.81,0.125985,2026-03-20 05:47:55.954,True,12271.041047850002
trade,ETHUSDT,159280841,3497.82,0.698139,2026-03-20 05:47:56.172,True,2441.96455698
trade,BTCUSDT,140550622,96953.75,1.691416,2026-03-20 05:47:56.351,True,163989.12401
trade,ETHUSDT,159280842,3500.98,0.082284,2026-03-20 05:47:56.552,False,288.07463831999996
trade,ETHUSDT,159280843,3510.65,1.434753,2026-03-20 05:47:57.150,False,5036.91561945
trade,BTCUSDT,140550623,96731.79,1.190972,2026-03-20 05:47:58.551,False,115204.85339987998
trade,BTCUSDT,140550624,96832.5,0.416089,2026-03-20 05:48:00.582,True,40290.9380925
trade,ETHUSDT,159280844,3489.44,0.602192,2026-03-20 05:48:00.858,False,2101.31285248
trade,ETHUSDT,159280845,3493.03,0.897222,2026-03-20 05:48:04.251,False,3134.02336266
trade,BTCUSDT,140550625,97443.24,0.521311,2026-03-20 05:48:05.350,True,50798.23288764
trade,BTCUSDT,140550626,96672.44,0.82724,2026-03-20 05:48:05.971,True,79971.3092656
trade,ETHUSDT,159280846,3509.64,0.06083,2026-03-20 05:48:08.598,False,213.4914012
trade,BTCUSDT,140550627,97255.5,1.242788,2026-03-20 05:48:08.986,True,120867.968334
trade,BTCUSDT,140550628,96746.78,1.873174,2026-03-20 05:48:11.672,False,181223.55287972
trade,ETHUSDT,159280847,3486.17,0.230597,2026-03-20 05:48:12.638,True,803.90034349
trade,BTCUSDT,140550629,96995.69,0.374972,2026-03-20 05:48:15.655,False,36370.66787068
trade,ETHUSDT,159280848,3496.08,0.56319,2026-03-20 05:48:17.050,False,1968.9572951999999
trade,BTCUSDT,140550630,97474.48,0.417028,2026-03-20 05:48:20.295,True,40649.58744544
trade,ETHUSDT,159280849,3509.67,0.955758,2026-03-20 05:48:21.509,False,3354.39517986
trade,BTCUSDT,140550631,96656.15,0.13634,2026-03-20 05:48:23.993,True,13178.099490999999
trade,BTCUSDT,140550632,96779.46,1.84249,2026-03-20 05:48:26.331,True,178315.1872554
trade,ETHUSDT,159280850,3482.79,0.51034,2026-03-20 05:48:26.374,False,1777.4070486
trade,BTCUSDT,140550633,96661.27,0.4706,2026-03-20 05:48:27.163,True,45488.793662000004
trade,ETHUSDT,159280851,3494.37,0.113403,2026-03-20 05:48:29.568,True,396.27204111
trade,BTCUSDT,140550634,97449.7,1.412232,2026-03-20 05:48:31.055,False,137621.58473039998
trade,BTCUSDT,140550635,96591.63,1.944482,2026-03-20 05:48:32.322,False,187820.68588566
trade,BTCUSDT,140550636,96887.18,1.356238,2026-03-20 05:48:33.549,False,131402.07522884
trade,ETHUSDT,159280852,3510.23,1.244641,2026-03-20 05:48:34.022,False,4368.9761774300005
trade,ETHUSDT,159280853,3505.54,0.189071,2026-03-20 05:48:36.050,False,662.79595334
trade,BTCUSDT,140550637,96735.24,0.535612,2026-03-20 05:48:36.933,True,51812.55536688
trade,ETHUSDT,159280854,3504.33,1.000233,2026-03-20 05:48:39.713,False,3505.1465088899995
trade,BTCUSDT,140550638,96823.93,0.08976,2026-03-20 05:48:41.420,True,8690.9159568
trade,ETHUSDT,159280855,3504.23,0.362995,2026-03-20 05:48:42.788,False,1272.01796885
trade,BTCUSDT,140550639,97213.01,1.793202,2026-03-20 05:48:43.028,False,174322.56395801998
trade,ETHUSDT,159280856,3505.19,1.416478,2026-03-20 05:48:45.177,True,4965.024520819999
trade,BTCUSDT,140550640,97316.75,1.206002,2026-03-20 05:48:46.045,False,117364.1951335
trade,ETHUSDT,159280857,3489.05,0.187701,2026-03-20 05:48:48.465,True,654.8981740500001
trade,BTCUSDT,140550641,96731.54,1.907888,2026-03-20 05:48:49.306,False,184552.94438752
trade,ETHUSDT,159280858,3493.56,1.623624,2026-03-20 05:48:50.128,True,5672.22786144
trade,BTCUSDT,140550642,97162.31,0.352215,2026-03-20 05:48:51.031,True,34222.02301665
trade,ETHUSDT,159280859,3485.69,1.949565,2026-03-20 05:48:54.017,False,6795.57922485
trade,BTCUSDT,140550643,97445.01,0.785932,2026-03-20 05:48:54.946,True,76585.15159931999
trade,ETHUSDT,159280860,3499.47,0.359833,2026-03-20 05:48:56.293,True,1259.22478851
trade,BTCUSDT,140550644,96668.52,1.630441,2026-03-20 05:48:57.147,True,157612.31841732
trade,ETHUSDT,159280861,3492.31,1.484177,2026-03-20 05:49:00.671,True,5183.20617887
trade,ETHUSDT,159280862,3515.39,0.710341,2026-03-20 05:49:01.624,True,2497.12564799
trade,BTCUSDT,140550645,96902.59,1.673001,2026-03-20 05:49:01.948,False,162118.12997259
trade,ETHUSDT,159280863,3497.19,0.749349,2026-03-20 05:49:03.052,True,2620.61582931
trade,BTCUSDT,140550646,97300.46,1.302325,2026-03-20 05:49:03.536,True,126716.82156950001
trade,ETHUSDT,159280864,3498.91,1.098303,2026-03-20 05:49:05.246,True,3842.8633497299998
trade,BTCUSDT,140550647,96542.95,1.837273,2026-03-20 05:49:05.366,True,177375.75537534998
trade,BTCUSDT,140550648,96977.52,1.549903,2026-03-20 05:49:06.672,True,150305.74918056
trade,BTCUSDT,140550649,96910.48,0.522758,2026-03-20 05:49:10.058,True,50660.728703839995
trade,ETHUSDT,159280865,3488.11,1.234295,2026-03-20 05:49:10.096,False,4305.35673245
trade,BTCUSDT,140550650,97364.13,0.796868,2026-03-20 05:49:12.663,False,77586.35954484
trade,BTCUSDT,140550651,97014.18,0.371422,2026-03-20 05:49:13.180,False,36033.20076396
trade,ETHUSDT,159280866,3498.93,1.376987,2026-03-20 05:49:14.038,False,4817.98112391
trade,BTCUSDT,140550652,97187.74,0.175373,2026-03-20 05:49:15.658,True,17044.10552702
trade,BTCUSDT,140550653,96713.57,0.431491,2026-03-20 05:49:16.173,False,41731.03503287001
trade,ETHUSDT,159280867,3482.57,1.679985,2026-03-20 05:49:18.281,True,5850.66536145
trade,BTCUSDT,140550654,96901.39,0.879059,2026-03-20 05:49:20.654,True,85182.03899201
trade,ETHUSDT,159280868,3504.28,0.824071,2026-03-20 05:49:22.129,True,2887.77552388
trade,BTCUSDT,140550655,96994.15,0.199633,2026-03-20 05:49:23.273,False,19363.23314695
trade,ETHUSDT,159280869,3499.33,0.259164,2026-03-20 05:49:26.882,False,906.90036012
trade,BTCUSDT,140550656,96544.28,1.548748,2026-03-20 05:49:28.096,True,149522.76056144
trade,ETHUSDT,159280870,3516.14,0.239145,2026-03-20 05:49:28.900,True,840.8673003
trade,BTCUSDT,140550657,96990.41,0.368247,2026-03-20 05:49:29.044,False,35716.42751127
trade,BTCUSDT,140550658,97441.26,1.98696,2026-03-20 05:49:32.786,True,193611.8859696
trade,ETHUSDT,159280871,3512.7,0.701118,2026-03-20 05:49:32.836,True,2462.8171985999998
trade,ETHUSDT,159280872,3484.83,0.121857,2026-03-20 05:49:35.194,False,424.65092931
trade,BTCUSDT,140550659,97030.72,0.906411,2026-03-20 05:49:35.225,True,87949.71194592
trade,BTCUSDT,140550660,97101.78,1.066316,2026-03-20 05:49:35.654,True,103541.18164248
trade,ETHUSDT,159280873,3499.6,1.741395,2026-03-20 05:49:36.027,False,6094.185942
trade,BTCUSDT,140550661,96928.01,0.736215,2026-03-20 05:49:37.068,True,71359.85488214999
trade,ETHUSDT,159280874,3496.87,0.155963,2026-03-20 05:49:39.309,False,545.38233581
trade,BTCUSDT,140550662,97278.85,0.896334,2026-03-20 05:49:41.151,False,87194.3407359
trade,BTCUSDT,140550663,97095.54,1.346228,2026-03-20 05:49:41.313,False,130712.73462311999
trade,BTCUSDT,140550664,96616.65,0.293585,2026-03-20 05:49:42.059,True,28365.199190249998
trade,ETHUSDT,159280875,3487.09,0.613455,2026-03-20 05:49:42.167,True,2139.17279595
trade,ETHUSDT,159280876,3513.34,0.844566,2026-03-20 05:49:42.960,True,2967.24751044
trade,BTCUSDT,140550665,96917.83,0.821423,2026-03-20 05:49:46.246,True,79610.53467209
trade,ETHUSDT,159280877,3499.68,0.377948,2026-03-20 05:49:47.872,False,1322.69705664
trade,BTCUSDT,140550666,96597.23,1.384467,2026-03-20 05:49:48.885,True,133735.67722641
trade,ETHUSDT,159280878,3502.54,1.631986,2026-03-20 05:49:52.015,False,5716.096244439999
trade,BTCUSDT,140550667,96686.35,0.741071,2026-03-20 05:49:53.414,True,71651.45008085
trade,ETHUSDT,159280879,3517.35,0.799613,2026-03-20 05:49:54.995,False,2812.51878555
trade,BTCUSDT,140550668,96723.41,1.528386,2026-03-20 05:49:57.086,True,147830.70571626
trade,BTCUSDT,140550669,96665.2,0.883859,2026-03-20 05:49:59.010,False,85438.40700679999
trade,ETHUSDT,159280880,3494.94,1.056273,2026-03-20 05:49:59.076,True,3691.61075862
trade,BTCUSDT,140550670,96739.82,1.340536,2026-03-20 05:50:00.833,True,129683.21134352
trade,BTCUSDT,140550671,97127.74,0.742762,2026-03-20 05:50:02.367,True,72142.79441788001
trade,ETHUSDT,159280881,3490.29,1.682609,2026-03-20 05:50:02.612,True,5872.79336661
trade,ETHUSDT,159280882,3490.7,1.191172,2026-03-20 05:50:04.108,False,4158.024100399999
trade,ETHUSDT,159280883,3507.82,1.614008,2026-03-20 05:50:04.765,True,5661.649542560001
trade,BTCUSDT,140550672,96950.89,0.220989,2026-03-20 05:50:06.261,False,21425.08023021
trade,ETHUSDT,159280884,3490.28,0.612652,2026-03-20 05:50:07.643,True,2138.32702256
trade,BTCUSDT,140550673,96561.05,0.462151,2026-03-20 05:50:08.462,False,44625.78581855
trade,ETHUSDT,159280885,3497.9,1.301385,2026-03-20 05:50:09.071,True,4552.1145915
trade,BTCUSDT,140550674,97002.27,1.118114,2026-03-20 05:50:09.462,False,108459.59611878001
trade,ETHUSDT,159280886,3516.94,0.186088,2026-03-20 05:50:14.007,True,654.46033072
trade,BTCUSDT,140550675,96755.46,0.559437,2026-03-20 05:50:14.092,True,54128.58427602
trade,BTCUSDT,140550676,97052.24,1.99204,2026-03-20 05:50:17.768,False,193331.9441696
trade,ETHUSDT,159280887,3496.01,0.162923,2026-03-20 05:50:18.301,True,569.58043723
trade,BTCUSDT,140550677,97178.87,0.600781,2026-03-20 05:50:21.797,False,58383.21869747
trade,BTCUSDT,140550678,96611.6,0.662696,2026-03-20 05:50:22.209,False,64024.1208736
trade,ETHUSDT,159280888,3497.84,0.821964,2026-03-20 05:50:22.537,False,2875.0985577600004
trade,BTCUSDT,140550679,97132.58,1.447876,2026-03-20 05:50:25.228,True,140635.93140008
trade,ETHUSDT,159280889,3501.59,1.015355,2026-03-20 05:50:25.498,True,3555.35691445
trade,BTCUSDT,140550680,97005.13,1.38181,2026-03-20 05:50:25.878,False,134042.6586853
trade,ETHUSDT,159280890,3502.93,1.048752,2026-03-20 05:50:26.347,False,3673.7048433599994
trade,ETHUSDT,159280891,3494.8,1.608872,2026-03-20 05:50:29.119,True,5622.6858656
trade,BTCUSDT,140550681,96915.3,1.597819,2026-03-20 05:50:29.581,True,154853.10773070002
trade,BTCUSDT,140550682,97138.81,1.386068,2026-03-20 05:50:30.728,True,134640.99609908002
trade,BTCUSDT,140550683,96572.57,0.380274,2026-03-20 05:50:31.619,False,36724.03748418
trade,BTCUSDT,140550684,96632.89,0.493012,2026-03-20 05:50:32.174,False,47641.17436468
trade,ETHUSDT,159280892,3501.43,1.707466,2026-03-20 05:50:34.031,True,5978.572676379999
trade,ETHUSDT,159280893,3499.46,0.403827,2026-03-20 05:50:36.026,True,1413.17643342
trade,BTCUSDT,140550685,96781.44,1.259228,2026-03-20 05:50:36.223,False,121869.89912832
trade,BTCUSDT,140550686,97232.55,1.604917,2026-03-20 05:50:37.618,False,156050.17244835
trade,ETHUSDT,159280894,3509.64,0.456178,2026-03-20 05:50:40.911,True,1601.0205559199999
trade,BTCUSDT,140550687,97472.11,1.203799,2026-03-20 05:50:42.177,False,117336.82854589
trade,BTCUSDT,140550688,97018.88,0.832832,2026-03-20 05:50:43.268,False,80800.42786816001
trade,ETHUSDT,159280895,3493.84,0.737871,2026-03-20 05:50:44.853,False,2578.0032146400004
trade,BTCUSDT,140550689,97053.93,0.851159,2026-03-20 05:50:46.094,True,82608.32600486999
trade,ETHUSDT,159280896,3490.3,0.089435,2026-03-20 05:50:48.840,True,312.1549805
trade,BTCUSDT,140550690,97375.36,1.675383,2026-03-20 05:50:50.113,True,163141.02276288002
trade,BTCUSDT,140550691,96930.44,0.698058,2026-03-20 05:50:51.882,False,67663.06908552
trade,BTCUSDT,140550692,97385.34,0.390814,2026-03-20 05:50:52.365,True,38059.554266759995
trade,ETHUSDT,159280897,3509.85,1.106136,2026-03-20 05:50:52.422,False,3882.3714396
trade,ETHUSDT,159280898,3507.45,1.172593,2026-03-20 05:50:53.297,True,4112.81131785
trade,BTCUSDT,140550693,96810.94,0.294903,2026-03-20 05:50:54.928,False,28549.836638820005
trade,ETHUSDT,159280899,3516.05,1.525247,2026-03-20 05:50:55.812,True,5362.844714350001
trade,BTCUSDT,140550694,96577.42,1.073906,2026-03-20 05:50:58.319,False,103715.07080252
trade,ETHUSDT,159280900,3508.93,1.543964,2026-03-20 05:50:58.457,False,5417.66159852
trade,BTCUSDT,140550695,96708.25,1.331523,2026-03-20 05:51:00.243,False,128769.25916475
trade,ETHUSDT,159280901,3486.74,0.536134,2026-03-20 05:51:00.472,True,1869.3598631599998
trade,ETHUSDT,159280902,3501.64,0.444547,2026-03-20 05:51:01.355,False,1556.64355708
trade,BTCUSDT,140550696,97045.15,1.862119,2026-03-20 05:51:01.535,False,180709.61767285
trade,ETHUSDT,159280903,3499.34,0.894583,2026-03-20 05:51:02.125,True,3130.45007522
trade,BTCUSDT,140550697,97189.59,0.759696,2026-03-20 05:51:03.007,False,73834.54276464
trade,BTCUSDT,140550698,96789.42,1.793838,2026-03-20 05:51:03.564,True,173624.53959396
trade,ETHUSDT,159280904,3515.82,1.345106,2026-03-20 05:51:03.708,False,4729.15057692
trade,BTCUSDT,140550699,97196.85,0.01845,2026-03-20 05:51:05.233,True,1793.2818825000002
trade,BTCUSDT,140550700,96969.55,1.795027,2026-03-20 05:51:06.288,True,174062.96042785
trade,ETHUSDT,159280905,3485.57,0.0997,2026-03-20 05:51:06.537,False,347.511329
trade,BTCUSDT,140550701,96742.57,0.030817,2026-03-20 05:51:07.223,False,2981.3157796900005
trade,ETHUSDT,159280906,3513.76,1.124598,2026-03-20 05:51:09.005,True,3951.56746848
trade,BTCUSDT,140550702,96965.83,1.455725,2026-03-20 05:51:10.815,True,141155.58287675
trade,BTCUSDT,140550703,96713.27,1.702171,2026-03-20 05:51:11.986,True,164622.52350917002
trade,ETHUSDT,159280907,3510.45,0.043797,2026-03-20 05:51:12.678,True,153.74717865
trade,BTCUSDT,140550704,96655.6,0.493429,2026-03-20 05:51:15.246,False,47692.676052400006
trade,ETHUSDT,159280908,3513.49,1.84492,2026-03-20 05:51:16.371,True,6482.107970799999
trade,ETHUSDT,159280909,3490.72,0.723861,2026-03-20 05:51:17.685,True,2526.79606992
trade,BTCUSDT,140550705,96975.14,1.857682,2026-03-20 05:51:19.055,True,180148.97202548
trade,BTCUSDT,140550706,96882.11,1.236255,2026-03-20 05:51:19.483,False,119770.99289805001
trade,BTCUSDT,140550707,97302.21,1.472954,2026-03-20 05:51:20.059,False,143321.67942834002
trade,ETHUSDT,159280910,3515.04,1.722329,2026-03-20 05:51:21.329,True,6054.05532816
trade,BTCUSDT,140550708,97445.66,1.86631,2026-03-20 05:51:22.927,False,181863.8097146
trade,BTCUSDT,140550709,97194.32,0.160118,2026-03-20 05:51:24.185,False,15562.560129760002
trade,ETHUSDT,159280911,3499.78,1.115419,2026-03-20 05:51:26.327,True,3903.72110782
trade,BTCUSDT,140550710,96640.58,0.492701,2026-03-20 05:51:26.746,False,47614.91040658
trade,BTCUSDT,140550711,96930.58,0.875494,2026-03-20 05:51:26.984,True,84862.14120652
trade,BTCUSDT,140550712,96684.52,0.028461,2026-03-20 05:51:29.850,True,2751.73812372
trade,ETHUSDT,159280912,3483.14,1.930665,2026-03-20 05:51:30.443,True,6724.7764881
trade,BTCUSDT,140550713,96674.2,1.044941,2026-03-20 05:51:32.318,False,101018.83522219998
trade,BTCUSDT,140550714,97281.92,0.918379,2026-03-20 05:51:32.742,False,89341.67240767999
trade,BTCUSDT,140550715,97214.25,1.235834,2026-03-20 05:51:34.539,True,120140.67543450001
trade,ETHUSDT,159280913,3513.76,1.064038,2026-03-20 05:51:35.157,False,3738.7741628800004
trade,BTCUSDT,140550716,97381.83,0.947954,2026-03-20 05:51:35.756,False,92313.49527582
trade,ETHUSDT,159280914,3514.92,1.393969,2026-03-20 05:51:37.810,True,4899.68951748
trade,BTCUSDT,140550717,96624.9,1.0009,2026-03-20 05:51:37.882,False,96711.86240999999
trade,ETHUSDT,159280915,3483.22,1.929681,2026-03-20 05:51:40.432,True,6721.503452819999
trade,BTCUSDT,140550718,97030.8,1.019767,2026-03-20 05:51:42.359,False,98948.80782360001
trade,ETHUSDT,159280916,3496.37,0.266541,2026-03-20 05:51:43.909,True,931.9259561699998
trade,BTCUSDT,140550719,96620.8,1.486231,2026-03-20 05:51:45.228,False,143600.82820480003
trade,ETHUSDT,159280917,3516.27,1.247104,2026-03-20 05:51:45.430,True,4385.15438208
trade,BTCUSDT,140550720,97381.23,1.48268,2026-03-20 05:51:47.902,False,144385.2020964
trade,ETHUSDT,159280918,3493.45,1.255195,2026-03-20 05:51:49.118,True,4384.96097275
trade,BTCUSDT,140550721,97394.08,1.652224,2026-03-20 05:51:50.419,True,160916.83643392
trade,ETHUSDT,159280919,3491.24,0.987786,2026-03-20 05:51:52.185,True,3448.59799464
trade,BTCUSDT,140550722,96524.4,1.96423,2026-03-20 05:51:54.978,True,189596.122212
trade,ETHUSDT,159280920,3514.86,0.423215,2026-03-20 05:51:55.978,True,1487.5414749000001
trade,BTCUSDT,140550723,97003.22,1.277491,2026-03-20 05:51:58.752,True,123920.74052102
trade,ETHUSDT,159280921,3491.26,1.087584,2026-03-20 05:52:00.605,True,3797.0385158400004
trade,ETHUSDT,159280922,3497.09,1.68444,2026-03-20 05:52:01.869,True,5890.6382796
trade,BTCUSDT,140550724,96636.34,1.050605,2026-03-20 05:52:02.008,False,101526.6219857
trade,BTCUSDT,140550725,96761.31,0.737532,2026-03-20 05:52:06.047,False,71364.56248692
trade,ETHUSDT,159280923,3488.12,0.48917,2026-03-20 05:52:06.164,True,1706.2836604
trade,ETHUSDT,159280924,3509.85,1.42063,2026-03-20 05:52:08.066,False,4986.1982055
trade,BTCUSDT,140550726,97324.07,1.486296,2026-03-20 05:52:08.217,True,144652.37594472003
trade,BTCUSDT,140550727,96525.45,0.940254,2026-03-20 05:52:09.977,False,90758.4404643
trade,ETHUSDT,159280925,3503.38,0.686624,2026-03-20 05:52:10.704,False,2405.50478912
trade,ETHUSDT,159280926,3515.27,0.075264,2026-03-20 05:52:11.591,True,264.57328128
trade,BTCUSDT,140550728,97026.35,1.448612,2026-03-20 05:52:11.903,False,140553.53492620002
trade,BTCUSDT,140550729,97313.07,0.793666,2026-03-20 05:52:13.116,False,77234.07501462
trade,ETHUSDT,159280927,3497.52,0.197104,2026-03-20 05:52:14.120,False,689.37518208
trade,ETHUSDT,159280928,3489.49,0.295001,2026-03-20 05:52:15.305,False,1029.40303949
trade,BTCUSDT,140550730,96666.27,0.495689,2026-03-20 05:52:15.578,True,47916.40671003
trade,ETHUSDT,159280929,3490.45,1.073087,2026-03-20 05:52:17.098,False,3745.5565191499995
trade,ETHUSDT,159280930,3484.51,0.615209,2026-03-20 05:52:19.078,False,2143.70191259
trade,BTCUSDT,140550731,97310.7,0.644002,2026-03-20 05:52:19.754,True,62668.285421399996
trade,ETHUSDT,159280931,3493.7,1.979439,2026-03-20 05:52:19.790,False,6915.566034299999
trade,ETHUSDT,159280932,3515.4,0.779621,2026-03-20 05:52:21.112,False,2740.6796634
trade,BTCUSDT,140550732,97030.64,0.570414,2026-03-20 05:52:22.470,False,55347.635484959996
trade,ETHUSDT,159280933,3488.47,0.482834,2026-03-20 05:52:24.433,True,1684.3519239799998
trade,ETHUSDT,159280934,3514.63,1.621685,2026-03-20 05:52:26.258,True,5699.62275155
trade,BTCUSDT,140550733,97189.2,1.855442,2026-03-20 05:52:26.755,False,180328.9236264
trade,BTCUSDT,140550734,96848.35,0.645252,2026-03-20 05:52:26.984,False,62491.59153420001
trade,ETHUSDT,159280935,3512.67,0.511579,2026-03-20 05:52:28.631,False,1797.00820593
trade,BTCUSDT,140550735,97185.65,0.610292,2026-03-20 05:52:28.724,True,59311.62470979999
trade,BTCUSDT,140550736,96804.89,0.144172,2026-03-20 05:52:32.144,False,13956.554601079999
trade,ETHUSDT,159280936,3489.56,1.104475,2026-03-20 05:52:33.236,False,3854.131781
trade,ETHUSDT,159280937,3483.6,1.054179,2026-03-20 05:52:35.081,True,3672.3379643999997
trade,BTCUSDT,140550737,96593.18,1.129655,2026-03-20 05:52:35.243,True,109116.9687529
trade,ETHUSDT,159280938,3512.98,1.095791,2026-03-20 05:52:35.282,True,3849.49186718
trade,ETHUSDT,159280939,3497.39,0.7119,2026-03-20 05:52:35.480,True,2489.791941
trade,BTCUSDT,140550738,96841.31,0.601434,2026-03-20 05:52:36.174,True,58243.65643854
trade,ETHUSDT,159280940,3512.34,0.263604,2026-03-20 05:52:39.741,False,925.86687336
trade,BTCUSDT,140550739,96675.9,1.975915,2026-03-20 05:52:41.087,False,191023.3609485
trade,ETHUSDT,159280941,3488.15,0.140845,2026-03-20 05:52:42.050,True,491.28848675
trade,BTCUSDT,140550740,96999.62,0.608843,2026-03-20 05:52:42.648,False,59057.53963966
trade,ETHUSDT,159280942,3511.4,1.169987,2026-03-20 05:52:42.974,False,4108.292351800001
trade,BTCUSDT,140550741,96886.7,1.536368,2026-03-20 05:52:46.387,False,148853.62550559998
trade,ETHUSDT,159280943,3488.44,0.379184,2026-03-20 05:52:47.615,False,1322.76063296
trade,BTCUSDT,140550742,96680.03,0.866691,2026-03-20 05:52:49.754,False,83791.71188073
trade,ETHUSDT,159280944,3497.11,1.05409,2026-03-20 05:52:52.601,False,3686.2686799
trade,BTCUSDT,140550743,97015.26,1.317393,2026-03-20 05:52:54.374,False,127807.22441718
trade,ETHUSDT,159280945,3492.01,1.37108,2026-03-20 05:52:57.028,True,4787.8250708000005
trade,BTCUSDT,140550744,97234.31,1.937372,2026-03-20 05:52:57.306,False,188379.02963332
trade,ETHUSDT,159280946,3487.64,1.484635,2026-03-20 05:52:58.500,False,5177.8724114
trade,BTCUSDT,140550745,97337.68,0.727785,2026-03-20 05:53:01.392,False,70840.9034388
trade,ETHUSDT,159280947,3505.36,1.716102,2026-03-20 05:53:02.153,False,6015.55530672
trade,BTCUSDT,140550746,96729.45,1.648745,2026-03-20 05:53:02.328,False,159482.19704024997
trade,BTCUSDT,140550747,97429.81,0.047398,2026-03-20 05:53:04.066,False,4617.9781343800005
trade,ETHUSDT,159280948,3502.66,0.696476,2026-03-20 05:53:06.252,True,2439.5186261599997
trade,BTCUSDT,140550748,97128.59,1.046387,2026-03-20 05:53:07.319,True,101634.09390432999
trade,ETHUSDT,159280949,3488.49,0.16402,2026-03-20 05:53:07.343,False,572.1821298
trade,BTCUSDT,140550749,96729.79,0.246189,2026-03-20 05:53:07.808,False,23813.810270309998
trade,BTCUSDT,140550750,97075.09,0.393096,2026-03-20 05:53:08.287,True,38159.82957864
trade,ETHUSDT,159280950,3491.27,1.373081,2026-03-20 05:53:08.672,True,4793.79650287
trade,BTCUSDT,140550751,96735.58,0.151704,2026-03-20 05:53:10.377,False,14675.17442832
trade,ETHUSDT,159280951,3489.13,1.790219,2026-03-20 05:53:11.337,True,6246.30681947
trade,BTCUSDT,140550752,96824.07,1.011904,2026-03-20 05:53:12.450,False,97976.66372928
trade,ETHUSDT,159280952,3491.57,0.086805,2026-03-20 05:53:12.777,True,303.08573385
trade,BTCUSDT,140550753,96589.12,0.523211,2026-03-20 05:53:14.845,True,50536.490064319994
trade,BTCUSDT,140550754,96629.45,1.773726,2026-03-20 05:53:16.579,False,171394.1678307
trade,ETHUSDT,159280953,3488.88,1.401556,2026-03-20 05:53:17.189,False,4889.86069728
trade,ETHUSDT,159280954,3493.34,0.830352,2026-03-20 05:53:18.473,True,2900.70185568
trade,ETHUSDT,159280955,3502.24,1.92639,2026-03-20 05:53:20.364,False,6746.6801135999995
trade,BTCUSDT,140550755,97311.19,0.179705,2026-03-20 05:53:21.314,False,17487.30739895
trade,ETHUSDT,159280956,3504.13,1.814496,2026-03-20 05:53:21.622,False,6358.229868480001
trade,ETHUSDT,159280957,3504.68,0.332908,2026-03-20 05:53:22.779,False,1166.7360094399999
trade,BTCUSDT,140550756,97478.83,0.745448,2026-03-20 05:53:24.390,True,72665.39886584
trade,BTCUSDT,140550757,97390.83,0.529964,2026-03-20 05:53:25.110,False,51613.63383012
trade,BTCUSDT,140550758,96592.22,0.102216,2026-03-20 05:53:26.568,False,9873.27035952
trade,ETHUSDT,159280958,3484.96,1.413013,2026-03-20 05:53:27.010,False,4924.29378448
trade,ETHUSDT,159280959,3516.02,1.954776,2026-03-20 05:53:28.005,False,6873.03151152
trade,ETHUSDT,159280960,3493.04,0.351602,2026-03-20 05:53:31.170,False,1228.15985008
trade,BTCUSDT,140550759,96991.16,1.4854,2026-03-20 05:53:31.190,False,144070.66906400002
trade,ETHUSDT,159280961,3487.67,0.848233,2026-03-20 05:53:31.386,False,2958.35678711
trade,BTCUSDT,140550760,96833.98,0.638876,2026-03-20 05:53:33.315,True,61864.90580648
trade,ETHUSDT,159280962,3493.46,1.098774,2026-03-20 05:53:35.755,False,3838.52301804
trade,ETHUSDT,159280963,3487.8,1.400764,2026-03-20 05:53:36.677,True,4885.5846792
trade,BTCUSDT,140550761,96575.97,1.33377,2026-03-20 05:53:36.864,True,128810.1315069
trade,ETHUSDT,159280964,3510.1,1.408762,2026-03-20 05:53:37.162,False,4944.8954962
trade,BTCUSDT,140550762,97417.29,0.182679,2026-03-20 05:53:38.985,True,17796.09311991
trade,ETHUSDT,159280965,3505.7,0.6594,2026-03-20 05:53:39.843,False,2311.65858
trade,ETHUSDT,159280966,3499.46,1.76412,2026-03-20 05:53:39.946,False,6173.4673752
trade,BTCUSDT,140550763,96881.07,0.816662,2026-03-20 05:53:41.929,True,79119.08838834001
trade,ETHUSDT,159280967,3516.83,1.039277,2026-03-20 05:53:42.976,True,3654.96053191
trade,ETHUSDT,159280968,3494.69,1.159402,2026-03-20 05:53:44.417,True,4051.75057538
trade,BTCUSDT,140550764,96565.4,1.455303,2026-03-20 05:53:44.828,False,140531.9163162
trade,ETHUSDT,159280969,3512.61,0.73731,2026-03-20 05:53:45.639,False,2589.8824791
trade,BTCUSDT,140550765,96706.31,0.017361,2026-03-20 05:53:49.180,True,1678.91824791
trade,ETHUSDT,159280970,3514.77,0.177327,2026-03-20 05:53:50.340,False,623.26361979
trade,BTCUSDT,140550766,96929.74,1.567899,2026-03-20 05:53:51.947,False,151976.04241626
trade,ETHUSDT,159280971,3496.02,0.778187,2026-03-20 05:53:52.346,False,2720.55731574
trade,ETHUSDT,159280972,3512.39,0.187517,2026-03-20 05:53:53.129,False,658.6328356299999
trade,BTCUSDT,140550767,96898.86,0.760048,2026-03-20 05:53:55.475,False,73647.78474527999
trade,ETHUSDT,159280973,3505.56,0.130275,2026-03-20 05:53:55.822,False,456.686829
trade,ETHUSDT,159280974,3497.8,1.859292,2026-03-20 05:53:57.233,False,6503.4315576
trade,ETHUSDT,159280975,3502.69,0.650718,2026-03-20 05:53:59.878,True,2279.26343142
trade,BTCUSDT,140550768,96746.03,0.859351,2026-03-20 05:53:59.939,False,83138.79762653
trade,ETHUSDT,159280976,3499.23,1.476009,2026-03-20 05:54:02.741,False,5164.89497307
trade,BTCUSDT,140550769,97459.11,0.975804,2026-03-20 05:54:03.171,True,95100.98937444
trade,ETHUSDT,159280977,3492.19,1.952186,2026-03-20 05:54:04.227,False,6817.40442734
trade,BTCUSDT,140550770,96972.03,1.449653,2026-03-20 05:54:05.458,True,140575.79420559
trade,BTCUSDT,140550771,97352.73,1.065097,2026-03-20 05:54:05.631,False,103690.10066480999
trade,ETHUSDT,159280978,3511.45,1.418479,2026-03-20 05:54:07.332,True,4980.91808455
trade,BTCUSDT,140550772,96560.85,0.240127,2026-03-20 05:54:07.666,True,23186.867227950002
trade,ETHUSDT,159280979,3485.56,1.205963,2026-03-20 05:54:10.462,False,4203.45639428
trade,ETHUSDT,159280980,3510.35,1.439895,2026-03-20 05:54:10.911,False,5054.53541325
trade,BTCUSDT,140550773,96805.33,0.459601,2026-03-20 05:54:11.436,True,44491.82647333
trade,BTCUSDT,140550774,97059.87,1.161216,2026-03-20 05:54:12.048,True,112707.47400192
trade,BTCUSDT,140550775,96526.74,1.270987,2026-03-20 05:54:13.597,True,122684.23169238001
trade,ETHUSDT,159280981,3504.7,1.75366,2026-03-20 05:54:13.793,False,6146.052202
trade,ETHUSDT,159280982,3514.64,1.417819,2026-03-20 05:54:15.313,True,4983.1233701599995
trade,ETHUSDT,159280983,3493.6,0.805804,2026-03-20 05:54:16.373,False,2815.1568543999997
trade,BTCUSDT,140550776,97342.91,1.100021,2026-03-20 05:54:16.398,True,107079.24520111
trade,ETHUSDT,159280984,3511.66,0.788876,2026-03-20 05:54:18.625,True,2770.2642941599997
trade,ETHUSDT,159280985,3511.69,0.823641,2026-03-20 05:54:19.678,True,2892.37186329
trade,BTCUSDT,140550777,96850.21,0.474172,2026-03-20 05:54:20.481,False,45923.65777612
trade,BTCUSDT,140550778,97207.36,0.807342,2026-03-20 05:54:22.223,True,78479.58443712001
trade,ETHUSDT,159280986,3509.91,1.939443,2026-03-20 05:54:23.288,True,6807.2703801299995
trade,BTCUSDT,140550779,97452.23,1.097914,2026-03-20 05:54:24.123,True,106994.16764822
trade,BTCUSDT,140550780,97378.56,0.5089,2026-03-20 05:54:26.828,True,49555.949184
trade,ETHUSDT,159280987,3515.4,1.138694,2026-03-20 05:54:27.218,False,4002.9648876000006
trade,ETHUSDT,159280988,3486.53,0.393918,2026-03-20 05:54:29.429,False,1373.40692454
trade,BTCUSDT,140550781,96663.09,1.654223,2026-03-20 05:54:31.319,False,159902.30672907
trade,ETHUSDT,159280989,3486.55,1.067806,2026-03-20 05:54:34.194,True,3722.9590093
trade,BTCUSDT,140550782,97423.16,0.204375,2026-03-20 05:54:34.595,False,19910.858325
trade,ETHUSDT,159280990,3490.26,0.420416,2026-03-20 05:54:34.771,False,1467.36114816
trade,ETHUSDT,159280991,3484.96,0.178006,2026-03-20 05:54:35.769,True,620.34378976
trade,BTCUSDT,140550783,96994.68,1.069466,2026-03-20 05:54:38.208,True,103732.51244087999
trade,ETHUSDT,159280992,3487.34,0.500648,2026-03-20 05:54:39.658,False,1745.92979632
trade,BTCUSDT,140550784,97408.31,1.345681,2026-03-20 05:54:40.237,False,131080.51200910998
trade,BTCUSDT,140550785,97170.73,1.611669,2026-03-20 05:54:43.279,True,156607.05324837
trade,ETHUSDT,159280993,3494.9,1.524465,2026-03-20 05:54:43.318,False,5327.8527285
trade,ETHUSDT,159280994,3501.83,0.95206,2026-03-20 05:54:45.733,True,3333.9522698
trade,ETHUSDT,159280995,3498.49,0.205975,2026-03-20 05:54:47.357,True,720.60147775
trade,BTCUSDT,140550786,97478.51,0.427244,2026-03-20 05:54:48.078,False,41647.10852644
trade,BTCUSDT,140550787,97132.5,1.762739,2026-03-20 05:54:48.294,True,171219.2459175
trade,BTCUSDT,140550788,97020.75,1.049987,2026-03-20 05:54:48.545,True,101870.52623025
trade,BTCUSDT,140550789,96785.45,0.41198,2026-03-20 05:54:49.173,False,39873.669691
trade,ETHUSDT,159280996,3512.97,0.519494,2026-03-20 05:54:51.925,False,1824.9668371799999
trade,BTCUSDT,140550790,96997.49,1.222651,2026-03-20 05:54:52.065,True,118594.07814599
trade,BTCUSDT,140550791,96745.94,0.883121,2026-03-20 05:54:53.420,False,85438.37127874
trade,ETHUSDT,159280997,3492.21,0.963405,2026-03-20 05:54:54.404,True,3364.4125750499998
trade,BTCUSDT,140550792,96720.16,0.031526,2026-03-20 05:54:56.371,True,3049.19976416
trade,BTCUSDT,140550793,97269.9,0.259349,2026-03-20 05:54:57.826,True,25226.851295099998
trade,ETHUSDT,159280998,3504.89,0.534833,2026-03-20 05:54:58.740,False,1874.53083337
trade,BTCUSDT,140550794,96582.35,0.724029,2026-03-20 05:55:00.050,False,69928.42228815
trade,ETHUSDT,159280999,3516.11,0.258274,2026-03-20 05:55:00.758,True,908.1197941400001
trade,BTCUSDT,140550795,97176.48,0.556376,2026-03-20 05:55:01.244,True,54066.661236479995
trade,BTCUSDT,140550796,97079.6,1.979003,2026-03-20 05:55:04.509,True,192120.81963880002
trade,ETHUSDT,159281000,3483.32,0.230284,2026-03-20 05:55:05.065,True,802.15286288
trade,ETHUSDT,159281001,3508.62,1.235224,2026-03-20 05:55:07.735,False,4333.93163088
trade,BTCUSDT,140550797,96925.86,1.004398,2026-03-20 05:55:07.842,False,97352.13993227998
trade,ETHUSDT,159281002,3508.31,0.664131,2026-03-20 05:55:08.026,False,2329.97742861
trade,BTCUSDT,140550798,97304.31,0.076897,2026-03-20 05:55:10.138,True,7482.409526069999
trade,ETHUSDT,159281003,3483.82,1.797057,2026-03-20 05:55:11.192,False,6260.6231177399995
trade,BTCUSDT,140550799,96697.86,0.173704,2026-03-20 05:55:13.699,False,16796.80507344
trade,ETHUSDT,159281004,3495.37,1.135701,2026-03-20 05:55:13.822,False,3969.6952043700003
trade,ETHUSDT,159281005,3483.9,0.68451,2026-03-20 05:55:15.063,False,2384.764389
trade,BTCUSDT,140550800,97368.18,0.227015,2026-03-20 05:55:15.564,True,22104.037382699997
trade,BTCUSDT,140550801,96698.49,1.504019,2026-03-20 05:55:16.024,True,145436.36623131
trade,BTCUSDT,140550802,96599.0,1.863214,2026-03-20 05:55:16.448,False,179984.609186
trade,ETHUSDT,159281006,3491.68,1.553611,2026-03-20 05:55:17.954,True,5424.71245648
trade,ETHUSDT,159281007,3495.69,1.56872,2026-03-20 05:55:20.524,True,5483.758816799999
trade,BTCUSDT,140550803,97334.08,1.300929,2026-03-20 05:55:20.750,False,126624.72736032
trade,ETHUSDT,159281008,3498.4,0.1907,2026-03-20 05:55:20.809,True,667.1448800000001
trade,BTCUSDT,140550804,97311.91,0.122808,2026-03-20 05:55:22.940,True,11950.681043280001
trade,ETHUSDT,159281009,3497.8,1.848875,2026-03-20 05:55:23.040,False,6466.9949750000005
trade,BTCUSDT,140550805,97034.2,0.958297,2026-03-20 05:55:24.059,False,92987.5827574
trade,BTCUSDT,140550806,96718.88,0.675006,2026-03-20 05:55:24.382,False,65285.824313280005
trade,ETHUSDT,159281010,3507.03,1.883812,2026-03-20 05:55:25.145,False,6606.5851983600005
trade,ETHUSDT,159281011,3498.47,0.547812,2026-03-20 05:55:27.029,True,1916.5038476399998
trade,BTCUSDT,140550807,97343.98,0.141414,2026-03-20 05:55:28.382,False,13765.801587720001
trade,ETHUSDT,159281012,3511.46,1.918793,2026-03-20 05:55:30.822,True,6737.76486778
trade,BTCUSDT,140550808,96953.14,1.098529,2026-03-20 05:55:31.183,False,106505.83593106
trade,ETHUSDT,159281013,3493.68,0.185474,2026-03-20 05:55:35.369,True,647.9868043199999
trade,BTCUSDT,140550809,97045.67,0.905115,2026-03-20 05:55:35.740,False,87837.49160205
trade,BTCUSDT,140550810,97263.99,1.494815,2026-03-20 05:55:37.347,False,145391.67121185
trade,ETHUSDT,159281014,3512.28,1.965617,2026-03-20 05:55:37.815,True,6903.79727676
trade,ETHUSDT,159281015,3495.96,1.369398,2026-03-20 05:55:39.885,True,4787.36063208
trade,BTCUSDT,140550811,96553.23,0.602401,2026-03-20 05:55:41.786,True,58163.76230523
trade,ETHUSDT,159281016,3496.11,1.471182,2026-03-20 05:55:42.372,False,5143.41410202
trade,BTCUSDT,140550812,96891.76,0.314968,2026-03-20 05:55:44.098,True,30517.80386368
trade,ETHUSDT,159281017,3499.31,1.242869,2026-03-20 05:55:45.847,True,4349.18392039
trade,ETHUSDT,159281018,3507.99,1.261285,2026-03-20 05:55:46.790,False,4424.575167149999
trade,BTCUSDT,140550813,96948.01,1.715708,2026-03-20 05:55:48.591,True,166334.47634107998
trade,ETHUSDT,159281019,3499.64,1.254407,2026-03-20 05:55:51.162,True,4389.97291348
trade,BTCUSDT,140550814,96740.73,1.95853,2026-03-20 05:55:52.860,True,189469.6219269
trade,ETHUSDT,159281020,3499.22,0.101659,2026-03-20 05:55:54.144,False,355.72720597999995
trade,ETHUSDT,159281021,3492.79,1.342052,2026-03-20 05:55:55.190,True,4687.50580508
trade,ETHUSDT,159281022,3498.79,1.057417,2026-03-20 05:55:59.246,False,3699.68002543
trade,ETHUSDT,159281023,3509.41,0.381431,2026-03-20 05:56:03.880,False,1338.59776571
trade,ETHUSDT,159281024,3510.18,0.360314,2026-03-20 05:56:07.196,True,1264.76699652
trade,ETHUSDT,159281025,3492.19,0.926243,2026-03-20 05:56:11.069,True,3234.6165421700002
trade,ETHUSDT,159281026,3491.35,0.347167,2026-03-20 05:56:15.849,True,1212.08150545
trade,ETHUSDT,159281027,3494.7,0.96437,2026-03-20 05:56:18.646,True,3370.183839
trade,ETHUSDT,159281028,3517.08,1.112465,2026-03-20 05:56:21.498,True,3912.6284022
trade,ETHUSDT,159281029,3496.48,1.15598,2026-03-20 05:56:25.867,True,4041.8609504
trade,ETHUSDT,159281030,3488.74,0.539414,2026-03-20 05:56:30.455,True,1881.8751983599998
trade,ETHUSDT,159281031,3493.65,1.868501,2026-03-20 05:56:32.164,False,6527.88851865
trade,ETHUSDT,159281032,3502.78,0.026249,2026-03-20 05:56:33.734,False,91.94447222000001
trade,ETHUSDT,159281033,3495.53,1.041876,2026-03-20 05:56:36.944,False,3641.90881428
trade,ETHUSDT,159281034,3491.15,0.505159,2026-03-20 05:56:40.387,False,1763.58584285
trade,ETHUSDT,159281035,3500.96,0.676604,2026-03-20 05:56:44.699,False,2368.76353984
trade,ETHUSDT,159281036,3488.02,1.290745,2026-03-20 05:56:45.509,True,4502.1443749
trade,ETHUSDT,159281037,3515.44,1.374938,2026-03-20 05:56:46.070,False,4833.51204272
trade,ETHUSDT,159281038,3489.04,0.073842,2026-03-20 05:56:48.384,False,257.63769168
trade,ETHUSDT,159281039,3499.94,0.425186,2026-03-20 05:56:49.934,True,1488.1254888400001
trade,ETHUSDT,159281040,3495.88,1.743753,2026-03-20 05:56:51.006,False,6095.951237640001
trade,ETHUSDT,159281041,3485.73,1.242324,2026-03-20 05:56:53.971,False,4330.40603652
trade,ETHUSDT,159281042,3498.79,0.395614,2026-03-20 05:56:55.519,True,1384.1703070600001
trade,ETHUSDT,159281043,3499.2,1.017379,2026-03-20 05:56:59.367,True,3560.0125967999998
trade,ETHUSDT,159281044,3494.37,0.971779,2026-03-20 05:57:02.314,False,3395.75538423
trade,ETHUSDT,159281045,3484.31,1.003271,2026-03-20 05:57:04.961,True,3495.70717801
trade,ETHUSDT,159281046,3491.73,1.830242,2026-03-20 05:57:07.520,True,6390.71089866
trade,ETHUSDT,159281047,3507.52,1.514085,2026-03-20 05:57:08.432,True,5310.6834192
trade,ETHUSDT,159281048,3482.72,0.535231,2026-03-20 05:57:13.178,True,1864.05970832
trade,ETHUSDT,159281049,3498.04,1.482969,2026-03-20 05:57:17.896,True,5187.48488076
trade,ETHUSDT,159281050,3485.57,0.789352,2026-03-20 05:57:21.688,False,2751.3416506400004
trade,ETHUSDT,159281051,3494.44,1.229554,2026-03-20 05:57:25.130,False,4296.60267976
trade,ETHUSDT,159281052,3515.51,1.88598,2026-03-20 05:57:28.118,True,6630.1815498000005
trade,ETHUSDT,159281053,3509.6,1.998915,2026-03-20 05:57:32.285,True,7015.392084
trade,ETHUSDT,159281054,3492.74,0.76733,2026-03-20 05:57:36.070,True,2680.0841841999995
trade,ETHUSDT,159281055,3484.38,0.949074,2026-03-20 05:57:37.046,False,3306.93446412
trade,ETHUSDT,159281056,3502.76,1.37607,2026-03-20 05:57:37.742,True,4820.0429532
trade,ETHUSDT,159281057,3511.65,0.846116,2026-03-20 05:57:39.275,False,2971.2632514
trade,ETHUSDT,159281058,3495.52,0.395196,2026-03-20 05:57:41.609,False,1381.41552192
trade,ETHUSDT,159281059,3484.8,1.714555,2026-03-20 05:57:46.049,True,5974.881264000001
trade,ETHUSDT,159281060,3491.57,1.012552,2026-03-20 05:57:50.927,True,3535.39618664
trade,ETHUSDT,159281061,3501.65,0.375696,2026-03-20 05:57:53.267,False,1315.5558984
trade,ETHUSDT,159281062,3501.13,0.795035,2026-03-20 05:57:55.604,False,2783.5208895500004
trade,ETHUSDT,159281063,3506.69,1.517998,2026-03-20 05:57:57.218,False,5323.14840662
trade,ETHUSDT,159281064,3501.35,0.334757,2026-03-20 05:57:58.481,True,1172.10142195
trade,ETHUSDT,159281065,3512.0,1.398525,2026-03-20 05:58:00.374,False,4911.6198
trade,ETHUSDT,159281066,3511.44,1.523548,2026-03-20 05:58:04.758,False,5349.84738912
trade,ETHUSDT,159281067,3513.97,0.599033,2026-03-20 05:58:09.513,False,2104.98399101
trade,ETHUSDT,159281068,3487.54,1.930667,2026-03-20 05:58:10.995,True,6733.27838918
trade,ETHUSDT,159281069,3510.35,0.984841,2026-03-20 05:58:12.959,False,3457.1366043499997
trade,ETHUSDT,159281070,3498.85,1.396591,2026-03-20 05:58:16.404,False,4886.46242035
trade,ETHUSDT,159281071,3504.75,0.906066,2026-03-20 05:58:18.054,True,3175.5348135
trade,ETHUSDT,159281072,3515.06,0.311347,2026-03-20 05:58:19.504,False,1094.40338582
trade,ETHUSDT,159281073,3510.9,1.041908,2026-03-20 05:58:20.189,False,3658.0347972000004
trade,ETHUSDT,159281074,3516.95,1.835986,2026-03-20 05:58:25.152,True,6457.0709627
trade,ETHUSDT,159281075,3509.32,0.023084,2026-03-20 05:58:29.507,True,81.00914288
trade,ETHUSDT,159281076,3498.9,0.671582,2026-03-20 05:58:33.711,True,2349.7982598000003
trade,ETHUSDT,159281077,3494.39,1.01486,2026-03-20 05:58:34.589,True,3546.3166354
trade,ETHUSDT,159281078,3509.38,1.234981,2026-03-20 05:58:38.968,False,4334.017621780001
trade,ETHUSDT,159281079,3515.8,1.335914,2026-03-20 05:58:42.839,False,4696.8064412
trade,ETHUSDT,159281080,3482.78,1.133886,2026-03-20 05:58:45.587,False,3949.07548308
trade,ETHUSDT,159281081,3516.53,0.524875,2026-03-20 05:58:45.731,True,1845.73868375
trade,ETHUSDT,159281082,3501.55,1.013784,2026-03-20 05:58:47.356,True,3549.8153652
